cutter_concentration,time_s,motors_per_track,motor_dwell_s,fraction_on,dark_to_lit_s,lit_tracks,intermediate_tracks,dark_tracks,completed_dwell_episodes,completed_dark_to_lit_episodes
0.01,0.0,0.0,nan,0.015202805424360975,nan,0.0,0.0,50.0,0.0,0.0
0.01,200.0,0.32,nan,0.03679078912695356,nan,0.0,11.0,39.0,0.0,0.0
0.01,400.0,0.62,221.6,0.07733160359191617,nan,0.0,16.0,34.0,5.0,0.0
0.01,600.0,0.7,256.8,0.12675085642470557,515.1666666666666,6.0,14.0,30.0,10.0,6.0
0.01,800.0,0.78,270.94444444444446,0.18162284880303245,594.0833333333334,12.0,9.0,29.0,18.0,12.0
0.01,1000.0,0.78,305.60869565217394,0.23493401982445827,694.8055555555555,18.0,4.0,28.0,23.0,18.0
0.01,1200.0,0.78,416.65277777777777,0.27650862505827745,736.725,20.0,2.0,28.0,36.0,20.0
0.01,1400.0,0.78,488.9222222222222,0.3130561692984412,766.0,21.0,1.0,28.0,45.0,21.0
0.01,1600.0,0.8,582.1206896551724,0.34323880566760584,766.0,21.0,2.0,27.0,58.0,21.0
0.01,1800.0,0.76,592.8175675675676,0.36610382502584476,809.0227272727273,22.0,2.0,26.0,74.0,22.0
0.01,2000.0,0.8,588.7977528089888,0.3833742119879188,809.0227272727273,22.0,5.0,23.0,89.0,22.0
0.01,2200.0,0.8,586.78125,0.4011716295380374,809.0227272727273,22.0,5.0,23.0,96.0,22.0
0.01,2400.0,0.8,616.7095238095238,0.41992175622808264,1042.576923076923,26.0,1.0,23.0,105.0,26.0
0.01,2600.0,0.8,608.3083333333333,0.4344759086210042,1042.576923076923,26.0,1.0,23.0,120.0,26.0
0.01,2800.0,0.8,603.25,0.44603004074351854,1042.576923076923,26.0,1.0,23.0,134.0,26.0
0.01,3000.0,0.8,606.1887417218543,0.4559219994729694,1042.576923076923,26.0,1.0,23.0,151.0,26.0
0.01,3200.0,0.8,604.8475609756098,0.46356394299961484,1042.576923076923,26.0,1.0,23.0,164.0,26.0
0.01,3400.0,0.76,596.6424581005587,0.46897614173068736,1042.576923076923,26.0,1.0,23.0,179.0,26.0
0.01,3600.0,0.8,603.6649484536083,0.4733748201001358,1042.576923076923,26.0,1.0,23.0,194.0,26.0
0.01,3800.0,0.76,592.0845070422536,0.4766788964790303,1042.576923076923,26.0,1.0,23.0,213.0,26.0
0.01,4000.0,0.8,585.9866071428571,0.4765370036284029,1042.576923076923,26.0,1.0,23.0,224.0,26.0
0.01,4200.0,0.78,581.1945606694561,0.47635456996331055,1042.576923076923,26.0,1.0,23.0,239.0,26.0
0.01,4400.0,0.76,578.7777777777778,0.47615186589098574,1042.576923076923,26.0,1.0,23.0,252.0,26.0
0.01,4600.0,0.78,574.4905660377359,0.4759491618186609,1042.576923076923,26.0,1.0,23.0,265.0,26.0
0.01,4800.0,0.76,575.0636042402826,0.4770437638092149,1042.576923076923,26.0,2.0,22.0,283.0,26.0
0.01,5000.0,0.8,568.9634551495017,0.4770843046236799,1042.576923076923,26.0,2.0,22.0,301.0,26.0
0.01,5200.0,0.78,570.6548387096774,0.4773680903249346,1042.576923076923,26.0,2.0,22.0,310.0,26.0
0.01,5400.0,0.78,569.8105590062112,0.4825167737619849,1042.576923076923,26.0,3.0,21.0,322.0,26.0
0.01,5600.0,0.8,573.8783783783783,0.491070885614092,1042.576923076923,26.0,4.0,20.0,333.0,26.0
0.01,5800.0,0.78,572.823782234957,0.4996249974661991,1215.7037037037037,27.0,3.0,20.0,349.0,27.0
0.01,6000.0,0.78,571.379781420765,0.5060507165588957,1380.5357142857142,28.0,2.0,20.0,366.0,28.0
0.01,6200.0,0.8,571.992,0.5125575172805221,1380.5357142857142,28.0,3.0,19.0,375.0,28.0
0.01,6400.0,0.78,575.2131782945736,0.5208683842458395,1380.5357142857142,28.0,2.0,20.0,387.0,28.0
0.01,6600.0,0.78,571.2853598014889,0.5267670727504915,1380.5357142857142,28.0,2.0,20.0,403.0,28.0
0.01,6800.0,0.8,572.3847980997625,0.5313481847850323,1566.948275862069,29.0,1.0,20.0,421.0,29.0
0.01,7000.0,0.78,571.2860411899313,0.5370441692173595,1566.948275862069,29.0,2.0,19.0,437.0,29.0
0.01,7200.0,0.78,567.9081858407079,0.5460645004358138,1566.948275862069,29.0,2.0,19.0,452.0,29.0
0.01,7400.0,0.8,570.9051724137931,0.5502402043257049,1566.948275862069,29.0,2.0,19.0,464.0,29.0
0.01,7600.0,0.78,570.8792016806723,0.5526929236008351,1761.4166666666667,30.0,1.0,19.0,476.0,30.0
0.01,7800.0,0.8,565.5727459016393,0.5583280968114649,1761.4166666666667,30.0,2.0,18.0,488.0,30.0
0.01,8000.0,0.8,565.0838323353294,0.5666997749984797,1761.4166666666667,30.0,2.0,18.0,501.0,30.0
0.01,8200.0,0.8,564.7212475633528,0.5752336164433544,1761.4166666666667,30.0,2.0,18.0,513.0,30.0
0.01,8400.0,0.78,567.7672413793103,0.582125554902398,1969.1612903225807,31.0,1.0,18.0,522.0,31.0
0.01,8600.0,0.76,571.7472324723248,0.5852674680234325,1969.1612903225807,31.0,1.0,18.0,542.0,31.0
0.01,8800.0,0.76,573.1953405017921,0.5866661261224738,1969.1612903225807,31.0,1.0,18.0,558.0,31.0
0.01,9000.0,0.78,566.26393728223,0.5893620902843938,2184.109375,32.0,0.0,18.0,574.0,32.0
0.01,9200.0,0.8,561.6306913996627,0.5921999472969411,2184.109375,32.0,0.0,18.0,593.0,32.0
0.01,9400.0,0.8,560.094616639478,0.59619321752174,2184.109375,32.0,0.0,18.0,613.0,32.0
0.01,9600.0,0.8,562.1958266452649,0.6019905539902297,2184.109375,32.0,0.0,18.0,623.0,32.0
0.01,9800.0,0.76,564.4160125588697,0.6047270589666146,2184.109375,32.0,0.0,18.0,637.0,32.0
0.01,10000.0,0.78,562.7747678018576,0.6045648957087548,2184.109375,32.0,0.0,18.0,646.0,32.0
0.01,10200.0,0.8,563.8168693009119,0.6043419212291975,2184.109375,32.0,0.0,18.0,658.0,32.0
0.01,10400.0,0.8,562.1763392857143,0.6041189467496402,2184.109375,32.0,0.0,18.0,672.0,32.0
0.01,10600.0,0.78,567.1812865497076,0.6036729977905256,2184.109375,32.0,0.0,18.0,684.0,32.0
0.01,10800.0,0.8,568.2492836676217,0.6062270691018182,2184.109375,32.0,1.0,17.0,698.0,32.0
0.01,11000.0,0.74,567.2946927374302,0.6094906046662477,2448.712121212121,33.0,0.0,17.0,716.0,33.0
0.01,11200.0,0.8,565.3028846153846,0.6128149514523746,2448.712121212121,33.0,0.0,17.0,728.0,33.0
0.01,11400.0,0.78,564.8467202141901,0.6155311860215271,2448.712121212121,33.0,0.0,17.0,747.0,33.0
0.01,11600.0,0.8,566.2450592885375,0.6182271501834472,2448.712121212121,33.0,1.0,16.0,759.0,33.0
0.01,11800.0,0.76,566.3080415045396,0.6216325785985041,2448.712121212121,33.0,1.0,16.0,771.0,33.0
0.01,12000.0,0.8,562.7016539440203,0.6245920580544463,2448.712121212121,33.0,1.0,16.0,786.0,33.0
0.01,12200.0,0.8,564.7915106117354,0.6278555936188758,2732.1617647058824,34.0,0.0,16.0,801.0,34.0
0.01,12400.0,0.8,566.1697303921569,0.6304502057446334,2732.1617647058824,34.0,0.0,16.0,816.0,34.0
0.01,12600.0,0.8,565.2097944377267,0.6332069811282509,2732.1617647058824,34.0,0.0,16.0,827.0,34.0
0.01,12800.0,0.8,566.4191438763377,0.6360448381407983,2732.1617647058824,34.0,1.0,15.0,841.0,34.0
0.01,13000.0,0.78,564.197322467986,0.6412746032067784,2732.1617647058824,34.0,1.0,15.0,859.0,34.0
0.01,13200.0,0.78,564.0647193585338,0.6420246082743802,2732.1617647058824,34.0,1.0,15.0,873.0,34.0
0.01,13400.0,0.78,564.4070548712206,0.6420246082743802,2732.1617647058824,34.0,1.0,15.0,893.0,34.0
0.01,13600.0,0.76,562.1563876651983,0.6441935418482557,2732.1617647058824,34.0,1.0,15.0,908.0,34.0
0.01,13800.0,0.78,559.8073593073593,0.6490381691768188,2732.1617647058824,34.0,1.0,15.0,924.0,34.0
0.01,14000.0,0.8,558.2097639484979,0.6512476435651592,3048.7,35.0,0.0,15.0,932.0,35.0
0.01,14200.0,0.8,558.3825717321998,0.6537611740619869,3048.7,35.0,0.0,15.0,941.0,35.0
0.01,14400.0,0.8,561.7614822546973,0.6566598422962318,3048.7,35.0,0.0,15.0,958.0,35.0
0.01,14600.0,0.78,560.6680412371134,0.6588287758701072,3048.7,35.0,0.0,15.0,970.0,35.0
0.01,14800.0,0.8,561.6516227180527,0.6613625767741674,3048.7,35.0,0.0,15.0,986.0,35.0
0.01,15000.0,0.8,563.1460618145563,0.6617882553260495,3048.7,35.0,0.0,15.0,1003.0,35.0
0.01,15200.0,0.8,562.7779960707269,0.6624166379502564,3048.7,35.0,0.0,15.0,1018.0,35.0
0.01,15400.0,0.8,560.7821011673152,0.6626396124298137,3048.7,35.0,0.0,15.0,1028.0,35.0
0.01,15600.0,0.8,559.9731800766283,0.6645247603024345,3048.7,35.0,1.0,14.0,1044.0,35.0
0.01,15800.0,0.8,559.5986717267552,0.6669977499847972,3048.7,35.0,1.0,14.0,1054.0,35.0
0.01,16000.0,0.8,563.1886704119851,0.6695720917033223,3048.7,35.0,1.0,14.0,1068.0,35.0
0.040202020202020204,0.0,0.0,nan,0.015202805424360975,nan,0.0,0.0,50.0,0.0,0.0
0.040202020202020204,200.0,0.36,nan,0.03743944215839296,nan,0.0,10.0,40.0,0.0,0.0
0.040202020202020204,400.0,0.68,186.16666666666666,0.08096000648653032,nan,0.0,16.0,34.0,3.0,0.0
0.040202020202020204,600.0,0.8,228.0,0.12036567814647396,479.9,5.0,11.0,34.0,5.0,5.0
0.040202020202020204,800.0,0.78,252.0,0.1591429671822107,619.25,12.0,4.0,34.0,10.0,12.0
0.040202020202020204,1000.0,0.78,380.96666666666664,0.20041351630754262,653.4285714285714,14.0,3.0,33.0,15.0,14.0
0.040202020202020204,1200.0,0.78,484.95,0.24154217258224717,653.4285714285714,14.0,3.0,33.0,20.0,14.0
0.040202020202020204,1400.0,0.8,651.8333333333334,0.2727585997202684,694.1,15.0,2.0,33.0,27.0,15.0
0.040202020202020204,1600.0,0.76,771.9318181818181,0.29627227210994667,742.6875,16.0,2.0,32.0,44.0,16.0
0.040202020202020204,1800.0,0.76,760.3636363636364,0.3172724140027973,742.6875,16.0,3.0,31.0,55.0,16.0
0.040202020202020204,2000.0,0.78,805.1691176470588,0.32947519915675105,806.1470588235294,17.0,3.0,30.0,68.0,17.0
0.040202020202020204,2200.0,0.8,788.0526315789474,0.3416374434962398,806.1470588235294,17.0,3.0,30.0,76.0,17.0
0.040202020202020204,2400.0,0.8,763.4941860465116,0.350698315529159,894.1944444444445,18.0,2.0,30.0,86.0,18.0
0.040202020202020204,2600.0,0.8,742.4322916666666,0.3543267184237731,894.1944444444445,18.0,2.0,30.0,96.0,18.0
0.040202020202020204,2800.0,0.78,727.926724137931,0.35669835606997347,894.1944444444445,18.0,2.0,30.0,116.0,18.0
0.040202020202020204,3000.0,0.8,703.5891472868217,0.3586037743498267,894.1944444444445,18.0,2.0,30.0,129.0,18.0
0.040202020202020204,3200.0,0.76,692.2127659574468,0.36050919262967995,894.1944444444445,18.0,2.0,30.0,141.0,18.0
0.040202020202020204,3400.0,0.76,684.577922077922,0.36482678937019847,1017.5526315789474,19.0,1.0,30.0,154.0,19.0
0.040202020202020204,3600.0,0.74,685.1377245508982,0.37001601362171366,1017.5526315789474,19.0,1.0,30.0,167.0,19.0
0.040202020202020204,3800.0,0.8,681.0,0.3763403806782478,1017.5526315789474,19.0,2.0,29.0,179.0,19.0
0.040202020202020204,4000.0,0.78,680.0283505154639,0.3813269008574382,1017.5526315789474,19.0,3.0,28.0,194.0,19.0
0.040202020202020204,4200.0,0.76,672.5073891625616,0.3870836965114629,1017.5526315789474,19.0,3.0,28.0,203.0,19.0
0.040202020202020204,4400.0,0.78,666.439534883721,0.3920904870978858,1329.6904761904761,21.0,1.0,28.0,215.0,21.0
0.040202020202020204,4600.0,0.76,661.2173913043479,0.40332029270468045,1329.6904761904761,21.0,2.0,27.0,230.0,21.0
0.040202020202020204,4800.0,0.8,658.586,0.4142865830174528,1481.0,22.0,1.0,27.0,250.0,22.0
0.040202020202020204,5000.0,0.74,649.7881679389313,0.4224555571321428,1481.0,22.0,1.0,27.0,262.0,22.0
0.040202020202020204,5200.0,0.78,651.014598540146,0.42691504672328867,1481.0,22.0,1.0,27.0,274.0,22.0
0.040202020202020204,5400.0,0.8,640.4737762237762,0.4376786329637362,1481.0,22.0,4.0,24.0,286.0,22.0
0.040202020202020204,5600.0,0.8,638.6287128712871,0.4533881985689093,1651.9347826086957,23.0,4.0,23.0,303.0,23.0
0.040202020202020204,5800.0,0.78,633.7596153846154,0.46792208055459833,1982.14,25.0,2.0,23.0,312.0,25.0
0.040202020202020204,6000.0,0.78,630.625,0.48132081973526847,2132.25,26.0,1.0,23.0,328.0,26.0
0.040202020202020204,6200.0,0.78,629.7326589595376,0.4909087223562321,2132.25,26.0,1.0,23.0,346.0,26.0
0.040202020202020204,6400.0,0.8,632.504189944134,0.4977601200008108,2284.8333333333335,27.0,0.0,23.0,358.0,27.0
0.040202020202020204,6600.0,0.8,632.1165311653117,0.5057872012648734,2284.8333333333335,27.0,0.0,23.0,369.0,27.0
0.040202020202020204,6800.0,0.76,632.7163588390501,0.5162872722112988,2284.8333333333335,27.0,0.0,23.0,379.0,27.0
0.040202020202020204,7000.0,0.78,632.1838046272494,0.5237265116656193,2284.8333333333335,27.0,0.0,23.0,389.0,27.0
0.040202020202020204,7200.0,0.8,630.3216957605985,0.5294427665051791,2284.8333333333335,27.0,1.0,22.0,401.0,27.0
0.040202020202020204,7400.0,0.78,631.5215827338129,0.5321184602598666,2284.8333333333335,27.0,1.0,22.0,417.0,27.0
0.040202020202020204,7600.0,0.8,631.7201405152225,0.5339630673180225,2284.8333333333335,27.0,1.0,22.0,427.0,27.0
0.040202020202020204,7800.0,0.8,626.3601789709172,0.5363549753714553,2478.25,28.0,0.0,22.0,447.0,28.0
0.040202020202020204,8000.0,0.8,623.5949781659389,0.5383820160947034,2478.25,28.0,0.0,22.0,458.0,28.0
0.040202020202020204,8200.0,0.78,617.3786919831224,0.5409158169987635,2478.25,28.0,0.0,22.0,474.0,28.0
0.040202020202020204,8400.0,0.78,622.0904471544716,0.5432469138304988,2478.25,28.0,0.0,22.0,492.0,28.0
0.040202020202020204,8600.0,0.8,624.1304347826087,0.5462469341009061,2478.25,28.0,1.0,21.0,506.0,28.0
0.040202020202020204,8800.0,0.78,616.1044061302682,0.548942898262826,2478.25,28.0,1.0,21.0,522.0,28.0
0.040202020202020204,9000.0,0.8,615.827067669173,0.5525104899357428,2698.7758620689656,29.0,0.0,21.0,532.0,29.0
0.040202020202020204,9200.0,0.78,614.8146788990825,0.5558348367218697,2698.7758620689656,29.0,0.0,21.0,545.0,29.0
0.040202020202020204,9400.0,0.8,615.2059891107078,0.5580240407029777,2698.7758620689656,29.0,0.0,21.0,551.0,29.0
0.040202020202020204,9600.0,0.78,610.8453427065026,0.5581253927391401,2698.7758620689656,29.0,0.0,21.0,569.0,29.0
0.040202020202020204,9800.0,0.8,613.0455326460481,0.5599699997972959,2698.7758620689656,29.0,1.0,20.0,582.0,29.0
0.040202020202020204,10000.0,0.78,612.8810720268007,0.5632943465834228,2698.7758620689656,29.0,1.0,20.0,597.0,29.0
0.040202020202020204,10200.0,0.78,612.531862745098,0.5659700403381104,2947.516666666667,30.0,0.0,20.0,612.0,30.0
0.040202020202020204,10400.0,0.8,611.5620967741935,0.57184845843553,2947.516666666667,30.0,1.0,19.0,620.0,30.0
0.040202020202020204,10600.0,0.78,610.6522082018928,0.5764903816917681,2947.516666666667,30.0,1.0,19.0,634.0,30.0
0.040202020202020204,10800.0,0.78,613.0308641975308,0.5814566314637261,2947.516666666667,30.0,1.0,19.0,648.0,30.0
0.040202020202020204,11000.0,0.78,611.4477272727273,0.5863215291995216,3205.8709677419356,31.0,0.0,19.0,660.0,31.0
0.040202020202020204,11200.0,0.76,611.6235207100592,0.5861390955344293,3205.8709677419356,31.0,0.0,19.0,676.0,31.0
0.040202020202020204,11400.0,0.8,613.5545058139535,0.5863417996067541,3205.8709677419356,31.0,0.0,19.0,688.0,31.0
0.040202020202020204,11600.0,0.76,609.0472496473907,0.5860377434982669,3205.8709677419356,31.0,0.0,19.0,709.0,31.0
0.040202020202020204,11800.0,0.78,603.280303030303,0.5855309833174549,3205.8709677419356,31.0,0.0,19.0,726.0,31.0
0.040202020202020204,12000.0,0.8,603.8654104979812,0.5846593558064581,3205.8709677419356,31.0,0.0,19.0,743.0,31.0
0.040202020202020204,12200.0,0.8,600.7056878306878,0.5891391158048365,3205.8709677419356,31.0,1.0,18.0,756.0,31.0
0.040202020202020204,12400.0,0.78,600.5280312907431,0.5955445644903006,3490.140625,32.0,0.0,18.0,767.0,32.0
0.040202020202020204,12600.0,0.8,598.6882951653944,0.6032473192386435,3490.140625,32.0,1.0,17.0,786.0,32.0
0.040202020202020204,12800.0,0.8,599.0478589420655,0.6111933188737761,3490.140625,32.0,1.0,17.0,794.0,32.0
0.040202020202020204,13000.0,0.78,596.8302354399009,0.6167271400482436,3490.140625,32.0,1.0,17.0,807.0,32.0
0.040202020202020204,13200.0,0.8,595.9981572481572,0.6186730991425617,3779.0,33.0,0.0,17.0,814.0,33.0
0.040202020202020204,13400.0,0.78,599.6342200725514,0.6208014919019723,3779.0,33.0,0.0,17.0,827.0,33.0
0.040202020202020204,13600.0,0.78,599.7310874704492,0.6236393489145197,3779.0,33.0,0.0,17.0,846.0,33.0
0.040202020202020204,13800.0,0.8,599.2744755244755,0.6262136906330448,3779.0,33.0,0.0,17.0,858.0,33.0
0.040202020202020204,14000.0,0.8,600.8049199084668,0.6293556037540794,3779.0,33.0,1.0,16.0,874.0,33.0
0.040202020202020204,14200.0,0.8,600.3526734926053,0.6333083331644133,3779.0,33.0,1.0,16.0,879.0,33.0
0.040202020202020204,14400.0,0.78,602.3871508379888,0.6364907870999128,3779.0,33.0,1.0,16.0,895.0,33.0
0.040202020202020204,14600.0,0.8,603.0849889624724,0.6381529604929763,3779.0,33.0,1.0,16.0,906.0,33.0
0.040202020202020204,14800.0,0.8,602.7554466230937,0.6371191697241197,3779.0,33.0,1.0,16.0,918.0,33.0
0.040202020202020204,15000.0,0.8,603.7820512820513,0.6376259299049318,3779.0,33.0,1.0,16.0,936.0,33.0
0.040202020202020204,15200.0,0.8,603.4176346356917,0.6373421442036771,3779.0,33.0,1.0,16.0,947.0,33.0
0.040202020202020204,15400.0,0.78,600.9069646569646,0.6376056594976993,3779.0,33.0,1.0,16.0,962.0,33.0
0.040202020202020204,15600.0,0.8,601.4246153846154,0.6371394401313523,3779.0,33.0,1.0,16.0,975.0,33.0
0.040202020202020204,15800.0,0.8,602.6686991869918,0.6380516084568139,4132.441176470588,34.0,0.0,16.0,984.0,34.0
0.040202020202020204,16000.0,0.8,602.2006018054162,0.6404232461030142,4132.441176470588,34.0,0.0,16.0,997.0,34.0
0.07040404040404041,0.0,0.0,nan,0.015202805424360975,nan,0.0,0.0,50.0,0.0,0.0
0.07040404040404041,200.0,0.4,nan,0.040581355279427564,nan,0.0,12.0,38.0,0.0,0.0
0.07040404040404041,400.0,0.66,130.5,0.09233170494395232,nan,0.0,19.0,31.0,5.0,0.0
0.07040404040404041,600.0,0.74,218.11111111111111,0.15052804410840614,519.4375,8.0,14.0,28.0,9.0,8.0
0.07040404040404041,800.0,0.76,249.03571428571428,0.20690004662193665,610.65625,16.0,7.0,27.0,14.0,16.0
0.07040404040404041,1000.0,0.8,268.75,0.2637788093162792,638.3055555555555,18.0,5.0,27.0,18.0,18.0
0.07040404040404041,1200.0,0.8,427.7291666666667,0.31605618956884846,688.4,20.0,3.0,27.0,24.0,20.0
0.07040404040404041,1400.0,0.78,562.1617647058823,0.3632659680132974,714.452380952381,21.0,2.0,27.0,34.0,21.0
0.07040404040404041,1600.0,0.78,649.9722222222222,0.38880668112622385,752.1136363636364,22.0,1.0,27.0,54.0,22.0
0.07040404040404041,1800.0,0.8,642.46875,0.40666490989803983,752.1136363636364,22.0,2.0,26.0,64.0,22.0
0.07040404040404041,2000.0,0.78,650.9294871794872,0.4192933736038757,752.1136363636364,22.0,3.0,25.0,78.0,22.0
0.07040404040404041,2200.0,0.74,646.5372340425532,0.4332596841870553,752.1136363636364,22.0,3.0,25.0,94.0,22.0
0.07040404040404041,2400.0,0.8,641.8207547169811,0.44598949992905357,883.6041666666666,24.0,2.0,24.0,106.0,24.0
0.07040404040404041,2600.0,0.78,620.3455284552846,0.4514625098818235,883.6041666666666,24.0,2.0,24.0,123.0,24.0
0.07040404040404041,2800.0,0.78,620.0709219858156,0.4566720045405712,954.68,25.0,1.0,24.0,141.0,25.0
0.07040404040404041,3000.0,0.78,605.7781456953643,0.4623274481584335,954.68,25.0,2.0,23.0,151.0,25.0
0.07040404040404041,3200.0,0.78,580.7694610778443,0.46824640707031806,1041.0192307692307,26.0,1.0,23.0,167.0,26.0
0.07040404040404041,3400.0,0.8,557.0432432432433,0.4766383556645653,1041.0192307692307,26.0,1.0,23.0,185.0,26.0
0.07040404040404041,3600.0,0.78,569.5355450236967,0.4827194778343097,1041.0192307692307,26.0,2.0,22.0,211.0,26.0
0.07040404040404041,3800.0,0.78,575.6818181818181,0.48657085520848115,1041.0192307692307,26.0,2.0,22.0,220.0,26.0
0.07040404040404041,4000.0,0.8,573.1400862068965,0.4912735896864168,1239.0535714285713,28.0,0.0,22.0,232.0,28.0
0.07040404040404041,4200.0,0.8,566.0401606425703,0.496503354752397,1239.0535714285713,28.0,0.0,22.0,249.0,28.0
0.07040404040404041,4400.0,0.8,566.9054054054054,0.5015506861532848,1239.0535714285713,28.0,0.0,22.0,259.0,28.0
0.07040404040404041,4600.0,0.8,573.1531365313654,0.502908803437861,1239.0535714285713,28.0,0.0,22.0,271.0,28.0
0.07040404040404041,4800.0,0.78,576.3080985915493,0.5027669105872337,1239.0535714285713,28.0,0.0,22.0,284.0,28.0
0.07040404040404041,5000.0,0.76,573.9882943143813,0.5018750126690045,1239.0535714285713,28.0,0.0,22.0,299.0,28.0
0.07040404040404041,5200.0,0.78,579.4352750809062,0.5035979972837654,1239.0535714285713,28.0,0.0,22.0,309.0,28.0
0.07040404040404041,5400.0,0.78,581.9398148148148,0.5081791093183062,1239.0535714285713,28.0,0.0,22.0,324.0,28.0
0.07040404040404041,5600.0,0.78,581.0233236151604,0.5099020939330671,1239.0535714285713,28.0,0.0,22.0,343.0,28.0
0.07040404040404041,5800.0,0.78,575.4445983379501,0.5103075020777167,1239.0535714285713,28.0,0.0,22.0,361.0,28.0
0.07040404040404041,6000.0,0.8,567.9651474530831,0.5102669612632518,1239.0535714285713,28.0,0.0,22.0,373.0,28.0
0.07040404040404041,6200.0,0.8,562.8989769820972,0.5134291447915189,1239.0535714285713,28.0,2.0,20.0,391.0,28.0
0.07040404040404041,6400.0,0.76,558.1955990220049,0.5187197210791965,1239.0535714285713,28.0,2.0,20.0,409.0,28.0
0.07040404040404041,6600.0,0.8,555.126491646778,0.5239697565524092,1239.0535714285713,28.0,2.0,20.0,419.0,28.0
0.07040404040404041,6800.0,0.78,548.570938215103,0.5289562767315995,1600.7166666666667,30.0,0.0,20.0,437.0,30.0
0.07040404040404041,7000.0,0.8,553.0378619153674,0.53378063365293,1600.7166666666667,30.0,0.0,20.0,449.0,30.0
0.07040404040404041,7200.0,0.8,552.2987012987013,0.5375509293981716,1600.7166666666667,30.0,0.0,20.0,462.0,30.0
0.07040404040404041,7400.0,0.8,555.299154334038,0.5434698883100562,1600.7166666666667,30.0,0.0,20.0,473.0,30.0
0.07040404040404041,7600.0,0.8,561.8199588477366,0.5462063932864412,1600.7166666666667,30.0,0.0,20.0,486.0,30.0
0.07040404040404041,7800.0,0.8,564.5211267605633,0.5471185616119028,1600.7166666666667,30.0,0.0,20.0,497.0,30.0
0.07040404040404041,8000.0,0.8,568.811394891945,0.546409097358766,1600.7166666666667,30.0,0.0,20.0,509.0,30.0
0.07040404040404041,8200.0,0.8,568.030888030888,0.5460645004358138,1600.7166666666667,30.0,0.0,20.0,518.0,30.0
0.07040404040404041,8400.0,0.8,567.4091760299625,0.5456185514766991,1600.7166666666667,30.0,0.0,20.0,534.0,30.0
0.07040404040404041,8600.0,0.8,569.7899082568807,0.5434293474955912,1600.7166666666667,30.0,0.0,20.0,545.0,30.0
0.07040404040404041,8800.0,0.78,572.3474729241877,0.5417266332880628,1600.7166666666667,30.0,0.0,20.0,554.0,30.0
0.07040404040404041,9000.0,0.8,571.2750439367311,0.5390103987189102,1600.7166666666667,30.0,0.0,20.0,569.0,30.0
0.07040404040404041,9200.0,0.8,573.8856655290102,0.5398617558226745,1600.7166666666667,30.0,0.0,20.0,586.0,30.0
0.07040404040404041,9400.0,0.78,576.7933333333333,0.5391725619767701,1600.7166666666667,30.0,0.0,20.0,600.0,30.0
0.07040404040404041,9600.0,0.8,577.8821138211382,0.5389495874972128,1600.7166666666667,30.0,0.0,20.0,615.0,30.0
0.07040404040404041,9800.0,0.78,575.3237639553429,0.5390712099406078,1600.7166666666667,30.0,0.0,20.0,627.0,30.0
0.07040404040404041,10000.0,0.8,577.625,0.5406523017047412,1600.7166666666667,30.0,0.0,20.0,636.0,30.0
0.07040404040404041,10200.0,0.8,577.657120743034,0.5414225771795755,1600.7166666666667,30.0,0.0,20.0,646.0,30.0
0.07040404040404041,10400.0,0.76,577.2027027027027,0.5424360975411996,1600.7166666666667,30.0,1.0,19.0,666.0,30.0
0.07040404040404041,10600.0,0.8,576.3477306002928,0.5405914904830438,1600.7166666666667,30.0,1.0,19.0,683.0,30.0
0.07040404040404041,10800.0,0.78,574.7302725968436,0.5393144548273975,1600.7166666666667,30.0,1.0,19.0,697.0,30.0
0.07040404040404041,11000.0,0.78,573.8843441466855,0.5386860722031905,1600.7166666666667,30.0,1.0,19.0,709.0,30.0
0.07040404040404041,11200.0,0.8,573.875,0.538706342610423,1600.7166666666667,30.0,1.0,19.0,716.0,30.0
0.07040404040404041,11400.0,0.8,576.6727891156463,0.5386658017959581,1600.7166666666667,30.0,1.0,19.0,735.0,30.0
0.07040404040404041,11600.0,0.8,574.692,0.5391117507550727,1600.7166666666667,30.0,1.0,19.0,750.0,30.0
0.07040404040404041,11800.0,0.76,569.031007751938,0.5418482557314577,1600.7166666666667,30.0,2.0,18.0,774.0,30.0
0.07040404040404041,12000.0,0.8,568.0884955752213,0.5470780207974378,1600.7166666666667,30.0,3.0,17.0,791.0,30.0
0.07040404040404041,12200.0,0.74,567.1172069825436,0.5522064338272555,1940.4032258064517,31.0,2.0,17.0,802.0,31.0
0.07040404040404041,12400.0,0.78,567.6030674846626,0.5590172906573693,1940.4032258064517,31.0,2.0,17.0,815.0,31.0
0.07040404040404041,12600.0,0.8,568.2910085054679,0.564186244501652,2270.8125,32.0,1.0,17.0,823.0,32.0
0.07040404040404041,12800.0,0.78,569.7118138424821,0.5689700606085176,2270.8125,32.0,1.0,17.0,838.0,32.0
0.07040404040404041,13000.0,0.8,570.8457446808511,0.5735309022358259,2270.8125,32.0,2.0,16.0,846.0,32.0
0.07040404040404041,13200.0,0.8,571.5709302325581,0.5790849938175258,2270.8125,32.0,2.0,16.0,860.0,32.0
0.07040404040404041,13400.0,0.8,573.4644087256028,0.5854093608740599,2270.8125,32.0,3.0,15.0,871.0,32.0
0.07040404040404041,13600.0,0.78,572.8686296715741,0.5919364320029189,2611.909090909091,33.0,2.0,15.0,883.0,33.0
0.07040404040404041,13800.0,0.78,575.2837988826816,0.5963959215940648,2611.909090909091,33.0,2.0,15.0,895.0,33.0
0.07040404040404041,14000.0,0.78,577.4085903083701,0.6010986560720005,2611.909090909091,33.0,2.0,15.0,908.0,33.0
0.07040404040404041,14200.0,0.8,577.6755146262188,0.6041594875641052,2948.0588235294117,34.0,1.0,15.0,923.0,34.0
0.07040404040404041,14400.0,0.8,578.778014941302,0.6091054669288306,2948.0588235294117,34.0,1.0,15.0,937.0,34.0
0.07040404040404041,14600.0,0.8,579.639327024185,0.6128960330813046,2948.0588235294117,34.0,1.0,15.0,951.0,34.0
0.07040404040404041,14800.0,0.78,578.2357512953367,0.6155514564287596,2948.0588235294117,34.0,1.0,15.0,965.0,34.0
0.07040404040404041,15000.0,0.78,575.983282674772,0.6181460685545173,2948.0588235294117,34.0,2.0,14.0,987.0,34.0
0.07040404040404041,15200.0,0.8,575.5185929648242,0.6238217825796121,2948.0588235294117,34.0,2.0,14.0,995.0,34.0
0.07040404040404041,15400.0,0.78,577.0985074626866,0.628240731356293,3302.0857142857144,35.0,1.0,14.0,1005.0,35.0
0.07040404040404041,15600.0,0.8,577.8040275049116,0.6313421036628626,3302.0857142857144,35.0,1.0,14.0,1018.0,35.0
0.07040404040404041,15800.0,0.76,578.0698351115421,0.6337745525307603,3302.0857142857144,35.0,1.0,14.0,1031.0,35.0
0.07040404040404041,16000.0,0.8,579.1385426653883,0.6361867309914256,3302.0857142857144,35.0,1.0,14.0,1043.0,35.0
0.10060606060606062,0.0,0.0,nan,0.015202805424360975,nan,0.0,0.0,50.0,0.0,0.0
0.10060606060606062,200.0,0.44,185.5,0.04003405428415057,nan,0.0,13.0,37.0,1.0,0.0
0.10060606060606062,400.0,0.74,93.66666666666667,0.09129791417509578,nan,0.0,18.0,32.0,3.0,0.0
0.10060606060606062,600.0,0.78,169.25,0.1435144832059676,508.5,6.0,14.0,30.0,6.0,6.0
0.10060606060606062,800.0,0.78,332.0,0.19192021567713297,626.8235294117648,17.0,3.0,30.0,12.0,17.0
0.10060606060606062,1000.0,0.8,413.3235294117647,0.2352380759329455,642.6388888888889,18.0,2.0,30.0,17.0,18.0
0.10060606060606062,1200.0,0.8,456.9,0.27105588551273996,642.6388888888889,18.0,2.0,30.0,20.0,18.0
0.10060606060606062,1400.0,0.78,603.2777777777778,0.30316421056899034,642.6388888888889,18.0,2.0,30.0,27.0,18.0
0.10060606060606062,1600.0,0.78,740.2625,0.3278130257636876,689.6842105263158,19.0,3.0,28.0,40.0,19.0
0.10060606060606062,1800.0,0.78,780.5625,0.3429347495591186,744.275,20.0,2.0,28.0,56.0,20.0
0.10060606060606062,2000.0,0.8,756.8571428571429,0.3580362029473172,800.1428571428571,21.0,1.0,28.0,70.0,21.0
0.10060606060606062,2200.0,0.78,739.735632183908,0.3701376360651085,800.1428571428571,21.0,2.0,27.0,87.0,21.0
0.10060606060606062,2400.0,0.8,710.5867346938776,0.3771106561530821,800.1428571428571,21.0,2.0,27.0,98.0,21.0
0.10060606060606062,2600.0,0.76,708.0225225225225,0.385360711896702,878.0227272727273,22.0,1.0,27.0,111.0,22.0
0.10060606060606062,2800.0,0.78,679.0793650793651,0.3917458901749336,955.1304347826087,23.0,0.0,27.0,126.0,23.0
0.10060606060606062,3000.0,0.78,680.0,0.3944621247440861,955.1304347826087,23.0,0.0,27.0,137.0,23.0
0.10060606060606062,3200.0,0.76,668.9271523178808,0.40027973161980823,955.1304347826087,23.0,1.0,26.0,151.0,23.0
0.10060606060606062,3400.0,0.8,668.553125,0.40960411894674964,955.1304347826087,23.0,2.0,25.0,160.0,23.0
0.10060606060606062,3600.0,0.72,666.9719101123595,0.41641497577686337,955.1304347826087,23.0,3.0,24.0,178.0,23.0
0.10060606060606062,3800.0,0.78,664.4844559585492,0.4263474753207792,1073.2083333333333,24.0,3.0,23.0,193.0,24.0
0.10060606060606062,4000.0,0.8,641.8567961165048,0.4366448421948797,1287.25,26.0,1.0,23.0,206.0,26.0
0.10060606060606062,4200.0,0.78,636.1728971962617,0.4454624693410091,1394.0,27.0,0.0,23.0,214.0,27.0
0.10060606060606062,4400.0,0.8,641.5132743362832,0.4533881985689093,1394.0,27.0,0.0,23.0,226.0,27.0
0.10060606060606062,4600.0,0.76,631.5938775510205,0.4631585348549652,1394.0,27.0,1.0,22.0,245.0,27.0
0.10060606060606062,4800.0,0.78,636.2557251908397,0.4735167129507632,1394.0,27.0,1.0,22.0,262.0,27.0
0.10060606060606062,5000.0,0.76,632.2820512820513,0.47823971783593133,1394.0,27.0,1.0,22.0,273.0,27.0
0.10060606060606062,5200.0,0.8,629.7657342657343,0.4821316360245677,1524.7142857142858,28.0,1.0,21.0,286.0,28.0
0.10060606060606062,5400.0,0.78,624.1258389261745,0.4872600490543855,1524.7142857142858,28.0,1.0,21.0,298.0,28.0
0.10060606060606062,5600.0,0.78,620.4145161290322,0.49088845194899966,1524.7142857142858,28.0,1.0,21.0,310.0,28.0
0.10060606060606062,5800.0,0.76,620.6139817629179,0.494273609956824,1667.2586206896551,29.0,0.0,21.0,329.0,29.0
0.10060606060606062,6000.0,0.76,617.9696531791908,0.49782093122250826,1667.2586206896551,29.0,0.0,21.0,346.0,29.0
0.10060606060606062,6200.0,0.76,611.0870165745856,0.5013682524881925,1667.2586206896551,29.0,0.0,21.0,362.0,29.0
0.10060606060606062,6400.0,0.76,605.2540106951872,0.5069628848843574,1667.2586206896551,29.0,0.0,21.0,374.0,29.0
0.10060606060606062,6600.0,0.8,607.10546875,0.5077534307664241,1667.2586206896551,29.0,0.0,21.0,384.0,29.0
0.10060606060606062,6800.0,0.8,605.9506329113924,0.5076318083230292,1667.2586206896551,29.0,0.0,21.0,395.0,29.0
0.10060606060606062,7000.0,0.78,605.8390663390663,0.5066588287758701,1667.2586206896551,29.0,0.0,21.0,407.0,29.0
0.10060606060606062,7200.0,0.8,611.1729857819905,0.5031317779174184,1667.2586206896551,29.0,0.0,21.0,422.0,29.0
0.10060606060606062,7400.0,0.8,600.7261363636363,0.5029493442523261,1667.2586206896551,29.0,0.0,21.0,440.0,29.0
0.10060606060606062,7600.0,0.78,599.2712418300654,0.5055034155636187,1667.2586206896551,29.0,1.0,20.0,459.0,29.0
0.10060606060606062,7800.0,0.78,599.7526539278132,0.508422354205096,1667.2586206896551,29.0,1.0,20.0,471.0,29.0
0.10060606060606062,8000.0,0.8,598.6859504132232,0.5104899357428091,1667.2586206896551,29.0,1.0,20.0,484.0,29.0
0.10060606060606062,8200.0,0.8,599.1312625250501,0.5131656294974966,1879.8666666666666,30.0,0.0,20.0,499.0,30.0
0.10060606060606062,8400.0,0.8,599.736328125,0.5139967161940283,1879.8666666666666,30.0,0.0,20.0,512.0,30.0
0.10060606060606062,8600.0,0.8,599.6580459770115,0.5125777876877546,1879.8666666666666,30.0,0.0,20.0,522.0,30.0
0.10060606060606062,8800.0,0.76,591.8545119705341,0.5128210325745445,1879.8666666666666,30.0,0.0,20.0,543.0,30.0
0.10060606060606062,9000.0,0.78,592.0432432432433,0.5164088946546936,1879.8666666666666,30.0,0.0,20.0,555.0,30.0
0.10060606060606062,9200.0,0.8,592.430823117338,0.5200778383637727,1879.8666666666666,30.0,0.0,20.0,571.0,30.0
0.10060606060606062,9400.0,0.78,590.8492333901193,0.5237062412583868,1879.8666666666666,30.0,0.0,20.0,587.0,30.0
0.10060606060606062,9600.0,0.8,588.3421926910299,0.5249224656923358,1879.8666666666666,30.0,1.0,19.0,602.0,30.0
0.10060606060606062,9800.0,0.78,586.1102106969206,0.5262197717552146,1879.8666666666666,30.0,1.0,19.0,617.0,30.0
0.10060606060606062,10000.0,0.8,584.4842022116903,0.5280238379989054,1879.8666666666666,30.0,1.0,19.0,633.0,30.0
0.10060606060606062,10200.0,0.8,582.670524691358,0.5297062817992013,2145.532258064516,31.0,0.0,19.0,648.0,31.0
0.10060606060606062,10400.0,0.8,582.1623867069486,0.5336184703950703,2145.532258064516,31.0,0.0,19.0,662.0,31.0
0.10060606060606062,10600.0,0.8,580.0693215339234,0.535422536638761,2145.532258064516,31.0,0.0,19.0,678.0,31.0
0.10060606060606062,10800.0,0.8,577.3610709117221,0.5386658017959581,2145.532258064516,31.0,1.0,18.0,691.0,31.0
0.10060606060606062,11000.0,0.76,578.4936350777934,0.5422333934688748,2145.532258064516,31.0,1.0,18.0,707.0,31.0
0.10060606060606062,11200.0,0.8,574.5236111111111,0.5451320617031196,2426.9375,32.0,0.0,18.0,720.0,32.0
0.10060606060606062,11400.0,0.8,573.7904109589041,0.546409097358766,2426.9375,32.0,0.0,18.0,730.0,32.0
0.10060606060606062,11600.0,0.8,578.5275908479139,0.5489023574483611,2426.9375,32.0,0.0,18.0,743.0,32.0
0.10060606060606062,11800.0,0.78,580.0349143610014,0.5510510206150041,2426.9375,32.0,1.0,17.0,759.0,32.0
0.10060606060606062,12000.0,0.8,580.4473342002601,0.553321306225042,2426.9375,32.0,1.0,17.0,769.0,32.0
0.10060606060606062,12200.0,0.8,580.9233716475096,0.5569091683051912,2720.8636363636365,33.0,1.0,16.0,783.0,33.0
0.10060606060606062,12400.0,0.76,578.1635455680399,0.5620578517422415,2720.8636363636365,33.0,1.0,16.0,801.0,33.0
0.10060606060606062,12600.0,0.8,577.9109336609337,0.5636186730991426,2720.8636363636365,33.0,1.0,16.0,814.0,33.0
0.10060606060606062,12800.0,0.8,574.7641395908544,0.5679565402468936,3013.955882352941,34.0,1.0,15.0,831.0,34.0
0.10060606060606062,13000.0,0.8,576.8870588235294,0.5740376624166379,3013.955882352941,34.0,2.0,14.0,850.0,34.0
0.10060606060606062,13200.0,0.8,572.3940972222222,0.5841931364401111,3303.2714285714287,35.0,1.0,14.0,864.0,35.0
0.10060606060606062,13400.0,0.76,571.8257661748014,0.5928283299211481,3303.2714285714287,35.0,1.0,14.0,881.0,35.0
0.10060606060606062,13600.0,0.78,569.380846325167,0.5991526969776823,3587.6666666666665,36.0,0.0,14.0,898.0,36.0
0.10060606060606062,13800.0,0.78,569.7194719471947,0.6036932681977581,3587.6666666666665,36.0,0.0,14.0,909.0,36.0
0.10060606060606062,14000.0,0.78,567.6499460625674,0.6055378752559138,3587.6666666666665,36.0,0.0,14.0,927.0,36.0
0.10060606060606062,14200.0,0.8,567.7092161016949,0.6050716558895668,3587.6666666666665,36.0,0.0,14.0,944.0,36.0
0.10060606060606062,14400.0,0.8,564.8239583333333,0.6040581355279427,3587.6666666666665,36.0,0.0,14.0,960.0,36.0
0.10060606060606062,14600.0,0.8,564.8093047034765,0.6084973547118562,3587.6666666666665,36.0,1.0,13.0,978.0,36.0
0.10060606060606062,14800.0,0.78,564.8699596774194,0.611862242312448,3587.6666666666665,36.0,1.0,13.0,992.0,36.0
0.10060606060606062,15000.0,0.8,563.4741035856574,0.6154703747998297,3587.6666666666665,36.0,1.0,13.0,1004.0,36.0
0.10060606060606062,15200.0,0.78,562.5073891625616,0.6159568645734093,3587.6666666666665,36.0,1.0,13.0,1015.0,36.0
0.10060606060606062,15400.0,0.8,564.3961988304094,0.6149636146190177,3587.6666666666665,36.0,1.0,13.0,1026.0,36.0
0.10060606060606062,15600.0,0.8,566.171469740634,0.6127135994162123,3587.6666666666665,36.0,1.0,13.0,1041.0,36.0
0.10060606060606062,15800.0,0.8,563.9078449905483,0.6115987270184258,3587.6666666666665,36.0,1.0,13.0,1058.0,36.0
0.10060606060606062,16000.0,0.78,563.5716945996276,0.6105446658423368,3587.6666666666665,36.0,1.0,13.0,1074.0,36.0
0.13080808080808082,0.0,0.0,nan,0.015202805424360975,nan,0.0,0.0,50.0,0.0,0.0
0.13080808080808082,200.0,0.46,nan,0.040155676727545456,nan,0.0,13.0,37.0,0.0,0.0
0.13080808080808082,400.0,0.72,108.66666666666667,0.09141953661849067,nan,0.0,20.0,30.0,3.0,0.0
0.13080808080808082,600.0,0.76,205.25,0.14971722781910687,512.7857142857143,7.0,15.0,28.0,6.0,7.0
0.13080808080808082,800.0,0.78,354.72727272727275,0.20207568970060608,610.0625,16.0,6.0,28.0,11.0,16.0
0.13080808080808082,1000.0,0.76,453.75,0.25534631990756695,682.1904761904761,21.0,1.0,28.0,16.0,21.0
0.13080808080808082,1200.0,0.78,497.1,0.3017047412482517,682.1904761904761,21.0,1.0,28.0,20.0,21.0
0.13080808080808082,1400.0,0.78,632.9333333333333,0.33997527010317635,682.1904761904761,21.0,1.0,28.0,30.0,21.0
0.13080808080808082,1600.0,0.78,772.8111111111111,0.3617051466563963,721.3863636363636,22.0,0.0,28.0,45.0,22.0
0.13080808080808082,1800.0,0.8,817.5350877192982,0.3720633247521943,721.3863636363636,22.0,0.0,28.0,57.0,22.0
0.13080808080808082,2000.0,0.8,770.112676056338,0.3806377070115339,721.3863636363636,22.0,0.0,28.0,71.0,22.0
0.13080808080808082,2200.0,0.76,723.9651162790698,0.3903472320758924,721.3863636363636,22.0,0.0,28.0,86.0,22.0
0.13080808080808082,2400.0,0.8,706.5204081632653,0.39742160420002837,721.3863636363636,22.0,0.0,28.0,98.0,22.0
0.13080808080808082,2600.0,0.78,693.1576576576576,0.3995702673666714,721.3863636363636,22.0,0.0,28.0,111.0,22.0
0.13080808080808082,2800.0,0.76,678.3031496062993,0.4020027162345692,721.3863636363636,22.0,1.0,27.0,127.0,22.0
0.13080808080808082,3000.0,0.78,669.6223021582733,0.40451624673139686,721.3863636363636,22.0,1.0,27.0,139.0,22.0
0.13080808080808082,3200.0,0.78,665.7317880794702,0.40599598645936796,721.3863636363636,22.0,1.0,27.0,151.0,22.0
0.13080808080808082,3400.0,0.8,666.9814814814815,0.40857032817789307,832.5869565217391,23.0,0.0,27.0,162.0,23.0
0.13080808080808082,3600.0,0.78,657.3714285714286,0.4106379097156062,832.5869565217391,23.0,0.0,27.0,175.0,23.0
0.13080808080808082,3800.0,0.8,663.2802197802198,0.41258386880992437,832.5869565217391,23.0,0.0,27.0,182.0,23.0
0.13080808080808082,4000.0,0.8,667.7942708333334,0.41564470030202905,832.5869565217391,23.0,0.0,27.0,192.0,23.0
0.13080808080808082,4200.0,0.74,677.0812807881773,0.41955688889789794,832.5869565217391,23.0,1.0,26.0,203.0,23.0
0.13080808080808082,4400.0,0.78,670.3626126126126,0.4228204244623274,832.5869565217391,23.0,1.0,26.0,222.0,23.0
0.13080808080808082,4600.0,0.76,665.3638297872341,0.4258001743255022,987.875,24.0,0.0,26.0,235.0,24.0
0.13080808080808082,4800.0,0.76,668.5467479674796,0.4292664139622565,987.875,24.0,0.0,26.0,246.0,24.0
0.13080808080808082,5000.0,0.76,656.9571984435797,0.431982648531409,987.875,24.0,0.0,26.0,257.0,24.0
0.13080808080808082,5200.0,0.8,657.9328358208955,0.43388806681126224,987.875,24.0,0.0,26.0,268.0,24.0
0.13080808080808082,5400.0,0.78,657.1276595744681,0.43601645957067275,987.875,24.0,0.0,26.0,282.0,24.0
0.13080808080808082,5600.0,0.74,658.9234693877551,0.434719153507794,987.875,24.0,0.0,26.0,294.0,24.0
0.13080808080808082,5800.0,0.78,662.1032786885246,0.43429347495591186,987.875,24.0,0.0,26.0,305.0,24.0
0.13080808080808082,6000.0,0.8,659.3678343949044,0.4358948371272779,987.875,24.0,1.0,25.0,314.0,24.0
0.13080808080808082,6200.0,0.76,667.9033742331288,0.442300285812742,987.875,24.0,3.0,23.0,326.0,24.0
0.13080808080808082,6400.0,0.8,659.7761627906976,0.4497597956742951,987.875,24.0,3.0,23.0,344.0,24.0
0.13080808080808082,6600.0,0.8,658.7974504249291,0.4567936269839661,1601.2407407407406,27.0,0.0,23.0,353.0,27.0
0.13080808080808082,6800.0,0.8,658.1124661246613,0.4627125858958506,1601.2407407407406,27.0,0.0,23.0,369.0,27.0
0.13080808080808082,7000.0,0.78,647.6544502617801,0.46842884073541036,1601.2407407407406,27.0,0.0,23.0,382.0,27.0
0.13080808080808082,7200.0,0.78,648.2280701754386,0.4740437435388077,1601.2407407407406,27.0,1.0,22.0,399.0,27.0
0.13080808080808082,7400.0,0.78,641.8841463414634,0.4825978553909148,1807.2857142857142,28.0,1.0,21.0,410.0,28.0
0.13080808080808082,7600.0,0.8,643.3847980997625,0.4884762734883344,1807.2857142857142,28.0,1.0,21.0,421.0,28.0
0.13080808080808082,7800.0,0.78,643.9644495412844,0.4964020027162346,1807.2857142857142,28.0,2.0,20.0,436.0,28.0
0.13080808080808082,8000.0,0.76,635.6321585903083,0.5037601605416253,2020.5344827586207,29.0,1.0,20.0,454.0,29.0
0.13080808080808082,8200.0,0.78,635.1030042918455,0.5095574970101149,2222.65,30.0,0.0,20.0,466.0,30.0
0.13080808080808082,8400.0,0.8,637.378125,0.5128413029817769,2222.65,30.0,0.0,20.0,480.0,30.0
0.13080808080808082,8600.0,0.8,635.1168699186992,0.5136521192710761,2222.65,30.0,0.0,20.0,492.0,30.0
0.13080808080808082,8800.0,0.8,628.1673267326732,0.5150102365556524,2222.65,30.0,0.0,20.0,505.0,30.0
0.13080808080808082,9000.0,0.8,630.1917148362235,0.5146859100399327,2222.65,30.0,0.0,20.0,519.0,30.0
0.13080808080808082,9200.0,0.78,633.5326492537314,0.5153345630713722,2222.65,30.0,0.0,20.0,536.0,30.0
0.13080808080808082,9400.0,0.8,630.1829710144928,0.5141386090446557,2222.65,30.0,0.0,20.0,552.0,30.0
0.13080808080808082,9600.0,0.78,623.8954305799648,0.5136723896783086,2222.65,30.0,0.0,20.0,569.0,30.0
0.13080808080808082,9800.0,0.8,618.7525597269624,0.5145845580037703,2222.65,30.0,0.0,20.0,586.0,30.0
0.13080808080808082,10000.0,0.8,615.0317725752508,0.5191859404455436,2222.65,30.0,0.0,20.0,598.0,30.0
0.13080808080808082,10200.0,0.74,612.1158833063209,0.5171791701295279,2222.65,30.0,0.0,20.0,617.0,30.0
0.13080808080808082,10400.0,0.8,608.7300955414013,0.5145642875965378,2222.65,30.0,0.0,20.0,628.0,30.0
0.13080808080808082,10600.0,0.78,607.2322530864197,0.512800762167312,2222.65,30.0,0.0,20.0,648.0,30.0
0.13080808080808082,10800.0,0.78,607.1618759455371,0.5130642774613342,2222.65,30.0,0.0,20.0,661.0,30.0
0.13080808080808082,11000.0,0.8,607.9096296296296,0.5163278130257637,2222.65,30.0,0.0,20.0,675.0,30.0
0.13080808080808082,11200.0,0.8,603.4832605531295,0.5174832262380151,2222.65,30.0,0.0,20.0,687.0,30.0
0.13080808080808082,11400.0,0.8,597.7865168539325,0.5156994304015567,2222.65,30.0,0.0,20.0,712.0,30.0
0.13080808080808082,11600.0,0.8,592.5048209366391,0.5167737619848782,2222.65,30.0,0.0,20.0,726.0,30.0
0.13080808080808082,11800.0,0.76,591.3228187919464,0.5166318691342509,2222.65,30.0,0.0,20.0,745.0,30.0
0.13080808080808082,12000.0,0.8,592.0337301587301,0.5173616037946203,2222.65,30.0,0.0,20.0,756.0,30.0
0.13080808080808082,12200.0,0.76,590.4343302990898,0.516976466057203,2222.65,30.0,0.0,20.0,769.0,30.0
0.13080808080808082,12400.0,0.78,590.4667943805874,0.5139156345650984,2222.65,30.0,0.0,20.0,783.0,30.0
0.13080808080808082,12600.0,0.8,589.603164556962,0.5129223846107068,2222.65,30.0,0.0,20.0,790.0,30.0
0.13080808080808082,12800.0,0.8,591.1809701492538,0.5121318387286401,2222.65,30.0,0.0,20.0,804.0,30.0
0.13080808080808082,13000.0,0.78,594.8145654834761,0.5120507570997102,2222.65,30.0,0.0,20.0,817.0,30.0
0.13080808080808082,13200.0,0.8,596.1862275449101,0.5134494151987513,2222.65,30.0,0.0,20.0,835.0,30.0
0.13080808080808082,13400.0,0.78,595.2873969375736,0.5137534713072386,2222.65,30.0,0.0,20.0,849.0,30.0
0.13080808080808082,13600.0,0.8,593.188876013905,0.5159224048811141,2222.65,30.0,0.0,20.0,863.0,30.0
0.13080808080808082,13800.0,0.78,593.7557077625571,0.5161656497679038,2222.65,30.0,0.0,20.0,876.0,30.0
0.13080808080808082,14000.0,0.8,592.4713483146068,0.5189224251515213,2222.65,30.0,0.0,20.0,890.0,30.0
0.13080808080808082,14200.0,0.78,587.1888035126235,0.5199359455131454,2222.65,30.0,0.0,20.0,911.0,30.0
0.13080808080808082,14400.0,0.78,586.1961206896551,0.5227738025256927,2222.65,30.0,1.0,19.0,928.0,30.0
0.13080808080808082,14600.0,0.8,583.1790254237288,0.5226724504895304,2222.65,30.0,1.0,19.0,944.0,30.0
0.13080808080808082,14800.0,0.8,583.487460815047,0.5255913891310077,2222.65,30.0,1.0,19.0,957.0,30.0
0.13080808080808082,15000.0,0.8,580.8437821171634,0.5317333225224494,2630.6451612903224,31.0,1.0,18.0,973.0,31.0
0.13080808080808082,15200.0,0.8,581.189024390244,0.5377941742849613,2630.6451612903224,31.0,1.0,18.0,984.0,31.0
0.13080808080808082,15400.0,0.78,578.2881355932203,0.5428212352786167,3029.046875,32.0,0.0,18.0,1003.0,32.0
0.13080808080808082,15600.0,0.78,578.553536345776,0.5426590720207569,3029.046875,32.0,0.0,18.0,1018.0,32.0
0.13080808080808082,15800.0,0.78,578.5926285160039,0.540976628220461,3029.046875,32.0,0.0,18.0,1031.0,32.0
0.13080808080808082,16000.0,0.8,578.1921606118547,0.5419293373603876,3029.046875,32.0,0.0,18.0,1046.0,32.0
0.16101010101010105,0.0,0.0,nan,0.015202805424360975,nan,0.0,0.0,50.0,0.0,0.0
0.16101010101010105,200.0,0.46,nan,0.040155676727545456,nan,0.0,13.0,37.0,0.0,0.0
0.16101010101010105,400.0,0.76,126.25,0.09679119453509821,nan,0.0,22.0,28.0,2.0,0.0
0.16101010101010105,600.0,0.74,237.58333333333334,0.16013621713660228,497.0833333333333,6.0,18.0,26.0,6.0,6.0
0.16101010101010105,800.0,0.8,389.2,0.21865688281677578,613.6666666666666,15.0,11.0,24.0,10.0,15.0
0.16101010101010105,1000.0,0.8,436.0769230769231,0.27541402306772345,663.9166666666666,18.0,8.0,24.0,13.0,18.0
0.16101010101010105,1200.0,0.78,565.5,0.32576571463320697,745.8409090909091,22.0,4.0,24.0,19.0,22.0
0.16101010101010105,1400.0,0.8,700.5833333333334,0.3652930087365455,745.8409090909091,22.0,4.0,24.0,30.0,22.0
0.16101010101010105,1600.0,0.74,792.2884615384615,0.3860093649281414,745.8409090909091,22.0,4.0,24.0,52.0,22.0
0.16101010101010105,1800.0,0.78,760.2903225806451,0.39677295116858896,745.8409090909091,22.0,4.0,24.0,62.0,22.0
0.16101010101010105,2000.0,0.8,739.3732394366198,0.4061784201244603,795.6086956521739,23.0,3.0,24.0,71.0,23.0
0.16101010101010105,2200.0,0.78,735.4277108433735,0.41752984817464983,846.9583333333334,24.0,2.0,24.0,83.0,24.0
0.16101010101010105,2400.0,0.8,720.3368421052631,0.429246143555024,846.9583333333334,24.0,2.0,24.0,95.0,24.0
0.16101010101010105,2600.0,0.8,713.6201923076923,0.44037459712565624,846.9583333333334,24.0,2.0,24.0,104.0,24.0
0.16101010101010105,2800.0,0.8,697.6752136752136,0.4479962702450692,846.9583333333334,24.0,2.0,24.0,117.0,24.0
0.16101010101010105,3000.0,0.8,706.7142857142857,0.4499827701538524,846.9583333333334,24.0,2.0,24.0,126.0,24.0
0.16101010101010105,3200.0,0.8,719.8309352517986,0.4473881580280948,846.9583333333334,24.0,2.0,24.0,139.0,24.0
0.16101010101010105,3400.0,0.76,718.902027027027,0.4447530050878722,846.9583333333334,24.0,2.0,24.0,148.0,24.0
0.16101010101010105,3600.0,0.78,728.3850931677018,0.4432529949526686,846.9583333333334,24.0,2.0,24.0,161.0,24.0
0.16101010101010105,3800.0,0.78,716.2062146892655,0.44349623983945835,846.9583333333334,24.0,2.0,24.0,177.0,24.0
0.16101010101010105,4000.0,0.8,693.4895287958116,0.4425840715139967,972.74,25.0,1.0,24.0,191.0,25.0
0.16101010101010105,4200.0,0.8,687.3301435406698,0.44416516327813027,972.74,25.0,1.0,24.0,209.0,25.0
0.16101010101010105,4400.0,0.78,676.5497737556561,0.4497395252670626,972.74,25.0,1.0,24.0,221.0,25.0
0.16101010101010105,4600.0,0.78,668.7804347826087,0.4537530658990939,972.74,25.0,1.0,24.0,230.0,25.0
0.16101010101010105,4800.0,0.8,668.5207468879668,0.45436117811606835,972.74,25.0,1.0,24.0,241.0,25.0
0.16101010101010105,5000.0,0.78,669.9604743083004,0.45490847911134535,972.74,25.0,1.0,24.0,253.0,25.0
0.16101010101010105,5200.0,0.8,661.9646840148699,0.4538544179352563,972.74,25.0,1.0,24.0,269.0,25.0
0.16101010101010105,5400.0,0.76,668.6003521126761,0.4530436016459571,972.74,25.0,1.0,24.0,284.0,25.0
0.16101010101010105,5600.0,0.78,659.8030303030303,0.4522530557638903,972.74,25.0,1.0,24.0,297.0,25.0
0.16101010101010105,5800.0,0.8,655.5625,0.4545436117811607,972.74,25.0,2.0,23.0,312.0,25.0
0.16101010101010105,6000.0,0.78,650.7903726708074,0.45456388218839316,972.74,25.0,2.0,23.0,322.0,25.0
0.16101010101010105,6200.0,0.76,644.906432748538,0.4535300914195366,972.74,25.0,2.0,23.0,342.0,25.0
0.16101010101010105,6400.0,0.78,641.9887323943663,0.4566922749478037,972.74,25.0,3.0,22.0,355.0,25.0
0.16101010101010105,6600.0,0.78,637.8487738419618,0.4604828411002777,972.74,25.0,4.0,21.0,367.0,25.0
0.16101010101010105,6800.0,0.8,640.9276315789474,0.4630571828188028,972.74,25.0,4.0,21.0,380.0,25.0
0.16101010101010105,7000.0,0.78,640.9390862944163,0.4649220602841911,1410.0185185185185,27.0,2.0,21.0,394.0,27.0
0.16101010101010105,7200.0,0.78,637.2176039119804,0.4662396367543024,1410.0185185185185,27.0,2.0,21.0,409.0,27.0
0.16101010101010105,7400.0,0.78,633.63995215311,0.4700099324995439,1410.0185185185185,27.0,2.0,21.0,418.0,27.0
0.16101010101010105,7600.0,0.78,637.3758700696055,0.4740234731315752,1410.0185185185185,27.0,3.0,20.0,431.0,27.0
0.16101010101010105,7800.0,0.72,639.1587837837837,0.48059108507489917,1410.0185185185185,27.0,3.0,20.0,444.0,27.0
0.16101010101010105,8000.0,0.8,637.5252192982456,0.489428982628261,1643.0892857142858,28.0,2.0,20.0,456.0,28.0
0.16101010101010105,8200.0,0.8,638.6870967741935,0.49167899783106644,1643.0892857142858,28.0,2.0,20.0,465.0,28.0
0.16101010101010105,8400.0,0.78,632.3409563409564,0.4945168548436138,1643.0892857142858,28.0,2.0,20.0,481.0,28.0
0.16101010101010105,8600.0,0.78,628.3207739307536,0.49415198751342915,1643.0892857142858,28.0,2.0,20.0,491.0,28.0
0.16101010101010105,8800.0,0.76,632.142578125,0.494273609956824,1643.0892857142858,28.0,2.0,20.0,512.0,28.0
0.16101010101010105,9000.0,0.78,635.0279922779923,0.4962601098656072,1643.0892857142858,28.0,2.0,20.0,518.0,28.0
0.16101010101010105,9200.0,0.78,631.5853658536586,0.49664524760302436,1643.0892857142858,28.0,2.0,20.0,533.0,28.0
0.16101010101010105,9400.0,0.8,636.1277573529412,0.49944256380110674,1643.0892857142858,28.0,3.0,19.0,544.0,28.0
0.16101010101010105,9600.0,0.8,634.5824275362319,0.5014087933026574,1643.0892857142858,28.0,3.0,19.0,552.0,28.0
0.16101010101010105,9800.0,0.8,637.6079646017699,0.5056655788214786,1643.0892857142858,28.0,3.0,19.0,565.0,28.0
0.16101010101010105,10000.0,0.76,639.8246073298429,0.5096183082318124,2197.733333333333,30.0,1.0,19.0,573.0,30.0
0.16101010101010105,10200.0,0.78,636.5145051194539,0.5069223440698923,2197.733333333333,30.0,1.0,19.0,586.0,30.0
0.16101010101010105,10400.0,0.76,634.3665568369028,0.5073885634362394,2197.733333333333,30.0,3.0,17.0,607.0,30.0
0.16101010101010105,10600.0,0.78,633.0289855072464,0.5118480530273853,2468.064516129032,31.0,2.0,17.0,621.0,31.0
0.16101010101010105,10800.0,0.8,632.539619651347,0.5138750937506334,2724.34375,32.0,1.0,17.0,631.0,32.0
0.16101010101010105,11000.0,0.78,631.9620743034055,0.5176656599031074,2724.34375,32.0,1.0,17.0,646.0,32.0
0.16101010101010105,11200.0,0.8,630.8719696969697,0.5267265319360266,2724.34375,32.0,1.0,17.0,660.0,32.0
0.16101010101010105,11400.0,0.8,630.317037037037,0.5378549855066588,2724.34375,32.0,1.0,17.0,675.0,32.0
0.16101010101010105,11600.0,0.78,630.1457725947522,0.5452131433320495,2724.34375,32.0,1.0,17.0,686.0,32.0
0.16101010101010105,11800.0,0.8,629.578530259366,0.5517402144609085,2996.3333333333335,33.0,0.0,17.0,694.0,33.0
0.16101010101010105,12000.0,0.78,627.5898876404494,0.5570916019702836,2996.3333333333335,33.0,0.0,17.0,712.0,33.0
0.16101010101010105,12200.0,0.8,630.5895316804408,0.5610848721950824,2996.3333333333335,33.0,0.0,17.0,726.0,33.0
0.16101010101010105,12400.0,0.8,626.8788903924221,0.5635578618774452,2996.3333333333335,33.0,0.0,17.0,739.0,33.0
0.16101010101010105,12600.0,0.76,624.6560424966799,0.5631119129183305,2996.3333333333335,33.0,0.0,17.0,753.0,33.0
0.16101010101010105,12800.0,0.8,620.7225848563969,0.5607808160865951,2996.3333333333335,33.0,0.0,17.0,766.0,33.0
0.16101010101010105,13000.0,0.8,623.5812020460359,0.5598281069466685,2996.3333333333335,33.0,0.0,17.0,782.0,33.0
0.16101010101010105,13200.0,0.8,624.465233881163,0.5576794437800255,2996.3333333333335,33.0,0.0,17.0,791.0,33.0
0.16101010101010105,13400.0,0.76,622.9527950310559,0.5549834796181056,2996.3333333333335,33.0,0.0,17.0,805.0,33.0
0.16101010101010105,13600.0,0.78,623.8485958485959,0.5561794336448219,2996.3333333333335,33.0,1.0,16.0,819.0,33.0
0.16101010101010105,13800.0,0.78,621.8862275449102,0.5589564794356718,2996.3333333333335,33.0,1.0,16.0,835.0,33.0
0.16101010101010105,14000.0,0.78,622.5752369668246,0.5584497192548599,3316.4117647058824,34.0,0.0,16.0,844.0,34.0
0.16101010101010105,14200.0,0.78,619.9609557109557,0.5583889080331624,3316.4117647058824,34.0,0.0,16.0,858.0,34.0
0.16101010101010105,14400.0,0.78,620.9547018348624,0.5610646017878499,3316.4117647058824,34.0,0.0,16.0,872.0,34.0
0.16101010101010105,14600.0,0.8,621.4067415730337,0.5606997344576653,3316.4117647058824,34.0,0.0,16.0,890.0,34.0
0.16101010101010105,14800.0,0.78,616.2299670691548,0.5573753876715383,3316.4117647058824,34.0,0.0,16.0,911.0,34.0
0.16101010101010105,15000.0,0.8,614.7965179542981,0.5551456428759654,3316.4117647058824,34.0,0.0,16.0,919.0,34.0
0.16101010101010105,15200.0,0.78,614.3639744952178,0.5522469746417206,3316.4117647058824,34.0,0.0,16.0,941.0,34.0
0.16101010101010105,15400.0,0.8,610.9196428571429,0.5498753369955203,3316.4117647058824,34.0,0.0,16.0,952.0,34.0
0.16101010101010105,15600.0,0.8,610.7507772020725,0.55011858188231,3316.4117647058824,34.0,0.0,16.0,965.0,34.0
0.16101010101010105,15800.0,0.78,611.414708886619,0.5508888573571443,3316.4117647058824,34.0,0.0,16.0,979.0,34.0
0.16101010101010105,16000.0,0.8,609.907444668008,0.5516185920175136,3316.4117647058824,34.0,0.0,16.0,994.0,34.0
0.19121212121212125,0.0,0.0,nan,0.015202805424360975,nan,0.0,0.0,50.0,0.0,0.0
0.19121212121212125,200.0,0.46,nan,0.040155676727545456,nan,0.0,13.0,37.0,0.0,0.0
0.19121212121212125,400.0,0.7,176.5,0.0978857965256522,nan,0.0,23.0,27.0,4.0,0.0
0.19121212121212125,600.0,0.8,208.0,0.1608862222042041,480.2,5.0,20.0,25.0,6.0,5.0
0.19121212121212125,800.0,0.8,316.0,0.220055540915817,632.4117647058823,17.0,8.0,25.0,12.0,17.0
0.19121212121212125,1000.0,0.8,440.525,0.27494780370137634,697.2045454545455,22.0,3.0,25.0,20.0,22.0
0.19121212121212125,1200.0,0.78,507.34615384615387,0.3266170717369712,713.0217391304348,23.0,2.0,25.0,26.0,23.0
0.19121212121212125,1400.0,0.78,603.6025641025641,0.36604301380414733,713.0217391304348,23.0,1.0,26.0,39.0,23.0
0.19121212121212125,1600.0,0.76,710.1224489795918,0.39093507388563437,713.0217391304348,23.0,1.0,26.0,49.0,23.0
0.19121212121212125,1800.0,0.76,692.8538461538461,0.4072932925222468,713.0217391304348,23.0,2.0,25.0,65.0,23.0
0.19121212121212125,2000.0,0.8,703.7628205128206,0.4179757971337644,713.0217391304348,23.0,2.0,25.0,78.0,23.0
0.19121212121212125,2200.0,0.78,717.3409090909091,0.42346907749376683,713.0217391304348,23.0,2.0,25.0,88.0,23.0
0.19121212121212125,2400.0,0.8,695.7842105263157,0.4251312508868303,780.6041666666666,24.0,1.0,25.0,95.0,24.0
0.19121212121212125,2600.0,0.78,692.2727272727273,0.427644781383658,780.6041666666666,24.0,1.0,25.0,110.0,24.0
0.19121212121212125,2800.0,0.78,682.1652892561983,0.43362455151724,780.6041666666666,24.0,1.0,25.0,121.0,24.0
0.19121212121212125,3000.0,0.74,695.3345588235294,0.43755701052034135,863.04,25.0,0.0,25.0,136.0,25.0
0.19121212121212125,3200.0,0.78,702.9666666666667,0.43741511766971397,863.04,25.0,0.0,25.0,150.0,25.0
0.19121212121212125,3400.0,0.78,682.9625,0.4392597247278698,863.04,25.0,1.0,24.0,160.0,25.0
0.19121212121212125,3600.0,0.78,681.6705202312139,0.43962459205805443,863.04,25.0,1.0,24.0,173.0,25.0
0.19121212121212125,3800.0,0.8,663.1451612903226,0.43944215839296213,863.04,25.0,2.0,23.0,186.0,25.0
0.19121212121212125,4000.0,0.78,662.6820512820512,0.4375367401131089,863.04,25.0,2.0,23.0,195.0,25.0
0.19121212121212125,4200.0,0.76,677.3058252427185,0.4389151278049176,863.04,25.0,4.0,21.0,206.0,25.0
0.19121212121212125,4400.0,0.8,679.6412037037037,0.44361786228285327,863.04,25.0,4.0,21.0,216.0,25.0
0.19121212121212125,4600.0,0.78,673.740174672489,0.4466989641821904,863.04,25.0,4.0,21.0,229.0,25.0
0.19121212121212125,4800.0,0.8,677.5184426229508,0.45251657105791254,863.04,25.0,7.0,18.0,244.0,25.0
0.19121212121212125,5000.0,0.78,662.1877394636016,0.4610098716883222,1017.5,26.0,6.0,18.0,261.0,26.0
0.19121212121212125,5200.0,0.78,652.0985130111524,0.46757748363164614,1308.232142857143,28.0,4.0,18.0,269.0,28.0
0.19121212121212125,5400.0,0.76,655.9035714285715,0.4729491415482537,1308.232142857143,28.0,3.0,19.0,280.0,28.0
0.19121212121212125,5600.0,0.78,658.3135593220339,0.48018567693024955,1451.844827586207,29.0,3.0,18.0,295.0,29.0
0.19121212121212125,5800.0,0.8,653.6639871382637,0.4904019621754201,1451.844827586207,29.0,4.0,17.0,311.0,29.0
0.19121212121212125,6000.0,0.78,652.0960365853658,0.5017939310400746,1742.4032258064517,31.0,2.0,17.0,328.0,31.0
0.19121212121212125,6200.0,0.8,654.6647058823529,0.5088074919425132,1742.4032258064517,31.0,2.0,17.0,340.0,31.0
0.19121212121212125,6400.0,0.76,649.171875,0.5164697058763911,1883.515625,32.0,1.0,17.0,352.0,32.0
0.19121212121212125,6600.0,0.78,641.0956284153006,0.5235238075932945,1883.515625,32.0,1.0,17.0,366.0,32.0
0.19121212121212125,6800.0,0.76,636.2460732984293,0.5276995114831857,1883.515625,32.0,1.0,17.0,382.0,32.0
0.19121212121212125,7000.0,0.8,638.7053571428571,0.5307603429752904,1883.515625,32.0,1.0,17.0,392.0,32.0
0.19121212121212125,7200.0,0.8,644.3786764705883,0.5314698072284272,1883.515625,32.0,1.0,17.0,408.0,32.0
0.19121212121212125,7400.0,0.8,643.8973429951691,0.5302738532017108,1883.515625,32.0,2.0,16.0,414.0,32.0
0.19121212121212125,7600.0,0.78,637.2354312354312,0.5302738532017108,1883.515625,32.0,2.0,16.0,429.0,32.0
0.19121212121212125,7800.0,0.78,628.9705882352941,0.5327468428840736,2059.530303030303,33.0,1.0,16.0,442.0,33.0
0.19121212121212125,8000.0,0.8,633.8692810457517,0.5349765876796465,2059.530303030303,33.0,1.0,16.0,459.0,33.0
0.19121212121212125,8200.0,0.78,633.2858672376874,0.5378955263211238,2059.530303030303,33.0,1.0,16.0,467.0,33.0
0.19121212121212125,8400.0,0.78,633.505230125523,0.539841485415442,2059.530303030303,33.0,1.0,16.0,478.0,33.0
0.19121212121212125,8600.0,0.8,632.8431771894094,0.5429023169075466,2059.530303030303,33.0,2.0,15.0,491.0,33.0
0.19121212121212125,8800.0,0.8,637.4616141732283,0.5468550463178805,2059.530303030303,33.0,1.0,16.0,508.0,33.0
0.19121212121212125,9000.0,0.8,634.131021194605,0.5488212758194312,2059.530303030303,32.0,2.0,16.0,519.0,33.0
0.19121212121212125,9200.0,0.78,630.7145557655955,0.5510712910222366,2264.6470588235293,34.0,0.0,16.0,529.0,34.0
0.19121212121212125,9400.0,0.8,630.3397790055249,0.557233494820911,2264.6470588235293,34.0,1.0,15.0,543.0,34.0
0.19121212121212125,9600.0,0.78,631.8839928057554,0.5611051426023149,2264.6470588235293,34.0,1.0,15.0,556.0,34.0
0.19121212121212125,9800.0,0.8,633.5640350877193,0.5594835100237163,2475.1285714285714,35.0,0.0,15.0,570.0,35.0
0.19121212121212125,10000.0,0.76,631.4198275862069,0.5575578213366307,2475.1285714285714,35.0,0.0,15.0,580.0,35.0
0.19121212121212125,10200.0,0.8,635.1304713804714,0.5570307907485862,2475.1285714285714,34.0,1.0,15.0,594.0,35.0
0.19121212121212125,10400.0,0.8,634.9120065789474,0.5535442807045994,2475.1285714285714,34.0,1.0,15.0,608.0,35.0
0.19121212121212125,10600.0,0.8,635.6782258064516,0.5491658727423834,2475.1285714285714,35.0,0.0,15.0,620.0,35.0
0.19121212121212125,10800.0,0.8,633.8399681528663,0.5471185616119028,2475.1285714285714,34.0,1.0,15.0,628.0,35.0
0.19121212121212125,11000.0,0.78,632.4953632148378,0.5469158575395779,2475.1285714285714,34.0,1.0,15.0,647.0,35.0
0.19121212121212125,11200.0,0.8,628.6124437781109,0.5461658524719761,2475.1285714285714,34.0,1.0,15.0,667.0,35.0
0.19121212121212125,11400.0,0.8,625.1647058823529,0.5487401941905012,2475.1285714285714,34.0,2.0,14.0,680.0,35.0
0.19121212121212125,11600.0,0.76,623.9899425287356,0.5528145460442301,2475.1285714285714,34.0,2.0,14.0,696.0,35.0
0.19121212121212125,11800.0,0.8,622.9028368794326,0.5586118825127196,2732.652777777778,35.0,3.0,12.0,705.0,36.0
0.19121212121212125,12000.0,0.78,624.6578212290502,0.5647943567186264,2732.652777777778,35.0,3.0,12.0,716.0,36.0
0.19121212121212125,12200.0,0.78,620.7793715846994,0.577280927573835,2987.9324324324325,37.0,1.0,12.0,732.0,37.0
0.19121212121212125,12400.0,0.78,619.067513368984,0.5855917945391523,3232.1973684210525,38.0,0.0,12.0,748.0,38.0
0.19121212121212125,12600.0,0.8,618.5345052083334,0.5877404577057953,3232.1973684210525,38.0,0.0,12.0,768.0,38.0
0.19121212121212125,12800.0,0.8,614.3294871794872,0.5889566821397442,3232.1973684210525,38.0,0.0,12.0,780.0,38.0
0.19121212121212125,13000.0,0.78,614.464824120603,0.5900918249447631,3232.1973684210525,37.0,2.0,11.0,796.0,38.0
0.19121212121212125,13200.0,0.78,614.3661710037175,0.5913080493787121,3232.1973684210525,37.0,2.0,11.0,807.0,38.0
0.19121212121212125,13400.0,0.8,613.4505494505495,0.5928283299211481,3492.5641025641025,38.0,1.0,11.0,819.0,39.0
0.19121212121212125,13600.0,0.8,611.8403110047847,0.5941864472057243,3492.5641025641025,38.0,1.0,11.0,836.0,39.0
0.19121212121212125,13800.0,0.78,609.2763466042154,0.5977540388786411,3492.5641025641025,38.0,2.0,10.0,854.0,39.0
0.19121212121212125,14000.0,0.8,607.4735023041475,0.6092879005939229,3492.5641025641025,39.0,1.0,10.0,868.0,39.0
0.19121212121212125,14200.0,0.8,609.082191780822,0.6158960533517118,3492.5641025641025,39.0,1.0,10.0,876.0,39.0
0.19121212121212125,14400.0,0.8,608.0759280089989,0.6174568747086129,3492.5641025641025,39.0,1.0,10.0,889.0,39.0
0.19121212121212125,14600.0,0.8,609.9096452328159,0.6155919972432247,3492.5641025641025,39.0,1.0,10.0,902.0,39.0
0.19121212121212125,14800.0,0.8,607.3127729257642,0.612956844303002,3492.5641025641025,39.0,1.0,10.0,916.0,39.0
0.19121212121212125,15000.0,0.78,607.9467168998924,0.6073622119068373,3492.5641025641025,39.0,1.0,10.0,929.0,39.0
0.19121212121212125,15200.0,0.8,610.8372340425532,0.6009973040358381,3492.5641025641025,39.0,1.0,10.0,940.0,39.0
0.19121212121212125,15400.0,0.78,610.1994764397906,0.598422962317313,3492.5641025641025,39.0,0.0,11.0,955.0,39.0
0.19121212121212125,15600.0,0.78,609.9128865979382,0.5998013500091217,3492.5641025641025,39.0,0.0,11.0,970.0,39.0
0.19121212121212125,15800.0,0.8,609.2208121827412,0.6033081304603409,3492.5641025641025,39.0,0.0,11.0,985.0,39.0
0.19121212121212125,16000.0,0.8,608.7012987012987,0.6051121967040318,3492.5641025641025,39.0,0.0,11.0,1001.0,39.0
0.22141414141414145,0.0,0.0,nan,0.015202805424360975,nan,0.0,0.0,50.0,0.0,0.0
0.22141414141414145,200.0,0.46,nan,0.040155676727545456,nan,0.0,13.0,37.0,0.0,0.0
0.22141414141414145,400.0,0.66,143.375,0.09263576105243955,nan,0.0,21.0,29.0,4.0,0.0
0.22141414141414145,600.0,0.8,143.375,0.14673747795593214,494.75,6.0,15.0,29.0,4.0,6.0
0.22141414141414145,800.0,0.78,285.0625,0.19830539395536456,621.375,16.0,5.0,29.0,8.0,16.0
0.22141414141414145,1000.0,0.76,412.9642857142857,0.2443394887803296,652.6944444444445,18.0,3.0,29.0,14.0,18.0
0.22141414141414145,1200.0,0.76,640.8888888888889,0.28090730342772585,692.05,20.0,1.0,29.0,27.0,20.0
0.22141414141414145,1400.0,0.8,611.9285714285714,0.31613727119777835,692.05,20.0,2.0,28.0,35.0,20.0
0.22141414141414145,1600.0,0.78,729.98,0.34240771897107414,733.2380952380952,21.0,3.0,26.0,50.0,21.0
0.22141414141414145,1800.0,0.78,713.3666666666667,0.36010378448503033,733.2380952380952,21.0,3.0,26.0,60.0,21.0
0.22141414141414145,2000.0,0.76,762.5735294117648,0.3745160440273245,733.2380952380952,21.0,3.0,26.0,68.0,21.0
0.22141414141414145,2200.0,0.8,751.26875,0.3809417631200211,849.1086956521739,23.0,1.0,26.0,80.0,23.0
0.22141414141414145,2400.0,0.78,748.5888888888888,0.3850161149737498,849.1086956521739,23.0,1.0,26.0,90.0,23.0
0.22141414141414145,2600.0,0.8,721.7644230769231,0.3904080432975898,849.1086956521739,23.0,1.0,26.0,104.0,23.0
0.22141414141414145,2800.0,0.78,696.7083333333334,0.39875945107737215,923.2083333333334,24.0,0.0,26.0,120.0,24.0
0.22141414141414145,3000.0,0.78,699.9051094890511,0.4034419151480753,923.2083333333334,24.0,0.0,26.0,137.0,24.0
0.22141414141414145,3200.0,0.78,695.28,0.4026108284515436,923.2083333333334,24.0,0.0,26.0,150.0,24.0
0.22141414141414145,3400.0,0.78,668.9024390243902,0.40257028763707864,923.2083333333334,24.0,0.0,26.0,164.0,24.0
0.22141414141414145,3600.0,0.76,666.8142857142857,0.39950945614497396,923.2083333333334,24.0,0.0,26.0,175.0,24.0
0.22141414141414145,3800.0,0.8,659.7857142857143,0.39920540003648675,923.2083333333334,24.0,0.0,26.0,189.0,24.0
0.22141414141414145,4000.0,0.78,652.719512195122,0.4003202724342732,923.2083333333334,24.0,0.0,26.0,205.0,24.0
0.22141414141414145,4200.0,0.78,645.13133640553,0.4047392212109541,923.2083333333334,24.0,1.0,25.0,217.0,24.0
0.22141414141414145,4400.0,0.76,648.5,0.4090770883587051,923.2083333333334,24.0,2.0,24.0,233.0,24.0
0.22141414141414145,4600.0,0.8,633.1431451612904,0.4154014554152393,923.2083333333334,24.0,2.0,24.0,248.0,24.0
0.22141414141414145,4800.0,0.78,624.8069498069498,0.422171771430888,1218.3653846153845,26.0,1.0,23.0,259.0,26.0
0.22141414141414145,5000.0,0.78,622.7160714285715,0.4262258528773843,1218.3653846153845,26.0,1.0,23.0,280.0,26.0
0.22141414141414145,5200.0,0.78,619.9152542372881,0.4334623882593801,1363.148148148148,27.0,0.0,23.0,295.0,27.0
0.22141414141414145,5400.0,0.78,615.1229508196722,0.4398678369448442,1363.148148148148,27.0,0.0,23.0,305.0,27.0
0.22141414141414145,5600.0,0.78,609.8233438485804,0.44361786228285327,1363.148148148148,27.0,0.0,23.0,317.0,27.0
0.22141414141414145,5800.0,0.8,611.2522935779816,0.4473881580280948,1363.148148148148,27.0,1.0,22.0,327.0,27.0
0.22141414141414145,6000.0,0.76,610.5988372093024,0.4522125149494253,1363.148148148148,27.0,2.0,21.0,344.0,27.0
0.22141414141414145,6200.0,0.78,606.6454293628809,0.45762471368049784,1363.148148148148,27.0,2.0,21.0,361.0,27.0
0.22141414141414145,6400.0,0.78,610.7752659574468,0.4624693410090609,1363.148148148148,27.0,2.0,21.0,376.0,27.0
0.22141414141414145,6600.0,0.8,606.5167525773196,0.46311799404050025,1545.482142857143,28.0,1.0,21.0,388.0,28.0
0.22141414141414145,6800.0,0.78,605.13625,0.4650234123203535,1545.482142857143,28.0,2.0,20.0,400.0,28.0
0.22141414141414145,7000.0,0.8,594.5590361445783,0.4665436928627896,1545.482142857143,28.0,2.0,20.0,415.0,28.0
0.22141414141414145,7200.0,0.78,595.2900232018561,0.46976668761275414,1739.5344827586207,29.0,1.0,20.0,431.0,29.0
0.22141414141414145,7400.0,0.8,601.5227272727273,0.4744694220906898,1925.9833333333333,30.0,0.0,20.0,440.0,30.0
0.22141414141414145,7600.0,0.78,600.0601750547046,0.4804086514098068,1925.9833333333333,30.0,0.0,20.0,457.0,30.0
0.22141414141414145,7800.0,0.8,599.1183932346723,0.4845640848924655,1925.9833333333333,30.0,0.0,20.0,473.0,30.0
0.22141414141414145,8000.0,0.8,596.1456611570248,0.4864897735795512,1925.9833333333333,30.0,0.0,20.0,484.0,30.0
0.22141414141414145,8200.0,0.8,593.9779116465863,0.4870573449820607,1925.9833333333333,30.0,0.0,20.0,498.0,30.0
0.22141414141414145,8400.0,0.76,595.8029411764705,0.4895708754788884,1925.9833333333333,30.0,0.0,20.0,510.0,30.0
0.22141414141414145,8600.0,0.8,597.9201520912547,0.48934790099933106,1925.9833333333333,30.0,0.0,20.0,526.0,30.0
0.22141414141414145,8800.0,0.8,594.0386740331492,0.4913952121298117,1925.9833333333333,30.0,0.0,20.0,543.0,30.0
0.22141414141414145,9000.0,0.74,592.5500894454383,0.49559118642693534,1925.9833333333333,30.0,0.0,20.0,559.0,30.0
0.22141414141414145,9200.0,0.8,590.0618374558304,0.49297630389394526,1925.9833333333333,30.0,0.0,20.0,566.0,30.0
0.22141414141414145,9400.0,0.76,591.0763293310463,0.489976283623538,1925.9833333333333,30.0,0.0,20.0,583.0,30.0
0.22141414141414145,9600.0,0.8,589.9077181208054,0.49236819167697077,1925.9833333333333,30.0,1.0,19.0,596.0,30.0
0.22141414141414145,9800.0,0.8,588.7516447368421,0.4965641659740944,1925.9833333333333,30.0,1.0,19.0,608.0,30.0
0.22141414141414145,10000.0,0.78,588.4033546325878,0.49944256380110674,2181.7258064516127,31.0,0.0,19.0,626.0,31.0
0.22141414141414145,10200.0,0.76,589.5165615141956,0.5002128392759411,2181.7258064516127,31.0,0.0,19.0,634.0,31.0
0.22141414141414145,10400.0,0.78,589.6153846153846,0.5011047371941703,2181.7258064516127,31.0,0.0,19.0,650.0,31.0
0.22141414141414145,10600.0,0.78,593.2037593984962,0.5031925891391158,2181.7258064516127,31.0,0.0,19.0,665.0,31.0
0.22141414141414145,10800.0,0.78,589.417899408284,0.5022196095919567,2181.7258064516127,31.0,0.0,19.0,676.0,31.0
0.22141414141414145,11000.0,0.78,589.2817919075145,0.5027060993655362,2181.7258064516127,31.0,0.0,19.0,692.0,31.0
0.22141414141414145,11200.0,0.8,589.0007132667617,0.5036790789126954,2181.7258064516127,31.0,1.0,18.0,701.0,31.0
0.22141414141414145,11400.0,0.78,587.9285714285714,0.5064155838890804,2181.7258064516127,31.0,1.0,18.0,714.0,31.0
0.22141414141414145,11600.0,0.8,587.7630136986302,0.5065980175541727,2181.7258064516127,31.0,1.0,18.0,730.0,31.0
0.22141414141414145,11800.0,0.78,589.1529093369418,0.5076723491374941,2181.7258064516127,31.0,1.0,18.0,739.0,31.0
0.22141414141414145,12000.0,0.8,592.2503328894807,0.5086858694991182,2181.7258064516127,31.0,1.0,18.0,751.0,31.0
0.22141414141414145,12200.0,0.8,595.3586387434555,0.5087264103135832,2181.7258064516127,31.0,1.0,18.0,764.0,31.0
0.22141414141414145,12400.0,0.8,591.9642857142857,0.5082804613544686,2181.7258064516127,31.0,1.0,18.0,784.0,31.0
0.22141414141414145,12600.0,0.76,590.9705144291091,0.508381813390631,2181.7258064516127,31.0,1.0,18.0,797.0,31.0
0.22141414141414145,12800.0,0.8,590.2995079950799,0.5083615429833985,2181.7258064516127,31.0,1.0,18.0,813.0,31.0
0.22141414141414145,13000.0,0.78,588.6439854191981,0.5090912776437678,2515.9375,32.0,0.0,18.0,823.0,32.0
0.22141414141414145,13200.0,0.78,585.4274673008323,0.5077534307664241,2515.9375,32.0,0.0,18.0,841.0,32.0
0.22141414141414145,13400.0,0.8,587.0041079812206,0.5070034256988223,2515.9375,32.0,1.0,17.0,852.0,32.0
0.22141414141414145,13600.0,0.8,588.8358468677494,0.5084020837978634,2515.9375,32.0,1.0,17.0,862.0,32.0
0.22141414141414145,13800.0,0.8,590.2539863325741,0.5116453489550605,2515.9375,32.0,1.0,17.0,878.0,32.0
0.22141414141414145,14000.0,0.8,588.5541899441341,0.5135304968276813,2858.878787878788,33.0,0.0,17.0,895.0,33.0
0.22141414141414145,14200.0,0.8,585.5192519251925,0.5133075223481239,2858.878787878788,33.0,0.0,17.0,909.0,33.0
0.22141414141414145,14400.0,0.78,586.7640388768898,0.5180507976405246,2858.878787878788,33.0,0.0,17.0,926.0,33.0
0.22141414141414145,14600.0,0.8,586.982428115016,0.5228346137473902,2858.878787878788,33.0,0.0,17.0,939.0,33.0
0.22141414141414145,14800.0,0.78,586.0342105263157,0.5226319096750653,2858.878787878788,33.0,0.0,17.0,950.0,33.0
0.22141414141414145,15000.0,0.76,586.8359213250518,0.5217400117568362,2858.878787878788,33.0,0.0,17.0,966.0,33.0
0.22141414141414145,15200.0,0.8,587.9989764585466,0.5228751545618552,2858.878787878788,33.0,0.0,17.0,977.0,33.0
0.22141414141414145,15400.0,0.8,586.4211324570273,0.5279832971844405,2858.878787878788,33.0,0.0,17.0,989.0,33.0
0.22141414141414145,15600.0,0.8,585.9855433698904,0.5309427766403827,2858.878787878788,33.0,0.0,17.0,1003.0,33.0
0.22141414141414145,15800.0,0.78,585.4042239685658,0.5299089858715261,2858.878787878788,33.0,0.0,17.0,1018.0,33.0
0.22141414141414145,16000.0,0.76,586.1344294003868,0.5286319502158798,2858.878787878788,33.0,0.0,17.0,1034.0,33.0
0.2516161616161616,0.0,0.0,nan,0.015202805424360975,nan,0.0,0.0,50.0,0.0,0.0
0.2516161616161616,200.0,0.38,32.0,0.03948675328887357,nan,0.0,12.0,38.0,1.0,0.0
0.2516161616161616,400.0,0.7,43.75,0.0820546084770843,nan,0.0,17.0,33.0,4.0,0.0
0.2516161616161616,600.0,0.8,132.83333333333334,0.13814282528936006,488.3333333333333,6.0,14.0,30.0,6.0,6.0
0.2516161616161616,800.0,0.78,251.0,0.1916567003831107,610.1428571428571,14.0,7.0,29.0,10.0,14.0
0.2516161616161616,1000.0,0.8,356.3333333333333,0.24138000932438733,653.7647058823529,17.0,4.0,29.0,15.0,17.0
0.2516161616161616,1200.0,0.78,485.4166666666667,0.28102892587112077,677.6388888888889,18.0,3.0,29.0,24.0,18.0
0.2516161616161616,1400.0,0.76,578.8142857142857,0.3139886080311353,677.6388888888889,18.0,5.0,27.0,35.0,18.0
0.2516161616161616,1600.0,0.78,686.0392156862745,0.3355968621409604,677.6388888888889,18.0,5.0,27.0,51.0,18.0
0.2516161616161616,1800.0,0.8,700.3153846153846,0.34806316258893644,825.3095238095239,21.0,2.0,27.0,65.0,21.0
0.2516161616161616,2000.0,0.78,668.9113924050633,0.3568402489206008,825.3095238095239,21.0,2.0,27.0,79.0,21.0
0.2516161616161616,2200.0,0.8,657.7692307692307,0.3610564936249569,825.3095238095239,21.0,2.0,27.0,91.0,21.0
0.2516161616161616,2400.0,0.8,654.5346534653465,0.36253623335292806,825.3095238095239,21.0,2.0,27.0,101.0,21.0
0.2516161616161616,2600.0,0.78,650.5555555555555,0.364765978148501,825.3095238095239,21.0,3.0,26.0,117.0,21.0
0.2516161616161616,2800.0,0.78,638.0984848484849,0.36707680457300385,825.3095238095239,21.0,3.0,26.0,132.0,21.0
0.2516161616161616,3000.0,0.78,641.4340277777778,0.37153629416414974,916.8863636363636,22.0,2.0,26.0,144.0,22.0
0.2516161616161616,3200.0,0.76,623.765243902439,0.37259035534023877,916.8863636363636,22.0,2.0,26.0,164.0,22.0
0.2516161616161616,3400.0,0.8,609.2402234636871,0.37749579389049925,916.8863636363636,22.0,3.0,25.0,179.0,22.0
0.2516161616161616,3600.0,0.8,611.8823529411765,0.38043500293920907,916.8863636363636,22.0,3.0,25.0,187.0,22.0
0.2516161616161616,3800.0,0.78,611.4464285714286,0.3834147528023838,916.8863636363636,22.0,3.0,25.0,196.0,22.0
0.2516161616161616,4000.0,0.78,609.4170616113744,0.38499584456651736,1044.695652173913,23.0,2.0,25.0,211.0,23.0
0.2516161616161616,4200.0,0.78,607.9009009009009,0.3875701862850425,1172.9791666666667,24.0,1.0,25.0,222.0,24.0
0.2516161616161616,4400.0,0.8,618.8195020746888,0.3910161555145643,1172.9791666666667,24.0,1.0,25.0,241.0,24.0
0.2516161616161616,4600.0,0.8,621.822,0.3971783593132386,1172.9791666666667,24.0,1.0,25.0,250.0,24.0
0.2516161616161616,4800.0,0.78,614.3352059925094,0.4011716295380374,1172.9791666666667,24.0,2.0,24.0,267.0,24.0
0.2516161616161616,5000.0,0.8,610.0342960288808,0.4067257211197373,1172.9791666666667,24.0,2.0,24.0,277.0,24.0
0.2516161616161616,5200.0,0.8,608.1038062283737,0.405955445644903,1172.9791666666667,24.0,2.0,24.0,289.0,24.0
0.2516161616161616,5400.0,0.78,595.9543973941368,0.4063203129750877,1336.08,25.0,1.0,24.0,307.0,25.0
0.2516161616161616,5600.0,0.8,597.3157894736842,0.40796221596091864,1336.08,25.0,1.0,24.0,323.0,25.0
0.2516161616161616,5800.0,0.78,593.4272997032641,0.41489469523442724,1336.08,25.0,4.0,21.0,337.0,25.0
0.2516161616161616,6000.0,0.78,593.7735042735043,0.42209068980195813,1336.08,25.0,4.0,21.0,351.0,25.0
0.2516161616161616,6200.0,0.78,593.8283378746594,0.426043419212292,1336.08,25.0,4.0,21.0,367.0,25.0
0.2516161616161616,6400.0,0.76,589.5144736842105,0.4310299393914824,1704.4074074074074,27.0,2.0,21.0,380.0,27.0
0.2516161616161616,6600.0,0.8,589.3762755102041,0.43755701052034135,1704.4074074074074,27.0,2.0,21.0,392.0,27.0
0.2516161616161616,6800.0,0.78,590.7751842751843,0.4429894796586463,1704.4074074074074,27.0,2.0,21.0,407.0,27.0
0.2516161616161616,7000.0,0.8,588.3785714285714,0.44988141811769,1704.4074074074074,27.0,2.0,21.0,420.0,27.0
0.2516161616161616,7200.0,0.8,594.0645161290323,0.4545436117811607,1896.6607142857142,28.0,1.0,21.0,434.0,28.0
0.2516161616161616,7400.0,0.8,596.0338600451468,0.45936796870249125,1896.6607142857142,28.0,1.0,21.0,443.0,28.0
0.2516161616161616,7600.0,0.8,591.9545454545455,0.46098960128108973,1896.6607142857142,28.0,1.0,21.0,462.0,28.0
0.2516161616161616,7800.0,0.8,593.0214132762312,0.4615571726835992,1896.6607142857142,28.0,1.0,21.0,467.0,28.0
0.2516161616161616,8000.0,0.8,596.7320328542095,0.4611720349461821,1896.6607142857142,28.0,1.0,21.0,487.0,28.0
0.2516161616161616,8200.0,0.8,592.5521042084168,0.4624085297873634,2108.896551724138,29.0,0.0,21.0,499.0,29.0
0.2516161616161616,8400.0,0.8,592.7188715953307,0.4633409685200576,2108.896551724138,29.0,0.0,21.0,514.0,29.0
0.2516161616161616,8600.0,0.8,591.3738140417457,0.4651247643565159,2108.896551724138,29.0,1.0,20.0,527.0,29.0
0.2516161616161616,8800.0,0.8,593.2560296846011,0.47017209575740376,2108.896551724138,29.0,2.0,19.0,539.0,29.0
0.2516161616161616,9000.0,0.76,591.3792486583184,0.47515861593659414,2108.896551724138,29.0,3.0,18.0,559.0,29.0
0.2516161616161616,9200.0,0.78,588.375,0.48113838607017617,2559.6129032258063,31.0,1.0,18.0,568.0,31.0
0.2516161616161616,9400.0,0.78,588.3908934707904,0.4832465084223542,2559.6129032258063,31.0,1.0,18.0,582.0,31.0
0.2516161616161616,9600.0,0.78,586.2138103161398,0.48819248778707963,2775.859375,32.0,1.0,17.0,601.0,32.0
0.2516161616161616,9800.0,0.8,585.7861788617886,0.49674659963918677,2775.859375,32.0,1.0,17.0,615.0,32.0
0.2516161616161616,10000.0,0.78,579.8662974683544,0.5031520483246509,2775.859375,32.0,1.0,17.0,632.0,32.0
0.2516161616161616,10200.0,0.8,580.6690031152648,0.5134899560132163,2995.5454545454545,33.0,0.0,17.0,642.0,33.0
0.2516161616161616,10400.0,0.8,580.6332312404288,0.5199967567348428,2995.5454545454545,33.0,0.0,17.0,653.0,33.0
0.2516161616161616,10600.0,0.76,580.0489457831326,0.5244157055115237,2995.5454545454545,33.0,1.0,16.0,664.0,33.0
0.2516161616161616,10800.0,0.76,582.1661764705882,0.5267265319360266,3223.264705882353,34.0,0.0,16.0,680.0,34.0
0.2516161616161616,11000.0,0.76,583.0941091954023,0.5254089554659153,3223.264705882353,34.0,0.0,16.0,696.0,34.0
0.2516161616161616,11200.0,0.8,582.8354519774011,0.5280643788133703,3223.264705882353,34.0,0.0,16.0,708.0,34.0
0.2516161616161616,11400.0,0.8,582.5159944367176,0.5280035675916729,3223.264705882353,34.0,0.0,16.0,719.0,34.0
0.2516161616161616,11600.0,0.78,584.632472826087,0.5238684045162467,3223.264705882353,34.0,0.0,16.0,736.0,34.0
0.2516161616161616,11800.0,0.8,583.906374501992,0.5227940729329252,3223.264705882353,34.0,1.0,15.0,753.0,34.0
0.2516161616161616,12000.0,0.8,581.9837239583334,0.521354874019419,3223.264705882353,34.0,1.0,15.0,768.0,34.0
0.2516161616161616,12200.0,0.8,580.6764705882352,0.5210305475036994,3223.264705882353,34.0,1.0,15.0,782.0,34.0
0.2516161616161616,12400.0,0.8,580.6158690176322,0.5201386495854702,3223.264705882353,34.0,1.0,15.0,794.0,34.0
0.2516161616161616,12600.0,0.8,578.7398022249691,0.5207264913952121,3223.264705882353,34.0,1.0,15.0,809.0,34.0
0.2516161616161616,12800.0,0.8,578.450488997555,0.5214562260555815,3223.264705882353,34.0,1.0,15.0,818.0,34.0
0.2516161616161616,13000.0,0.8,578.9682634730539,0.521942715829161,3223.264705882353,34.0,1.0,15.0,835.0,34.0
0.2516161616161616,13200.0,0.8,579.585394581861,0.5242738126608963,3223.264705882353,34.0,1.0,15.0,849.0,34.0
0.2516161616161616,13400.0,0.76,580.8041714947856,0.524050838181339,3223.264705882353,34.0,1.0,15.0,863.0,34.0
0.2516161616161616,13600.0,0.78,579.8796821793417,0.5231386698558774,3223.264705882353,34.0,1.0,15.0,881.0,34.0
0.2516161616161616,13800.0,0.8,579.7287946428571,0.5255508483165426,3223.264705882353,34.0,1.0,15.0,896.0,34.0
0.2516161616161616,14000.0,0.76,575.6693989071039,0.5276184298542558,3223.264705882353,34.0,1.0,15.0,915.0,34.0
0.2516161616161616,14200.0,0.8,574.9093851132686,0.5275981594470233,3223.264705882353,34.0,1.0,15.0,927.0,34.0
0.2516161616161616,14400.0,0.78,570.9487315010571,0.52569274116717,3540.5285714285715,35.0,0.0,15.0,946.0,35.0
0.2516161616161616,14600.0,0.78,569.9392523364486,0.528429246143555,3540.5285714285715,35.0,0.0,15.0,963.0,35.0
0.2516161616161616,14800.0,0.8,570.7261538461538,0.5277805931121157,3540.5285714285715,35.0,0.0,15.0,975.0,35.0
0.2516161616161616,15000.0,0.8,571.4331983805668,0.523625159629457,3540.5285714285715,35.0,0.0,15.0,988.0,35.0
0.2516161616161616,15200.0,0.8,569.3751243781095,0.524050838181339,3540.5285714285715,35.0,0.0,15.0,1005.0,35.0
0.2516161616161616,15400.0,0.8,569.3188050930461,0.5261386901262847,3540.5285714285715,35.0,0.0,15.0,1021.0,35.0
0.2516161616161616,15600.0,0.78,569.3439613526571,0.5281657308495328,3540.5285714285715,35.0,0.0,15.0,1035.0,35.0
0.2516161616161616,15800.0,0.78,569.7098470363288,0.5295035777268765,3540.5285714285715,35.0,0.0,15.0,1046.0,35.0
0.2516161616161616,16000.0,0.76,567.4693973634652,0.5268076135649565,3540.5285714285715,35.0,0.0,15.0,1062.0,35.0
0.28181818181818186,0.0,0.0,nan,0.015202805424360975,nan,0.0,0.0,50.0,0.0,0.0
0.28181818181818186,200.0,0.36,13.5,0.04181785012060892,nan,0.0,14.0,36.0,1.0,0.0
0.28181818181818186,400.0,0.68,66.1875,0.09385198548638843,nan,0.0,21.0,29.0,8.0,0.0
0.28181818181818186,600.0,0.8,90.55,0.15417671741025277,525.4166666666666,6.0,16.0,28.0,10.0,6.0
0.28181818181818186,800.0,0.76,198.64705882352942,0.21056899033101575,610.2142857142857,14.0,9.0,27.0,17.0,14.0
0.28181818181818186,1000.0,0.78,280.1136363636364,0.2680558652423327,686.921052631579,19.0,5.0,26.0,22.0,19.0
0.28181818181818186,1200.0,0.78,430.0689655172414,0.3086169501145278,722.7380952380952,20.0,4.0,26.0,29.0,21.0
0.28181818181818186,1400.0,0.78,461.77142857142854,0.34334015770376825,750.7272727272727,21.0,4.0,25.0,35.0,22.0
0.28181818181818186,1600.0,0.8,660.8510638297872,0.36549571280887033,750.7272727272727,21.0,4.0,25.0,47.0,22.0
0.28181818181818186,1800.0,0.76,739.3934426229508,0.37751606429773177,750.7272727272727,21.0,4.0,25.0,61.0,22.0
0.28181818181818186,2000.0,0.8,722.15,0.3809417631200211,750.7272727272727,21.0,4.0,25.0,70.0,22.0
0.28181818181818186,2200.0,0.76,706.3941176470588,0.3834147528023838,750.7272727272727,21.0,4.0,25.0,85.0,22.0
0.28181818181818186,2400.0,0.78,706.1315789473684,0.38552287515456185,750.7272727272727,22.0,4.0,24.0,95.0,22.0
0.28181818181818186,2600.0,0.76,707.4136363636363,0.3930431962378124,750.7272727272727,22.0,5.0,23.0,110.0,22.0
0.28181818181818186,2800.0,0.78,668.576,0.3979486347880729,837.5652173913044,23.0,4.0,23.0,125.0,23.0
0.28181818181818186,3000.0,0.78,668.3453237410072,0.40257028763707864,926.625,24.0,3.0,23.0,139.0,24.0
0.28181818181818186,3200.0,0.78,674.755033557047,0.40925952202379745,1017.56,25.0,2.0,23.0,149.0,25.0
0.28181818181818186,3400.0,0.8,672.3625,0.4178541746903695,1017.56,25.0,3.0,22.0,160.0,25.0
0.28181818181818186,3600.0,0.8,653.4542857142857,0.42411773052520624,1017.56,25.0,3.0,22.0,175.0,25.0
0.28181818181818186,3800.0,0.8,647.3636363636364,0.43021912310218313,1017.56,25.0,3.0,22.0,187.0,25.0
0.28181818181818186,4000.0,0.78,651.4009900990098,0.43810431151561835,1226.0740740740741,27.0,1.0,22.0,202.0,27.0
0.28181818181818186,4200.0,0.78,642.8333333333334,0.4435773214683883,1226.0740740740741,27.0,1.0,22.0,216.0,27.0
0.28181818181818186,4400.0,0.8,652.9935344827586,0.44730707639916484,1226.0740740740741,27.0,1.0,22.0,232.0,27.0
0.28181818181818186,4600.0,0.8,638.4156378600823,0.4483408671680214,1226.0740740740741,27.0,1.0,22.0,243.0,27.0
0.28181818181818186,4800.0,0.8,627.1765873015873,0.44939492834411043,1226.0740740740741,27.0,1.0,22.0,252.0,27.0
0.28181818181818186,5000.0,0.78,633.3913857677902,0.44558409178440395,1226.0740740740741,26.0,2.0,22.0,267.0,27.0
0.28181818181818186,5200.0,0.78,637.181654676259,0.4428273164007865,1226.0740740740741,26.0,2.0,22.0,278.0,27.0
0.28181818181818186,5400.0,0.78,640.3304498269896,0.44179352563193,1226.0740740740741,26.0,2.0,22.0,289.0,27.0
0.28181818181818186,5600.0,0.8,634.4470198675497,0.4420570409259522,1226.0740740740741,26.0,2.0,22.0,302.0,27.0
0.28181818181818186,5800.0,0.8,640.7405660377359,0.4408610868992358,1226.0740740740741,26.0,2.0,22.0,318.0,27.0
0.28181818181818186,6000.0,0.78,628.672619047619,0.4376380921492713,1226.0740740740741,26.0,2.0,22.0,336.0,27.0
0.28181818181818186,6200.0,0.78,630.6951566951567,0.43919891350617235,1226.0740740740741,26.0,2.0,22.0,351.0,27.0
0.28181818181818186,6400.0,0.74,627.1895604395604,0.4375975513348063,1226.0740740740741,26.0,2.0,22.0,364.0,27.0
0.28181818181818186,6600.0,0.78,625.2786666666667,0.4414894695234427,1226.0740740740741,26.0,3.0,21.0,375.0,27.0
0.28181818181818186,6800.0,0.8,621.5822454308094,0.4447732754951047,1226.0740740740741,26.0,4.0,20.0,383.0,27.0
0.28181818181818186,7000.0,0.78,628.5050125313284,0.44988141811769,1430.625,27.0,3.0,20.0,399.0,28.0
0.28181818181818186,7200.0,0.78,621.7184466019418,0.4545841525956256,1430.625,28.0,2.0,20.0,412.0,28.0
0.28181818181818186,7400.0,0.8,617.5035294117647,0.4565098412827114,1430.625,28.0,2.0,20.0,425.0,28.0
0.28181818181818186,7600.0,0.8,617.3803611738149,0.45985445847607076,1430.625,28.0,2.0,20.0,443.0,28.0
0.28181818181818186,7800.0,0.8,619.817880794702,0.4607260859870675,1430.625,28.0,2.0,20.0,453.0,28.0
0.28181818181818186,8000.0,0.8,621.9536637931035,0.4587395860782843,1430.625,28.0,3.0,19.0,464.0,28.0
0.28181818181818186,8200.0,0.76,618.4730290456431,0.4607260859870675,1430.625,28.0,3.0,19.0,482.0,28.0
0.28181818181818186,8400.0,0.8,620.5647773279352,0.46767883566780855,1889.6666666666667,30.0,1.0,19.0,494.0,30.0
0.28181818181818186,8600.0,0.8,619.8234126984127,0.47114507530456284,1889.6666666666667,30.0,1.0,19.0,504.0,30.0
0.28181818181818186,8800.0,0.8,619.2563600782779,0.4805505442604342,1889.6666666666667,30.0,3.0,17.0,511.0,30.0
0.28181818181818186,9000.0,0.8,624.9220532319391,0.4852532787383699,1889.6666666666667,30.0,4.0,16.0,526.0,30.0
0.28181818181818186,9200.0,0.8,626.0659851301115,0.4890033040763789,2343.03125,32.0,2.0,16.0,538.0,32.0
0.28181818181818186,9400.0,0.78,622.2803571428572,0.49066547746944233,2343.03125,32.0,2.0,16.0,560.0,32.0
0.28181818181818186,9600.0,0.8,615.9351211072665,0.4996249974661991,2343.03125,32.0,3.0,15.0,578.0,32.0
0.28181818181818186,9800.0,0.78,612.8011844331642,0.5018750126690045,2567.242424242424,33.0,2.0,15.0,591.0,33.0
0.28181818181818186,10000.0,0.8,610.1276948590381,0.5021182575557943,2567.242424242424,33.0,2.0,15.0,603.0,33.0
0.28181818181818186,10200.0,0.78,610.3262987012987,0.5031520483246509,2567.242424242424,33.0,3.0,14.0,616.0,33.0
0.28181818181818186,10400.0,0.8,605.4912698412699,0.5063953134818479,2567.242424242424,33.0,3.0,14.0,630.0,33.0
0.28181818181818186,10600.0,0.8,607.887171561051,0.505098007418969,2567.242424242424,33.0,3.0,14.0,647.0,33.0
0.28181818181818186,10800.0,0.8,602.9401515151516,0.49889526280582974,2567.242424242424,33.0,3.0,14.0,660.0,33.0
0.28181818181818186,11000.0,0.76,599.2342606149341,0.5019560942979344,2567.242424242424,33.0,4.0,13.0,683.0,33.0
0.28181818181818186,11200.0,0.8,598.8735632183908,0.5048750329394117,2567.242424242424,33.0,4.0,13.0,696.0,33.0
0.28181818181818186,11400.0,0.8,594.3558368495077,0.5091318184582329,2567.242424242424,33.0,4.0,13.0,711.0,33.0
0.28181818181818186,11600.0,0.8,590.6735253772291,0.5172805221656903,3078.542857142857,35.0,2.0,13.0,729.0,35.0
0.28181818181818186,11800.0,0.78,590.8576248313091,0.5302535827944783,3320.7638888888887,36.0,2.0,12.0,741.0,36.0
0.28181818181818186,12000.0,0.78,591.6132450331125,0.5391522915695376,3551.135135135135,37.0,1.0,12.0,755.0,37.0
0.28181818181818186,12200.0,0.78,592.0137434554974,0.5488820870411286,3551.135135135135,37.0,1.0,12.0,764.0,37.0
0.28181818181818186,12400.0,0.8,592.8637532133677,0.5552875357265927,3782.065789473684,38.0,0.0,12.0,778.0,38.0
0.28181818181818186,12600.0,0.8,594.7781289506953,0.5591997243224617,3782.065789473684,38.0,0.0,12.0,791.0,38.0
0.28181818181818186,12800.0,0.8,591.6338729763387,0.5620983925567065,3782.065789473684,37.0,1.0,12.0,803.0,38.0
0.28181818181818186,13000.0,0.8,592.7442284325638,0.5654835505645308,3782.065789473684,37.0,1.0,12.0,823.0,38.0
0.28181818181818186,13200.0,0.8,591.6441387559809,0.5637402955425375,3782.065789473684,38.0,0.0,12.0,836.0,38.0
0.28181818181818186,13400.0,0.8,593.4321933962265,0.5614497395252671,3782.065789473684,37.0,1.0,12.0,848.0,38.0
0.28181818181818186,13600.0,0.8,592.3368298368298,0.558834856992277,3782.065789473684,37.0,1.0,12.0,858.0,38.0
0.28181818181818186,13800.0,0.78,594.0406178489702,0.557699714187258,3782.065789473684,37.0,1.0,12.0,874.0,38.0
0.28181818181818186,14000.0,0.8,595.7350620067643,0.5586524233271847,3782.065789473684,38.0,0.0,12.0,887.0,38.0
0.28181818181818186,14200.0,0.8,595.2735326688816,0.5598078365394361,3782.065789473684,37.0,1.0,12.0,903.0,38.0
0.28181818181818186,14400.0,0.8,594.1983516483516,0.5577199845944905,3782.065789473684,38.0,0.0,12.0,910.0,38.0
0.28181818181818186,14600.0,0.78,595.2181719260066,0.5541929337360387,3782.065789473684,38.0,0.0,12.0,919.0,38.0
0.28181818181818186,14800.0,0.8,594.6916038751345,0.5516185920175136,3782.065789473684,38.0,0.0,12.0,929.0,38.0
0.28181818181818186,15000.0,0.8,596.0274841437632,0.5531591429671822,3782.065789473684,37.0,2.0,11.0,946.0,38.0
0.28181818181818186,15200.0,0.76,596.9581589958159,0.5554091581699876,3782.065789473684,37.0,2.0,11.0,956.0,38.0
0.28181818181818186,15400.0,0.78,593.6772540983607,0.555469969391685,3782.065789473684,37.0,2.0,11.0,976.0,38.0
0.28181818181818186,15600.0,0.8,593.2401215805471,0.555469969391685,4082.74358974359,38.0,1.0,11.0,987.0,39.0
0.28181818181818186,15800.0,0.78,594.6827689243028,0.5573956580787708,4082.74358974359,38.0,1.0,11.0,1004.0,39.0
0.28181818181818186,16000.0,0.78,594.1825787401575,0.5562605152737519,4082.74358974359,38.0,1.0,11.0,1016.0,39.0
0.3120202020202021,0.0,0.0,nan,0.015202805424360975,nan,0.0,0.0,50.0,0.0,0.0
0.3120202020202021,200.0,0.36,13.5,0.04181785012060892,nan,0.0,14.0,36.0,1.0,0.0
0.3120202020202021,400.0,0.7,124.0,0.08843978675531591,nan,0.0,19.0,31.0,6.0,0.0
0.3120202020202021,600.0,0.76,211.46153846153845,0.13925769768714655,517.4,5.0,17.0,28.0,13.0,5.0
0.3120202020202021,800.0,0.8,241.85714285714286,0.19471753187521537,617.4090909090909,11.0,13.0,26.0,14.0,11.0
0.3120202020202021,1000.0,0.8,280.43333333333334,0.2520422435286725,748.2894736842105,19.0,5.0,26.0,15.0,19.0
0.3120202020202021,1200.0,0.8,390.39473684210526,0.30350880749194253,790.8181818181819,22.0,2.0,26.0,19.0,22.0
0.3120202020202021,1400.0,0.78,638.4375,0.35033344819897433,808.9782608695652,23.0,2.0,25.0,32.0,23.0
0.3120202020202021,1600.0,0.74,724.3837209302326,0.38021202845965174,808.9782608695652,23.0,2.0,25.0,43.0,23.0
0.3120202020202021,1800.0,0.8,763.1428571428571,0.3974013337927959,808.9782608695652,23.0,3.0,24.0,56.0,23.0
0.3120202020202021,2000.0,0.76,788.7279411764706,0.40275272130217094,858.25,24.0,2.0,24.0,68.0,24.0
0.3120202020202021,2200.0,0.8,775.5123456790124,0.4067459915269698,910.54,25.0,1.0,24.0,81.0,25.0
0.3120202020202021,2400.0,0.76,755.2894736842105,0.4091378995804026,910.54,25.0,1.0,24.0,95.0,25.0
0.3120202020202021,2600.0,0.8,750.460396039604,0.4085905985851256,910.54,25.0,1.0,24.0,101.0,25.0
0.3120202020202021,2800.0,0.8,739.2297297297297,0.40648247623294753,910.54,25.0,1.0,24.0,111.0,25.0
0.3120202020202021,3000.0,0.8,725.9214876033058,0.4049824660977439,910.54,25.0,1.0,24.0,121.0,25.0
0.3120202020202021,3200.0,0.8,712.8346153846154,0.40405002736504975,910.54,25.0,1.0,24.0,130.0,25.0
0.3120202020202021,3400.0,0.78,721.3475177304964,0.407556807816269,910.54,25.0,1.0,24.0,141.0,25.0
0.3120202020202021,3600.0,0.78,729.0451612903225,0.41015141994202664,910.54,25.0,2.0,23.0,155.0,25.0
0.3120202020202021,3800.0,0.8,709.3189655172414,0.4104149352360489,910.54,25.0,2.0,23.0,174.0,25.0
0.3120202020202021,4000.0,0.8,700.1927083333334,0.4136379299860134,910.54,25.0,2.0,23.0,192.0,25.0
0.3120202020202021,4200.0,0.78,698.3848039215686,0.4160298380394462,1034.6923076923076,26.0,1.0,23.0,204.0,26.0
0.3120202020202021,4400.0,0.8,696.8286384976526,0.41696227677214037,1034.6923076923076,26.0,1.0,23.0,213.0,26.0
0.3120202020202021,4600.0,0.76,685.203947368421,0.41653659822025824,1034.6923076923076,26.0,1.0,23.0,228.0,26.0
0.3120202020202021,4800.0,0.8,676.4979166666667,0.41902985830985345,1034.6923076923076,26.0,2.0,22.0,240.0,26.0
0.3120202020202021,5000.0,0.8,664.8682170542636,0.42249609794660775,1034.6923076923076,26.0,2.0,22.0,258.0,26.0
0.3120202020202021,5200.0,0.76,659.8558394160584,0.4252934141446902,1034.6923076923076,26.0,2.0,22.0,274.0,26.0
0.3120202020202021,5400.0,0.8,649.0,0.4282731640078649,1194.148148148148,27.0,1.0,22.0,290.0,27.0
0.3120202020202021,5600.0,0.8,644.5511551155115,0.4310907506131798,1194.148148148148,27.0,2.0,21.0,303.0,27.0
0.3120202020202021,5800.0,0.78,638.217868338558,0.4340705004763546,1194.148148148148,27.0,2.0,21.0,319.0,27.0
0.3120202020202021,6000.0,0.8,634.3267477203648,0.4375367401131089,1362.4642857142858,28.0,1.0,21.0,329.0,28.0
0.3120202020202021,6200.0,0.8,632.4662756598241,0.44039486753288876,1523.948275862069,29.0,0.0,21.0,341.0,29.0
0.3120202020202021,6400.0,0.8,628.7261235955057,0.4416921735957675,1523.948275862069,29.0,0.0,21.0,356.0,29.0
0.3120202020202021,6600.0,0.78,628.0378378378379,0.44242190825613686,1523.948275862069,29.0,0.0,21.0,370.0,29.0
0.3120202020202021,6800.0,0.8,633.4621409921671,0.4445705714227799,1523.948275862069,29.0,1.0,20.0,383.0,29.0
0.3120202020202021,7000.0,0.78,629.139798488665,0.448786816127136,1523.948275862069,29.0,1.0,20.0,397.0,29.0
0.3120202020202021,7200.0,0.8,626.8077858880779,0.449334117122413,1523.948275862069,29.0,1.0,20.0,411.0,29.0
0.3120202020202021,7400.0,0.78,626.9395734597157,0.4485435712403462,1523.948275862069,29.0,1.0,20.0,422.0,29.0
0.3120202020202021,7600.0,0.8,627.7185354691076,0.4489895201994608,1523.948275862069,29.0,1.0,20.0,437.0,29.0
0.3120202020202021,7800.0,0.8,625.5269058295964,0.44708410191960757,1523.948275862069,29.0,1.0,20.0,446.0,29.0
0.3120202020202021,8000.0,0.8,625.9699570815451,0.448786816127136,1736.0333333333333,29.0,1.0,20.0,466.0,30.0
0.3120202020202021,8200.0,0.78,621.8109243697479,0.45525307603429754,1736.0333333333333,29.0,1.0,20.0,476.0,30.0
0.3120202020202021,8400.0,0.8,622.6081632653061,0.461759876755924,1736.0333333333333,29.0,1.0,20.0,490.0,30.0
0.3120202020202021,8600.0,0.8,622.6284860557769,0.4656720653517929,1736.0333333333333,29.0,1.0,20.0,502.0,30.0
0.3120202020202021,8800.0,0.78,619.3778846153846,0.46457746336123895,1736.0333333333333,29.0,1.0,20.0,520.0,30.0
0.3120202020202021,9000.0,0.8,617.5151515151515,0.4669896418219042,1736.0333333333333,29.0,1.0,20.0,528.0,30.0
0.3120202020202021,9200.0,0.8,620.3560885608856,0.4675572132244137,1736.0333333333333,29.0,1.0,20.0,542.0,30.0
0.3120202020202021,9400.0,0.78,621.4407540394973,0.46763829485334363,1736.0333333333333,30.0,0.0,20.0,557.0,30.0
0.3120202020202021,9600.0,0.8,620.647266313933,0.469381549875337,1736.0333333333333,30.0,0.0,20.0,567.0,30.0
0.3120202020202021,9800.0,0.8,622.0651041666666,0.4687126264366651,1736.0333333333333,30.0,0.0,20.0,576.0,30.0
0.3120202020202021,10000.0,0.8,624.0017006802722,0.4653680092433057,1736.0333333333333,30.0,0.0,20.0,588.0,30.0
0.3120202020202021,10200.0,0.78,621.3899006622516,0.46413151440212436,1736.0333333333333,30.0,0.0,20.0,604.0,30.0
0.3120202020202021,10400.0,0.8,619.8017799352751,0.46423286643828676,1736.0333333333333,30.0,0.0,20.0,618.0,30.0
0.3120202020202021,10600.0,0.8,622.4549763033175,0.46496260109865606,1736.0333333333333,30.0,0.0,20.0,633.0,30.0
0.3120202020202021,10800.0,0.8,621.4149922720247,0.46303691241157036,1736.0333333333333,30.0,0.0,20.0,647.0,30.0
0.3120202020202021,11000.0,0.8,620.6793313069909,0.46088824924492733,1736.0333333333333,30.0,0.0,20.0,658.0,30.0
0.3120202020202021,11200.0,0.8,617.8318452380952,0.4598747288833033,1736.0333333333333,30.0,0.0,20.0,672.0,30.0
0.3120202020202021,11400.0,0.8,616.5535455861071,0.45900310137230654,1736.0333333333333,30.0,0.0,20.0,691.0,30.0
0.3120202020202021,11600.0,0.78,610.7524752475248,0.4608071676159974,1736.0333333333333,30.0,0.0,20.0,707.0,30.0
0.3120202020202021,11800.0,0.76,606.4612188365651,0.4583341779336347,1736.0333333333333,30.0,0.0,20.0,722.0,30.0
0.3120202020202021,12000.0,0.78,607.4763193504737,0.4559625402874344,1736.0333333333333,30.0,0.0,20.0,739.0,30.0
0.3120202020202021,12200.0,0.8,606.0113182423436,0.45857742282042446,1736.0333333333333,30.0,0.0,20.0,751.0,30.0
0.3120202020202021,12400.0,0.76,605.132372214941,0.4591449942229339,1736.0333333333333,30.0,0.0,20.0,763.0,30.0
0.3120202020202021,12600.0,0.78,605.466537966538,0.45590172906573695,1736.0333333333333,30.0,0.0,20.0,777.0,30.0
0.3120202020202021,12800.0,0.8,605.6729797979798,0.45961121358928103,1736.0333333333333,30.0,0.0,20.0,792.0,30.0
0.3120202020202021,13000.0,0.8,605.2923940149626,0.4609693308738573,1736.0333333333333,30.0,1.0,19.0,802.0,30.0
0.3120202020202021,13200.0,0.78,603.6531365313654,0.46323961648389517,1736.0333333333333,30.0,1.0,19.0,813.0,30.0
0.3120202020202021,13400.0,0.78,604.4357575757575,0.46346259096345244,1736.0333333333333,30.0,1.0,19.0,825.0,30.0
0.3120202020202021,13600.0,0.8,606.0805687203791,0.46411124399489184,2117.0,31.0,0.0,19.0,844.0,31.0
0.3120202020202021,13800.0,0.78,604.3125,0.465590983722863,2117.0,31.0,1.0,18.0,848.0,31.0
0.3120202020202021,14000.0,0.8,606.9592074592075,0.46921938661747714,2117.0,31.0,1.0,18.0,858.0,31.0
0.3120202020202021,14200.0,0.8,607.6683967704729,0.4756653761174062,2492.140625,32.0,0.0,18.0,867.0,32.0
0.3120202020202021,14400.0,0.78,609.8301136363636,0.4787667484239758,2492.140625,32.0,0.0,18.0,880.0,32.0
0.3120202020202021,14600.0,0.8,610.1640625,0.4788681004601382,2492.140625,32.0,0.0,18.0,896.0,32.0
0.3120202020202021,14800.0,0.78,610.992349726776,0.481341090142501,2492.140625,32.0,1.0,17.0,915.0,32.0
0.3120202020202021,15000.0,0.8,609.5966522678186,0.48255731457644985,2492.140625,31.0,2.0,17.0,926.0,32.0
0.3120202020202021,15200.0,0.8,607.5668449197861,0.4814829829931283,2876.3636363636365,32.0,1.0,17.0,935.0,33.0
0.3120202020202021,15400.0,0.8,609.6417281348788,0.48221271765349766,2876.3636363636365,32.0,1.0,17.0,949.0,33.0
0.3120202020202021,15600.0,0.8,610.381126173097,0.48484787059372025,2876.3636363636365,32.0,2.0,16.0,959.0,33.0
0.3120202020202021,15800.0,0.74,611.2106885919835,0.48582085014087933,2876.3636363636365,32.0,2.0,16.0,973.0,33.0
0.3120202020202021,16000.0,0.76,611.5262096774194,0.4844627328563031,2876.3636363636365,32.0,2.0,16.0,992.0,33.0
0.34222222222222226,0.0,0.0,nan,0.015202805424360975,nan,0.0,0.0,50.0,0.0,0.0
0.34222222222222226,200.0,0.36,13.5,0.04181785012060892,nan,0.0,14.0,36.0,1.0,0.0
0.34222222222222226,400.0,0.7,144.25,0.08752761842985425,nan,0.0,18.0,32.0,6.0,0.0
0.34222222222222226,600.0,0.8,219.2,0.13698741207710863,541.0833333333334,6.0,14.0,30.0,10.0,6.0
0.34222222222222226,800.0,0.8,233.8846153846154,0.1841769201143251,640.2857142857143,14.0,6.0,30.0,13.0,14.0
0.34222222222222226,1000.0,0.78,260.2142857142857,0.2291772241704336,692.3823529411765,16.0,4.0,30.0,14.0,17.0
0.34222222222222226,1200.0,0.8,369.0833333333333,0.26900857438225934,732.9473684210526,18.0,2.0,30.0,18.0,19.0
0.34222222222222226,1400.0,0.76,652.2121212121212,0.30162365961932175,732.9473684210526,18.0,3.0,29.0,33.0,19.0
0.34222222222222226,1600.0,0.72,797.1413043478261,0.32795491861431497,732.9473684210526,18.0,5.0,27.0,46.0,19.0
0.34222222222222226,1800.0,0.78,767.3275862068965,0.34240771897107414,732.9473684210526,18.0,5.0,27.0,58.0,19.0
0.34222222222222226,2000.0,0.8,752.0895522388059,0.3535767133561713,732.9473684210526,18.0,5.0,27.0,67.0,19.0
0.34222222222222226,2200.0,0.8,761.5432098765432,0.358238907019642,858.7619047619048,20.0,4.0,26.0,81.0,21.0
0.34222222222222226,2400.0,0.78,717.8829787234042,0.35990108041270547,858.7619047619048,20.0,4.0,26.0,94.0,21.0
0.34222222222222226,2600.0,0.78,699.4351851851852,0.36247542213123063,858.7619047619048,19.0,5.0,26.0,108.0,21.0
0.34222222222222226,2800.0,0.78,684.4246031746031,0.36675247805728417,943.7954545454545,20.0,4.0,26.0,126.0,22.0
0.34222222222222226,3000.0,0.78,669.7740740740741,0.36665112602112176,943.7954545454545,20.0,4.0,26.0,135.0,22.0
0.34222222222222226,3200.0,0.78,662.1241610738255,0.36906330448178704,943.7954545454545,20.0,5.0,25.0,149.0,22.0
0.34222222222222226,3400.0,0.8,655.4556962025316,0.37417144710437233,1047.2608695652175,22.0,3.0,25.0,158.0,23.0
0.34222222222222226,3600.0,0.74,653.0333333333333,0.38562422719072426,1047.2608695652175,23.0,2.0,25.0,180.0,23.0
0.34222222222222226,3800.0,0.8,639.59375,0.39577970121419737,1156.4791666666667,24.0,1.0,25.0,192.0,24.0
0.34222222222222226,4000.0,0.8,638.6,0.40307704781789067,1156.4791666666667,24.0,1.0,25.0,200.0,24.0
0.34222222222222226,4200.0,0.78,642.9538834951456,0.40609733849553037,1156.4791666666667,24.0,1.0,25.0,206.0,24.0
0.34222222222222226,4400.0,0.8,646.4070796460177,0.40451624673139686,1156.4791666666667,24.0,1.0,25.0,226.0,24.0
0.34222222222222226,4600.0,0.76,653.3854166666666,0.4055703079074859,1156.4791666666667,24.0,2.0,24.0,240.0,24.0
0.34222222222222226,4800.0,0.76,638.9783464566929,0.40830681288387083,1156.4791666666667,24.0,2.0,24.0,254.0,24.0
0.34222222222222226,5000.0,0.8,644.2973484848485,0.41169197089169524,1306.58,25.0,1.0,24.0,264.0,25.0
0.34222222222222226,5200.0,0.8,636.1761565836299,0.41077980256623353,1306.58,25.0,1.0,24.0,281.0,25.0
0.34222222222222226,5400.0,0.8,628.6833333333333,0.41536091460077434,1306.58,25.0,2.0,23.0,300.0,25.0
0.34222222222222226,5600.0,0.8,626.9662379421222,0.42071230211014937,1306.58,25.0,2.0,23.0,311.0,25.0
0.34222222222222226,5800.0,0.78,619.8807339449542,0.42488800600004056,1474.4615384615386,26.0,2.0,22.0,327.0,26.0
0.34222222222222226,6000.0,0.78,616.8812316715542,0.42908398029716416,1636.4444444444443,27.0,1.0,22.0,341.0,27.0
0.34222222222222226,6200.0,0.8,607.0348189415042,0.43745565848417894,1636.4444444444443,27.0,3.0,20.0,359.0,27.0
0.34222222222222226,6400.0,0.8,610.6634877384196,0.44396245920580546,1800.375,28.0,2.0,20.0,367.0,28.0
0.34222222222222226,6600.0,0.8,607.3965968586388,0.4460097703362861,1960.8620689655172,29.0,1.0,20.0,382.0,29.0
0.34222222222222226,6800.0,0.8,608.9492385786803,0.4463543672592382,1960.8620689655172,29.0,1.0,20.0,394.0,29.0
0.34222222222222226,7000.0,0.8,609.6608910891089,0.446090851965216,1960.8620689655172,29.0,1.0,20.0,404.0,29.0
0.34222222222222226,7200.0,0.8,616.3520286396181,0.45162467313968335,1960.8620689655172,29.0,2.0,19.0,419.0,29.0
0.34222222222222226,7400.0,0.78,614.5093023255814,0.45132061703119614,1960.8620689655172,29.0,2.0,19.0,430.0,29.0
0.34222222222222226,7600.0,0.78,616.3265306122449,0.4510571017371739,1960.8620689655172,29.0,2.0,19.0,441.0,29.0
0.34222222222222226,7800.0,0.74,617.6718061674009,0.45203008128433303,2152.483333333333,30.0,1.0,19.0,454.0,30.0
0.34222222222222226,8000.0,0.78,616.3034188034188,0.4571584943141508,2152.483333333333,30.0,1.0,19.0,468.0,30.0
0.34222222222222226,8200.0,0.74,611.7100409836065,0.4611314941317171,2152.483333333333,30.0,2.0,18.0,488.0,30.0
0.34222222222222226,8400.0,0.8,611.7774451097804,0.46834775910648047,2152.483333333333,29.0,3.0,18.0,501.0,30.0
0.34222222222222226,8600.0,0.8,613.1029411764706,0.47507753430766425,2359.5,30.0,3.0,17.0,510.0,31.0
0.34222222222222226,8800.0,0.8,609.0915221579961,0.48002351367238966,2359.5,30.0,3.0,17.0,519.0,31.0
0.34222222222222226,9000.0,0.8,609.6440677966102,0.4814424421786634,2359.5,30.0,3.0,17.0,531.0,31.0
0.34222222222222226,9200.0,0.8,610.5601851851852,0.4781586362070014,2570.609375,31.0,2.0,17.0,540.0,32.0
0.34222222222222226,9400.0,0.8,610.8781588447654,0.47440861086899233,2570.609375,31.0,1.0,18.0,554.0,32.0
0.34222222222222226,9600.0,0.8,619.861646234676,0.47538159041615147,2570.609375,31.0,1.0,18.0,571.0,32.0
0.34222222222222226,9800.0,0.8,620.8895547945206,0.47463158534854966,2570.609375,31.0,1.0,18.0,584.0,32.0
0.34222222222222226,10000.0,0.78,618.5515202702703,0.4728275191048588,2570.609375,30.0,2.0,18.0,592.0,32.0
0.34222222222222226,10200.0,0.8,617.6927512355849,0.47223967729511684,2570.609375,31.0,1.0,18.0,607.0,32.0
0.34222222222222226,10400.0,0.8,617.0566343042071,0.47635456996331055,2570.609375,31.0,1.0,18.0,618.0,32.0
0.34222222222222226,10600.0,0.8,616.9205087440381,0.4767397077007277,2570.609375,32.0,0.0,18.0,629.0,32.0
0.34222222222222226,10800.0,0.76,620.1082554517134,0.47378022824478544,2570.609375,31.0,1.0,18.0,642.0,32.0
0.34222222222222226,11000.0,0.8,620.8483920367535,0.4685099223643403,2570.609375,31.0,1.0,18.0,653.0,32.0
0.34222222222222226,11200.0,0.8,623.6208955223881,0.46778018770397095,2570.609375,31.0,1.0,18.0,670.0,32.0
0.34222222222222226,11400.0,0.8,622.5972017673049,0.47096264163947055,2570.609375,31.0,2.0,17.0,679.0,32.0
0.34222222222222226,11600.0,0.78,618.5107296137339,0.47635456996331055,2570.609375,31.0,4.0,15.0,699.0,32.0
0.34222222222222226,11800.0,0.76,613.936095505618,0.4801451361157846,2846.909090909091,31.0,4.0,15.0,712.0,33.0
0.34222222222222226,12000.0,0.78,614.0902203856749,0.482942452313867,3110.9411764705883,33.0,2.0,15.0,726.0,34.0
0.34222222222222226,12200.0,0.8,615.9716216216216,0.48819248778707963,3110.9411764705883,33.0,2.0,15.0,740.0,34.0
0.34222222222222226,12400.0,0.78,611.6510554089709,0.4912533192791843,3110.9411764705883,33.0,2.0,15.0,758.0,34.0
0.34222222222222226,12600.0,0.78,608.3085381630013,0.49153710498043907,3110.9411764705883,33.0,2.0,15.0,773.0,34.0
0.34222222222222226,12800.0,0.8,607.0567465321564,0.49147629375874163,3385.885714285714,34.0,2.0,14.0,793.0,35.0
0.34222222222222226,13000.0,0.78,603.1017369727048,0.48924654896316866,3385.885714285714,32.0,4.0,14.0,806.0,35.0
0.34222222222222226,13200.0,0.8,601.45,0.4859424725842742,3385.885714285714,32.0,4.0,14.0,820.0,35.0
0.34222222222222226,13400.0,0.8,599.9314903846154,0.48450327367076806,3385.885714285714,32.0,4.0,14.0,832.0,35.0
0.34222222222222226,13600.0,0.8,600.1905325443787,0.48571949810471693,3385.885714285714,33.0,3.0,14.0,845.0,35.0
0.34222222222222226,13800.0,0.76,601.3154831199068,0.4855167940323921,3385.885714285714,33.0,3.0,14.0,859.0,35.0
0.34222222222222226,14000.0,0.8,601.8878718535469,0.49137494172257923,3677.597222222222,35.0,1.0,14.0,874.0,36.0
0.34222222222222226,14200.0,0.8,602.3833522083805,0.4968479516753492,3677.597222222222,34.0,2.0,14.0,883.0,36.0
0.34222222222222226,14400.0,0.76,602.2217294900222,0.5004358137554984,3677.597222222222,34.0,2.0,14.0,902.0,36.0
0.34222222222222226,14600.0,0.8,599.9744008714597,0.5014493341171224,3677.597222222222,35.0,1.0,14.0,918.0,36.0
0.34222222222222226,14800.0,0.8,597.7491978609626,0.5005777066061258,3677.597222222222,35.0,1.0,14.0,935.0,36.0
0.34222222222222226,15000.0,0.8,596.2940865892291,0.4990371556564571,3677.597222222222,35.0,1.0,14.0,947.0,36.0
0.34222222222222226,15200.0,0.8,596.3070907194995,0.4968884924898141,3677.597222222222,35.0,1.0,14.0,959.0,36.0
0.34222222222222226,15400.0,0.8,593.063524590164,0.4977803904080433,3677.597222222222,35.0,1.0,14.0,976.0,36.0
0.34222222222222226,15600.0,0.78,591.9463390170512,0.49542902316907544,3677.597222222222,35.0,1.0,14.0,997.0,36.0
0.34222222222222226,15800.0,0.78,589.9600197433366,0.49609794660774736,3677.597222222222,35.0,2.0,13.0,1013.0,36.0
0.34222222222222226,16000.0,0.8,589.7914230019493,0.4982871505888553,3677.597222222222,34.0,3.0,13.0,1026.0,36.0
0.3724242424242425,0.0,0.0,nan,0.015202805424360975,nan,0.0,0.0,50.0,0.0,0.0
0.3724242424242425,200.0,0.36,13.5,0.04181785012060892,nan,0.0,14.0,36.0,1.0,0.0
0.3724242424242425,400.0,0.68,86.25,0.08700058784180974,nan,0.0,18.0,32.0,6.0,0.0
0.3724242424242425,600.0,0.78,125.625,0.13141305008817628,546.25,6.0,13.0,31.0,8.0,6.0
0.3724242424242425,800.0,0.8,235.1818181818182,0.1743052317921067,620.1666666666666,12.0,7.0,31.0,11.0,12.0
0.3724242424242425,1000.0,0.78,370.25,0.21176494435773216,711.1470588235294,17.0,2.0,31.0,18.0,17.0
0.3724242424242425,1200.0,0.78,432.4166666666667,0.24014351448320598,711.1470588235294,17.0,1.0,32.0,30.0,17.0
0.3724242424242425,1400.0,0.78,543.6216216216217,0.2660693653335495,711.1470588235294,17.0,1.0,32.0,37.0,17.0
0.3724242424242425,1600.0,0.76,630.6836734693877,0.2905357468631545,711.1470588235294,17.0,1.0,32.0,49.0,17.0
0.3724242424242425,1800.0,0.78,648.9274193548387,0.3066507206129771,764.2777777777778,18.0,0.0,32.0,62.0,18.0
0.3724242424242425,2000.0,0.78,696.1027397260274,0.3148196947276671,764.2777777777778,18.0,0.0,32.0,73.0,18.0
0.3724242424242425,2200.0,0.76,675.0833333333334,0.3199278373502524,764.2777777777778,18.0,0.0,32.0,90.0,18.0
0.3724242424242425,2400.0,0.78,655.6367924528302,0.3205359495672268,764.2777777777778,18.0,0.0,32.0,106.0,18.0
0.3724242424242425,2600.0,0.8,657.295652173913,0.3207791944540166,764.2777777777778,18.0,1.0,31.0,115.0,18.0
0.3724242424242425,2800.0,0.78,648.38,0.321934607666268,764.2777777777778,18.0,1.0,31.0,125.0,18.0
0.3724242424242425,3000.0,0.8,646.0797101449275,0.3234548882087041,764.2777777777778,18.0,1.0,31.0,138.0,18.0
0.3724242424242425,3200.0,0.8,659.33,0.3233738065797742,764.2777777777778,18.0,1.0,31.0,150.0,18.0
0.3724242424242425,3400.0,0.78,666.0802469135803,0.32209677092412786,764.2777777777778,18.0,1.0,31.0,162.0,18.0
0.3724242424242425,3600.0,0.78,661.25,0.32219812296029027,764.2777777777778,18.0,1.0,31.0,174.0,18.0
0.3724242424242425,3800.0,0.8,651.0763157894737,0.3222183933675227,918.0,19.0,0.0,31.0,190.0,19.0
0.3724242424242425,4000.0,0.78,640.1425120772947,0.3256238217825796,918.0,19.0,2.0,29.0,207.0,19.0
0.3724242424242425,4200.0,0.8,641.911214953271,0.3310562909208846,918.0,19.0,2.0,29.0,214.0,19.0
0.3724242424242425,4400.0,0.8,645.462389380531,0.33719822431232643,1085.45,20.0,1.0,29.0,226.0,20.0
0.3724242424242425,4600.0,0.78,646.3046218487395,0.3422252853059818,1249.6904761904761,21.0,0.0,29.0,238.0,21.0
0.3724242424242425,4800.0,0.8,648.942,0.3470496422273123,1249.6904761904761,21.0,0.0,29.0,250.0,21.0
0.3724242424242425,5000.0,0.78,640.0454545454545,0.3471915350779397,1249.6904761904761,21.0,0.0,29.0,264.0,21.0
0.3724242424242425,5200.0,0.74,642.9368231046932,0.34648207082480287,1249.6904761904761,21.0,0.0,29.0,277.0,21.0
0.3724242424242425,5400.0,0.8,640.3539518900344,0.3455699024993412,1249.6904761904761,21.0,0.0,29.0,291.0,21.0
0.3724242424242425,5600.0,0.8,634.327242524917,0.34800235136723895,1249.6904761904761,21.0,0.0,29.0,301.0,21.0
0.3724242424242425,5800.0,0.78,631.6253918495298,0.34929965743011776,1249.6904761904761,21.0,1.0,28.0,319.0,21.0
0.3724242424242425,6000.0,0.78,628.8674698795181,0.35540105000709465,1249.6904761904761,21.0,1.0,28.0,332.0,21.0
0.3724242424242425,6200.0,0.8,628.9738372093024,0.35300914195366184,1468.4772727272727,22.0,0.0,28.0,344.0,22.0
0.3724242424242425,6400.0,0.76,627.8434903047091,0.35420509598037825,1468.4772727272727,22.0,0.0,28.0,361.0,22.0
0.3724242424242425,6600.0,0.76,619.7063492063492,0.3592524273812661,1468.4772727272727,22.0,0.0,28.0,378.0,22.0
0.3724242424242425,6800.0,0.74,619.297193877551,0.35842134068473436,1468.4772727272727,22.0,0.0,28.0,392.0,22.0
0.3724242424242425,7000.0,0.8,616.8271604938271,0.36083351914539963,1468.4772727272727,22.0,1.0,27.0,405.0,22.0
0.3724242424242425,7200.0,0.76,616.3635265700483,0.3632456976060649,1468.4772727272727,22.0,2.0,26.0,414.0,22.0
0.3724242424242425,7400.0,0.76,613.1809744779582,0.3687592483732998,1721.0869565217392,23.0,1.0,26.0,431.0,23.0
0.3724242424242425,7600.0,0.78,607.7661469933184,0.3737660389597227,1958.0416666666667,24.0,0.0,26.0,449.0,24.0
0.3724242424242425,7800.0,0.78,602.3920086393089,0.3746579368779519,1958.0416666666667,24.0,0.0,26.0,463.0,24.0
0.3724242424242425,8000.0,0.78,610.0010570824525,0.37500253380090404,1958.0416666666667,24.0,0.0,26.0,473.0,24.0
0.3724242424242425,8200.0,0.78,606.4405737704918,0.37423225832606977,1958.0416666666667,24.0,0.0,26.0,488.0,24.0
0.3724242424242425,8400.0,0.78,600.6958250497017,0.37340117162953806,1958.0416666666667,24.0,0.0,26.0,503.0,24.0
0.3724242424242425,8600.0,0.78,603.2301740812379,0.3722254880100541,1958.0416666666667,24.0,2.0,24.0,517.0,24.0
0.3724242424242425,8800.0,0.8,599.1936090225564,0.37155656457138225,1958.0416666666667,24.0,2.0,24.0,532.0,24.0
0.3724242424242425,9000.0,0.76,598.1929982046679,0.37567145723957596,2238.34,25.0,1.0,24.0,557.0,25.0
0.3724242424242425,9200.0,0.8,594.4982363315696,0.3824215028479922,2504.653846153846,26.0,1.0,23.0,567.0,26.0
0.3724242424242425,9400.0,0.78,591.868782161235,0.38919181886364096,2504.653846153846,26.0,1.0,23.0,583.0,26.0
0.3724242424242425,9600.0,0.8,589.1112984822935,0.3943607727079237,2766.0555555555557,27.0,0.0,23.0,593.0,27.0
0.3724242424242425,9800.0,0.78,590.7166392092257,0.39671213994689153,2766.0555555555557,27.0,0.0,23.0,607.0,27.0
0.3724242424242425,10000.0,0.8,591.9198717948718,0.40048243569213304,2766.0555555555557,27.0,0.0,23.0,624.0,27.0
0.3724242424242425,10200.0,0.8,589.9504716981132,0.40332029270468045,2766.0555555555557,27.0,0.0,23.0,636.0,27.0
0.3724242424242425,10400.0,0.76,589.3106646058733,0.4032797518902155,2766.0555555555557,27.0,1.0,22.0,647.0,27.0
0.3724242424242425,10600.0,0.76,589.1920731707318,0.4035432671842377,2766.0555555555557,27.0,1.0,22.0,656.0,27.0
0.3724242424242425,10800.0,0.8,589.0817091454273,0.40340137433361034,3046.8214285714284,28.0,0.0,22.0,667.0,28.0
0.3724242424242425,11000.0,0.8,591.6542397660819,0.40471895080372167,3046.8214285714284,28.0,1.0,21.0,684.0,28.0
0.3724242424242425,11200.0,0.76,591.96,0.40842843532726575,3046.8214285714284,28.0,1.0,21.0,700.0,28.0
0.3724242424242425,11400.0,0.78,591.1284916201117,0.4114892668193704,3333.206896551724,29.0,0.0,21.0,716.0,29.0
0.3724242424242425,11600.0,0.8,591.1728907330568,0.4143068534246853,3333.206896551724,28.0,1.0,21.0,723.0,29.0
0.3724242424242425,11800.0,0.8,592.9701086956521,0.41576632274542397,3333.206896551724,28.0,1.0,21.0,736.0,29.0
0.3724242424242425,12000.0,0.78,590.1812169312169,0.4170636288083028,3333.206896551724,29.0,0.0,21.0,756.0,29.0
0.3724242424242425,12200.0,0.78,591.3893979057592,0.4185028277218089,3333.206896551724,29.0,0.0,21.0,764.0,29.0
0.3724242424242425,12400.0,0.76,590.5870678617157,0.4166176798491882,3333.206896551724,29.0,0.0,21.0,781.0,29.0
0.3724242424242425,12600.0,0.76,591.0233291298865,0.41698254717937283,3333.206896551724,29.0,0.0,21.0,793.0,29.0
0.3724242424242425,12800.0,0.8,591.3541409147095,0.41625281251900353,3333.206896551724,29.0,0.0,21.0,809.0,29.0
0.3724242424242425,13000.0,0.8,588.7317961165048,0.41519875134291445,3333.206896551724,29.0,0.0,21.0,824.0,29.0
0.3724242424242425,13200.0,0.78,588.9586330935252,0.4179960675409969,3333.206896551724,28.0,2.0,20.0,834.0,29.0
0.3724242424242425,13400.0,0.78,588.1260257913248,0.4258812559544321,3333.206896551724,29.0,2.0,19.0,853.0,29.0
0.3724242424242425,13600.0,0.8,584.6616800920598,0.43092858735531997,3333.206896551724,28.0,3.0,19.0,869.0,29.0
0.3724242424242425,13800.0,0.8,584.6742081447964,0.4364218677153224,4004.8709677419356,31.0,1.0,18.0,884.0,31.0
0.3724242424242425,14000.0,0.8,583.5704697986578,0.43840836762410557,4004.8709677419356,31.0,1.0,18.0,894.0,31.0
0.3724242424242425,14200.0,0.78,586.5324889867842,0.44242190825613686,4004.8709677419356,31.0,1.0,18.0,908.0,31.0
0.3724242424242425,14400.0,0.8,585.413961038961,0.44578679585672876,4004.8709677419356,31.0,1.0,18.0,924.0,31.0
0.3724242424242425,14600.0,0.78,585.2313432835821,0.4473476172136298,4004.8709677419356,31.0,1.0,18.0,938.0,31.0
0.3724242424242425,14800.0,0.8,585.2344573234984,0.4425029898850668,4339.953125,32.0,0.0,18.0,949.0,32.0
0.3724242424242425,15000.0,0.76,584.1996871741397,0.44071919404860843,4339.953125,30.0,2.0,18.0,959.0,32.0
0.3724242424242425,15200.0,0.78,586.872569089048,0.44394218879857295,4339.953125,30.0,2.0,18.0,977.0,32.0
0.3724242424242425,15400.0,0.78,585.828125,0.44702329069791014,4339.953125,30.0,2.0,18.0,992.0,32.0
0.3724242424242425,15600.0,0.76,584.210396039604,0.45069223440698924,4339.953125,31.0,1.0,18.0,1010.0,32.0
0.3724242424242425,15800.0,0.8,583.3000977517106,0.4522530557638903,4339.953125,31.0,1.0,18.0,1023.0,32.0
0.3724242424242425,16000.0,0.8,581.6350048216008,0.4543409077088359,4339.953125,31.0,1.0,18.0,1037.0,32.0
0.40262626262626267,0.0,0.0,nan,0.015202805424360975,nan,0.0,0.0,50.0,0.0,0.0
0.40262626262626267,200.0,0.36,13.5,0.04181785012060892,nan,0.0,14.0,36.0,1.0,0.0
0.40262626262626267,400.0,0.68,223.9,0.08829789390468855,nan,0.0,18.0,32.0,5.0,0.0
0.40262626262626267,600.0,0.76,238.65,0.13761579470131555,544.3,5.0,16.0,29.0,10.0,5.0
0.40262626262626267,800.0,0.8,280.2857142857143,0.1875215373076845,637.875,12.0,9.0,29.0,14.0,12.0
0.40262626262626267,1000.0,0.8,339.1578947368421,0.231427239373239,705.5,16.0,5.0,29.0,19.0,16.0
0.40262626262626267,1200.0,0.76,463.94,0.2735896864168001,756.8947368421053,19.0,2.0,29.0,25.0,19.0
0.40262626262626267,1400.0,0.76,585.4193548387096,0.30476557274035637,756.8947368421053,19.0,2.0,29.0,31.0,19.0
0.40262626262626267,1600.0,0.78,713.8977272727273,0.32035351590213446,756.8947368421053,19.0,2.0,29.0,44.0,19.0
0.40262626262626267,1800.0,0.8,728.542372881356,0.3246913830498855,756.8947368421053,19.0,3.0,28.0,59.0,19.0
0.40262626262626267,2000.0,0.8,740.1176470588235,0.33265765309225065,756.8947368421053,19.0,3.0,28.0,68.0,19.0
0.40262626262626267,2200.0,0.78,738.9320987654321,0.337177953905094,821.85,20.0,2.0,28.0,81.0,20.0
0.40262626262626267,2400.0,0.8,732.9193548387096,0.3388603977053899,821.85,20.0,2.0,28.0,93.0,20.0
0.40262626262626267,2600.0,0.76,706.1571428571428,0.3389617497415523,821.85,20.0,2.0,28.0,105.0,20.0
0.40262626262626267,2800.0,0.76,705.2352941176471,0.33610362232177243,911.8809523809524,21.0,1.0,28.0,119.0,21.0
0.40262626262626267,3000.0,0.78,697.6666666666666,0.33537388766140314,911.8809523809524,21.0,1.0,28.0,138.0,21.0
0.40262626262626267,3200.0,0.78,664.7866666666666,0.33869823444753006,911.8809523809524,21.0,2.0,27.0,150.0,21.0
0.40262626262626267,3400.0,0.8,663.2621951219512,0.3400563517321063,911.8809523809524,21.0,2.0,27.0,164.0,21.0
0.40262626262626267,3600.0,0.76,662.9860335195531,0.3415766322745424,911.8809523809524,21.0,3.0,26.0,179.0,21.0
0.40262626262626267,3800.0,0.78,643.6380208333334,0.34741450955749703,911.8809523809524,21.0,3.0,26.0,192.0,21.0
0.40262626262626267,4000.0,0.78,642.2200956937799,0.3536172541706363,1164.5217391304348,22.0,2.0,26.0,209.0,23.0
0.40262626262626267,4200.0,0.78,632.5111111111111,0.35996189163440295,1164.5217391304348,22.0,2.0,26.0,225.0,23.0
0.40262626262626267,4400.0,0.8,625.0063559322034,0.3656781464739627,1164.5217391304348,22.0,2.0,26.0,236.0,23.0
0.40262626262626267,4600.0,0.78,617.3503937007874,0.3647862485557335,1302.7291666666667,23.0,1.0,26.0,254.0,24.0
0.40262626262626267,4800.0,0.78,609.0886792452831,0.36912411570348447,1302.7291666666667,23.0,1.0,26.0,265.0,24.0
0.40262626262626267,5000.0,0.8,603.3928571428571,0.3736038757018629,1302.7291666666667,23.0,1.0,26.0,280.0,24.0
0.40262626262626267,5200.0,0.8,604.320819112628,0.37599578375529563,1302.7291666666667,24.0,0.0,26.0,293.0,24.0
0.40262626262626267,5400.0,0.78,599.7015873015873,0.37715119696754706,1302.7291666666667,24.0,0.0,26.0,315.0,24.0
0.40262626262626267,5600.0,0.78,600.109756097561,0.37958364583544485,1302.7291666666667,24.0,1.0,25.0,328.0,24.0
0.40262626262626267,5800.0,0.8,600.0369822485208,0.38088095189832366,1302.7291666666667,24.0,2.0,24.0,338.0,24.0
0.40262626262626267,6000.0,0.8,597.9529914529915,0.3830904262866641,1302.7291666666667,24.0,2.0,24.0,351.0,24.0
0.40262626262626267,6200.0,0.8,597.2783933518006,0.38507692619544726,1302.7291666666667,24.0,2.0,24.0,361.0,24.0
0.40262626262626267,6400.0,0.78,602.2248677248677,0.38744856384164755,1684.7884615384614,26.0,0.0,24.0,378.0,26.0
0.40262626262626267,6600.0,0.78,597.9252577319587,0.3925364360570004,1684.7884615384614,26.0,1.0,23.0,388.0,26.0
0.40262626262626267,6800.0,0.8,596.1629353233831,0.3982729613037926,1684.7884615384614,26.0,1.0,23.0,402.0,26.0
0.40262626262626267,7000.0,0.78,595.722760290557,0.4058338232015081,1878.7407407407406,27.0,0.0,23.0,413.0,27.0
0.40262626262626267,7200.0,0.8,601.4277389277389,0.41077980256623353,1878.7407407407406,27.0,0.0,23.0,429.0,27.0
0.40262626262626267,7400.0,0.8,603.9713302752293,0.41272576166055175,1878.7407407407406,27.0,0.0,23.0,436.0,27.0
0.40262626262626267,7600.0,0.8,604.6322222222223,0.4097662822046095,1878.7407407407406,27.0,0.0,23.0,450.0,27.0
0.40262626262626267,7800.0,0.78,609.0306345733042,0.40911762917317007,1878.7407407407406,27.0,0.0,23.0,457.0,27.0
0.40262626262626267,8000.0,0.8,609.1428571428571,0.4090973587659376,1878.7407407407406,27.0,0.0,23.0,476.0,27.0
0.40262626262626267,8200.0,0.8,605.3991853360488,0.40494192528327894,1878.7407407407406,27.0,0.0,23.0,491.0,27.0
0.40262626262626267,8400.0,0.76,600.1077075098814,0.40208379786349907,1878.7407407407406,27.0,0.0,23.0,506.0,27.0
0.40262626262626267,8600.0,0.8,603.9121621621622,0.4009081142440152,1878.7407407407406,27.0,0.0,23.0,518.0,27.0
0.40262626262626267,8800.0,0.8,603.2328897338404,0.3980499868242353,1878.7407407407406,27.0,0.0,23.0,526.0,27.0
0.40262626262626267,9000.0,0.8,605.4626865671642,0.3990432367786269,1878.7407407407406,27.0,0.0,23.0,536.0,27.0
0.40262626262626267,9200.0,0.78,603.9169675090253,0.40291488456003083,1878.7407407407406,27.0,2.0,21.0,554.0,27.0
0.40262626262626267,9400.0,0.8,605.1788256227758,0.41100277704579086,1878.7407407407406,27.0,2.0,21.0,562.0,27.0
0.40262626262626267,9600.0,0.8,608.2582897033159,0.41673930229258305,2149.160714285714,28.0,1.0,21.0,573.0,28.0
0.40262626262626267,9800.0,0.78,608.4623931623931,0.41704335840107026,2406.655172413793,29.0,0.0,21.0,585.0,29.0
0.40262626262626267,10000.0,0.8,609.495041322314,0.4159690268177488,2406.655172413793,29.0,0.0,21.0,605.0,29.0
0.40262626262626267,10200.0,0.76,612.3449111470113,0.4133338738775262,2406.655172413793,29.0,0.0,21.0,619.0,29.0
0.40262626262626267,10400.0,0.8,609.2337559429477,0.4146919911621024,2406.655172413793,29.0,0.0,21.0,631.0,29.0
0.40262626262626267,10600.0,0.8,608.9359375,0.41459063912594,2406.655172413793,28.0,1.0,21.0,640.0,29.0
0.40262626262626267,10800.0,0.78,608.7469512195122,0.41252305758822694,2406.655172413793,28.0,1.0,21.0,656.0,29.0
0.40262626262626267,11000.0,0.76,603.6251862891207,0.41252305758822694,2406.655172413793,28.0,1.0,21.0,671.0,29.0
0.40262626262626267,11200.0,0.78,604.1654465592973,0.4161514604828411,2406.655172413793,28.0,1.0,21.0,683.0,29.0
0.40262626262626267,11400.0,0.8,600.1194563662375,0.4209352765897067,2406.655172413793,28.0,1.0,21.0,699.0,29.0
0.40262626262626267,11600.0,0.8,599.7905027932961,0.42036770518719724,2406.655172413793,28.0,2.0,20.0,716.0,29.0
0.40262626262626267,11800.0,0.78,599.943306010929,0.4185230981290414,2406.655172413793,28.0,2.0,20.0,732.0,29.0
0.40262626262626267,12000.0,0.8,598.9825737265415,0.41872580220136624,2406.655172413793,29.0,2.0,19.0,746.0,29.0
0.40262626262626267,12200.0,0.8,598.5849802371541,0.4181987716133217,2406.655172413793,29.0,2.0,19.0,759.0,29.0
0.40262626262626267,12400.0,0.8,596.8107932379714,0.4196177001195954,2738.5333333333333,30.0,0.0,20.0,769.0,30.0
0.40262626262626267,12600.0,0.78,598.7018987341772,0.4183609348711816,2738.5333333333333,30.0,1.0,19.0,790.0,30.0
0.40262626262626267,12800.0,0.8,594.4975093399751,0.4224352867249103,2738.5333333333333,30.0,1.0,19.0,803.0,30.0
0.40262626262626267,13000.0,0.8,593.8231707317074,0.4248069243711106,2738.5333333333333,30.0,1.0,19.0,820.0,30.0
0.40262626262626267,13200.0,0.76,595.1991576413959,0.42640828654247664,3073.6129032258063,31.0,0.0,19.0,831.0,31.0
0.40262626262626267,13400.0,0.8,593.8882282996433,0.4285164088946547,3073.6129032258063,31.0,0.0,19.0,841.0,31.0
0.40262626262626267,13600.0,0.8,594.1853146853147,0.4346583422860965,3073.6129032258063,31.0,1.0,18.0,858.0,31.0
0.40262626262626267,13800.0,0.78,593.3747126436782,0.43958405124358946,3073.6129032258063,31.0,1.0,18.0,870.0,31.0
0.40262626262626267,14000.0,0.78,596.1804298642534,0.4441246224636653,3414.75,32.0,0.0,18.0,884.0,32.0
0.40262626262626267,14200.0,0.78,593.9710144927536,0.4462732856303083,3414.75,32.0,0.0,18.0,897.0,32.0
0.40262626262626267,14400.0,0.8,592.6243124312431,0.44905033142115824,3414.75,32.0,0.0,18.0,909.0,32.0
0.40262626262626267,14600.0,0.78,592.3613217768147,0.44647598970263314,3414.75,31.0,2.0,17.0,923.0,32.0
0.40262626262626267,14800.0,0.78,591.8130990415335,0.4494354691585754,3414.75,31.0,2.0,17.0,939.0,32.0
0.40262626262626267,15000.0,0.78,593.4598732840549,0.4483408671680214,3763.909090909091,30.0,3.0,17.0,947.0,33.0
0.40262626262626267,15200.0,0.8,591.978712357217,0.4492124946790181,3763.909090909091,30.0,4.0,16.0,963.0,33.0
0.40262626262626267,15400.0,0.8,592.6140801644399,0.4512800762167312,4105.132352941177,30.0,5.0,15.0,973.0,34.0
0.40262626262626267,15600.0,0.8,593.5562880324544,0.45707741268522084,4105.132352941177,29.0,6.0,15.0,986.0,34.0
0.40262626262626267,15800.0,0.8,593.5965174129353,0.4621652849005736,4435.328571428571,31.0,4.0,15.0,1005.0,35.0
0.40262626262626267,16000.0,0.8,592.19677734375,0.4659153102385827,4435.328571428571,32.0,3.0,15.0,1024.0,35.0
0.4328282828282829,0.0,0.0,nan,0.015202805424360975,nan,0.0,0.0,50.0,0.0,0.0
0.4328282828282829,200.0,0.4,13.5,0.04204082460016622,nan,0.0,14.0,36.0,1.0,0.0
0.4328282828282829,400.0,0.7,115.8,0.08837897553361847,nan,0.0,19.0,31.0,5.0,0.0
0.4328282828282829,600.0,0.8,186.25,0.1424401516226461,532.3571428571429,7.0,13.0,30.0,8.0,7.0
0.4328282828282829,800.0,0.74,330.1666666666667,0.18887965459226075,618.8333333333334,15.0,5.0,30.0,12.0,15.0
0.4328282828282829,1000.0,0.8,408.0,0.22658261204467597,659.4705882352941,17.0,3.0,30.0,17.0,17.0
0.4328282828282829,1200.0,0.8,426.1666666666667,0.25923823809620333,700.6578947368421,19.0,1.0,30.0,21.0,19.0
0.4328282828282829,1400.0,0.76,574.8666666666667,0.2831573186305313,700.6578947368421,19.0,1.0,30.0,30.0,19.0
0.4328282828282829,1600.0,0.8,691.3,0.29698173636308356,700.6578947368421,19.0,1.0,30.0,40.0,19.0
0.4328282828282829,1800.0,0.78,733.824074074074,0.3037317819714998,700.6578947368421,19.0,1.0,30.0,54.0,19.0
0.4328282828282829,2000.0,0.8,740.7573529411765,0.30813046034094826,700.6578947368421,19.0,2.0,29.0,68.0,19.0
0.4328282828282829,2200.0,0.8,754.3132530120482,0.31208318975128213,700.6578947368421,19.0,2.0,29.0,83.0,19.0
0.4328282828282829,2400.0,0.8,729.4123711340206,0.3173129548172623,779.575,20.0,1.0,29.0,97.0,20.0
0.4328282828282829,2600.0,0.78,679.7155172413793,0.31822512314272394,858.047619047619,21.0,0.0,29.0,116.0,21.0
0.4328282828282829,2800.0,0.8,671.8,0.3219143372590355,858.047619047619,21.0,1.0,28.0,125.0,21.0
0.4328282828282829,3000.0,0.8,672.0416666666666,0.32718464313948065,954.4545454545455,22.0,0.0,28.0,132.0,22.0
0.4328282828282829,3200.0,0.78,672.8368055555555,0.3281576226866398,954.4545454545455,22.0,0.0,28.0,144.0,22.0
0.4328282828282829,3400.0,0.78,667.2969696969697,0.326272474814019,954.4545454545455,22.0,0.0,28.0,165.0,22.0
0.4328282828282829,3600.0,0.78,662.36,0.3269211278454584,954.4545454545455,22.0,0.0,28.0,175.0,22.0
0.4328282828282829,3800.0,0.8,656.0342105263157,0.32511706160176757,954.4545454545455,22.0,0.0,28.0,190.0,22.0
0.4328282828282829,4000.0,0.78,643.371921182266,0.32418462286907346,954.4545454545455,22.0,0.0,28.0,203.0,22.0
0.4328282828282829,4200.0,0.76,642.0925925925926,0.3269616686599234,954.4545454545455,22.0,0.0,28.0,216.0,22.0
0.4328282828282829,4400.0,0.8,637.3961038961039,0.33119818377151194,954.4545454545455,22.0,1.0,27.0,231.0,22.0
0.4328282828282829,4600.0,0.78,638.3483606557377,0.33184683680295135,954.4545454545455,22.0,1.0,27.0,244.0,22.0
0.4328282828282829,4800.0,0.72,643.9786821705426,0.3334481989743174,954.4545454545455,22.0,2.0,26.0,258.0,22.0
0.4328282828282829,5000.0,0.8,635.5518518518519,0.3408063567997081,954.4545454545455,22.0,2.0,26.0,270.0,22.0
0.4328282828282829,5200.0,0.8,630.5593525179856,0.35094156041594876,954.4545454545455,22.0,3.0,25.0,278.0,22.0
0.4328282828282829,5400.0,0.78,629.3027210884354,0.3543875296454706,1142.5869565217392,23.0,2.0,25.0,294.0,23.0
0.4328282828282829,5600.0,0.8,629.2864238410596,0.35493483064074755,1323.0416666666667,24.0,2.0,24.0,302.0,24.0
0.4328282828282829,5800.0,0.78,630.3349206349206,0.3572051162507855,1323.0416666666667,24.0,2.0,24.0,315.0,24.0
0.4328282828282829,6000.0,0.78,635.189024390244,0.360975411996027,1323.0416666666667,24.0,2.0,24.0,328.0,24.0
0.4328282828282829,6200.0,0.8,637.8786982248521,0.3642389475604565,1513.08,25.0,1.0,24.0,338.0,25.0
0.4328282828282829,6400.0,0.8,638.1171428571429,0.3699552024000162,1513.08,25.0,2.0,23.0,350.0,25.0
0.4328282828282829,6600.0,0.78,645.3986111111111,0.37709038574584963,1513.08,25.0,2.0,23.0,360.0,25.0
0.4328282828282829,6800.0,0.8,642.0251322751323,0.3852593598605396,1513.08,25.0,3.0,22.0,378.0,25.0
0.4328282828282829,7000.0,0.76,640.2315521628499,0.39063101777714715,1720.1153846153845,26.0,2.0,22.0,393.0,26.0
0.4328282828282829,7200.0,0.78,640.0513784461153,0.39125940040135404,1720.1153846153845,26.0,2.0,22.0,399.0,26.0
0.4328282828282829,7400.0,0.78,634.8175182481751,0.3901242575963351,1720.1153846153845,26.0,2.0,22.0,411.0,26.0
0.4328282828282829,7600.0,0.78,635.1111111111111,0.38898911479131615,1933.0925925925926,27.0,1.0,22.0,423.0,27.0
0.4328282828282829,7800.0,0.78,638.7285067873303,0.3899012831167778,1933.0925925925926,27.0,1.0,22.0,442.0,27.0
0.4328282828282829,8000.0,0.8,633.6186813186813,0.39324590031013723,1933.0925925925926,27.0,1.0,22.0,455.0,27.0
0.4328282828282829,8200.0,0.76,634.3119658119658,0.3987189102629072,2150.785714285714,28.0,0.0,22.0,468.0,28.0
0.4328282828282829,8400.0,0.8,630.6938144329897,0.40105000709464256,2150.785714285714,28.0,0.0,22.0,485.0,28.0
0.4328282828282829,8600.0,0.78,627.6599597585513,0.4021851498996615,2150.785714285714,28.0,0.0,22.0,497.0,28.0
0.4328282828282829,8800.0,0.8,629.5790513833992,0.4001783795836458,2150.785714285714,27.0,1.0,22.0,506.0,28.0
0.4328282828282829,9000.0,0.8,627.1190019193858,0.398921614335232,2150.785714285714,27.0,1.0,22.0,521.0,28.0
0.4328282828282829,9200.0,0.8,623.0277777777778,0.40285407333833334,2150.785714285714,28.0,0.0,22.0,540.0,28.0
0.4328282828282829,9400.0,0.78,622.0621621621622,0.4069284251920621,2150.785714285714,28.0,0.0,22.0,555.0,28.0
0.4328282828282829,9600.0,0.78,617.9797535211268,0.4093203332454949,2150.785714285714,28.0,0.0,22.0,568.0,28.0
0.4328282828282829,9800.0,0.8,620.0674740484429,0.4123203535159021,2150.785714285714,27.0,1.0,22.0,578.0,28.0
0.4328282828282829,10000.0,0.8,618.8079526226734,0.41282711369671415,2150.785714285714,27.0,1.0,22.0,591.0,28.0
0.4328282828282829,10200.0,0.78,620.7109634551495,0.40850951695619564,2150.785714285714,27.0,1.0,22.0,602.0,28.0
0.4328282828282829,10400.0,0.8,618.243961352657,0.4057730119798107,2150.785714285714,28.0,0.0,22.0,621.0,28.0
0.4328282828282829,10600.0,0.78,615.9501582278481,0.4062189609389253,2150.785714285714,28.0,0.0,22.0,632.0,28.0
0.4328282828282829,10800.0,0.8,612.7869230769231,0.4050838181339063,2150.785714285714,28.0,1.0,21.0,650.0,28.0
0.4328282828282829,11000.0,0.8,612.0766917293233,0.40346218555530783,2150.785714285714,28.0,1.0,21.0,665.0,28.0
0.4328282828282829,11200.0,0.8,613.3293768545994,0.40346218555530783,2150.785714285714,27.0,2.0,21.0,674.0,28.0
0.4328282828282829,11400.0,0.8,610.8155619596541,0.40311758863235564,2464.551724137931,28.0,1.0,21.0,694.0,29.0
0.4328282828282829,11600.0,0.78,608.9462517680339,0.40536760383516107,2464.551724137931,29.0,0.0,21.0,707.0,29.0
0.4328282828282829,11800.0,0.8,608.893006993007,0.40569193035088075,2464.551724137931,28.0,1.0,21.0,715.0,29.0
0.4328282828282829,12000.0,0.8,611.6465753424658,0.40650274664018,2464.551724137931,28.0,1.0,21.0,730.0,29.0
0.4328282828282829,12200.0,0.78,612.477088948787,0.4038878641071899,2464.551724137931,28.0,1.0,21.0,742.0,29.0
0.4328282828282829,12400.0,0.72,610.0165125495377,0.40236758356475383,2464.551724137931,27.0,3.0,20.0,757.0,29.0
0.4328282828282829,12600.0,0.76,610.6007802340703,0.3997729714389962,2464.551724137931,28.0,2.0,20.0,769.0,29.0
0.4328282828282829,12800.0,0.8,612.4865728900256,0.39592159406482474,2464.551724137931,28.0,2.0,20.0,782.0,29.0
0.4328282828282829,13000.0,0.8,610.1491228070175,0.39961080818113637,2464.551724137931,29.0,1.0,20.0,798.0,29.0
0.4328282828282829,13200.0,0.8,610.2991347342398,0.40895546591531023,2816.05,30.0,0.0,20.0,809.0,30.0
0.4328282828282829,13400.0,0.78,609.4921212121212,0.4114892668193704,2816.05,29.0,1.0,20.0,825.0,30.0
0.4328282828282829,13600.0,0.8,609.9217443249702,0.4144487462753127,2816.05,28.0,2.0,20.0,837.0,30.0
0.4328282828282829,13800.0,0.8,607.6696009389672,0.41307035858350394,2816.05,28.0,2.0,20.0,852.0,30.0
0.4328282828282829,14000.0,0.8,607.4655373831775,0.41227981270143715,2816.05,27.0,3.0,20.0,856.0,30.0
0.4328282828282829,14200.0,0.8,608.748275862069,0.4103135831998865,2816.05,26.0,4.0,20.0,870.0,30.0
0.4328282828282829,14400.0,0.8,609.4791196388262,0.40828654247663837,2816.05,27.0,3.0,20.0,886.0,30.0
0.4328282828282829,14600.0,0.8,607.3933701657459,0.4071716700788519,2816.05,29.0,2.0,19.0,905.0,30.0
0.4328282828282829,14800.0,0.78,608.8690217391304,0.40885411387914783,2816.05,27.0,4.0,19.0,920.0,30.0
0.4328282828282829,15000.0,0.8,608.0161987041037,0.40891492510084526,3207.8548387096776,29.0,2.0,19.0,926.0,31.0
0.4328282828282829,15200.0,0.8,607.0378464818764,0.4110635882674883,3207.8548387096776,28.0,3.0,19.0,938.0,31.0
0.4328282828282829,15400.0,0.8,607.7985309548793,0.4167190318853506,3207.8548387096776,28.0,3.0,19.0,953.0,31.0
0.4328282828282829,15600.0,0.78,608.3032955715757,0.41813796039162426,3207.8548387096776,28.0,3.0,19.0,971.0,31.0
0.4328282828282829,15800.0,0.8,605.3871457489879,0.41882715423752864,3207.8548387096776,27.0,4.0,19.0,988.0,31.0
0.4328282828282829,16000.0,0.78,604.3248502994012,0.4130906289907364,3207.8548387096776,27.0,4.0,19.0,1002.0,31.0
0.46303030303030307,0.0,0.0,nan,0.015202805424360975,nan,0.0,0.0,50.0,0.0,0.0
0.46303030303030307,200.0,0.4,nan,0.04070297772282245,nan,0.0,13.0,37.0,0.0,0.0
0.46303030303030307,400.0,0.66,206.75,0.08144649626010987,nan,0.0,16.0,34.0,2.0,0.0
0.46303030303030307,600.0,0.8,268.4166666666667,0.12664950438854317,539.25,4.0,15.0,31.0,6.0,4.0
0.46303030303030307,800.0,0.78,315.77777777777777,0.16992682382989074,640.0454545454545,11.0,8.0,31.0,9.0,11.0
0.46303030303030307,1000.0,0.8,362.15384615384613,0.20651490888451948,696.5714285714286,13.0,6.0,31.0,13.0,14.0
0.46303030303030307,1200.0,0.78,487.6764705882353,0.23878539719862973,741.15625,16.0,3.0,31.0,17.0,16.0
0.46303030303030307,1400.0,0.76,661.9444444444445,0.2631098858776073,741.15625,16.0,3.0,31.0,27.0,16.0
0.46303030303030307,1600.0,0.76,744.1666666666666,0.28036000243244885,741.15625,16.0,3.0,31.0,42.0,16.0
0.46303030303030307,1800.0,0.76,827.4615384615385,0.28731275211318996,741.15625,16.0,3.0,31.0,52.0,16.0
0.46303030303030307,2000.0,0.8,799.5079365079365,0.29319117021060953,741.15625,16.0,3.0,31.0,63.0,16.0
0.46303030303030307,2200.0,0.76,777.1733333333333,0.2978330934668478,741.15625,16.0,3.0,31.0,75.0,16.0
0.46303030303030307,2400.0,0.8,778.6325301204819,0.3011574402529747,836.8529411764706,17.0,2.0,31.0,83.0,17.0
0.46303030303030307,2600.0,0.76,761.9690721649484,0.30202906776397137,836.8529411764706,17.0,2.0,31.0,97.0,17.0
0.46303030303030307,2800.0,0.78,744.5428571428571,0.306225042061095,836.8529411764706,17.0,3.0,30.0,105.0,17.0
0.46303030303030307,3000.0,0.76,765.9117647058823,0.30697504712869683,836.8529411764706,17.0,3.0,30.0,119.0,17.0
0.46303030303030307,3200.0,0.8,762.8153846153846,0.3053736849573308,836.8529411764706,17.0,3.0,30.0,130.0,17.0
0.46303030303030307,3400.0,0.76,747.0816326530612,0.3057588226947479,973.5277777777778,18.0,3.0,29.0,147.0,18.0
0.46303030303030307,3600.0,0.8,730.3333333333334,0.31333995499969597,973.5277777777778,18.0,3.0,29.0,156.0,18.0
0.46303030303030307,3800.0,0.78,723.7757575757576,0.3188940465813958,1115.5263157894738,19.0,2.0,29.0,165.0,19.0
0.46303030303030307,4000.0,0.76,731.2840909090909,0.3245900310137231,1115.5263157894738,19.0,2.0,29.0,176.0,19.0
0.46303030303030307,4200.0,0.78,712.3782383419689,0.33324549490199257,1260.1,20.0,2.0,28.0,193.0,20.0
0.46303030303030307,4400.0,0.8,706.9254807692307,0.336590112095352,1260.1,20.0,3.0,27.0,208.0,20.0
0.46303030303030307,4600.0,0.8,689.7262443438914,0.3444753005087872,1413.142857142857,21.0,2.0,27.0,221.0,21.0
0.46303030303030307,4800.0,0.78,688.7785087719299,0.35598889181683663,1413.142857142857,21.0,4.0,25.0,228.0,21.0
0.46303030303030307,5000.0,0.8,691.8479166666667,0.3608740599598646,1413.142857142857,21.0,3.0,26.0,240.0,21.0
0.46303030303030307,5200.0,0.78,685.4241245136187,0.3607524375164697,1585.0454545454545,22.0,2.0,26.0,257.0,22.0
0.46303030303030307,5400.0,0.76,682.329090909091,0.36363083534348206,1745.304347826087,23.0,2.0,25.0,275.0,23.0
0.46303030303030307,5600.0,0.8,675.2185314685315,0.37109034520503514,1899.2708333333333,24.0,2.0,24.0,286.0,24.0
0.46303030303030307,5800.0,0.78,672.1442953020135,0.38021202845965174,2054.5,25.0,1.0,24.0,298.0,25.0
0.46303030303030307,6000.0,0.8,669.3890675241157,0.3822390691828999,2203.4615384615386,26.0,0.0,24.0,311.0,26.0
0.46303030303030307,6200.0,0.78,670.6957186544342,0.38424583949891555,2203.4615384615386,26.0,0.0,24.0,327.0,26.0
0.46303030303030307,6400.0,0.8,663.2661764705882,0.382624206920317,2203.4615384615386,26.0,0.0,24.0,340.0,26.0
0.46303030303030307,6600.0,0.8,658.9814814814815,0.3866580179595808,2203.4615384615386,26.0,0.0,24.0,351.0,26.0
0.46303030303030307,6800.0,0.8,661.560606060606,0.38994182393124277,2203.4615384615386,26.0,0.0,24.0,363.0,26.0
0.46303030303030307,7000.0,0.8,662.2573333333333,0.39024588003973,2203.4615384615386,26.0,1.0,23.0,375.0,26.0
0.46303030303030307,7200.0,0.78,659.4961439588689,0.39282022175825515,2203.4615384615386,26.0,1.0,23.0,389.0,26.0
0.46303030303030307,7400.0,0.8,657.0235148514852,0.3945229359657835,2203.4615384615386,26.0,1.0,23.0,404.0,26.0
0.46303030303030307,7600.0,0.78,657.3055555555555,0.3917864309893986,2203.4615384615386,25.0,2.0,23.0,414.0,26.0
0.46303030303030307,7800.0,0.8,657.0516431924883,0.3908945330711694,2203.4615384615386,26.0,1.0,23.0,426.0,26.0
0.46303030303030307,8000.0,0.76,651.6863636363636,0.3889485739768512,2203.4615384615386,26.0,2.0,22.0,440.0,26.0
0.46303030303030307,8200.0,0.78,649.1739606126914,0.38929317089980336,2203.4615384615386,26.0,2.0,22.0,457.0,26.0
0.46303030303030307,8400.0,0.8,641.79035639413,0.3932661707173697,2203.4615384615386,26.0,3.0,21.0,477.0,26.0
0.46303030303030307,8600.0,0.78,636.001012145749,0.39472564003810834,2435.9074074074074,27.0,2.0,21.0,494.0,27.0
0.46303030303030307,8800.0,0.78,631.8458498023715,0.39796890519530537,2865.2758620689656,29.0,0.0,21.0,506.0,29.0
0.46303030303030307,9000.0,0.8,628.041586073501,0.40307704781789067,2865.2758620689656,29.0,1.0,20.0,517.0,29.0
0.46303030303030307,9200.0,0.8,629.2324478178368,0.40927979243102997,2865.2758620689656,29.0,1.0,20.0,527.0,29.0
0.46303030303030307,9400.0,0.8,631.0940959409594,0.4136987412077109,3078.3333333333335,30.0,0.0,20.0,542.0,30.0
0.46303030303030307,9600.0,0.78,632.2275179856115,0.4161717308900736,3078.3333333333335,30.0,0.0,20.0,556.0,30.0
0.46303030303030307,9800.0,0.8,629.565331010453,0.4185433685362739,3078.3333333333335,30.0,0.0,20.0,574.0,30.0
0.46303030303030307,10000.0,0.78,628.5996563573883,0.4205906796667545,3078.3333333333335,30.0,0.0,20.0,582.0,30.0
0.46303030303030307,10200.0,0.76,627.4239130434783,0.41611091966837616,3078.3333333333335,30.0,0.0,20.0,598.0,30.0
0.46303030303030307,10400.0,0.76,625.1441368078176,0.4170636288083028,3078.3333333333335,30.0,0.0,20.0,614.0,30.0
0.46303030303030307,10600.0,0.78,623.7984,0.42055013885228953,3078.3333333333335,30.0,0.0,20.0,625.0,30.0
0.46303030303030307,10800.0,0.8,623.9764150943396,0.4205906796667545,3078.3333333333335,30.0,0.0,20.0,636.0,30.0
0.46303030303030307,11000.0,0.74,622.2591463414634,0.4237528631950216,3078.3333333333335,30.0,0.0,20.0,656.0,30.0
0.46303030303030307,11200.0,0.78,619.9544095665171,0.4289218170393043,3078.3333333333335,30.0,0.0,20.0,669.0,30.0
0.46303030303030307,11400.0,0.8,618.1176470588235,0.4343137453631443,3078.3333333333335,30.0,0.0,20.0,680.0,30.0
0.46303030303030307,11600.0,0.8,617.5029027576197,0.43210427097480386,3078.3333333333335,30.0,0.0,20.0,689.0,30.0
0.46303030303030307,11800.0,0.78,617.7762039660057,0.42705693957391605,3078.3333333333335,30.0,0.0,20.0,706.0,30.0
0.46303030303030307,12000.0,0.78,616.3835425383543,0.4210163582186366,3078.3333333333335,30.0,0.0,20.0,717.0,30.0
0.46303030303030307,12200.0,0.8,617.2073170731708,0.41736768491679,3078.3333333333335,29.0,2.0,19.0,738.0,30.0
0.46303030303030307,12400.0,0.76,614.1562913907285,0.414631179940405,3078.3333333333335,29.0,2.0,19.0,755.0,30.0
0.46303030303030307,12600.0,0.8,614.835071707953,0.41357711876431597,3078.3333333333335,29.0,3.0,18.0,767.0,30.0
0.46303030303030307,12800.0,0.8,611.2984693877551,0.4134554963209211,3390.951612903226,30.0,2.0,18.0,784.0,31.0
0.46303030303030307,13000.0,0.78,609.3116395494368,0.4176717410252772,3390.951612903226,29.0,3.0,18.0,799.0,31.0
0.46303030303030307,13200.0,0.8,608.170987654321,0.4294893884418138,3692.65625,31.0,1.0,18.0,810.0,32.0
0.46303030303030307,13400.0,0.78,608.6039119804401,0.4356921330549531,3692.65625,30.0,2.0,18.0,818.0,32.0
0.46303030303030307,13600.0,0.76,608.0516826923077,0.43617862282853265,3692.65625,29.0,3.0,18.0,832.0,32.0
0.46303030303030307,13800.0,0.78,608.194705882353,0.4368475462672045,3692.65625,30.0,4.0,16.0,850.0,32.0
0.46303030303030307,14000.0,0.8,607.2339556592765,0.43796241866499097,3692.65625,30.0,4.0,16.0,857.0,32.0
0.46303030303030307,14200.0,0.8,610.4202066590126,0.4388340461759877,3692.65625,30.0,4.0,16.0,871.0,32.0
0.46303030303030307,14400.0,0.8,608.7315130830489,0.44029351549672635,4319.808823529412,33.0,1.0,16.0,879.0,34.0
0.46303030303030307,14600.0,0.8,608.5579710144928,0.4422394745910445,4319.808823529412,33.0,1.0,16.0,897.0,34.0
0.46303030303030307,14800.0,0.8,606.8653421633554,0.44712464273407254,4319.808823529412,33.0,1.0,16.0,906.0,34.0
0.46303030303030307,15000.0,0.78,607.9030335861322,0.45113818336610384,4319.808823529412,33.0,1.0,16.0,923.0,34.0
0.46303030303030307,15200.0,0.78,609.6955128205128,0.45450307096669573,4319.808823529412,32.0,2.0,16.0,936.0,34.0
0.46303030303030307,15400.0,0.78,610.919133192389,0.4537733363063264,4319.808823529412,29.0,5.0,16.0,946.0,34.0
0.46303030303030307,15600.0,0.78,611.7150313152401,0.4521517037277279,4319.808823529412,29.0,6.0,15.0,958.0,34.0
0.46303030303030307,15800.0,0.78,611.4613402061856,0.45478685666795043,4319.808823529412,29.0,6.0,15.0,970.0,34.0
0.46303030303030307,16000.0,0.76,611.383011190234,0.4578679585672876,4319.808823529412,29.0,6.0,15.0,983.0,34.0
0.4932323232323233,0.0,0.0,nan,0.015202805424360975,nan,0.0,0.0,50.0,0.0,0.0
0.4932323232323233,200.0,0.48,nan,0.04283137048223299,nan,0.0,14.0,36.0,0.0,0.0
0.4932323232323233,400.0,0.76,168.75,0.10147365860580139,nan,0.0,21.0,29.0,2.0,0.0
0.4932323232323233,600.0,0.8,177.33333333333334,0.15312265623416374,532.25,6.0,15.0,29.0,6.0,6.0
0.4932323232323233,800.0,0.78,297.84615384615387,0.198366205177062,631.0,13.0,9.0,28.0,13.0,14.0
0.4932323232323233,1000.0,0.78,405.20588235294116,0.23560294326313017,696.3421052631579,18.0,4.0,28.0,17.0,19.0
0.4932323232323233,1200.0,0.8,463.1,0.26848154379421485,696.3421052631579,18.0,4.0,28.0,25.0,19.0
0.4932323232323233,1400.0,0.76,606.3333333333334,0.2987249913850769,724.95,19.0,3.0,28.0,33.0,20.0
0.4932323232323233,1600.0,0.76,752.46875,0.31927918431881297,758.7619047619048,20.0,2.0,28.0,48.0,21.0
0.4932323232323233,1800.0,0.78,732.6640625,0.32327245454361175,758.7619047619048,20.0,2.0,28.0,64.0,21.0
0.4932323232323233,2000.0,0.8,688.0370370370371,0.3259278778910668,758.7619047619048,20.0,2.0,28.0,81.0,21.0
0.4932323232323233,2200.0,0.78,692.4593023255813,0.3258873370766019,758.7619047619048,20.0,2.0,28.0,86.0,21.0
0.4932323232323233,2400.0,0.78,672.5408163265306,0.3295360103784485,758.7619047619048,20.0,2.0,28.0,98.0,21.0
0.4932323232323233,2600.0,0.8,683.4439655172414,0.33263738268501813,841.2272727272727,21.0,1.0,28.0,116.0,22.0
0.4932323232323233,2800.0,0.8,679.0275590551181,0.3330022500152028,841.2272727272727,21.0,1.0,28.0,127.0,22.0
0.4932323232323233,3000.0,0.8,688.7463768115942,0.33630632639409724,841.2272727272727,22.0,0.0,28.0,138.0,22.0
0.4932323232323233,3200.0,0.8,674.516129032258,0.33790768856546327,841.2272727272727,22.0,0.0,28.0,155.0,22.0
0.4932323232323233,3400.0,0.78,663.935975609756,0.34011716295380373,841.2272727272727,22.0,0.0,28.0,164.0,22.0
0.4932323232323233,3600.0,0.8,654.5649717514125,0.34230636693491173,841.2272727272727,22.0,1.0,27.0,177.0,22.0
0.4932323232323233,3800.0,0.8,654.3121693121693,0.3438469178845803,841.2272727272727,22.0,1.0,27.0,189.0,22.0
0.4932323232323233,4000.0,0.8,658.2083333333334,0.34388745869904525,841.2272727272727,22.0,1.0,27.0,204.0,22.0
0.4932323232323233,4200.0,0.78,656.7274881516588,0.3429347495591186,982.1739130434783,23.0,0.0,27.0,211.0,23.0
0.4932323232323233,4400.0,0.8,658.1860986547085,0.340927979243103,982.1739130434783,23.0,0.0,27.0,223.0,23.0
0.4932323232323233,4600.0,0.78,658.7343096234309,0.34017797417550116,982.1739130434783,23.0,0.0,27.0,239.0,23.0
0.4932323232323233,4800.0,0.74,655.9186507936508,0.3438266474773478,982.1739130434783,23.0,0.0,27.0,252.0,23.0
0.4932323232323233,5000.0,0.78,649.561797752809,0.3449212494679018,982.1739130434783,23.0,0.0,27.0,267.0,23.0
0.4932323232323233,5200.0,0.8,642.521052631579,0.3427928567084913,982.1739130434783,23.0,0.0,27.0,285.0,23.0
0.4932323232323233,5400.0,0.74,632.523178807947,0.3421442036770519,982.1739130434783,23.0,0.0,27.0,302.0,23.0
0.4932323232323233,5600.0,0.8,627.0641025641025,0.34226582612044676,982.1739130434783,23.0,1.0,26.0,312.0,23.0
0.4932323232323233,5800.0,0.8,629.3604294478528,0.3408468976141731,982.1739130434783,23.0,1.0,26.0,326.0,23.0
0.4932323232323233,6000.0,0.76,623.5865102639297,0.3424482597855391,982.1739130434783,22.0,2.0,26.0,341.0,23.0
0.4932323232323233,6200.0,0.8,623.6278409090909,0.3407050047635457,982.1739130434783,22.0,2.0,26.0,352.0,23.0
0.4932323232323233,6400.0,0.8,619.4206989247311,0.33904283137048224,982.1739130434783,22.0,2.0,26.0,372.0,23.0
0.4932323232323233,6600.0,0.8,614.80078125,0.3362860559868648,982.1739130434783,22.0,2.0,26.0,384.0,23.0
0.4932323232323233,6800.0,0.8,610.24375,0.33328603571645754,982.1739130434783,22.0,2.0,26.0,400.0,23.0
0.4932323232323233,7000.0,0.8,611.0291262135922,0.329515739971216,982.1739130434783,22.0,2.0,26.0,412.0,23.0
0.4932323232323233,7200.0,0.8,603.2441588785047,0.3328198163501105,1241.0416666666667,23.0,1.0,26.0,428.0,24.0
0.4932323232323233,7400.0,0.78,605.1689342403628,0.3467455861188251,1241.0416666666667,24.0,1.0,25.0,441.0,24.0
0.4932323232323233,7600.0,0.72,605.3938053097345,0.3548740194190501,1241.0416666666667,24.0,1.0,25.0,452.0,24.0
0.4932323232323233,7800.0,0.78,605.948608137045,0.36277947823971785,1241.0416666666667,24.0,2.0,24.0,467.0,24.0
0.4932323232323233,8000.0,0.78,605.178125,0.37125250846289504,1505.22,25.0,1.0,24.0,480.0,25.0
0.4932323232323233,8200.0,0.8,605.5701219512196,0.375590375610646,1505.22,25.0,1.0,24.0,492.0,25.0
0.4932323232323233,8400.0,0.8,599.2573964497042,0.3768876816735248,1764.6538461538462,25.0,1.0,24.0,507.0,26.0
0.4932323232323233,8600.0,0.8,603.0241779497098,0.3786512071027507,1764.6538461538462,25.0,1.0,24.0,517.0,26.0
0.4932323232323233,8800.0,0.76,599.4224299065421,0.37719173778201204,1764.6538461538462,25.0,1.0,24.0,535.0,26.0
0.4932323232323233,9000.0,0.76,602.3424908424909,0.3762795694565504,1764.6538461538462,25.0,1.0,24.0,546.0,26.0
0.4932323232323233,9200.0,0.8,598.6349911190053,0.3753876715383212,1764.6538461538462,25.0,1.0,24.0,563.0,26.0
0.4932323232323233,9400.0,0.8,596.7130434782608,0.3719214319015669,1764.6538461538462,25.0,1.0,24.0,575.0,26.0
0.4932323232323233,9600.0,0.8,599.0137221269297,0.3647457077412685,1764.6538461538462,25.0,1.0,24.0,583.0,26.0
0.4932323232323233,9800.0,0.8,600.1430948419301,0.35704295299292566,1764.6538461538462,25.0,1.0,24.0,601.0,26.0
0.4932323232323233,10000.0,0.76,597.140422077922,0.35639429996148625,1764.6538461538462,25.0,1.0,24.0,616.0,26.0
0.4932323232323233,10200.0,0.8,595.9011164274323,0.35463077453226033,1764.6538461538462,25.0,1.0,24.0,627.0,26.0
0.4932323232323233,10400.0,0.8,593.4037558685446,0.35564429489388444,1764.6538461538462,25.0,1.0,24.0,639.0,26.0
0.4932323232323233,10600.0,0.8,594.6608231707318,0.3583402590558044,1764.6538461538462,25.0,1.0,24.0,656.0,26.0
0.4932323232323233,10800.0,0.78,596.8759286775631,0.3624551517239981,1764.6538461538462,24.0,2.0,24.0,673.0,26.0
0.4932323232323233,11000.0,0.76,593.0469653179191,0.3624956925384631,1764.6538461538462,24.0,2.0,24.0,692.0,26.0
0.4932323232323233,11200.0,0.8,586.3550420168067,0.3668335596862141,1764.6538461538462,26.0,1.0,23.0,714.0,26.0
0.4932323232323233,11400.0,0.8,585.9033149171271,0.3711308860195001,1764.6538461538462,26.0,1.0,23.0,724.0,26.0
0.4932323232323233,11600.0,0.8,581.310391363023,0.3712322380556625,1764.6538461538462,26.0,1.0,23.0,741.0,26.0
0.4932323232323233,11800.0,0.8,582.1433289299868,0.3700768248434111,1764.6538461538462,26.0,1.0,23.0,757.0,26.0
0.4932323232323233,12000.0,0.76,579.0584415584416,0.3700768248434111,1764.6538461538462,26.0,1.0,23.0,770.0,26.0
0.4932323232323233,12200.0,0.8,575.6261146496815,0.373948472624815,1764.6538461538462,26.0,2.0,22.0,785.0,26.0
0.4932323232323233,12400.0,0.76,574.4806491885143,0.37565118683234344,2154.740740740741,27.0,1.0,22.0,801.0,27.0
0.4932323232323233,12600.0,0.8,575.1552147239264,0.3757322684612734,2154.740740740741,27.0,1.0,22.0,815.0,27.0
0.4932323232323233,12800.0,0.74,577.5808383233533,0.3786106662882857,2154.740740740741,27.0,0.0,23.0,835.0,27.0
0.4932323232323233,13000.0,0.78,575.2508833922261,0.377272819410942,2154.740740740741,27.0,0.0,23.0,849.0,27.0
0.4932323232323233,13200.0,0.78,570.3203939745075,0.3744146919911621,2154.740740740741,26.0,1.0,23.0,863.0,27.0
0.4932323232323233,13400.0,0.8,570.7348224513173,0.37275251859809866,2154.740740740741,26.0,2.0,22.0,873.0,27.0
0.4932323232323233,13600.0,0.8,571.2350282485876,0.3707254778748505,2154.740740740741,25.0,3.0,22.0,885.0,27.0
0.4932323232323233,13800.0,0.8,574.9722222222222,0.375590375610646,2154.740740740741,27.0,1.0,22.0,900.0,27.0
0.4932323232323233,14000.0,0.8,573.5647442872688,0.37988770194393207,2154.740740740741,27.0,1.0,22.0,919.0,27.0
0.4932323232323233,14200.0,0.78,572.531686358754,0.38171203859485536,2154.740740740741,27.0,2.0,21.0,931.0,27.0
0.4932323232323233,14400.0,0.76,569.9187631027254,0.38152960492976307,2590.0,27.0,2.0,21.0,954.0,28.0
0.4932323232323233,14600.0,0.8,569.0238836967809,0.3854620639328644,2590.0,28.0,1.0,21.0,963.0,28.0
0.4932323232323233,14800.0,0.74,569.9270298047277,0.3865769363306509,3004.8275862068967,29.0,0.0,21.0,973.0,29.0
0.4932323232323233,15000.0,0.76,570.4692230070635,0.390205339225265,3004.8275862068967,26.0,3.0,21.0,991.0,29.0
0.4932323232323233,15200.0,0.78,569.1256231306081,0.39440131352238866,3004.8275862068967,28.0,1.0,21.0,1003.0,29.0
0.4932323232323233,15400.0,0.8,569.6755162241888,0.39286076257272007,3004.8275862068967,28.0,1.0,21.0,1017.0,29.0
0.4932323232323233,15600.0,0.8,569.2158098933074,0.39300265542334745,3004.8275862068967,28.0,1.0,21.0,1031.0,29.0
0.4932323232323233,15800.0,0.8,569.1207061068702,0.39255670646423285,3004.8275862068967,26.0,4.0,20.0,1048.0,29.0
0.4932323232323233,16000.0,0.8,568.2615023474178,0.39207021669065334,3004.8275862068967,26.0,4.0,20.0,1065.0,29.0
0.5234343434343435,0.0,0.0,nan,0.015202805424360975,nan,0.0,0.0,50.0,0.0,0.0
0.5234343434343435,200.0,0.48,nan,0.04283137048223299,nan,0.0,14.0,36.0,0.0,0.0
0.5234343434343435,400.0,0.72,135.0,0.10021689335738755,nan,0.0,23.0,27.0,3.0,0.0
0.5234343434343435,600.0,0.78,292.3,0.1558591612105487,513.0,5.0,18.0,27.0,5.0,5.0
0.5234343434343435,800.0,0.8,404.9375,0.20329191413455497,653.34375,16.0,7.0,27.0,8.0,16.0
0.5234343434343435,1000.0,0.78,501.1666666666667,0.2496503354752397,695.45,20.0,2.0,28.0,12.0,20.0
0.5234343434343435,1200.0,0.8,548.5294117647059,0.29156953763201104,695.45,20.0,3.0,27.0,17.0,20.0
0.5234343434343435,1400.0,0.78,717.890625,0.3196845924634626,721.4761904761905,21.0,3.0,26.0,32.0,21.0
0.5234343434343435,1600.0,0.78,801.9081632653061,0.3386171528186001,721.4761904761905,21.0,4.0,25.0,49.0,21.0
0.5234343434343435,1800.0,0.8,768.0862068965517,0.3437455658484179,721.4761904761905,20.0,5.0,25.0,58.0,21.0
0.5234343434343435,2000.0,0.78,745.7426470588235,0.34755640240812435,821.4565217391304,22.0,3.0,25.0,68.0,23.0
0.5234343434343435,2200.0,0.76,750.7987804878048,0.35396185109358846,871.2708333333334,23.0,3.0,24.0,82.0,24.0
0.5234343434343435,2400.0,0.78,727.5927835051547,0.3619686619504186,871.2708333333334,23.0,5.0,22.0,97.0,24.0
0.5234343434343435,2600.0,0.8,702.8598130841121,0.3698741207710863,939.52,24.0,4.0,22.0,107.0,25.0
0.5234343434343435,2800.0,0.7,711.0674603174604,0.3720633247521943,1006.0576923076923,25.0,3.0,22.0,126.0,26.0
0.5234343434343435,3000.0,0.76,683.1428571428571,0.3780228244785438,1075.462962962963,26.0,2.0,22.0,140.0,27.0
0.5234343434343435,3200.0,0.8,681.5906040268457,0.3819755538888776,1075.462962962963,26.0,2.0,22.0,149.0,27.0
0.5234343434343435,3400.0,0.8,669.8198757763976,0.3780228244785438,1075.462962962963,26.0,3.0,21.0,161.0,27.0
0.5234343434343435,3600.0,0.8,659.7109826589596,0.37948229379928244,1075.462962962963,26.0,3.0,21.0,173.0,27.0
0.5234343434343435,3800.0,0.8,648.9307692307692,0.37869174791721566,1168.2142857142858,27.0,2.0,21.0,195.0,28.0
0.5234343434343435,4000.0,0.8,642.9858490566038,0.38726613017655526,1262.9827586206898,28.0,1.0,21.0,212.0,29.0
0.5234343434343435,4200.0,0.78,642.6004566210046,0.3925972472786978,1262.9827586206898,28.0,1.0,21.0,219.0,29.0
0.5234343434343435,4400.0,0.78,641.0043668122271,0.3899012831167778,1262.9827586206898,27.0,2.0,21.0,229.0,29.0
0.5234343434343435,4600.0,0.76,645.1078838174274,0.3804958141609065,1262.9827586206898,26.0,3.0,21.0,241.0,29.0
0.5234343434343435,4800.0,0.8,640.296511627907,0.37581335009020334,1262.9827586206898,27.0,2.0,21.0,258.0,29.0
0.5234343434343435,5000.0,0.78,644.4782608695652,0.37220521760282166,1262.9827586206898,27.0,3.0,20.0,276.0,29.0
0.5234343434343435,5200.0,0.8,637.8741258741259,0.37729308981817444,1262.9827586206898,25.0,5.0,20.0,286.0,29.0
0.5234343434343435,5400.0,0.78,623.8947368421053,0.37838769180872844,1262.9827586206898,25.0,5.0,20.0,304.0,29.0
0.5234343434343435,5600.0,0.78,620.7232704402516,0.38150933452253055,1262.9827586206898,26.0,5.0,19.0,318.0,29.0
0.5234343434343435,5800.0,0.76,622.0930930930931,0.38284718139987434,1262.9827586206898,25.0,6.0,19.0,333.0,29.0
0.5234343434343435,6000.0,0.8,616.4169096209913,0.3865566659234184,1419.7,28.0,3.0,19.0,343.0,30.0
0.5234343434343435,6200.0,0.8,613.1742209631728,0.3901445280035676,1419.7,28.0,3.0,19.0,353.0,30.0
0.5234343434343435,6400.0,0.8,616.327397260274,0.39399590537773904,1419.7,28.0,3.0,19.0,365.0,30.0
0.5234343434343435,6600.0,0.8,614.6930051813472,0.39324590031013723,1419.7,28.0,3.0,19.0,386.0,30.0
0.5234343434343435,6800.0,0.8,609.57625,0.3932661707173697,1419.7,28.0,3.0,19.0,400.0,30.0
0.5234343434343435,7000.0,0.78,610.2615571776156,0.39290130338718504,1419.7,29.0,2.0,19.0,411.0,30.0
0.5234343434343435,7200.0,0.8,610.3181818181819,0.39604321650821966,1419.7,28.0,3.0,19.0,429.0,30.0
0.5234343434343435,7400.0,0.78,604.7171945701358,0.4032392110757505,1419.7,29.0,2.0,19.0,442.0,30.0
0.5234343434343435,7600.0,0.8,604.1891592920354,0.4105770984939087,1419.7,28.0,3.0,19.0,452.0,30.0
0.5234343434343435,7800.0,0.78,607.8919491525423,0.40757707822350153,1623.225806451613,29.0,2.0,19.0,472.0,31.0
0.5234343434343435,8000.0,0.8,595.8523421588594,0.41005006790586424,1623.225806451613,29.0,2.0,19.0,491.0,31.0
0.5234343434343435,8200.0,0.8,598.4284294234592,0.41501631767782216,1623.225806451613,30.0,1.0,19.0,503.0,31.0
0.5234343434343435,8400.0,0.8,597.7548638132296,0.415178480935682,1623.225806451613,30.0,1.0,19.0,514.0,31.0
0.5234343434343435,8600.0,0.8,598.2409177820267,0.41317171061966634,1623.225806451613,30.0,1.0,19.0,523.0,31.0
0.5234343434343435,8800.0,0.76,597.708719851577,0.4068068027486672,1623.225806451613,30.0,1.0,19.0,539.0,31.0
0.5234343434343435,9000.0,0.78,598.9709090909091,0.39746214501449334,1623.225806451613,29.0,2.0,19.0,550.0,31.0
0.5234343434343435,9200.0,0.76,597.8347978910369,0.39553645632740764,1623.225806451613,29.0,2.0,19.0,569.0,31.0
0.5234343434343435,9400.0,0.8,596.5891938250429,0.39320535949567226,1623.225806451613,28.0,3.0,19.0,583.0,31.0
0.5234343434343435,9600.0,0.8,595.3168067226891,0.3968945736119839,1623.225806451613,27.0,4.0,19.0,595.0,31.0
0.5234343434343435,9800.0,0.8,596.9317434210526,0.39622565017331196,1623.225806451613,28.0,3.0,19.0,608.0,31.0
0.5234343434343435,10000.0,0.78,592.2680577849117,0.3939756349705066,1623.225806451613,27.0,4.0,19.0,623.0,31.0
0.5234343434343435,10200.0,0.8,592.8619344773791,0.3984756653761174,1623.225806451613,28.0,3.0,19.0,641.0,31.0
0.5234343434343435,10400.0,0.78,590.0625954198473,0.3986783694484422,1623.225806451613,29.0,2.0,19.0,655.0,31.0
0.5234343434343435,10600.0,0.8,586.9895366218236,0.3991243184075568,1623.225806451613,29.0,2.0,19.0,669.0,31.0
0.5234343434343435,10800.0,0.76,587.2805232558139,0.3979486347880729,1623.225806451613,29.0,3.0,18.0,688.0,31.0
0.5234343434343435,11000.0,0.78,586.765,0.39954999695943894,1623.225806451613,29.0,3.0,18.0,700.0,31.0
0.5234343434343435,11200.0,0.78,584.7562849162011,0.3966513287251941,1920.96875,30.0,2.0,18.0,716.0,32.0
0.5234343434343435,11400.0,0.76,582.7083333333334,0.3949283441104332,1920.96875,30.0,2.0,18.0,732.0,32.0
0.5234343434343435,11600.0,0.78,581.5126329787234,0.39440131352238866,1920.96875,31.0,1.0,18.0,752.0,32.0
0.5234343434343435,11800.0,0.78,577.8944300518135,0.3969553848336813,1920.96875,30.0,2.0,18.0,772.0,32.0
0.5234343434343435,12000.0,0.8,573.0006353240152,0.3947053696308759,1920.96875,29.0,4.0,17.0,787.0,32.0
0.5234343434343435,12200.0,0.8,569.6195516811955,0.3952324002189204,1920.96875,27.0,7.0,16.0,803.0,32.0
0.5234343434343435,12400.0,0.8,567.9066339066339,0.39855674700504734,1920.96875,27.0,7.0,16.0,814.0,32.0
0.5234343434343435,12600.0,0.8,566.3948004836759,0.39969188981006626,2241.712121212121,28.0,7.0,15.0,827.0,33.0
0.5234343434343435,12800.0,0.76,569.0978647686833,0.40287434374556585,2241.712121212121,29.0,6.0,15.0,843.0,33.0
0.5234343434343435,13000.0,0.78,569.0902696365767,0.40696896600652704,2241.712121212121,30.0,5.0,15.0,853.0,33.0
0.5234343434343435,13200.0,0.8,570.4878612716763,0.4055297670930209,2562.3823529411766,32.0,3.0,15.0,865.0,34.0
0.5234343434343435,13400.0,0.8,572.1225879682179,0.40782032311029126,2562.3823529411766,31.0,4.0,15.0,881.0,34.0
0.5234343434343435,13600.0,0.8,570.7475027746948,0.41872580220136624,2562.3823529411766,33.0,3.0,14.0,901.0,34.0
0.5234343434343435,13800.0,0.78,568.8378820960698,0.4276650517908905,2562.3823529411766,33.0,3.0,14.0,916.0,34.0
0.5234343434343435,14000.0,0.8,568.2992465016147,0.43125291387103964,2888.2428571428572,32.0,4.0,14.0,929.0,35.0
0.5234343434343435,14200.0,0.8,568.6909574468085,0.42730018446070583,2888.2428571428572,31.0,5.0,14.0,940.0,35.0
0.5234343434343435,14400.0,0.8,568.1100628930818,0.423854215231184,2888.2428571428572,30.0,6.0,14.0,954.0,35.0
0.5234343434343435,14600.0,0.76,568.9711042311661,0.4224758275393753,2888.2428571428572,32.0,4.0,14.0,969.0,35.0
0.5234343434343435,14800.0,0.8,568.0592105263158,0.42209068980195813,2888.2428571428572,30.0,8.0,12.0,988.0,35.0
0.5234343434343435,15000.0,0.8,566.2948207171315,0.42275961324063,2888.2428571428572,29.0,9.0,12.0,1004.0,35.0
0.5234343434343435,15200.0,0.8,564.856090373281,0.4207933837390793,2888.2428571428572,28.0,10.0,12.0,1018.0,35.0
0.5234343434343435,15400.0,0.8,562.5125603864734,0.4232055621997446,3235.5138888888887,29.0,9.0,12.0,1035.0,36.0
0.5234343434343435,15600.0,0.8,562.9632282712512,0.42730018446070583,3235.5138888888887,31.0,7.0,12.0,1047.0,36.0
0.5234343434343435,15800.0,0.76,562.4512195121952,0.42823262319339994,3235.5138888888887,32.0,5.0,13.0,1066.0,36.0
0.5234343434343435,16000.0,0.78,560.7363804247461,0.4275231589402631,3235.5138888888887,33.0,4.0,13.0,1083.0,36.0
0.5536363636363637,0.0,0.0,nan,0.015202805424360975,nan,0.0,0.0,50.0,0.0,0.0
0.5536363636363637,200.0,0.48,nan,0.04283137048223299,nan,0.0,14.0,36.0,0.0,0.0
0.5536363636363637,400.0,0.72,36.166666666666664,0.10250744937465793,nan,0.0,23.0,27.0,3.0,0.0
0.5536363636363637,600.0,0.78,267.45454545454544,0.15853485496523625,532.25,6.0,17.0,27.0,11.0,6.0
0.5536363636363637,800.0,0.8,285.55555555555554,0.20373786309366956,628.8928571428571,13.0,11.0,26.0,18.0,14.0
0.5536363636363637,1000.0,0.78,381.2608695652174,0.24798816208217622,722.15,19.0,5.0,26.0,23.0,20.0
0.5536363636363637,1200.0,0.8,381.4,0.28121135953621307,735.6428571428571,20.0,4.0,26.0,30.0,21.0
0.5536363636363637,1400.0,0.78,441.8205128205128,0.3144953682119474,735.6428571428571,20.0,4.0,26.0,39.0,21.0
0.5536363636363637,1600.0,0.78,593.698275862069,0.32655626051527376,735.6428571428571,20.0,4.0,26.0,58.0,21.0
0.5536363636363637,1800.0,0.8,625.7808219178082,0.33263738268501813,735.6428571428571,20.0,5.0,25.0,73.0,21.0
0.5536363636363637,2000.0,0.8,642.9819277108434,0.3329211683862729,788.25,21.0,3.0,26.0,83.0,22.0
0.5536363636363637,2200.0,0.78,607.86,0.3304076378894452,849.1304347826087,22.0,3.0,25.0,100.0,23.0
0.5536363636363637,2400.0,0.76,605.9954954954954,0.33373198467557214,849.1304347826087,22.0,3.0,25.0,111.0,23.0
0.5536363636363637,2600.0,0.78,628.00826446281,0.3357184845843553,849.1304347826087,23.0,2.0,25.0,121.0,23.0
0.5536363636363637,2800.0,0.78,626.7185185185185,0.33857661200413514,929.3541666666666,24.0,2.0,24.0,135.0,24.0
0.5536363636363637,3000.0,0.8,630.19,0.3478604585166116,929.3541666666666,24.0,3.0,23.0,150.0,24.0
0.5536363636363637,3200.0,0.8,622.9820359281437,0.3530902235825918,929.3541666666666,24.0,3.0,23.0,167.0,24.0
0.5536363636363637,3400.0,0.8,618.6477272727273,0.3518942695558754,1023.5,25.0,2.0,23.0,176.0,25.0
0.5536363636363637,3600.0,0.8,612.5984042553191,0.35463077453226033,1023.5,25.0,2.0,23.0,188.0,25.0
0.5536363636363637,3800.0,0.78,620.745,0.35856323353536174,1126.4038461538462,26.0,1.0,23.0,200.0,26.0
0.5536363636363637,4000.0,0.8,617.5232558139535,0.36352948330731966,1126.4038461538462,26.0,2.0,22.0,215.0,26.0
0.5536363636363637,4200.0,0.8,612.1418918918919,0.3700768248434111,1234.2222222222222,26.0,3.0,21.0,222.0,27.0
0.5536363636363637,4400.0,0.8,616.8402489626556,0.3816917681876229,1342.875,27.0,3.0,20.0,241.0,28.0
0.5536363636363637,4600.0,0.8,614.0100806451613,0.39028642085419496,1342.875,27.0,3.0,20.0,248.0,28.0
0.5536363636363637,4800.0,0.78,614.3530534351145,0.3905904769626822,1456.4655172413793,27.0,3.0,20.0,262.0,29.0
0.5536363636363637,5000.0,0.78,609.0290909090909,0.3849147629375874,1570.4,29.0,1.0,20.0,275.0,30.0
0.5536363636363637,5200.0,0.8,620.8978873239437,0.3803944621247441,1570.4,28.0,2.0,20.0,284.0,30.0
0.5536363636363637,5400.0,0.78,622.4579124579125,0.38367826809640604,1570.4,28.0,2.0,20.0,297.0,30.0
0.5536363636363637,5600.0,0.8,628.099358974359,0.38507692619544726,1570.4,29.0,2.0,19.0,312.0,30.0
0.5536363636363637,5800.0,0.78,632.1153846153846,0.38369853850363855,1570.4,28.0,3.0,19.0,325.0,30.0
0.5536363636363637,6000.0,0.78,628.7313432835821,0.38454989560740277,1570.4,28.0,3.0,19.0,335.0,30.0
0.5536363636363637,6200.0,0.8,630.1734104046243,0.3813269008574382,1570.4,29.0,2.0,19.0,346.0,30.0
0.5536363636363637,6400.0,0.76,625.0810439560439,0.38617152818600126,1721.6290322580646,30.0,1.0,19.0,364.0,31.0
0.5536363636363637,6600.0,0.8,622.2939632545932,0.39294184420165,1721.6290322580646,31.0,1.0,18.0,381.0,31.0
0.5536363636363637,6800.0,0.8,616.7201017811705,0.3931648186812073,1721.6290322580646,30.0,2.0,18.0,393.0,31.0
0.5536363636363637,7000.0,0.8,612.3728395061728,0.39504996655382807,1721.6290322580646,28.0,4.0,18.0,405.0,31.0
0.5536363636363637,7200.0,0.8,612.6547619047619,0.39667159913242656,1889.53125,30.0,3.0,17.0,420.0,32.0
0.5536363636363637,7400.0,0.8,610.3851508120649,0.3975432266434233,1889.53125,28.0,5.0,17.0,431.0,32.0
0.5536363636363637,7600.0,0.8,614.4988839285714,0.3967526807613565,1889.53125,27.0,6.0,17.0,448.0,32.0
0.5536363636363637,7800.0,0.8,613.5334773218143,0.39918512962925423,2065.1969696969695,28.0,5.0,17.0,463.0,33.0
0.5536363636363637,8000.0,0.78,609.1691176470588,0.40664463949080737,2065.1969696969695,28.0,5.0,17.0,476.0,33.0
0.5536363636363637,8200.0,0.8,605.2729124236253,0.4150771288995196,2065.1969696969695,30.0,3.0,17.0,491.0,33.0
0.5536363636363637,8400.0,0.78,604.0639763779527,0.42442178663369345,2065.1969696969695,30.0,3.0,17.0,508.0,33.0
0.5536363636363637,8600.0,0.8,603.9468085106383,0.4299556078081609,2065.1969696969695,30.0,4.0,16.0,517.0,33.0
0.5536363636363637,8800.0,0.8,602.874291115312,0.43368536273893743,2065.1969696969695,30.0,4.0,16.0,529.0,33.0
0.5536363636363637,9000.0,0.78,601.709706959707,0.4340705004763546,2065.1969696969695,31.0,3.0,16.0,546.0,33.0
0.5536363636363637,9200.0,0.78,606.3407473309609,0.4321245413820364,2065.1969696969695,31.0,3.0,16.0,562.0,33.0
0.5536363636363637,9400.0,0.78,604.5226480836237,0.4334623882593801,2065.1969696969695,31.0,4.0,15.0,574.0,33.0
0.5536363636363637,9600.0,0.78,601.6535836177475,0.43713133196845927,2065.1969696969695,32.0,3.0,15.0,586.0,33.0
0.5536363636363637,9800.0,0.8,598.763025210084,0.4388137757687552,2288.235294117647,33.0,2.0,15.0,595.0,34.0
0.5536363636363637,10000.0,0.8,604.1524590163934,0.43879350536152273,2288.235294117647,32.0,3.0,15.0,610.0,34.0
0.5536363636363637,10200.0,0.8,601.7760834670947,0.4384894492530355,2288.235294117647,32.0,3.0,15.0,623.0,34.0
0.5536363636363637,10400.0,0.76,602.403937007874,0.431394806721667,2288.235294117647,33.0,2.0,15.0,635.0,34.0
0.5536363636363637,10600.0,0.8,606.1441860465117,0.42713802120284594,2288.235294117647,31.0,4.0,15.0,645.0,34.0
0.5536363636363637,10800.0,0.8,605.065349544073,0.4195366184906655,2288.235294117647,31.0,4.0,15.0,658.0,34.0
0.5536363636363637,11000.0,0.76,600.7111436950147,0.41574605233819145,2288.235294117647,29.0,7.0,14.0,682.0,34.0
0.5536363636363637,11200.0,0.8,598.7244604316546,0.41880688383029613,2288.235294117647,32.0,4.0,14.0,695.0,34.0
0.5536363636363637,11400.0,0.78,598.685472496474,0.4176514706180447,2288.235294117647,30.0,6.0,14.0,709.0,34.0
0.5536363636363637,11600.0,0.8,599.2396408839779,0.4213204143271238,2288.235294117647,29.0,7.0,14.0,724.0,34.0
0.5536363636363637,11800.0,0.8,595.6160593792173,0.42085419496077675,2288.235294117647,29.0,7.0,14.0,741.0,34.0
0.5536363636363637,12000.0,0.8,594.0450331125828,0.4219285265440983,2562.342857142857,30.0,6.0,14.0,755.0,35.0
0.5536363636363637,12200.0,0.78,592.954128440367,0.4185636389435064,2562.342857142857,29.0,7.0,14.0,763.0,35.0
0.5536363636363637,12400.0,0.78,590.6704980842912,0.41882715423752864,2562.342857142857,32.0,5.0,13.0,783.0,35.0
0.5536363636363637,12600.0,0.78,588.926875,0.4243812458192285,2562.342857142857,32.0,6.0,12.0,800.0,35.0
0.5536363636363637,12800.0,0.78,587.8974358974359,0.4289420874465368,2562.342857142857,29.0,9.0,12.0,819.0,35.0
0.5536363636363637,13000.0,0.8,587.9113389626056,0.4390367502483125,2847.8055555555557,30.0,8.0,12.0,829.0,36.0
0.5536363636363637,13200.0,0.78,589.4785202863961,0.44309083169480873,3125.4054054054054,32.0,6.0,12.0,838.0,37.0
0.5536363636363637,13400.0,0.8,589.8097762073027,0.44757059169318714,3125.4054054054054,32.0,6.0,12.0,849.0,37.0
0.5536363636363637,13600.0,0.78,589.8404377880184,0.44959763241643524,3125.4054054054054,31.0,7.0,12.0,868.0,37.0
0.5536363636363637,13800.0,0.8,587.2327293318233,0.44708410191960757,3125.4054054054054,31.0,7.0,12.0,883.0,37.0
0.5536363636363637,14000.0,0.8,586.6913236929922,0.4451786836397543,3125.4054054054054,29.0,9.0,12.0,899.0,37.0
0.5536363636363637,14200.0,0.78,586.8142076502733,0.44493543875296454,3415.3815789473683,31.0,7.0,12.0,915.0,38.0
0.5536363636363637,14400.0,0.8,586.8347778981582,0.4424421786633693,3415.3815789473683,32.0,6.0,12.0,923.0,38.0
0.5536363636363637,14600.0,0.76,584.3026737967914,0.43905702065554497,3415.3815789473683,31.0,7.0,12.0,935.0,38.0
0.5536363636363637,14800.0,0.8,584.5665618448637,0.43591510753451035,3415.3815789473683,31.0,7.0,12.0,954.0,38.0
0.5536363636363637,15000.0,0.8,583.4871266735324,0.441165143007723,3415.3815789473683,32.0,6.0,12.0,971.0,38.0
0.5536363636363637,15200.0,0.8,581.9757085020243,0.440617842012446,3415.3815789473683,33.0,5.0,12.0,988.0,38.0
0.5536363636363637,15400.0,0.78,580.9398009950248,0.4416921735957675,3415.3815789473683,35.0,4.0,11.0,1005.0,38.0
0.5536363636363637,15600.0,0.8,579.0434995112414,0.4464962601098656,3415.3815789473683,34.0,5.0,11.0,1023.0,38.0
0.5536363636363637,15800.0,0.8,577.1485053037609,0.4510165609227089,3415.3815789473683,35.0,4.0,11.0,1037.0,38.0
0.5536363636363637,16000.0,0.8,575.0252621544328,0.4511787241805688,3415.3815789473683,34.0,5.0,11.0,1049.0,38.0
0.5838383838383839,0.0,0.0,nan,0.015202805424360975,nan,0.0,0.0,50.0,0.0,0.0
0.5838383838383839,200.0,0.48,nan,0.04283137048223299,nan,0.0,14.0,36.0,0.0,0.0
0.5838383838383839,400.0,0.72,69.8,0.09261549064520706,nan,0.0,20.0,30.0,5.0,0.0
0.5838383838383839,600.0,0.78,165.77777777777777,0.13954148338840128,517.5,6.0,14.0,30.0,9.0,6.0
0.5838383838383839,800.0,0.78,228.45454545454547,0.1848255731457645,610.9230769230769,13.0,7.0,30.0,11.0,13.0
0.5838383838383839,1000.0,0.74,399.20588235294116,0.2210487908702086,659.1875,16.0,5.0,29.0,17.0,16.0
0.5838383838383839,1200.0,0.76,482.5652173913044,0.25291387103966917,719.9736842105264,19.0,3.0,28.0,23.0,19.0
0.5838383838383839,1400.0,0.78,601.125,0.27928567084912737,751.05,20.0,2.0,28.0,32.0,20.0
0.5838383838383839,1600.0,0.8,658.9673913043479,0.2993736444165163,751.05,20.0,2.0,28.0,46.0,20.0
0.5838383838383839,1800.0,0.74,683.0084745762712,0.31236697545253683,794.9047619047619,21.0,1.0,28.0,59.0,21.0
0.5838383838383839,2000.0,0.76,716.8333333333334,0.3202116230515071,794.9047619047619,20.0,2.0,28.0,69.0,21.0
0.5838383838383839,2200.0,0.8,748.9066666666666,0.31897512821032575,794.9047619047619,20.0,1.0,29.0,75.0,21.0
0.5838383838383839,2400.0,0.8,745.9333333333333,0.31788052621977175,794.9047619047619,20.0,2.0,28.0,90.0,21.0
0.5838383838383839,2600.0,0.8,737.8523809523809,0.3177183629619119,794.9047619047619,20.0,2.0,28.0,105.0,21.0
0.5838383838383839,2800.0,0.8,719.7459677419355,0.32159001074331584,794.9047619047619,21.0,2.0,27.0,124.0,21.0
0.5838383838383839,3000.0,0.76,687.9468085106383,0.32688058703099343,890.2045454545455,22.0,1.0,27.0,141.0,22.0
0.5838383838383839,3200.0,0.8,666.5686274509804,0.332799545942878,890.2045454545455,22.0,1.0,27.0,153.0,22.0
0.5838383838383839,3400.0,0.78,667.8527607361963,0.34236717815660916,996.2391304347826,23.0,0.0,27.0,163.0,23.0
0.5838383838383839,3600.0,0.8,654.0057142857142,0.3454888208704113,996.2391304347826,23.0,1.0,26.0,175.0,23.0
0.5838383838383839,3800.0,0.8,656.6908602150538,0.34702937182007987,996.2391304347826,22.0,2.0,26.0,186.0,23.0
0.5838383838383839,4000.0,0.78,657.6030150753769,0.3473942391502645,996.2391304347826,22.0,2.0,26.0,199.0,23.0
0.5838383838383839,4200.0,0.78,649.9906542056075,0.34313745363144343,996.2391304347826,23.0,1.0,26.0,214.0,23.0
0.5838383838383839,4400.0,0.78,647.806167400881,0.34269150467232884,996.2391304347826,23.0,1.0,26.0,227.0,23.0
0.5838383838383839,4600.0,0.76,646.345041322314,0.34419151480753246,996.2391304347826,22.0,2.0,26.0,242.0,23.0
0.5838383838383839,4800.0,0.78,635.2713178294574,0.34031986702612854,1147.8541666666667,23.0,1.0,26.0,258.0,24.0
0.5838383838383839,5000.0,0.76,636.5716911764706,0.33873877526199503,1147.8541666666667,23.0,1.0,26.0,272.0,24.0
0.5838383838383839,5200.0,0.78,632.540350877193,0.3339144183406645,1147.8541666666667,23.0,1.0,26.0,285.0,24.0
0.5838383838383839,5400.0,0.8,625.73,0.33762390286420857,1147.8541666666667,23.0,1.0,26.0,300.0,24.0
0.5838383838383839,5600.0,0.8,626.2048387096775,0.3421442036770519,1147.8541666666667,23.0,2.0,25.0,310.0,24.0
0.5838383838383839,5800.0,0.78,625.2193251533743,0.3426306934506314,1147.8541666666667,23.0,2.0,25.0,326.0,24.0
0.5838383838383839,6000.0,0.78,624.486646884273,0.34423205562199743,1147.8541666666667,23.0,2.0,25.0,337.0,24.0
0.5838383838383839,6200.0,0.78,620.3376436781609,0.3437658362556504,1342.22,24.0,1.0,25.0,348.0,25.0
0.5838383838383839,6400.0,0.8,623.2396694214876,0.3460969330873857,1342.22,24.0,1.0,25.0,363.0,25.0
0.5838383838383839,6600.0,0.76,613.8472584856397,0.3505158818640666,1342.22,25.0,0.0,25.0,383.0,25.0
0.5838383838383839,6800.0,0.8,619.8556962025316,0.3527456266596396,1342.22,25.0,0.0,25.0,395.0,25.0
0.5838383838383839,7000.0,0.78,617.309405940594,0.35173210629801555,1342.22,25.0,0.0,25.0,404.0,25.0
0.5838383838383839,7200.0,0.74,614.5224056603773,0.34727261670686965,1342.22,24.0,2.0,24.0,424.0,25.0
0.5838383838383839,7400.0,0.78,605.8543577981651,0.35227940729329255,1342.22,24.0,3.0,23.0,436.0,25.0
0.5838383838383839,7600.0,0.76,606.6842696629213,0.3569010601422983,1578.423076923077,24.0,3.0,23.0,445.0,26.0
0.5838383838383839,7800.0,0.8,610.1008676789588,0.358826748829384,1805.851851851852,25.0,2.0,23.0,461.0,27.0
0.5838383838383839,8000.0,0.8,615.1666666666666,0.3567186264772059,1805.851851851852,24.0,3.0,23.0,468.0,27.0
0.5838383838383839,8200.0,0.78,614.5785123966942,0.35033344819897433,1805.851851851852,23.0,4.0,23.0,484.0,27.0
0.5838383838383839,8400.0,0.78,613.2072434607646,0.3514483205967608,1805.851851851852,24.0,3.0,23.0,497.0,27.0
0.5838383838383839,8600.0,0.8,612.1349206349206,0.35231994810775746,1805.851851851852,26.0,1.0,23.0,504.0,27.0
0.5838383838383839,8800.0,0.8,616.5865384615385,0.35341455009831146,1805.851851851852,26.0,1.0,23.0,520.0,27.0
0.5838383838383839,9000.0,0.8,614.5262172284645,0.3542659072020757,1805.851851851852,26.0,1.0,23.0,534.0,27.0
0.5838383838383839,9200.0,0.78,611.7213114754098,0.35483347860458514,1805.851851851852,24.0,3.0,23.0,549.0,27.0
0.5838383838383839,9400.0,0.8,613.6559714795009,0.35351590213447387,1805.851851851852,25.0,3.0,22.0,561.0,27.0
0.5838383838383839,9600.0,0.78,618.8588850174216,0.3536375245778688,1805.851851851852,24.0,4.0,22.0,574.0,27.0
0.5838383838383839,9800.0,0.78,618.1689536878216,0.3606308150730748,2084.75,26.0,2.0,22.0,583.0,28.0
0.5838383838383839,10000.0,0.78,616.9508333333333,0.36286055986864774,2084.75,27.0,1.0,22.0,600.0,28.0
0.5838383838383839,10200.0,0.8,615.8697068403909,0.36480651896296595,2084.75,28.0,0.0,22.0,614.0,28.0
0.5838383838383839,10400.0,0.8,615.5342902711324,0.36452273326171125,2084.75,28.0,1.0,21.0,627.0,28.0
0.5838383838383839,10600.0,0.8,612.5399061032864,0.3627997486469503,2084.75,28.0,1.0,21.0,639.0,28.0
0.5838383838383839,10800.0,0.8,610.7534246575342,0.360975411996027,2084.75,28.0,1.0,21.0,657.0,28.0
0.5838383838383839,11000.0,0.78,608.7407407407408,0.36083351914539963,2084.75,27.0,2.0,21.0,675.0,28.0
0.5838383838383839,11200.0,0.78,606.8488372093024,0.36020513652119274,2084.75,27.0,2.0,21.0,688.0,28.0
0.5838383838383839,11400.0,0.78,603.0688920454545,0.36257677416739303,2084.75,27.0,2.0,21.0,704.0,28.0
0.5838383838383839,11600.0,0.78,602.402370990237,0.36306326394097255,2084.75,26.0,4.0,20.0,717.0,28.0
0.5838383838383839,11800.0,0.8,602.0288065843621,0.3571645754363205,2419.396551724138,25.0,5.0,20.0,729.0,29.0
0.5838383838383839,12000.0,0.72,599.6959731543624,0.35234021851499,2419.396551724138,25.0,5.0,20.0,745.0,29.0
0.5838383838383839,12200.0,0.78,599.2620915032679,0.35572537652281433,2419.396551724138,27.0,3.0,20.0,765.0,29.0
0.5838383838383839,12400.0,0.8,591.285804816223,0.35773214683883,2419.396551724138,28.0,2.0,20.0,789.0,29.0
0.5838383838383839,12600.0,0.78,591.8419071518193,0.3594348610463584,2419.396551724138,29.0,1.0,20.0,797.0,29.0
0.5838383838383839,12800.0,0.76,589.3884803921569,0.36590112095351995,2419.396551724138,28.0,2.0,20.0,816.0,29.0
0.5838383838383839,13000.0,0.8,586.8682310469314,0.3691849269251819,2419.396551724138,29.0,1.0,20.0,831.0,29.0
0.5838383838383839,13200.0,0.76,585.5658049353701,0.3741917175116048,2419.396551724138,29.0,1.0,20.0,851.0,29.0
0.5838383838383839,13400.0,0.78,581.7661662817552,0.3757322684612734,2419.396551724138,28.0,3.0,19.0,866.0,29.0
0.5838383838383839,13600.0,0.76,579.9624145785878,0.37567145723957596,2785.9333333333334,29.0,2.0,19.0,878.0,30.0
0.5838383838383839,13800.0,0.8,579.4455667789001,0.37804309488577625,2785.9333333333334,27.0,4.0,19.0,891.0,30.0
0.5838383838383839,14000.0,0.8,578.5076754385965,0.38313096710112904,3146.3387096774195,28.0,3.0,19.0,912.0,31.0
0.5838383838383839,14200.0,0.8,577.3458197611292,0.3859890945209089,3146.3387096774195,28.0,3.0,19.0,921.0,31.0
0.5838383838383839,14400.0,0.78,577.181330472103,0.3862526098149312,3146.3387096774195,28.0,3.0,19.0,932.0,31.0
0.5838383838383839,14600.0,0.78,578.1043432203389,0.3820971763322725,3146.3387096774195,28.0,3.0,19.0,944.0,31.0
0.5838383838383839,14800.0,0.8,580.2894461859979,0.38041473253197655,3146.3387096774195,26.0,5.0,19.0,957.0,31.0
0.5838383838383839,15000.0,0.78,579.3835897435897,0.38394178339042834,3146.3387096774195,26.0,8.0,16.0,975.0,31.0
0.5838383838383839,15200.0,0.76,579.9129554655871,0.39182697180386356,3146.3387096774195,27.0,7.0,16.0,988.0,31.0
0.5838383838383839,15400.0,0.78,581.746,0.399975675511321,3524.75,27.0,7.0,16.0,1000.0,32.0
0.5838383838383839,15600.0,0.8,579.3039408866995,0.40236758356475383,3888.121212121212,29.0,5.0,16.0,1015.0,33.0
0.5838383838383839,15800.0,0.78,578.7439261418854,0.40030000202704075,3888.121212121212,30.0,4.0,16.0,1029.0,33.0
0.5838383838383839,16000.0,0.8,578.942638623327,0.40013783876918085,3888.121212121212,30.0,4.0,16.0,1046.0,33.0
0.6140404040404042,0.0,0.0,nan,0.015202805424360975,nan,0.0,0.0,50.0,0.0,0.0
0.6140404040404042,200.0,0.42,12.0,0.04066243690835749,nan,0.0,13.0,37.0,1.0,0.0
0.6140404040404042,400.0,0.76,148.25,0.09764255163886243,nan,0.0,24.0,26.0,6.0,0.0
0.6140404040404042,600.0,0.78,196.83333333333334,0.15326454908479112,537.2142857142857,7.0,17.0,26.0,9.0,7.0
0.6140404040404042,800.0,0.8,260.25,0.20473111304806113,599.875,12.0,12.0,26.0,12.0,12.0
0.6140404040404042,1000.0,0.8,373.6470588235294,0.24936654977398495,710.5,19.0,5.0,26.0,17.0,19.0
0.6140404040404042,1200.0,0.8,501.86538461538464,0.2840492165487605,741.2380952380952,21.0,3.0,26.0,26.0,21.0
0.6140404040404042,1400.0,0.8,574.5857142857143,0.3142521233251576,770.0681818181819,22.0,2.0,26.0,35.0,22.0
0.6140404040404042,1600.0,0.76,650.9591836734694,0.333853607118967,770.0681818181819,22.0,2.0,26.0,49.0,22.0
0.6140404040404042,1800.0,0.78,669.0769230769231,0.3462185555307806,770.0681818181819,22.0,2.0,26.0,65.0,22.0
0.6140404040404042,2000.0,0.78,681.34375,0.3505158818640666,818.1086956521739,23.0,1.0,26.0,80.0,23.0
0.6140404040404042,2200.0,0.8,672.6910112359551,0.3530699531753593,818.1086956521739,23.0,1.0,26.0,89.0,23.0
0.6140404040404042,2400.0,0.8,686.625,0.35098210123041373,818.1086956521739,23.0,1.0,26.0,100.0,23.0
0.6140404040404042,2600.0,0.8,673.7767857142857,0.3460563922729208,818.1086956521739,23.0,1.0,26.0,112.0,23.0
0.6140404040404042,2800.0,0.8,675.0595238095239,0.3437658362556504,818.1086956521739,23.0,2.0,25.0,126.0,23.0
0.6140404040404042,3000.0,0.8,651.2340425531914,0.346907749376685,903.9791666666666,24.0,2.0,24.0,141.0,24.0
0.6140404040404042,3200.0,0.78,640.867088607595,0.3504145298279042,903.9791666666666,24.0,3.0,23.0,158.0,24.0
0.6140404040404042,3400.0,0.78,643.4219653179191,0.35588753978067417,903.9791666666666,24.0,2.0,24.0,173.0,24.0
0.6140404040404042,3600.0,0.76,633.0714285714286,0.3633673200494598,1006.54,24.0,3.0,23.0,189.0,25.0
0.6140404040404042,3800.0,0.78,613.6699507389162,0.36719842701639877,1006.54,24.0,3.0,23.0,203.0,25.0
0.6140404040404042,4000.0,0.8,600.1720183486239,0.37155656457138225,1216.6296296296296,27.0,0.0,23.0,218.0,27.0
0.6140404040404042,4200.0,0.8,591.5747863247864,0.3706443962459206,1216.6296296296296,27.0,0.0,23.0,234.0,27.0
0.6140404040404042,4400.0,0.78,579.9488188976378,0.37259035534023877,1216.6296296296296,27.0,0.0,23.0,254.0,27.0
0.6140404040404042,4600.0,0.8,584.9191729323309,0.37005655443617863,1216.6296296296296,26.0,2.0,22.0,266.0,27.0
0.6140404040404042,4800.0,0.8,585.8089285714286,0.36894168203839217,1216.6296296296296,26.0,2.0,22.0,280.0,27.0
0.6140404040404042,5000.0,0.8,589.1103448275862,0.36620517706200717,1216.6296296296296,26.0,3.0,21.0,290.0,27.0
0.6140404040404042,5200.0,0.8,590.9832775919732,0.3623132588733708,1216.6296296296296,26.0,3.0,21.0,299.0,27.0
0.6140404040404042,5400.0,0.8,595.9532258064517,0.36367137615794703,1359.4285714285713,26.0,3.0,21.0,310.0,28.0
0.6140404040404042,5600.0,0.8,599.9906542056075,0.3694079014047392,1504.6206896551723,28.0,1.0,21.0,321.0,29.0
0.6140404040404042,5800.0,0.78,605.6812688821752,0.37283360022702855,1504.6206896551723,28.0,1.0,21.0,331.0,29.0
0.6140404040404042,6000.0,0.78,610.431884057971,0.37966472746437474,1504.6206896551723,29.0,0.0,21.0,345.0,29.0
0.6140404040404042,6200.0,0.8,609.2932960893854,0.3819958242961101,1504.6206896551723,29.0,0.0,21.0,358.0,29.0
0.6140404040404042,6400.0,0.8,606.875,0.3802931100885817,1504.6206896551723,29.0,0.0,21.0,372.0,29.0
0.6140404040404042,6600.0,0.76,603.5116279069767,0.3779012020351489,1504.6206896551723,29.0,0.0,21.0,387.0,29.0
0.6140404040404042,6800.0,0.78,604.4924812030075,0.37615794701315547,1504.6206896551723,28.0,1.0,21.0,399.0,29.0
0.6140404040404042,7000.0,0.76,602.0048661800487,0.37591470212636574,1504.6206896551723,28.0,1.0,21.0,411.0,29.0
0.6140404040404042,7200.0,0.8,602.5081395348838,0.37656335515780515,1504.6206896551723,29.0,0.0,21.0,430.0,29.0
0.6140404040404042,7400.0,0.8,602.0045045045046,0.37656335515780515,1504.6206896551723,25.0,4.0,21.0,444.0,29.0
0.6140404040404042,7600.0,0.8,595.8916849015317,0.37145521253521985,1504.6206896551723,26.0,3.0,21.0,457.0,29.0
0.6140404040404042,7800.0,0.8,598.341935483871,0.3711714268339651,1504.6206896551723,25.0,4.0,21.0,465.0,29.0
0.6140404040404042,8000.0,0.8,597.0377358490566,0.3693268197758093,1504.6206896551723,25.0,4.0,21.0,477.0,29.0
0.6140404040404042,8200.0,0.8,600.3377281947262,0.37121196764843006,1504.6206896551723,27.0,2.0,21.0,493.0,29.0
0.6140404040404042,8400.0,0.8,605.6390532544378,0.3737052277380253,1504.6206896551723,26.0,3.0,21.0,507.0,29.0
0.6140404040404042,8600.0,0.8,603.2495238095238,0.37554983479618104,1504.6206896551723,27.0,2.0,21.0,525.0,29.0
0.6140404040404042,8800.0,0.8,597.9342592592593,0.3757322684612734,1504.6206896551723,28.0,1.0,21.0,540.0,29.0
0.6140404040404042,9000.0,0.78,591.7642348754448,0.37340117162953806,1504.6206896551723,29.0,0.0,21.0,562.0,29.0
0.6140404040404042,9200.0,0.78,581.893470790378,0.3710498043905702,1504.6206896551723,28.0,2.0,20.0,582.0,29.0
0.6140404040404042,9400.0,0.8,582.1021594684386,0.37615794701315547,1504.6206896551723,29.0,1.0,20.0,602.0,29.0
0.6140404040404042,9600.0,0.78,578.6986970684039,0.37976607950053715,1504.6206896551723,29.0,1.0,20.0,614.0,29.0
0.6140404040404042,9800.0,0.8,580.107544141252,0.384266109906148,1779.9833333333333,29.0,1.0,20.0,623.0,30.0
0.6140404040404042,10000.0,0.78,578.6598101265823,0.38911073723471107,1779.9833333333333,29.0,1.0,20.0,632.0,30.0
0.6140404040404042,10200.0,0.8,581.1806201550388,0.3938337421198792,1779.9833333333333,28.0,2.0,20.0,645.0,30.0
0.6140404040404042,10400.0,0.78,581.0318181818182,0.38789451280076215,1779.9833333333333,27.0,3.0,20.0,660.0,30.0
0.6140404040404042,10600.0,0.78,577.9955752212389,0.38576612004135163,1779.9833333333333,27.0,3.0,20.0,678.0,30.0
0.6140404040404042,10800.0,0.8,581.5864825581396,0.3805971661970689,1779.9833333333333,28.0,2.0,20.0,688.0,30.0
0.6140404040404042,11000.0,0.8,579.8559201141227,0.3741511766971398,1779.9833333333333,26.0,5.0,19.0,701.0,30.0
0.6140404040404042,11200.0,0.78,580.9573426573427,0.3736444165163278,1779.9833333333333,26.0,5.0,19.0,715.0,30.0
0.6140404040404042,11400.0,0.8,583.2945205479452,0.37814444692193866,2087.8709677419356,27.0,5.0,18.0,730.0,31.0
0.6140404040404042,11600.0,0.76,582.4715832205684,0.3843674619423104,2087.8709677419356,27.0,5.0,18.0,739.0,31.0
0.6140404040404042,11800.0,0.78,582.8733421750663,0.3889283035696187,2087.8709677419356,25.0,7.0,18.0,754.0,31.0
0.6140404040404042,12000.0,0.8,581.9516339869281,0.3910972371434942,2392.765625,26.0,6.0,18.0,765.0,32.0
0.6140404040404042,12200.0,0.78,583.6842783505155,0.3930837370522774,2392.765625,25.0,7.0,18.0,776.0,32.0
0.6140404040404042,12400.0,0.78,580.1694058154235,0.39063101777714715,2392.765625,29.0,3.0,18.0,791.0,32.0
0.6140404040404042,12600.0,0.8,579.5,0.3948067216670383,2392.765625,31.0,2.0,17.0,813.0,32.0
0.6140404040404042,12800.0,0.8,581.6913730255164,0.40058378772829545,2392.765625,28.0,5.0,17.0,823.0,32.0
0.6140404040404042,13000.0,0.78,578.6898203592814,0.405914904830438,2392.765625,30.0,3.0,17.0,835.0,32.0
0.6140404040404042,13200.0,0.8,581.6173349056604,0.4164757869985608,2716.8030303030305,31.0,2.0,17.0,848.0,33.0
0.6140404040404042,13400.0,0.76,583.7598837209302,0.41992175622808264,2716.8030303030305,30.0,3.0,17.0,860.0,33.0
0.6140404040404042,13600.0,0.78,584.8729977116705,0.41534064419354183,2716.8030303030305,30.0,3.0,17.0,874.0,33.0
0.6140404040404042,13800.0,0.78,583.8561030235162,0.41880688383029613,2716.8030303030305,30.0,4.0,16.0,893.0,33.0
0.6140404040404042,14000.0,0.8,583.9314159292036,0.42032716437273226,2716.8030303030305,30.0,4.0,16.0,904.0,33.0
0.6140404040404042,14200.0,0.76,583.5442139737992,0.4207325725173819,2716.8030303030305,30.0,4.0,16.0,916.0,33.0
0.6140404040404042,14400.0,0.8,584.5799136069114,0.42075284292461435,3057.529411764706,32.0,2.0,16.0,926.0,34.0
0.6140404040404042,14600.0,0.8,584.3958333333334,0.42032716437273226,3057.529411764706,31.0,3.0,16.0,936.0,34.0
0.6140404040404042,14800.0,0.78,586.7434827945776,0.41489469523442724,3057.529411764706,30.0,4.0,16.0,959.0,34.0
0.6140404040404042,15000.0,0.8,584.6320657759507,0.41132710356151053,3057.529411764706,30.0,4.0,16.0,973.0,34.0
0.6140404040404042,15200.0,0.76,582.9964430894308,0.40415137940121215,3057.529411764706,30.0,4.0,16.0,984.0,34.0
0.6140404040404042,15400.0,0.8,581.8198198198198,0.39681349198305393,3057.529411764706,31.0,3.0,16.0,999.0,34.0
0.6140404040404042,15600.0,0.8,579.3428290766208,0.39567834917803496,3057.529411764706,29.0,5.0,16.0,1018.0,34.0
0.6140404040404042,15800.0,0.78,579.3839458413927,0.3948675328887357,3057.529411764706,28.0,8.0,14.0,1034.0,34.0
0.6140404040404042,16000.0,0.8,579.2233333333334,0.3996716194028338,3057.529411764706,29.0,7.0,14.0,1050.0,34.0
0.6442424242424243,0.0,0.0,nan,0.015202805424360975,nan,0.0,0.0,50.0,0.0,0.0
0.6442424242424243,200.0,0.42,12.0,0.040540814464962605,nan,0.0,13.0,37.0,1.0,0.0
0.6442424242424243,400.0,0.7,12.5,0.08578436340786086,nan,0.0,18.0,32.0,2.0,0.0
0.6442424242424243,600.0,0.72,212.07142857142858,0.13210224393408063,552.8,5.0,14.0,31.0,7.0,5.0
0.6442424242424243,800.0,0.78,293.6,0.1744065838282691,614.9,10.0,10.0,30.0,10.0,10.0
0.6442424242424243,1000.0,0.78,335.625,0.2111365617335252,708.3333333333334,15.0,5.0,30.0,12.0,15.0
0.6442424242424243,1200.0,0.78,540.3888888888889,0.24140027973161982,734.8125,16.0,5.0,29.0,18.0,16.0
0.6442424242424243,1400.0,0.8,657.84,0.26724504895303347,763.0294117647059,17.0,5.0,28.0,25.0,17.0
0.6442424242424243,1600.0,0.72,816.702380952381,0.2851438185393145,807.75,18.0,4.0,28.0,42.0,18.0
0.6442424242424243,1800.0,0.74,766.6636363636363,0.29730606287880323,858.3421052631579,19.0,3.0,28.0,55.0,19.0
0.6442424242424243,2000.0,0.8,766.2222222222222,0.3063466645044899,911.975,20.0,2.0,28.0,72.0,20.0
0.6442424242424243,2200.0,0.78,714.1686746987951,0.30944803681105953,911.975,20.0,2.0,28.0,83.0,20.0
0.6442424242424243,2400.0,0.8,722.6894736842105,0.31471834269150467,979.047619047619,21.0,1.0,28.0,95.0,21.0
0.6442424242424243,2600.0,0.8,700.7429906542056,0.32268461273386984,1044.2727272727273,22.0,1.0,27.0,107.0,22.0
0.6442424242424243,2800.0,0.78,711.4529914529915,0.3233940769870067,1044.2727272727273,22.0,1.0,27.0,117.0,22.0
0.6442424242424243,3000.0,0.8,686.1390977443609,0.3255427401536497,1044.2727272727273,22.0,3.0,25.0,133.0,22.0
0.6442424242424243,3200.0,0.8,668.3959731543624,0.3312792654004419,1044.2727272727273,22.0,3.0,25.0,149.0,22.0
0.6442424242424243,3400.0,0.76,653.5853658536586,0.33215089291143857,1226.7083333333333,24.0,1.0,25.0,164.0,24.0
0.6442424242424243,3600.0,0.76,655.0977653631285,0.3366914641315144,1226.7083333333333,23.0,2.0,25.0,179.0,24.0
0.6442424242424243,3800.0,0.8,650.5882352941177,0.3421239332698194,1226.7083333333333,23.0,3.0,24.0,187.0,24.0
0.6442424242424243,4000.0,0.8,644.9371980676328,0.3439279995135102,1226.7083333333333,24.0,2.0,24.0,207.0,24.0
0.6442424242424243,4200.0,0.8,634.0452488687782,0.34484016783897187,1226.7083333333333,24.0,3.0,23.0,221.0,24.0
0.6442424242424243,4400.0,0.76,625.8417721518987,0.34488070865343684,1467.8461538461538,26.0,1.0,23.0,237.0,26.0
0.6442424242424243,4600.0,0.76,625.872,0.34834694829019114,1581.9814814814815,27.0,0.0,23.0,250.0,27.0
0.6442424242424243,4800.0,0.8,619.4583333333334,0.34844830032635354,1581.9814814814815,26.0,1.0,23.0,264.0,27.0
0.6442424242424243,5000.0,0.78,607.2616487455197,0.35063750430746154,1581.9814814814815,25.0,2.0,23.0,279.0,27.0
0.6442424242424243,5200.0,0.78,603.7239057239058,0.35517807552753733,1581.9814814814815,26.0,1.0,23.0,297.0,27.0
0.6442424242424243,5400.0,0.8,602.2594936708861,0.3591308049378712,1581.9814814814815,25.0,2.0,23.0,316.0,27.0
0.6442424242424243,5600.0,0.78,600.9862385321101,0.35787403968945736,1581.9814814814815,24.0,3.0,23.0,327.0,27.0
0.6442424242424243,5800.0,0.78,594.9201183431952,0.35688078973506576,1581.9814814814815,24.0,3.0,23.0,338.0,27.0
0.6442424242424243,6000.0,0.8,594.6837606837607,0.3566172744410435,1581.9814814814815,25.0,2.0,23.0,351.0,27.0
0.6442424242424243,6200.0,0.78,591.2506849315068,0.3600227028561004,1581.9814814814815,25.0,3.0,22.0,365.0,27.0
0.6442424242424243,6400.0,0.78,596.0564304461942,0.3632659680132974,1581.9814814814815,25.0,3.0,22.0,381.0,27.0
0.6442424242424243,6600.0,0.8,590.3435114503817,0.36373218737964447,1581.9814814814815,26.0,2.0,22.0,393.0,27.0
0.6442424242424243,6800.0,0.8,592.6355721393035,0.36093487118156203,1581.9814814814815,25.0,3.0,22.0,402.0,27.0
0.6442424242424243,7000.0,0.78,588.4223300970874,0.35623213670362636,1773.7142857142858,26.0,2.0,22.0,412.0,28.0
0.6442424242424243,7200.0,0.8,594.1873536299765,0.351245616524436,1773.7142857142858,24.0,4.0,22.0,427.0,28.0
0.6442424242424243,7400.0,0.78,596.7432126696832,0.35167129507631806,1773.7142857142858,25.0,3.0,22.0,442.0,28.0
0.6442424242424243,7600.0,0.78,596.1535947712418,0.361522712991304,1773.7142857142858,26.0,2.0,22.0,459.0,28.0
0.6442424242424243,7800.0,0.78,594.463906581741,0.3666308556138893,1773.7142857142858,27.0,1.0,22.0,471.0,28.0
0.6442424242424243,8000.0,0.78,594.4657676348547,0.3619078507287211,1773.7142857142858,27.0,1.0,22.0,482.0,28.0
0.6442424242424243,8200.0,0.78,592.9111111111112,0.35866458557152414,1773.7142857142858,27.0,1.0,22.0,495.0,28.0
0.6442424242424243,8400.0,0.76,590.6902912621359,0.3534956317272414,1773.7142857142858,25.0,3.0,22.0,515.0,28.0
0.6442424242424243,8600.0,0.8,590.3206831119545,0.35365779498510125,1773.7142857142858,25.0,3.0,22.0,527.0,28.0
0.6442424242424243,8800.0,0.76,595.2698706099815,0.35300914195366184,1773.7142857142858,24.0,4.0,22.0,541.0,28.0
0.6442424242424243,9000.0,0.78,594.1206896551724,0.35509699389860744,1773.7142857142858,25.0,3.0,22.0,551.0,28.0
0.6442424242424243,9200.0,0.8,594.2055160142348,0.35574564693004684,1773.7142857142858,24.0,4.0,22.0,562.0,28.0
0.6442424242424243,9400.0,0.78,593.731304347826,0.3543267184237731,1773.7142857142858,23.0,6.0,21.0,575.0,28.0
0.6442424242424243,9600.0,0.8,591.0713073005094,0.3600227028561004,1773.7142857142858,23.0,6.0,21.0,589.0,28.0
0.6442424242424243,9800.0,0.8,592.0240066225166,0.36659031479942433,1773.7142857142858,28.0,1.0,21.0,604.0,28.0
0.6442424242424243,10000.0,0.8,590.8861788617886,0.37119169724119755,2051.206896551724,28.0,3.0,19.0,615.0,29.0
0.6442424242424243,10200.0,0.8,592.5039872408294,0.3749619929864391,2051.206896551724,27.0,4.0,19.0,627.0,29.0
0.6442424242424243,10400.0,0.78,596.6643410852713,0.37901607443293533,2051.206896551724,27.0,4.0,19.0,645.0,29.0
0.6442424242424243,10600.0,0.78,594.2698170731708,0.37834715099426347,2334.6833333333334,27.0,4.0,19.0,656.0,30.0
0.6442424242424243,10800.0,0.76,593.5894187779434,0.3748809113575092,2334.6833333333334,27.0,4.0,19.0,671.0,30.0
0.6442424242424243,11000.0,0.78,594.6989795918367,0.3730971155210508,2334.6833333333334,28.0,3.0,19.0,686.0,30.0
0.6442424242424243,11200.0,0.76,590.6057142857143,0.3702997993229684,2334.6833333333334,26.0,5.0,19.0,700.0,30.0
0.6442424242424243,11400.0,0.8,588.3027777777778,0.36991466158555125,2334.6833333333334,26.0,5.0,19.0,720.0,30.0
0.6442424242424243,11600.0,0.8,591.6282401091405,0.36857681470820747,2334.6833333333334,27.0,4.0,19.0,733.0,30.0
0.6442424242424243,11800.0,0.8,590.9184636118598,0.36286055986864774,2334.6833333333334,26.0,5.0,19.0,742.0,30.0
0.6442424242424243,12000.0,0.78,588.6609498680739,0.35917134575233617,2334.6833333333334,25.0,6.0,19.0,758.0,30.0
0.6442424242424243,12200.0,0.8,586.4851804123712,0.36069162629477225,2334.6833333333334,26.0,5.0,19.0,776.0,30.0
0.6442424242424243,12400.0,0.78,582.1471698113207,0.3656781464739627,2653.8387096774195,26.0,6.0,18.0,795.0,31.0
0.6442424242424243,12600.0,0.78,582.6059479553903,0.3704822329880607,2653.8387096774195,26.0,6.0,18.0,807.0,31.0
0.6442424242424243,12800.0,0.8,582.1473105134475,0.37348225325846796,2653.8387096774195,25.0,7.0,18.0,818.0,31.0
0.6442424242424243,13000.0,0.78,581.1924460431654,0.3800498652017919,2973.15625,27.0,5.0,18.0,834.0,32.0
0.6442424242424243,13200.0,0.78,580.7520661157025,0.38313096710112904,2973.15625,26.0,6.0,18.0,847.0,32.0
0.6442424242424243,13400.0,0.8,581.3265424912689,0.38651612510895345,2973.15625,29.0,3.0,18.0,859.0,32.0
0.6442424242424243,13600.0,0.78,578.3393870601589,0.3849553037520524,2973.15625,27.0,5.0,18.0,881.0,32.0
0.6442424242424243,13800.0,0.8,578.3549832026875,0.3763606510854803,2973.15625,26.0,6.0,18.0,893.0,32.0
0.6442424242424243,14000.0,0.8,576.4609460946094,0.37824579895810106,2973.15625,25.0,7.0,18.0,909.0,32.0
0.6442424242424243,14200.0,0.8,578.1150054764513,0.38033365090304666,2973.15625,26.0,6.0,18.0,913.0,32.0
0.6442424242424243,14400.0,0.78,578.1977491961414,0.38582693126304907,2973.15625,28.0,4.0,18.0,933.0,32.0
0.6442424242424243,14600.0,0.8,577.2349524815206,0.39166480854600366,2973.15625,28.0,4.0,18.0,947.0,32.0
0.6442424242424243,14800.0,0.8,578.6065488565489,0.3949283441104332,2973.15625,26.0,7.0,17.0,962.0,32.0
0.6442424242424243,15000.0,0.8,578.0704008221994,0.39507023696106053,2973.15625,26.0,7.0,17.0,973.0,32.0
0.6442424242424243,15200.0,0.8,577.1974489795919,0.39247562483530296,2973.15625,25.0,8.0,17.0,980.0,32.0
0.6442424242424243,15400.0,0.8,578.9289314516129,0.38884722194068877,3348.348484848485,27.0,6.0,17.0,992.0,33.0
0.6442424242424243,15600.0,0.8,580.344742063492,0.38815802809478445,3348.348484848485,29.0,4.0,17.0,1008.0,33.0
0.6442424242424243,15800.0,0.78,581.550731707317,0.3928810329799526,3348.348484848485,29.0,5.0,16.0,1025.0,33.0
0.6442424242424243,16000.0,0.78,578.6179560649475,0.3934688747896945,3348.348484848485,30.0,4.0,16.0,1047.0,33.0
0.6744444444444445,0.0,0.0,nan,0.015202805424360975,nan,0.0,0.0,50.0,0.0,0.0
0.6744444444444445,200.0,0.38,1.0,0.04005432469138305,nan,0.0,14.0,36.0,1.0,0.0
0.6744444444444445,400.0,0.66,186.83333333333334,0.09150061824742059,nan,0.0,21.0,29.0,3.0,0.0
0.6744444444444445,600.0,0.78,243.5,0.1429874526179231,556.3333333333334,3.0,18.0,29.0,7.0,3.0
0.6744444444444445,800.0,0.8,294.35,0.18964993006709505,668.8333333333334,12.0,9.0,29.0,10.0,12.0
0.6744444444444445,1000.0,0.8,380.89285714285717,0.2325421117710255,759.85,20.0,1.0,29.0,14.0,20.0
0.6744444444444445,1200.0,0.8,432.10526315789474,0.2713396712139947,774.6666666666666,21.0,1.0,28.0,19.0,21.0
0.6744444444444445,1400.0,0.78,665.1166666666667,0.3004074351853729,774.6666666666666,21.0,1.0,28.0,30.0,21.0
0.6744444444444445,1600.0,0.74,738.4431818181819,0.3216305515577808,774.6666666666666,21.0,2.0,27.0,44.0,21.0
0.6744444444444445,1800.0,0.8,769.9272727272727,0.3286035716457544,774.6666666666666,21.0,2.0,27.0,55.0,21.0
0.6744444444444445,2000.0,0.74,752.5142857142857,0.3323333265765309,774.6666666666666,21.0,4.0,25.0,70.0,21.0
0.6744444444444445,2200.0,0.76,726.5548780487804,0.3348063162588936,834.0454545454545,22.0,3.0,25.0,82.0,22.0
0.6744444444444445,2400.0,0.76,695.9285714285714,0.336549571280887,834.0454545454545,22.0,3.0,25.0,98.0,22.0
0.6744444444444445,2600.0,0.8,711.7238095238096,0.33942796910789935,967.8541666666666,24.0,2.0,24.0,105.0,24.0
0.6744444444444445,2800.0,0.8,701.7564102564103,0.34368475462672043,967.8541666666666,24.0,3.0,23.0,117.0,24.0
0.6744444444444445,3000.0,0.8,696.7829457364342,0.3538199582429611,967.8541666666666,24.0,3.0,23.0,129.0,24.0
0.6744444444444445,3200.0,0.8,693.6094890510949,0.3628200190541828,1050.38,25.0,2.0,23.0,137.0,25.0
0.6744444444444445,3400.0,0.8,684.771875,0.36462408529787366,1138.9807692307693,26.0,2.0,22.0,160.0,26.0
0.6744444444444445,3600.0,0.8,668.4239766081871,0.372894411448726,1138.9807692307693,26.0,2.0,22.0,171.0,26.0
0.6744444444444445,3800.0,0.8,666.5983606557377,0.3753471307238562,1320.875,27.0,1.0,22.0,183.0,28.0
0.6744444444444445,4000.0,0.8,674.9973958333334,0.3754079419455537,1320.875,26.0,2.0,22.0,192.0,28.0
0.6744444444444445,4200.0,0.8,665.9158653846154,0.3740498246609774,1320.875,27.0,1.0,22.0,208.0,28.0
0.6744444444444445,4400.0,0.8,661.8727678571429,0.3768268704518274,1320.875,26.0,2.0,22.0,224.0,28.0
0.6744444444444445,4600.0,0.8,653.6987179487179,0.3747592889141143,1320.875,26.0,2.0,22.0,234.0,28.0
0.6744444444444445,4800.0,0.78,652.6385542168674,0.3706241258386881,1320.875,26.0,2.0,22.0,249.0,28.0
0.6744444444444445,5000.0,0.76,651.2653846153846,0.36809032493462795,1320.875,27.0,1.0,22.0,260.0,28.0
0.6744444444444445,5200.0,0.8,645.273381294964,0.36732004945979363,1320.875,27.0,1.0,22.0,278.0,28.0
0.6744444444444445,5400.0,0.78,642.8659793814433,0.3707254778748505,1320.875,27.0,1.0,22.0,291.0,28.0
0.6744444444444445,5600.0,0.78,637.760655737705,0.3682524881924878,1320.875,27.0,1.0,22.0,305.0,28.0
0.6744444444444445,5800.0,0.8,635.4416403785489,0.3631038047554375,1320.875,26.0,2.0,22.0,317.0,28.0
0.6744444444444445,6000.0,0.8,632.6333333333333,0.3574889019520402,1320.875,27.0,2.0,21.0,330.0,28.0
0.6744444444444445,6200.0,0.78,634.1798245614035,0.3583402590558044,1320.875,27.0,2.0,21.0,342.0,28.0
0.6744444444444445,6400.0,0.76,636.6750700280112,0.36109703443942187,1320.875,27.0,2.0,21.0,357.0,28.0
0.6744444444444445,6600.0,0.76,632.7946666666667,0.3651916567003831,1502.5,27.0,3.0,20.0,375.0,29.0
0.6744444444444445,6800.0,0.78,628.2010309278351,0.37088764113271033,1502.5,28.0,2.0,20.0,388.0,29.0
0.6744444444444445,7000.0,0.78,619.4007352941177,0.3732998195933756,1502.5,28.0,2.0,20.0,408.0,29.0
0.6744444444444445,7200.0,0.8,608.707345971564,0.37694849289522225,1502.5,28.0,2.0,20.0,422.0,29.0
0.6744444444444445,7400.0,0.8,610.796511627907,0.3818336610382503,1502.5,28.0,2.0,20.0,430.0,29.0
0.6744444444444445,7600.0,0.74,611.4055555555556,0.3832728599517564,1700.05,28.0,2.0,20.0,450.0,30.0
0.6744444444444445,7800.0,0.8,611.7254901960785,0.3872053189548578,1700.05,28.0,2.0,20.0,459.0,30.0
0.6744444444444445,8000.0,0.8,611.629746835443,0.38734721180548515,1700.05,29.0,2.0,19.0,474.0,30.0
0.6744444444444445,8200.0,0.8,612.5876826722338,0.3853404414894695,1700.05,29.0,2.0,19.0,479.0,30.0
0.6744444444444445,8400.0,0.78,618.8020202020202,0.38280664058540936,1700.05,28.0,3.0,19.0,495.0,30.0
0.6744444444444445,8600.0,0.8,617.6858846918489,0.382664747734782,1921.3709677419354,28.0,3.0,19.0,503.0,31.0
0.6744444444444445,8800.0,0.8,621.2990384615384,0.38325258954452396,1921.3709677419354,28.0,4.0,18.0,520.0,31.0
0.6744444444444445,9000.0,0.8,622.4651600753295,0.3829688038432692,1921.3709677419354,28.0,4.0,18.0,531.0,31.0
0.6744444444444445,9200.0,0.76,621.9326568265683,0.384266109906148,1921.3709677419354,28.0,5.0,17.0,542.0,31.0
0.6744444444444445,9400.0,0.8,621.1474820143885,0.38884722194068877,2151.640625,31.0,2.0,17.0,556.0,32.0
0.6744444444444445,9600.0,0.78,614.8713043478261,0.3852390894533071,2151.640625,27.0,6.0,17.0,575.0,32.0
0.6744444444444445,9800.0,0.8,614.742294520548,0.3838201609470334,2151.640625,25.0,9.0,16.0,584.0,32.0
0.6744444444444445,10000.0,0.78,614.55,0.3849147629375874,2387.969696969697,27.0,7.0,16.0,600.0,33.0
0.6744444444444445,10200.0,0.8,615.2238562091503,0.392394543206373,2613.1029411764707,30.0,4.0,16.0,612.0,34.0
0.6744444444444445,10400.0,0.76,611.7355769230769,0.39559726754910507,2613.1029411764707,29.0,5.0,16.0,624.0,34.0
0.6744444444444445,10600.0,0.8,609.3084112149533,0.39954999695943894,2613.1029411764707,28.0,6.0,16.0,642.0,34.0
0.6744444444444445,10800.0,0.8,610.2358778625954,0.40346218555530783,2613.1029411764707,27.0,7.0,16.0,655.0,34.0
0.6744444444444445,11000.0,0.8,610.5067064083457,0.4014554152392922,2613.1029411764707,26.0,8.0,16.0,671.0,34.0
0.6744444444444445,11200.0,0.78,608.1457725947522,0.3942391502645288,2613.1029411764707,28.0,6.0,16.0,686.0,34.0
0.6744444444444445,11400.0,0.78,605.9769784172662,0.38844181379603915,2613.1029411764707,28.0,7.0,15.0,695.0,34.0
0.6744444444444445,11600.0,0.78,605.2947813822285,0.3843674619423104,2613.1029411764707,27.0,8.0,15.0,709.0,34.0
0.6744444444444445,11800.0,0.8,604.9436717663422,0.3823809620335272,2872.1285714285714,26.0,9.0,15.0,719.0,35.0
0.6744444444444445,12000.0,0.8,607.1991814461119,0.386455313887256,2872.1285714285714,23.0,12.0,15.0,733.0,35.0
0.6744444444444445,12200.0,0.8,608.25935828877,0.3905904769626822,2872.1285714285714,25.0,10.0,15.0,748.0,35.0
0.6744444444444445,12400.0,0.76,607.5566534914361,0.39434050230069123,2872.1285714285714,26.0,9.0,15.0,759.0,35.0
0.6744444444444445,12600.0,0.8,608.120957309185,0.39494861451766566,2872.1285714285714,28.0,7.0,15.0,773.0,35.0
0.6744444444444445,12800.0,0.78,606.0423514538559,0.39354995641862445,2872.1285714285714,27.0,8.0,15.0,791.0,35.0
0.6744444444444445,13000.0,0.8,606.3327137546469,0.3900634463746377,2872.1285714285714,30.0,5.0,15.0,807.0,35.0
0.6744444444444445,13200.0,0.8,607.018315018315,0.3898607423023129,2872.1285714285714,30.0,5.0,15.0,819.0,35.0
0.6744444444444445,13400.0,0.8,606.12123039807,0.38874586990452636,2872.1285714285714,30.0,5.0,15.0,829.0,35.0
0.6744444444444445,13600.0,0.78,604.9101654846336,0.38823910972371434,2872.1285714285714,26.0,9.0,15.0,846.0,35.0
0.6744444444444445,13800.0,0.8,606.3591385331781,0.3855634159690268,2872.1285714285714,27.0,8.0,15.0,859.0,35.0
0.6744444444444445,14000.0,0.78,604.6178489702518,0.38412421705552063,2872.1285714285714,26.0,9.0,15.0,874.0,35.0
0.6744444444444445,14200.0,0.78,602.1877802690583,0.3831917783228265,2872.1285714285714,27.0,8.0,15.0,892.0,35.0
0.6744444444444445,14400.0,0.8,599.9806629834254,0.3897999310806154,2872.1285714285714,28.0,7.0,15.0,905.0,35.0
0.6744444444444445,14600.0,0.8,597.9528710725893,0.3905499361482172,2872.1285714285714,27.0,8.0,15.0,923.0,35.0
0.6744444444444445,14800.0,0.78,593.4755838641189,0.38923235967810593,2872.1285714285714,28.0,7.0,15.0,942.0,35.0
0.6744444444444445,15000.0,0.78,592.8319458896982,0.38290799262157177,2872.1285714285714,29.0,7.0,14.0,961.0,35.0
0.6744444444444445,15200.0,0.78,589.1615698267075,0.3813877120791357,2872.1285714285714,27.0,9.0,14.0,981.0,35.0
0.6744444444444445,15400.0,0.78,586.2567975830816,0.38497557415928485,3218.8888888888887,28.0,8.0,14.0,993.0,36.0
0.6744444444444445,15600.0,0.8,583.1122047244095,0.39166480854600366,3218.8888888888887,30.0,6.0,14.0,1016.0,36.0
0.6744444444444445,15800.0,0.78,582.4165048543689,0.39821215008209515,3218.8888888888887,31.0,6.0,13.0,1030.0,36.0
0.6744444444444445,16000.0,0.78,580.8419540229885,0.4020432570490341,3218.8888888888887,29.0,8.0,13.0,1044.0,36.0
0.7046464646464647,0.0,0.0,nan,0.015202805424360975,nan,0.0,0.0,50.0,0.0,0.0
0.7046464646464647,200.0,0.32,92.0,0.03964891654673342,nan,0.0,13.0,37.0,2.0,0.0
0.7046464646464647,400.0,0.66,106.75,0.09077088358705127,nan,0.0,22.0,28.0,4.0,0.0
0.7046464646464647,600.0,0.76,234.5,0.14803478401881093,530.75,4.0,20.0,26.0,7.0,4.0
0.7046464646464647,800.0,0.8,300.55,0.19672430219123102,653.0,14.0,11.0,25.0,10.0,14.0
0.7046464646464647,1000.0,0.8,403.0769230769231,0.239555672673464,715.4166666666666,18.0,7.0,25.0,13.0,18.0
0.7046464646464647,1200.0,0.8,504.5952380952381,0.2768329515739971,784.4545454545455,22.0,3.0,25.0,21.0,22.0
0.7046464646464647,1400.0,0.8,610.3571428571429,0.30348853708471,804.1304347826087,23.0,1.0,26.0,28.0,23.0
0.7046464646464647,1600.0,0.76,735.2619047619048,0.32045486793829686,804.1304347826087,22.0,2.0,26.0,42.0,23.0
0.7046464646464647,1800.0,0.8,787.0964912280701,0.3294143879350536,804.1304347826087,23.0,1.0,26.0,57.0,23.0
0.7046464646464647,2000.0,0.76,776.515625,0.3378266069365334,804.1304347826087,23.0,2.0,25.0,64.0,23.0
0.7046464646464647,2200.0,0.76,779.2283950617284,0.3391036425921797,804.1304347826087,23.0,2.0,25.0,81.0,23.0
0.7046464646464647,2400.0,0.8,721.8563829787234,0.3372387651267914,804.1304347826087,23.0,2.0,25.0,94.0,23.0
0.7046464646464647,2600.0,0.78,693.1026785714286,0.3351711835890783,875.2083333333334,24.0,0.0,26.0,112.0,24.0
0.7046464646464647,2800.0,0.78,669.276,0.33330630612369,875.2083333333334,23.0,2.0,25.0,125.0,24.0
0.7046464646464647,3000.0,0.78,651.075,0.3324549490199258,875.2083333333334,23.0,3.0,24.0,140.0,24.0
0.7046464646464647,3200.0,0.76,647.4506578947369,0.3327792755356455,875.2083333333334,23.0,4.0,23.0,152.0,24.0
0.7046464646464647,3400.0,0.76,651.4156626506024,0.33482658666612614,875.2083333333334,23.0,4.0,23.0,166.0,24.0
0.7046464646464647,3600.0,0.78,649.1972222222222,0.3411914945371253,982.72,23.0,6.0,21.0,180.0,25.0
0.7046464646464647,3800.0,0.78,649.6578947368421,0.3493604686518152,982.72,23.0,6.0,21.0,190.0,25.0
0.7046464646464647,4000.0,0.8,638.7437185929648,0.3535361725417064,1195.6851851851852,23.0,6.0,21.0,199.0,27.0
0.7046464646464647,4200.0,0.8,644.7358490566038,0.3570834938073906,1300.482142857143,25.0,4.0,21.0,212.0,28.0
0.7046464646464647,4400.0,0.8,642.2330316742082,0.3612186568828168,1300.482142857143,24.0,5.0,21.0,221.0,28.0
0.7046464646464647,4600.0,0.8,643.4058577405858,0.36342813127115725,1300.482142857143,24.0,5.0,21.0,239.0,28.0
0.7046464646464647,4800.0,0.78,643.942,0.3667322076500517,1300.482142857143,24.0,5.0,21.0,250.0,28.0
0.7046464646464647,5000.0,0.78,646.5996168582376,0.36511057507145317,1300.482142857143,24.0,5.0,21.0,261.0,28.0
0.7046464646464647,5200.0,0.76,640.2632508833922,0.363164615977135,1300.482142857143,25.0,5.0,20.0,283.0,28.0
0.7046464646464647,5400.0,0.8,633.9615384615385,0.3654349015871729,1300.482142857143,25.0,5.0,20.0,299.0,28.0
0.7046464646464647,5600.0,0.8,628.6884984025559,0.3658403097318225,1300.482142857143,25.0,6.0,19.0,313.0,28.0
0.7046464646464647,5800.0,0.74,615.3723723723724,0.367502483124886,1300.482142857143,24.0,7.0,19.0,333.0,28.0
0.7046464646464647,6000.0,0.8,604.5689655172414,0.36896195244562463,1300.482142857143,23.0,8.0,19.0,348.0,28.0
0.7046464646464647,6200.0,0.8,598.5320334261838,0.3692254677396469,1467.8793103448277,24.0,7.0,19.0,359.0,29.0
0.7046464646464647,6400.0,0.76,601.6770270270271,0.37240792167514647,1467.8793103448277,25.0,6.0,19.0,370.0,29.0
0.7046464646464647,6600.0,0.8,595.1294871794872,0.37153629416414974,1467.8793103448277,25.0,6.0,19.0,390.0,29.0
0.7046464646464647,6800.0,0.76,597.7344913151364,0.3746579368779519,1642.2833333333333,25.0,6.0,19.0,403.0,30.0
0.7046464646464647,7000.0,0.8,600.0751789976134,0.3757930796829708,1642.2833333333333,27.0,3.0,20.0,419.0,30.0
0.7046464646464647,7200.0,0.78,596.3921113689095,0.37838769180872844,1642.2833333333333,26.0,4.0,20.0,431.0,30.0
0.7046464646464647,7400.0,0.76,594.2020316027088,0.3763809214927128,1642.2833333333333,26.0,4.0,20.0,443.0,30.0
0.7046464646464647,7600.0,0.8,597.1873638344226,0.37615794701315547,1642.2833333333333,26.0,5.0,19.0,459.0,30.0
0.7046464646464647,7800.0,0.72,594.7807933194155,0.3814282528936006,1642.2833333333333,27.0,4.0,19.0,479.0,30.0
0.7046464646464647,8000.0,0.8,591.3734693877551,0.3884823546105041,1642.2833333333333,27.0,5.0,18.0,490.0,30.0
0.7046464646464647,8200.0,0.78,593.1974206349206,0.39207021669065334,1642.2833333333333,28.0,6.0,16.0,504.0,30.0
0.7046464646464647,8400.0,0.8,588.0671785028791,0.394076987006669,1642.2833333333333,27.0,7.0,16.0,521.0,30.0
0.7046464646464647,8600.0,0.76,584.9055555555556,0.39875945107737215,1862.032258064516,29.0,5.0,16.0,540.0,31.0
0.7046464646464647,8800.0,0.78,583.7172727272728,0.40366488962763264,2276.5757575757575,30.0,4.0,16.0,550.0,33.0
0.7046464646464647,9000.0,0.78,582.7544483985765,0.40350272636977275,2470.720588235294,30.0,4.0,16.0,562.0,34.0
0.7046464646464647,9200.0,0.8,584.2729636048526,0.40818519044047596,2470.720588235294,29.0,6.0,15.0,577.0,34.0
0.7046464646464647,9400.0,0.8,582.0898305084746,0.4094824965033548,2470.720588235294,28.0,8.0,14.0,590.0,34.0
0.7046464646464647,9600.0,0.78,583.7079866888519,0.4067257211197373,2672.7571428571428,27.0,9.0,14.0,601.0,35.0
0.7046464646464647,9800.0,0.8,584.2783251231527,0.4069486955992946,2672.7571428571428,26.0,10.0,14.0,609.0,35.0
0.7046464646464647,10000.0,0.78,587.6773162939297,0.4061986905316928,2672.7571428571428,24.0,13.0,13.0,626.0,35.0
0.7046464646464647,10200.0,0.76,584.4711838006231,0.409746011797377,2672.7571428571428,27.0,10.0,13.0,642.0,35.0
0.7046464646464647,10400.0,0.78,582.4461305007587,0.41193521577848496,2672.7571428571428,26.0,11.0,13.0,659.0,35.0
0.7046464646464647,10600.0,0.78,584.5877061469265,0.415725781930959,2672.7571428571428,26.0,11.0,13.0,667.0,35.0
0.7046464646464647,10800.0,0.78,583.875,0.41223927188697224,2672.7571428571428,24.0,13.0,13.0,684.0,35.0
0.7046464646464647,11000.0,0.78,582.2345767575323,0.4092189812093325,2900.597222222222,26.0,11.0,13.0,697.0,36.0
0.7046464646464647,11200.0,0.78,585.9019607843137,0.4091987108021,2900.597222222222,27.0,10.0,13.0,714.0,36.0
0.7046464646464647,11400.0,0.78,583.8975240715268,0.40842843532726575,2900.597222222222,27.0,11.0,12.0,727.0,36.0
0.7046464646464647,11600.0,0.78,583.502027027027,0.40609733849553037,2900.597222222222,27.0,12.0,11.0,740.0,36.0
0.7046464646464647,11800.0,0.8,581.5299600532624,0.41217846066527475,3138.6216216216217,29.0,10.0,11.0,751.0,37.0
0.7046464646464647,12000.0,0.78,583.088772845953,0.41986094500638516,3585.551282051282,35.0,4.0,11.0,766.0,39.0
0.7046464646464647,12200.0,0.8,579.8965517241379,0.41977986337745526,3585.551282051282,30.0,9.0,11.0,783.0,39.0
0.7046464646464647,12400.0,0.8,579.2263092269327,0.41793525631929945,3585.551282051282,33.0,6.0,11.0,802.0,39.0
0.7046464646464647,12600.0,0.74,579.0581395348837,0.4141446901668254,3585.551282051282,32.0,7.0,11.0,817.0,39.0
0.7046464646464647,12800.0,0.8,579.0478787878787,0.41264468003162186,3585.551282051282,29.0,10.0,11.0,825.0,39.0
0.7046464646464647,13000.0,0.76,578.211743772242,0.4089351955080778,3585.551282051282,29.0,10.0,11.0,843.0,39.0
0.7046464646464647,13200.0,0.78,576.3051044083527,0.4043743538807695,3585.551282051282,30.0,9.0,11.0,862.0,39.0
0.7046464646464647,13400.0,0.78,572.7838452787258,0.3979891756025379,3585.551282051282,25.0,14.0,11.0,879.0,39.0
0.7046464646464647,13600.0,0.78,572.7486002239642,0.39115804836519164,3585.551282051282,26.0,13.0,11.0,893.0,39.0
0.7046464646464647,13800.0,0.78,572.2002200220022,0.3908134514422395,3585.551282051282,25.0,14.0,11.0,909.0,39.0
0.7046464646464647,14000.0,0.8,571.1432461873638,0.3947661808525733,3585.551282051282,29.0,11.0,10.0,918.0,39.0
0.7046464646464647,14200.0,0.8,574.0349462365591,0.3983945837471875,3585.551282051282,29.0,11.0,10.0,930.0,39.0
0.7046464646464647,14400.0,0.76,573.4894625922024,0.40484057324711653,3851.025,30.0,10.0,10.0,949.0,40.0
0.7046464646464647,14600.0,0.78,570.776397515528,0.41392171568726815,3851.025,32.0,8.0,10.0,966.0,40.0
0.7046464646464647,14800.0,0.8,570.4638860630722,0.4195366184906655,3851.025,33.0,7.0,10.0,983.0,40.0
0.7046464646464647,15000.0,0.76,568.2412587412588,0.42016500111487237,3851.025,32.0,8.0,10.0,1001.0,40.0
0.7046464646464647,15200.0,0.78,564.0674212598425,0.4224150163176778,3851.025,33.0,7.0,10.0,1016.0,40.0
0.7046464646464647,15400.0,0.8,563.4524733268671,0.42397583767457886,3851.025,32.0,8.0,10.0,1031.0,40.0
0.7046464646464647,15600.0,0.8,563.532982791587,0.4189893174953885,3851.025,29.0,11.0,10.0,1046.0,40.0
0.7046464646464647,15800.0,0.78,564.9820923656928,0.4144892870897776,3851.025,30.0,10.0,10.0,1061.0,40.0
0.7046464646464647,16000.0,0.8,563.9694161260427,0.40816492003324345,3851.025,30.0,10.0,10.0,1079.0,40.0
0.734848484848485,0.0,0.0,nan,0.015202805424360975,nan,0.0,0.0,50.0,0.0,0.0
0.734848484848485,200.0,0.32,130.5,0.03962864613950094,nan,0.0,13.0,37.0,1.0,0.0
0.734848484848485,400.0,0.7,100.5,0.08243974621450145,nan,0.0,16.0,34.0,3.0,0.0
0.734848484848485,600.0,0.74,327.2142857142857,0.1293251981432307,554.5714285714286,7.0,12.0,31.0,7.0,7.0
0.734848484848485,800.0,0.74,370.42857142857144,0.16895384428273164,622.3846153846154,13.0,7.0,30.0,14.0,13.0
0.734848484848485,1000.0,0.8,416.14285714285717,0.20957574037662416,677.53125,16.0,4.0,30.0,21.0,16.0
0.734848484848485,1200.0,0.78,555.8448275862069,0.24200839194859425,720.1666666666666,17.0,3.0,30.0,29.0,18.0
0.734848484848485,1400.0,0.76,633.8513513513514,0.26361664605841933,720.1666666666666,17.0,3.0,30.0,37.0,18.0
0.734848484848485,1600.0,0.76,632.8269230769231,0.27462347718565666,797.1,19.0,3.0,28.0,52.0,20.0
0.734848484848485,1800.0,0.78,651.5234375,0.2824681247846269,797.1,19.0,3.0,28.0,64.0,20.0
0.734848484848485,2000.0,0.78,650.1959459459459,0.2821843390833722,797.1,19.0,3.0,28.0,74.0,20.0
0.734848484848485,2200.0,0.76,649.0934065934066,0.2794478341069872,797.1,19.0,3.0,28.0,91.0,20.0
0.734848484848485,2400.0,0.8,631.6415094339623,0.28092757383495837,797.1,19.0,4.0,27.0,106.0,20.0
0.734848484848485,2600.0,0.76,644.7586206896551,0.28319785944499626,797.1,19.0,4.0,27.0,116.0,20.0
0.734848484848485,2800.0,0.74,637.4884615384616,0.2875762674072122,797.1,19.0,4.0,27.0,130.0,20.0
0.734848484848485,3000.0,0.78,636.8993055555555,0.28755599699997975,797.1,20.0,4.0,26.0,144.0,20.0
0.734848484848485,3200.0,0.8,622.9937888198758,0.2913465631524537,905.547619047619,21.0,3.0,26.0,161.0,21.0
0.734848484848485,3400.0,0.8,623.3563218390805,0.2957047007074372,1010.4545454545455,21.0,3.0,26.0,174.0,22.0
0.734848484848485,3600.0,0.8,618.9972677595629,0.2934344150973993,1119.8695652173913,21.0,4.0,25.0,183.0,23.0
0.734848484848485,3800.0,0.8,610.394472361809,0.2965763282184339,1119.8695652173913,22.0,3.0,25.0,199.0,23.0
0.734848484848485,4000.0,0.8,608.5825471698113,0.30182636369164656,1119.8695652173913,23.0,2.0,25.0,212.0,23.0
0.734848484848485,4200.0,0.8,618.1740088105727,0.3080899195264833,1119.8695652173913,22.0,3.0,25.0,227.0,23.0
0.734848484848485,4400.0,0.76,611.2016806722689,0.314900776356597,1119.8695652173913,23.0,2.0,25.0,238.0,23.0
0.734848484848485,4600.0,0.78,611.501953125,0.31832647517888635,1119.8695652173913,23.0,2.0,25.0,256.0,23.0
0.734848484848485,4800.0,0.76,607.4307116104869,0.32274542395556727,1119.8695652173913,23.0,2.0,25.0,267.0,23.0
0.734848484848485,5000.0,0.76,597.5470383275261,0.3264751788863438,1274.5208333333333,24.0,1.0,25.0,287.0,24.0
0.734848484848485,5200.0,0.8,593.0610169491525,0.329596821600146,1274.5208333333333,23.0,3.0,24.0,295.0,24.0
0.734848484848485,5400.0,0.78,592.6109324758843,0.33835363752457787,1274.5208333333333,23.0,3.0,24.0,311.0,24.0
0.734848484848485,5600.0,0.78,595.7798742138365,0.34358340259055803,1598.3076923076924,25.0,1.0,24.0,318.0,26.0
0.734848484848485,5800.0,0.8,589.4437869822485,0.3443131372509274,1598.3076923076924,25.0,1.0,24.0,338.0,26.0
0.734848484848485,6000.0,0.78,596.728045325779,0.3428942087446537,1598.3076923076924,24.0,2.0,24.0,353.0,26.0
0.734848484848485,6200.0,0.78,596.8658536585366,0.3422252853059818,1598.3076923076924,23.0,3.0,24.0,369.0,26.0
0.734848484848485,6400.0,0.8,592.5691906005222,0.3391644538138771,1598.3076923076924,24.0,2.0,24.0,383.0,26.0
0.734848484848485,6600.0,0.78,580.6482412060302,0.33622524476516735,1598.3076923076924,24.0,2.0,24.0,398.0,26.0
0.734848484848485,6800.0,0.78,580.5514354066986,0.3330225204224353,1598.3076923076924,25.0,2.0,23.0,418.0,26.0
0.734848484848485,7000.0,0.8,581.1712962962963,0.33186710721018386,1598.3076923076924,25.0,2.0,23.0,432.0,26.0
0.734848484848485,7200.0,0.78,578.7038288288288,0.32971844404354084,1802.111111111111,26.0,1.0,23.0,444.0,27.0
0.734848484848485,7400.0,0.78,578.6815217391304,0.331704943952324,1802.111111111111,25.0,2.0,23.0,460.0,27.0
0.734848484848485,7600.0,0.8,574.4036016949152,0.32947519915675105,1802.111111111111,25.0,2.0,23.0,472.0,27.0
0.734848484848485,7800.0,0.8,566.7269938650306,0.32819816350110476,1802.111111111111,24.0,3.0,23.0,489.0,27.0
0.734848484848485,8000.0,0.8,570.7825651302605,0.32525895445239494,1802.111111111111,22.0,5.0,23.0,499.0,27.0
0.734848484848485,8200.0,0.8,571.115234375,0.32442786775586324,1802.111111111111,21.0,7.0,22.0,512.0,27.0
0.734848484848485,8400.0,0.8,569.6463878326996,0.3239008371678187,1802.111111111111,23.0,5.0,22.0,526.0,27.0
0.734848484848485,8600.0,0.76,571.0961538461538,0.32675896458759857,2042.142857142857,26.0,3.0,21.0,546.0,28.0
0.734848484848485,8800.0,0.8,571.2544802867384,0.3270630206960858,2042.142857142857,25.0,4.0,21.0,558.0,28.0
0.734848484848485,9000.0,0.8,571.3652173913043,0.32690085743822594,2042.142857142857,25.0,4.0,21.0,575.0,28.0
0.734848484848485,9200.0,0.8,570.4148211243612,0.3303062858532828,2042.142857142857,23.0,6.0,21.0,587.0,28.0
0.734848484848485,9400.0,0.78,566.8167495854063,0.3375428212352786,2293.051724137931,24.0,5.0,21.0,603.0,29.0
0.734848484848485,9600.0,0.78,566.4845276872965,0.34141446901668254,2293.051724137931,24.0,6.0,20.0,614.0,29.0
0.734848484848485,9800.0,0.8,566.9636650868879,0.3449212494679018,2293.051724137931,25.0,5.0,20.0,633.0,29.0
0.734848484848485,10000.0,0.8,567.3579192546584,0.3469482901911499,2293.051724137931,25.0,6.0,19.0,644.0,29.0
0.734848484848485,10200.0,0.8,568.3531202435312,0.3476374840370543,2293.051724137931,25.0,7.0,18.0,657.0,29.0
0.734848484848485,10400.0,0.8,569.3556547619048,0.35108345326657614,2810.7419354838707,26.0,6.0,18.0,672.0,31.0
0.734848484848485,10600.0,0.78,566.887026239067,0.35390103987189103,2810.7419354838707,26.0,6.0,18.0,686.0,31.0
0.734848484848485,10800.0,0.78,566.0050071530758,0.36089433036709706,3058.203125,29.0,3.0,18.0,699.0,32.0
0.734848484848485,11000.0,0.8,567.4408450704225,0.3640362434881317,3058.203125,28.0,5.0,17.0,710.0,32.0
0.734848484848485,11200.0,0.8,570.3002773925105,0.3682524881924878,3058.203125,29.0,5.0,16.0,721.0,32.0
0.734848484848485,11400.0,0.8,572.0551771117166,0.3704214217663633,3058.203125,28.0,6.0,16.0,734.0,32.0
0.734848484848485,11600.0,0.8,569.7476572958501,0.3704416921735958,3315.0151515151515,27.0,7.0,16.0,747.0,33.0
0.734848484848485,11800.0,0.76,571.7094240837696,0.368009243305698,3315.0151515151515,26.0,9.0,15.0,764.0,33.0
0.734848484848485,12000.0,0.78,568.8021766965429,0.369144386110717,3566.573529411765,27.0,8.0,15.0,781.0,34.0
0.734848484848485,12200.0,0.8,572.6065573770492,0.37248900330407636,3566.573529411765,26.0,9.0,15.0,793.0,34.0
0.734848484848485,12400.0,0.72,570.7944099378882,0.3745565848417895,3818.4,26.0,9.0,15.0,805.0,35.0
0.734848484848485,12600.0,0.78,569.2658536585366,0.37719173778201204,3818.4,27.0,8.0,15.0,820.0,35.0
0.734848484848485,12800.0,0.78,569.5222623345367,0.37879309995337807,3818.4,26.0,11.0,13.0,831.0,35.0
0.734848484848485,13000.0,0.78,569.7069988137604,0.3838201609470334,3818.4,26.0,11.0,13.0,843.0,35.0
0.734848484848485,13200.0,0.8,571.8149010477299,0.3854823343400969,3818.4,26.0,11.0,13.0,859.0,35.0
0.734848484848485,13400.0,0.78,570.4897377423033,0.38649585470172093,4080.5138888888887,27.0,10.0,13.0,877.0,36.0
0.734848484848485,13600.0,0.8,572.3348416289592,0.3892729004925709,4334.905405405405,26.0,11.0,13.0,884.0,37.0
0.734848484848485,13800.0,0.78,570.0105908584169,0.3907120994060771,4334.905405405405,29.0,8.0,13.0,897.0,37.0
0.734848484848485,14000.0,0.8,571.5660066006601,0.3869823444753005,4334.905405405405,27.0,9.0,14.0,909.0,37.0
0.734848484848485,14200.0,0.8,572.1360691144708,0.383718808910871,4334.905405405405,24.0,12.0,14.0,926.0,37.0
0.734848484848485,14400.0,0.8,573.2457173447538,0.38055662538260393,4334.905405405405,25.0,11.0,14.0,934.0,37.0
0.734848484848485,14600.0,0.8,573.6281380753138,0.3774755234832668,4334.905405405405,28.0,8.0,14.0,956.0,37.0
0.734848484848485,14800.0,0.8,572.6695696721312,0.3776174163338942,4334.905405405405,27.0,9.0,14.0,976.0,37.0
0.734848484848485,15000.0,0.76,570.0352112676056,0.3780228244785438,4334.905405405405,26.0,11.0,13.0,994.0,37.0
0.734848484848485,15200.0,0.8,567.347263681592,0.3826850181420145,4334.905405405405,25.0,12.0,13.0,1005.0,37.0
0.734848484848485,15400.0,0.76,567.3014705882352,0.38459043642186774,4334.905405405405,25.0,12.0,13.0,1020.0,37.0
0.734848484848485,15600.0,0.78,567.1571290009699,0.3858877424847465,4334.905405405405,25.0,13.0,12.0,1031.0,37.0
0.734848484848485,15800.0,0.8,567.7780979827089,0.38412421705552063,4334.905405405405,24.0,14.0,12.0,1041.0,37.0
0.734848484848485,16000.0,0.8,568.6012298959319,0.3785295846593558,4641.105263157895,24.0,14.0,12.0,1057.0,38.0
0.7650505050505052,0.0,0.0,nan,0.015202805424360975,nan,0.0,0.0,50.0,0.0,0.0
0.7650505050505052,200.0,0.34,130.5,0.03987189102629072,nan,0.0,12.0,38.0,1.0,0.0
0.7650505050505052,400.0,0.68,200.25,0.08031135345509091,nan,0.0,16.0,34.0,4.0,0.0
0.7650505050505052,600.0,0.78,206.85,0.12685220846086798,528.25,4.0,16.0,30.0,10.0,4.0
0.7650505050505052,800.0,0.72,265.55882352941177,0.17286603287860053,648.5909090909091,11.0,10.0,29.0,17.0,11.0
0.7650505050505052,1000.0,0.8,318.0238095238095,0.2035756998358097,699.3571428571429,14.0,7.0,29.0,21.0,14.0
0.7650505050505052,1200.0,0.8,391.4807692307692,0.2297042547584781,743.53125,15.0,6.0,29.0,26.0,16.0
0.7650505050505052,1400.0,0.78,536.6315789473684,0.24971114669693714,805.3888888888889,17.0,5.0,28.0,38.0,18.0
0.7650505050505052,1600.0,0.76,657.1037735849056,0.26783289076277544,805.3888888888889,17.0,5.0,28.0,53.0,18.0
0.7650505050505052,1800.0,0.78,671.640625,0.27658970668720734,851.2105263157895,18.0,4.0,28.0,64.0,19.0
0.7650505050505052,2000.0,0.8,673.6025641025641,0.2777653903066913,906.525,19.0,3.0,28.0,78.0,20.0
0.7650505050505052,2200.0,0.8,630.4836956521739,0.28429246143555026,906.525,19.0,5.0,26.0,92.0,20.0
0.7650505050505052,2400.0,0.78,634.2815533980582,0.2975695781728255,977.4047619047619,21.0,4.0,25.0,103.0,21.0
0.7650505050505052,2600.0,0.76,643.0347826086957,0.30727910323718405,977.4047619047619,20.0,4.0,26.0,115.0,21.0
0.7650505050505052,2800.0,0.8,634.8217054263566,0.31660349056412546,1055.9772727272727,21.0,3.0,26.0,129.0,22.0
0.7650505050505052,3000.0,0.78,637.4295774647887,0.3271643727322482,1209.25,23.0,2.0,25.0,142.0,24.0
0.7650505050505052,3200.0,0.76,623.1855345911949,0.3373198467557213,1209.25,23.0,3.0,24.0,159.0,24.0
0.7650505050505052,3400.0,0.8,628.4730538922156,0.34147528023838,1209.25,23.0,3.0,24.0,167.0,24.0
0.7650505050505052,3600.0,0.78,625.7752808988764,0.34368475462672043,1301.12,23.0,3.0,24.0,178.0,25.0
0.7650505050505052,3800.0,0.8,625.7512953367876,0.3405023006912209,1301.12,24.0,2.0,24.0,193.0,25.0
0.7650505050505052,4000.0,0.8,615.414691943128,0.3383130967101129,1301.12,25.0,1.0,24.0,211.0,25.0
0.7650505050505052,4200.0,0.76,613.7146017699115,0.3390631017777147,1301.12,25.0,2.0,23.0,226.0,25.0
0.7650505050505052,4400.0,0.78,610.4586776859504,0.34078608639247565,1301.12,24.0,3.0,23.0,242.0,25.0
0.7650505050505052,4600.0,0.78,600.9842519685039,0.3437252954411854,1301.12,24.0,2.0,24.0,254.0,25.0
0.7650505050505052,4800.0,0.8,591.7089552238806,0.34246853019277157,1301.12,22.0,4.0,24.0,268.0,25.0
0.7650505050505052,5000.0,0.8,601.3221830985915,0.3426712342650964,1440.326923076923,24.0,3.0,23.0,284.0,26.0
0.7650505050505052,5200.0,0.8,599.7983050847457,0.3450631423185292,1440.326923076923,24.0,3.0,23.0,295.0,26.0
0.7650505050505052,5400.0,0.8,599.2064516129033,0.3462590963452456,1440.326923076923,24.0,3.0,23.0,310.0,26.0
0.7650505050505052,5600.0,0.78,587.0045731707318,0.3516104838546206,1440.326923076923,25.0,2.0,23.0,328.0,26.0
0.7650505050505052,5800.0,0.78,585.9454277286136,0.3524415705511524,1596.462962962963,26.0,2.0,22.0,339.0,27.0
0.7650505050505052,6000.0,0.8,587.4619718309859,0.35292806032473195,1596.462962962963,23.0,5.0,22.0,355.0,27.0
0.7650505050505052,6200.0,0.78,590.6703296703297,0.34974560638923236,1596.462962962963,23.0,5.0,22.0,364.0,27.0
0.7650505050505052,6400.0,0.78,592.0952380952381,0.35454969290333044,1596.462962962963,25.0,3.0,22.0,378.0,27.0
0.7650505050505052,6600.0,0.78,590.3080808080808,0.35698214177122817,1596.462962962963,26.0,2.0,22.0,396.0,27.0
0.7650505050505052,6800.0,0.78,587.700488997555,0.3543469888310056,1596.462962962963,25.0,3.0,22.0,409.0,27.0
0.7650505050505052,7000.0,0.78,589.4061757719714,0.3484280299191211,1596.462962962963,25.0,3.0,22.0,421.0,27.0
0.7650505050505052,7200.0,0.8,591.3848837209302,0.3470496422273123,1596.462962962963,24.0,4.0,22.0,430.0,27.0
0.7650505050505052,7400.0,0.78,592.4394618834081,0.3421847444915168,1596.462962962963,24.0,5.0,21.0,446.0,27.0
0.7650505050505052,7600.0,0.8,587.4466230936819,0.3453469280197839,1596.462962962963,24.0,6.0,20.0,459.0,27.0
0.7650505050505052,7800.0,0.8,586.9926778242677,0.3543672592382381,1596.462962962963,25.0,6.0,19.0,478.0,27.0
0.7650505050505052,8000.0,0.8,582.1428571428571,0.35896864168001136,1824.4285714285713,25.0,6.0,19.0,490.0,28.0
0.7650505050505052,8200.0,0.8,583.3059405940594,0.3663876107270995,2042.948275862069,27.0,4.0,19.0,505.0,29.0
0.7650505050505052,8400.0,0.8,580.3824091778203,0.36981330954938885,2251.6666666666665,28.0,3.0,19.0,523.0,30.0
0.7650505050505052,8600.0,0.78,577.3438661710037,0.37295522267042347,2450.5967741935483,29.0,2.0,19.0,538.0,31.0
0.7650505050505052,8800.0,0.78,579.5824175824176,0.38229988040459734,2450.5967741935483,27.0,4.0,19.0,546.0,31.0
0.7650505050505052,9000.0,0.8,585.0460288808664,0.38377962013256844,2450.5967741935483,28.0,3.0,19.0,554.0,31.0
0.7650505050505052,9200.0,0.78,585.8500897666069,0.3866985587740458,2450.5967741935483,27.0,4.0,19.0,557.0,31.0
0.7650505050505052,9400.0,0.8,590.1125654450262,0.38617152818600126,2450.5967741935483,25.0,6.0,19.0,573.0,31.0
0.7650505050505052,9600.0,0.8,595.258064516129,0.3784282326231934,2450.5967741935483,25.0,6.0,19.0,589.0,31.0
0.7650505050505052,9800.0,0.8,594.9423076923077,0.37581335009020334,2450.5967741935483,25.0,6.0,19.0,598.0,31.0
0.7650505050505052,10000.0,0.78,596.6535303776683,0.37204305434496177,2450.5967741935483,26.0,5.0,19.0,609.0,31.0
0.7650505050505052,10200.0,0.8,600.66,0.3682322177852553,2450.5967741935483,25.0,6.0,19.0,625.0,31.0
0.7650505050505052,10400.0,0.8,599.0188679245283,0.3634484016783897,2450.5967741935483,24.0,7.0,19.0,636.0,31.0
0.7650505050505052,10600.0,0.8,602.9091614906832,0.36028621815012263,2450.5967741935483,23.0,8.0,19.0,644.0,31.0
0.7650505050505052,10800.0,0.8,602.8630136986301,0.3589281008655464,2450.5967741935483,21.0,10.0,19.0,657.0,31.0
0.7650505050505052,11000.0,0.78,605.624251497006,0.35852269272089676,2450.5967741935483,23.0,9.0,18.0,668.0,31.0
0.7650505050505052,11200.0,0.8,601.7707423580786,0.3592524273812661,2450.5967741935483,23.0,9.0,18.0,687.0,31.0
0.7650505050505052,11400.0,0.78,602.0356125356126,0.369103845296252,2450.5967741935483,25.0,7.0,18.0,702.0,31.0
0.7650505050505052,11600.0,0.78,602.3657342657343,0.377232278596477,2734.609375,28.0,4.0,18.0,715.0,32.0
0.7650505050505052,11800.0,0.8,600.8986301369863,0.37190116149433444,2734.609375,28.0,4.0,18.0,730.0,32.0
0.7650505050505052,12000.0,0.8,601.3758434547908,0.36936736059027425,2734.609375,28.0,4.0,18.0,741.0,32.0
0.7650505050505052,12200.0,0.8,598.6800262812089,0.36847546267204506,2734.609375,27.0,5.0,18.0,761.0,32.0
0.7650505050505052,12400.0,0.78,598.2181467181467,0.3701781768795735,2734.609375,26.0,6.0,18.0,777.0,32.0
0.7650505050505052,12600.0,0.8,596.1702668360864,0.36762410556828085,2734.609375,25.0,7.0,18.0,787.0,32.0
0.7650505050505052,12800.0,0.78,595.7788819875776,0.3615024425840715,2734.609375,26.0,6.0,18.0,805.0,32.0
0.7650505050505052,13000.0,0.76,590.5718635809988,0.3629213710903452,2734.609375,27.0,6.0,17.0,821.0,32.0
0.7650505050505052,13200.0,0.8,586.8383233532934,0.36044838140798247,2734.609375,26.0,7.0,17.0,835.0,32.0
0.7650505050505052,13400.0,0.78,587.0253239104829,0.36016459570672776,2734.609375,26.0,7.0,17.0,849.0,32.0
0.7650505050505052,13600.0,0.78,589.2442528735633,0.3666308556138893,3062.818181818182,26.0,7.0,17.0,870.0,33.0
0.7650505050505052,13800.0,0.78,582.8861330326945,0.37076601868931547,3062.818181818182,28.0,5.0,17.0,887.0,33.0
0.7650505050505052,14000.0,0.8,580.7990033222592,0.37670524800843247,3062.818181818182,28.0,6.0,16.0,903.0,33.0
0.7650505050505052,14200.0,0.8,581.4168490153173,0.3826444773275495,3062.818181818182,26.0,8.0,16.0,914.0,33.0
0.7650505050505052,14400.0,0.78,581.3908108108108,0.3860296353353739,3062.818181818182,24.0,10.0,16.0,925.0,33.0
0.7650505050505052,14600.0,0.8,579.3958333333334,0.37986743153669955,3398.8382352941176,25.0,9.0,16.0,936.0,34.0
0.7650505050505052,14800.0,0.8,582.5994736842106,0.37269170737640117,3398.8382352941176,23.0,11.0,16.0,950.0,34.0
0.7650505050505052,15000.0,0.76,583.2231404958678,0.37340117162953806,3398.8382352941176,23.0,11.0,16.0,968.0,34.0
0.7650505050505052,15200.0,0.78,581.499491353001,0.3735430644801654,3398.8382352941176,26.0,8.0,16.0,983.0,34.0
0.7650505050505052,15400.0,0.8,581.972972972973,0.3715160237569173,3398.8382352941176,25.0,9.0,16.0,999.0,34.0
0.7650505050505052,15600.0,0.78,580.3961424332344,0.3770295745241522,3398.8382352941176,24.0,10.0,16.0,1011.0,34.0
0.7650505050505052,15800.0,0.78,579.7512218963832,0.38031338049581415,3398.8382352941176,27.0,7.0,16.0,1023.0,34.0
0.7650505050505052,16000.0,0.8,580.8525456292027,0.3797458090933047,3398.8382352941176,26.0,8.0,16.0,1041.0,34.0
0.7952525252525253,0.0,0.0,nan,0.015202805424360975,nan,0.0,0.0,50.0,0.0,0.0
0.7952525252525253,200.0,0.34,130.5,0.03987189102629072,nan,0.0,12.0,38.0,1.0,0.0
0.7952525252525253,400.0,0.72,177.5,0.08633166440313786,nan,0.0,19.0,31.0,2.0,0.0
0.7952525252525253,600.0,0.78,259.8888888888889,0.13737254981452576,542.0,4.0,17.0,29.0,9.0,5.0
0.7952525252525253,800.0,0.8,354.75,0.17985932337380658,630.6363636363636,10.0,11.0,29.0,12.0,11.0
0.7952525252525253,1000.0,0.78,462.0833333333333,0.21403522996777005,722.4444444444445,17.0,4.0,29.0,18.0,18.0
0.7952525252525253,1200.0,0.78,464.15909090909093,0.24596112135892811,754.8,19.0,3.0,28.0,22.0,20.0
0.7952525252525253,1400.0,0.8,643.1774193548387,0.2697180386353962,754.8,19.0,3.0,28.0,31.0,20.0
0.7952525252525253,1600.0,0.74,759.3625,0.28451543591510753,792.6666666666666,20.0,2.0,28.0,40.0,21.0
0.7952525252525253,1800.0,0.8,770.7549019607843,0.29229927229238034,835.1136363636364,21.0,1.0,28.0,51.0,22.0
0.7952525252525253,2000.0,0.8,747.9444444444445,0.297589848580058,835.1136363636364,21.0,1.0,28.0,63.0,22.0
0.7952525252525253,2200.0,0.74,765.175,0.3037317819714998,835.1136363636364,22.0,0.0,28.0,80.0,22.0
0.7952525252525253,2400.0,0.78,754.9505494505495,0.3104210163582186,835.1136363636364,21.0,2.0,27.0,91.0,22.0
0.7952525252525253,2600.0,0.76,714.8302752293578,0.31346157744309083,835.1136363636364,22.0,1.0,27.0,109.0,22.0
0.7952525252525253,2800.0,0.78,711.1806722689075,0.31619808241947583,835.1136363636364,22.0,1.0,27.0,119.0,22.0
0.7952525252525253,3000.0,0.76,702.3115384615385,0.31084669491010075,924.0217391304348,23.0,0.0,27.0,130.0,23.0
0.7952525252525253,3200.0,0.78,697.8413793103448,0.3058601747309103,924.0217391304348,23.0,0.0,27.0,145.0,23.0
0.7952525252525253,3400.0,0.76,671.1455696202531,0.30385340441489467,924.0217391304348,23.0,0.0,27.0,158.0,23.0
0.7952525252525253,3600.0,0.76,683.8794117647059,0.30409664930168445,924.0217391304348,23.0,1.0,26.0,170.0,23.0
0.7952525252525253,3800.0,0.78,681.0956284153006,0.3052723329211684,924.0217391304348,19.0,5.0,26.0,183.0,23.0
0.7952525252525253,4000.0,0.8,663.98,0.3050290880343786,924.0217391304348,19.0,5.0,26.0,200.0,23.0
0.7952525252525253,4200.0,0.76,648.4929577464789,0.3064682869478848,1054.9166666666667,20.0,4.0,26.0,213.0,24.0
0.7952525252525253,4400.0,0.78,649.1065217391305,0.3071169399793242,1054.9166666666667,20.0,6.0,24.0,230.0,24.0
0.7952525252525253,4600.0,0.78,650.6958333333333,0.3064682869478848,1054.9166666666667,20.0,6.0,24.0,240.0,24.0
0.7952525252525253,4800.0,0.78,645.6329365079365,0.30841424604220297,1204.22,22.0,4.0,24.0,252.0,25.0
0.7952525252525253,5000.0,0.78,643.4293893129772,0.31248859789593175,1345.0961538461538,23.0,5.0,22.0,262.0,26.0
0.7952525252525253,5200.0,0.8,647.2202166064982,0.31496158757829446,1345.0961538461538,23.0,5.0,22.0,277.0,26.0
0.7952525252525253,5400.0,0.78,640.7106164383562,0.32274542395556727,1345.0961538461538,26.0,3.0,21.0,292.0,26.0
0.7952525252525253,5600.0,0.78,642.1266447368421,0.32752924006243284,1501.611111111111,27.0,2.0,21.0,304.0,27.0
0.7952525252525253,5800.0,0.78,640.6540880503145,0.33101575010641965,1653.0714285714287,27.0,2.0,21.0,318.0,28.0
0.7952525252525253,6000.0,0.8,631.203869047619,0.334360367299779,1653.0714285714287,27.0,2.0,21.0,336.0,28.0
0.7952525252525253,6200.0,0.8,628.9273504273505,0.3396104027729917,1653.0714285714287,27.0,2.0,21.0,351.0,28.0
0.7952525252525253,6400.0,0.78,620.4162162162162,0.3430969128169785,1653.0714285714287,27.0,3.0,20.0,370.0,28.0
0.7952525252525253,6600.0,0.8,617.958224543081,0.344759086210042,1653.0714285714287,27.0,3.0,20.0,383.0,28.0
0.7952525252525253,6800.0,0.78,611.25,0.34796181055277403,1827.2068965517242,28.0,3.0,19.0,396.0,29.0
0.7952525252525253,7000.0,0.8,613.9559902200489,0.34775910648044916,1827.2068965517242,28.0,3.0,19.0,409.0,29.0
0.7952525252525253,7200.0,0.8,609.2104018912529,0.34638071878864046,1827.2068965517242,25.0,6.0,19.0,423.0,29.0
0.7952525252525253,7400.0,0.8,608.3658256880734,0.3510023716376462,2006.9,26.0,6.0,18.0,436.0,30.0
0.7952525252525253,7600.0,0.78,609.6917960088692,0.3538402286501936,2006.9,26.0,6.0,18.0,451.0,30.0
0.7952525252525253,7800.0,0.78,606.7435622317597,0.35592808059513914,2006.9,27.0,5.0,18.0,466.0,30.0
0.7952525252525253,8000.0,0.78,604.6091476091476,0.35791458050392233,2194.8548387096776,27.0,5.0,18.0,481.0,31.0
0.7952525252525253,8200.0,0.8,603.0357142857143,0.35886728964384895,2194.8548387096776,28.0,4.0,18.0,490.0,31.0
0.7952525252525253,8400.0,0.8,600.8333333333334,0.3632659680132974,2194.8548387096776,27.0,6.0,17.0,504.0,31.0
0.7952525252525253,8600.0,0.8,600.8285163776493,0.3652321975148481,2391.234375,26.0,7.0,17.0,519.0,32.0
0.7952525252525253,8800.0,0.8,601.2282196969697,0.36537409036547547,2391.234375,27.0,6.0,17.0,528.0,32.0
0.7952525252525253,9000.0,0.76,598.959165154265,0.3657794985101251,2391.234375,28.0,5.0,17.0,551.0,32.0
0.7952525252525253,9200.0,0.78,600.8526785714286,0.3661849066547747,2593.181818181818,27.0,6.0,17.0,560.0,33.0
0.7952525252525253,9400.0,0.8,599.4558823529412,0.3617254170636288,2593.181818181818,26.0,7.0,17.0,578.0,33.0
0.7952525252525253,9600.0,0.78,595.1883445945946,0.36243488131676566,2593.181818181818,28.0,5.0,17.0,592.0,33.0
0.7952525252525253,9800.0,0.8,595.324459234609,0.3595362130825208,2593.181818181818,28.0,5.0,17.0,601.0,33.0
0.7952525252525253,10000.0,0.78,594.6027287319422,0.3548740194190501,2593.181818181818,27.0,6.0,17.0,623.0,33.0
0.7952525252525253,10200.0,0.8,591.0243710691824,0.35756998358097014,2593.181818181818,25.0,9.0,16.0,636.0,33.0
0.7952525252525253,10400.0,0.8,590.4111282843895,0.36233352928060325,2593.181818181818,26.0,8.0,16.0,647.0,33.0
0.7952525252525253,10600.0,0.78,589.0263554216867,0.3664686923560294,2823.264705882353,27.0,7.0,16.0,664.0,34.0
0.7952525252525253,10800.0,0.78,582.7177419354839,0.36744167190318855,2823.264705882353,27.0,7.0,16.0,682.0,34.0
0.7952525252525253,11000.0,0.8,583.3948863636364,0.36699572294407395,2823.264705882353,29.0,5.0,16.0,704.0,34.0
0.7952525252525253,11200.0,0.8,581.139470013947,0.3714146717207549,2823.264705882353,26.0,8.0,16.0,717.0,34.0
0.7952525252525253,11400.0,0.8,580.3888888888889,0.37427279914053474,2823.264705882353,27.0,7.0,16.0,729.0,34.0
0.7952525252525253,11600.0,0.78,577.7379356568365,0.37372549814525774,2823.264705882353,26.0,8.0,16.0,746.0,34.0
0.7952525252525253,11800.0,0.74,575.2185863874346,0.36894168203839217,2823.264705882353,26.0,8.0,16.0,764.0,34.0
0.7952525252525253,12000.0,0.78,573.3123409669212,0.37230656963898406,2823.264705882353,27.0,8.0,15.0,786.0,34.0
0.7952525252525253,12200.0,0.78,573.4143576826197,0.37836742140149593,2823.264705882353,30.0,5.0,15.0,794.0,34.0
0.7952525252525253,12400.0,0.8,573.5,0.37769849796282406,2823.264705882353,28.0,7.0,15.0,808.0,34.0
0.7952525252525253,12600.0,0.8,568.7118644067797,0.3774755234832668,3102.1714285714284,29.0,6.0,15.0,826.0,35.0
0.7952525252525253,12800.0,0.8,570.1595238095238,0.37883364076784304,3102.1714285714284,29.0,6.0,15.0,840.0,35.0
0.7952525252525253,13000.0,0.8,569.2084309133489,0.37968499787160725,3102.1714285714284,31.0,4.0,15.0,854.0,35.0
0.7952525252525253,13200.0,0.78,567.2066210045662,0.3786512071027507,3102.1714285714284,28.0,7.0,15.0,876.0,35.0
0.7952525252525253,13400.0,0.8,566.8590755355129,0.37577280927573836,3102.1714285714284,28.0,7.0,15.0,887.0,35.0
0.7952525252525253,13600.0,0.8,567.0322222222222,0.3722254880100541,3102.1714285714284,28.0,7.0,15.0,900.0,35.0
0.7952525252525253,13800.0,0.8,563.6576086956521,0.3723673808606815,3102.1714285714284,25.0,10.0,15.0,920.0,35.0
0.7952525252525253,14000.0,0.8,563.7717976318622,0.37238765126791395,3102.1714285714284,27.0,8.0,15.0,929.0,35.0
0.7952525252525253,14200.0,0.78,563.1276483050848,0.3729146818559585,3102.1714285714284,28.0,7.0,15.0,944.0,35.0
0.7952525252525253,14400.0,0.76,566.3336831059811,0.37392820221758255,3102.1714285714284,28.0,7.0,15.0,953.0,35.0
0.7952525252525253,14600.0,0.78,564.0914696813977,0.37763768674112663,3102.1714285714284,30.0,5.0,15.0,973.0,35.0
0.7952525252525253,14800.0,0.8,565.1469098277609,0.38017148764518677,3102.1714285714284,30.0,6.0,14.0,987.0,35.0
0.7952525252525253,15000.0,0.78,564.1066799601197,0.3811444671923459,3102.1714285714284,31.0,5.0,14.0,1003.0,35.0
0.7952525252525253,15200.0,0.8,559.93359375,0.3838201609470334,3102.1714285714284,29.0,7.0,14.0,1024.0,35.0
0.7952525252525253,15400.0,0.8,559.8126204238921,0.3924148136136055,3440.6111111111113,30.0,6.0,14.0,1038.0,36.0
0.7952525252525253,15600.0,0.78,557.8982889733841,0.392394543206373,3440.6111111111113,29.0,7.0,14.0,1052.0,36.0
0.7952525252525253,15800.0,0.8,559.1613508442776,0.38834046175987674,3440.6111111111113,28.0,8.0,14.0,1066.0,36.0
0.7952525252525253,16000.0,0.76,557.5354185832566,0.38795532402245964,3440.6111111111113,28.0,8.0,14.0,1087.0,36.0
0.8254545454545456,0.0,0.0,nan,0.015202805424360975,nan,0.0,0.0,50.0,0.0,0.0
0.8254545454545456,200.0,0.36,130.5,0.03981107980459327,nan,0.0,13.0,37.0,1.0,0.0
0.8254545454545456,400.0,0.7,164.5,0.10615612267650457,nan,0.0,28.0,22.0,4.0,0.0
0.8254545454545456,600.0,0.8,217.83333333333334,0.1680214055500375,547.4285714285714,7.0,22.0,21.0,6.0,7.0
0.8254545454545456,800.0,0.8,257.6111111111111,0.22305556118622424,603.3214285714286,14.0,15.0,21.0,9.0,14.0
0.8254545454545456,1000.0,0.78,420.23333333333335,0.2679545132061703,707.5,21.0,8.0,21.0,15.0,21.0
0.8254545454545456,1200.0,0.8,554.6458333333334,0.29606956803762186,726.1590909090909,22.0,7.0,21.0,24.0,22.0
0.8254545454545456,1400.0,0.78,570.25,0.3143737457685525,748.5,23.0,6.0,21.0,38.0,23.0
0.8254545454545456,1600.0,0.78,664.4051724137931,0.32136703626375857,748.5,23.0,6.0,21.0,58.0,23.0
0.8254545454545456,1800.0,0.78,628.76,0.3266373421442037,748.5,23.0,6.0,21.0,75.0,23.0
0.8254545454545456,2000.0,0.78,622.3895348837209,0.328461678795127,793.9166666666666,24.0,5.0,21.0,86.0,24.0
0.8254545454545456,2200.0,0.8,649.1467391304348,0.32538057689578986,793.9166666666666,24.0,5.0,21.0,92.0,24.0
0.8254545454545456,2400.0,0.78,632.0145631067961,0.3209616281191089,793.9166666666666,21.0,8.0,21.0,103.0,24.0
0.8254545454545456,2600.0,0.8,633.9043478260869,0.32700220947438835,861.88,22.0,6.0,22.0,115.0,25.0
0.8254545454545456,2800.0,0.8,641.87890625,0.3351509131818458,861.88,25.0,4.0,21.0,128.0,25.0
0.8254545454545456,3000.0,0.8,643.75,0.34098879046480046,861.88,24.0,7.0,19.0,146.0,25.0
0.8254545454545456,3200.0,0.8,639.7272727272727,0.3496847951675349,861.88,23.0,8.0,19.0,154.0,25.0
0.8254545454545456,3400.0,0.8,640.4794117647059,0.3486307339914459,1041.5,25.0,6.0,19.0,170.0,27.0
0.8254545454545456,3600.0,0.8,630.4701086956521,0.3503131777917418,1209.2931034482758,28.0,3.0,19.0,184.0,29.0
0.8254545454545456,3800.0,0.8,630.1624365482234,0.35773214683883,1209.2931034482758,29.0,2.0,19.0,197.0,29.0
0.8254545454545456,4000.0,0.76,619.95,0.3617456874708613,1209.2931034482758,28.0,3.0,19.0,210.0,29.0
0.8254545454545456,4200.0,0.8,616.4136363636363,0.3610564936249569,1305.6,27.0,4.0,19.0,220.0,30.0
0.8254545454545456,4400.0,0.8,606.1485355648535,0.358786208014919,1305.6,27.0,4.0,19.0,239.0,30.0
0.8254545454545456,4600.0,0.78,618.9342629482072,0.3622524476516733,1305.6,27.0,4.0,19.0,251.0,30.0
0.8254545454545456,4800.0,0.8,620.0,0.3594348610463584,1305.6,27.0,4.0,19.0,264.0,30.0
0.8254545454545456,5000.0,0.78,615.9063604240283,0.3527253562524071,1305.6,25.0,7.0,18.0,283.0,30.0
0.8254545454545456,5200.0,0.8,614.7101694915254,0.35231994810775746,1305.6,25.0,7.0,18.0,295.0,30.0
0.8254545454545456,5400.0,0.78,604.1305732484077,0.3547929377901202,1305.6,22.0,10.0,18.0,314.0,30.0
0.8254545454545456,5600.0,0.8,597.9696048632219,0.35752944276650517,1442.6451612903227,25.0,7.0,18.0,329.0,31.0
0.8254545454545456,5800.0,0.8,599.389880952381,0.3616646058419314,1442.6451612903227,25.0,7.0,18.0,336.0,31.0
0.8254545454545456,6000.0,0.78,594.0694050991501,0.3639957026736667,1442.6451612903227,26.0,6.0,18.0,353.0,31.0
0.8254545454545456,6200.0,0.8,595.1460055096419,0.3657186872884276,1589.4375,25.0,7.0,18.0,363.0,32.0
0.8254545454545456,6400.0,0.76,600.3782722513089,0.3659416617679849,1589.4375,26.0,6.0,18.0,382.0,32.0
0.8254545454545456,6600.0,0.8,593.0063131313132,0.3623132588733708,1589.4375,26.0,6.0,18.0,396.0,32.0
0.8254545454545456,6800.0,0.76,588.8588807785889,0.3569416009567632,1589.4375,27.0,5.0,18.0,411.0,32.0
0.8254545454545456,7000.0,0.78,583.4813953488372,0.359333509010196,1589.4375,29.0,3.0,18.0,430.0,32.0
0.8254545454545456,7200.0,0.8,583.1128668171558,0.36381326900857436,1589.4375,28.0,4.0,18.0,443.0,32.0
0.8254545454545456,7400.0,0.8,585.4128540305011,0.3633875904566923,1589.4375,28.0,5.0,17.0,459.0,32.0
0.8254545454545456,7600.0,0.8,583.6709129511677,0.3716781870147771,1589.4375,28.0,7.0,15.0,471.0,32.0
0.8254545454545456,7800.0,0.76,585.2851239669421,0.38304988547219915,1589.4375,28.0,7.0,15.0,484.0,32.0
0.8254545454545456,8000.0,0.8,582.5010040160643,0.3861309873715363,1783.4242424242425,29.0,6.0,15.0,498.0,33.0
0.8254545454545456,8200.0,0.8,581.7114624505929,0.3885837066466665,1969.8235294117646,28.0,7.0,15.0,506.0,34.0
0.8254545454545456,8400.0,0.78,583.221264367816,0.39127967080858655,2150.5142857142855,29.0,6.0,15.0,522.0,35.0
0.8254545454545456,8600.0,0.8,586.7203389830509,0.39294184420165,2150.5142857142855,31.0,4.0,15.0,531.0,35.0
0.8254545454545456,8800.0,0.8,583.7409090909091,0.38813775768755193,2150.5142857142855,32.0,3.0,15.0,550.0,35.0
0.8254545454545456,9000.0,0.78,584.602862254025,0.3786714775099832,2150.5142857142855,28.0,7.0,15.0,559.0,35.0
0.8254545454545456,9200.0,0.8,585.5078671328671,0.3719214319015669,2150.5142857142855,25.0,10.0,15.0,572.0,35.0
0.8254545454545456,9400.0,0.78,589.4073129251701,0.3687997891877648,2150.5142857142855,27.0,9.0,14.0,588.0,35.0
0.8254545454545456,9600.0,0.78,587.4857142857143,0.3692254677396469,2150.5142857142855,25.0,11.0,14.0,595.0,35.0
0.8254545454545456,9800.0,0.8,587.0450819672132,0.36788762086230314,2150.5142857142855,24.0,12.0,14.0,610.0,35.0
0.8254545454545456,10000.0,0.8,586.1845906902087,0.36361056493624955,2150.5142857142855,23.0,13.0,14.0,623.0,35.0
0.8254545454545456,10200.0,0.78,586.2889408099688,0.3585835039425942,2150.5142857142855,22.0,14.0,14.0,642.0,35.0
0.8254545454545456,10400.0,0.8,583.5630699088146,0.35615105507469647,2150.5142857142855,22.0,14.0,14.0,658.0,35.0
0.8254545454545456,10600.0,0.78,581.4354599406528,0.36168487624916384,2150.5142857142855,21.0,15.0,14.0,674.0,35.0
0.8254545454545456,10800.0,0.8,576.7126269956459,0.3616037946202339,2150.5142857142855,25.0,11.0,14.0,689.0,35.0
0.8254545454545456,11000.0,0.8,580.5128388017118,0.3643808404110839,2150.5142857142855,25.0,11.0,14.0,701.0,35.0
0.8254545454545456,11200.0,0.78,582.1030855539972,0.37186062067986947,2150.5142857142855,26.0,10.0,14.0,713.0,35.0
0.8254545454545456,11400.0,0.8,579.3148907103825,0.375043074615369,2150.5142857142855,25.0,11.0,14.0,732.0,35.0
0.8254545454545456,11600.0,0.8,575.0380507343124,0.3749417225792066,2150.5142857142855,25.0,12.0,13.0,749.0,35.0
0.8254545454545456,11800.0,0.78,574.7822685788788,0.3736038757018629,2150.5142857142855,26.0,11.0,13.0,767.0,35.0
0.8254545454545456,12000.0,0.8,571.8594351732991,0.3746579368779519,2150.5142857142855,27.0,10.0,13.0,779.0,35.0
0.8254545454545456,12200.0,0.8,571.1702261306533,0.3754890235744836,2426.777777777778,27.0,10.0,13.0,796.0,36.0
0.8254545454545456,12400.0,0.8,569.3372379778052,0.37482010013581174,2426.777777777778,27.0,10.0,13.0,811.0,36.0
0.8254545454545456,12600.0,0.8,570.2693704600484,0.37828633977256604,2426.777777777778,28.0,9.0,13.0,826.0,36.0
0.8254545454545456,12800.0,0.78,569.5664294187426,0.37763768674112663,2426.777777777778,28.0,8.0,14.0,843.0,36.0
0.8254545454545456,13000.0,0.8,565.6859791425261,0.3739079318103501,2426.777777777778,28.0,10.0,12.0,863.0,36.0
0.8254545454545456,13200.0,0.78,566.431506849315,0.37368495733079277,2426.777777777778,28.0,10.0,12.0,876.0,36.0
0.8254545454545456,13400.0,0.8,565.7934904601572,0.37666470719396755,2720.7567567567567,30.0,8.0,12.0,891.0,37.0
0.8254545454545456,13600.0,0.8,565.9911209766925,0.37125250846289504,2720.7567567567567,28.0,10.0,12.0,901.0,37.0
0.8254545454545456,13800.0,0.78,566.8796498905908,0.3703200697302009,3008.592105263158,28.0,10.0,12.0,914.0,38.0
0.8254545454545456,14000.0,0.8,566.7181136120042,0.37145521253521985,3008.592105263158,28.0,10.0,12.0,933.0,38.0
0.8254545454545456,14200.0,0.8,565.503164556962,0.3733606308150731,3008.592105263158,27.0,11.0,12.0,948.0,38.0
0.8254545454545456,14400.0,0.8,564.5834196891192,0.3702795289157359,3008.592105263158,29.0,9.0,12.0,965.0,38.0
0.8254545454545456,14600.0,0.78,563.1921106557377,0.36352948330731966,3008.592105263158,27.0,11.0,12.0,976.0,38.0
0.8254545454545456,14800.0,0.78,563.118301314459,0.3559078101879067,3008.592105263158,26.0,12.0,12.0,989.0,38.0
0.8254545454545456,15000.0,0.78,562.7766272189349,0.35495510104798006,3008.592105263158,26.0,12.0,12.0,1014.0,38.0
0.8254545454545456,15200.0,0.8,561.578947368421,0.36054973344414487,3008.592105263158,27.0,11.0,12.0,1026.0,38.0
0.8254545454545456,15400.0,0.8,561.1954851104707,0.3600227028561004,3008.592105263158,25.0,13.0,12.0,1041.0,38.0
0.8254545454545456,15600.0,0.76,559.1238140417457,0.35712403462185555,3008.592105263158,24.0,13.0,13.0,1054.0,38.0
0.8254545454545456,15800.0,0.8,559.1531954887218,0.3527861674741046,3008.592105263158,21.0,16.0,13.0,1064.0,38.0
0.8254545454545456,16000.0,0.76,558.6712834718375,0.3553605091926297,3008.592105263158,24.0,13.0,13.0,1083.0,38.0
0.8556565656565658,0.0,0.0,nan,0.015202805424360975,nan,0.0,0.0,50.0,0.0,0.0
0.8556565656565658,200.0,0.36,166.0,0.03926377880931628,nan,0.0,14.0,36.0,1.0,0.0
0.8556565656565658,400.0,0.68,134.0,0.08900735815782539,nan,0.0,21.0,29.0,4.0,0.0
0.8556565656565658,600.0,0.74,193.73076923076923,0.13348063162588936,534.3,5.0,17.0,28.0,13.0,5.0
0.8556565656565658,800.0,0.78,235.5,0.17331198183771512,636.375,12.0,10.0,28.0,16.0,12.0
0.8556565656565658,1000.0,0.8,299.35,0.20712302110149394,675.6666666666666,14.0,9.0,27.0,20.0,15.0
0.8556565656565658,1200.0,0.78,365.76,0.23572456570652506,766.8684210526316,18.0,5.0,27.0,25.0,19.0
0.8556565656565658,1400.0,0.78,513.8243243243244,0.25552875357265925,766.8684210526316,19.0,5.0,26.0,37.0,19.0
0.8556565656565658,1600.0,0.8,585.2156862745098,0.2692923600835141,766.8684210526316,19.0,5.0,26.0,51.0,19.0
0.8556565656565658,1800.0,0.78,662.2380952380952,0.28056270650477366,812.375,19.0,5.0,26.0,63.0,20.0
0.8556565656565658,2000.0,0.76,698.7565789473684,0.2863397725660308,861.7619047619048,20.0,4.0,26.0,76.0,21.0
0.8556565656565658,2200.0,0.78,706.135294117647,0.2853059817971743,861.7619047619048,20.0,4.0,26.0,85.0,21.0
0.8556565656565658,2400.0,0.78,704.9123711340206,0.28398840532706304,861.7619047619048,20.0,4.0,26.0,97.0,21.0
0.8556565656565658,2600.0,0.74,676.572072072072,0.2856505787201265,861.7619047619048,19.0,5.0,26.0,111.0,21.0
0.8556565656565658,2800.0,0.78,679.984,0.2865019358238907,945.1363636363636,20.0,4.0,26.0,125.0,22.0
0.8556565656565658,3000.0,0.8,643.6986301369863,0.2848600328380597,1033.3695652173913,21.0,3.0,26.0,146.0,23.0
0.8556565656565658,3200.0,0.78,639.1075949367089,0.2900695274968074,1033.3695652173913,21.0,3.0,26.0,158.0,23.0
0.8556565656565658,3400.0,0.8,631.433734939759,0.29319117021060953,1033.3695652173913,21.0,3.0,26.0,166.0,23.0
0.8556565656565658,3600.0,0.76,637.1416666666667,0.2923398131068453,1132.75,21.0,4.0,25.0,180.0,24.0
0.8556565656565658,3800.0,0.8,626.4566326530612,0.299191210751424,1132.75,21.0,5.0,24.0,196.0,24.0
0.8556565656565658,4000.0,0.8,625.3755980861245,0.30107635862404475,1245.88,21.0,5.0,24.0,209.0,25.0
0.8556565656565658,4200.0,0.8,631.2204545454546,0.30348853708471,1245.88,19.0,7.0,24.0,220.0,25.0
0.8556565656565658,4400.0,0.78,629.6228070175439,0.3021506902073663,1365.3653846153845,20.0,6.0,24.0,228.0,26.0
0.8556565656565658,4600.0,0.8,634.8012552301255,0.30271826160987575,1365.3653846153845,22.0,4.0,24.0,239.0,26.0
0.8556565656565658,4800.0,0.76,635.3333333333334,0.3057993635092129,1365.3653846153845,23.0,3.0,24.0,252.0,26.0
0.8556565656565658,5000.0,0.8,639.4770992366413,0.3116575111994,1365.3653846153845,23.0,3.0,24.0,262.0,26.0
0.8556565656565658,5200.0,0.8,639.7953736654804,0.31867107210183854,1365.3653846153845,24.0,2.0,24.0,281.0,26.0
0.8556565656565658,5400.0,0.8,634.2050847457627,0.31692781707984513,1365.3653846153845,23.0,3.0,24.0,295.0,26.0
0.8556565656565658,5600.0,0.8,628.3462783171522,0.3152453732795492,1365.3653846153845,24.0,3.0,23.0,309.0,26.0
0.8556565656565658,5800.0,0.8,627.0376175548589,0.3113331846836803,1365.3653846153845,24.0,3.0,23.0,319.0,26.0
0.8556565656565658,6000.0,0.8,620.4395280235988,0.3103602051365212,1365.3653846153845,25.0,2.0,23.0,339.0,26.0
0.8556565656565658,6200.0,0.78,623.1481481481482,0.31228589382360694,1541.0,25.0,2.0,23.0,351.0,27.0
0.8556565656565658,6400.0,0.78,617.2554945054945,0.3128534652261164,1541.0,23.0,4.0,23.0,364.0,27.0
0.8556565656565658,6600.0,0.78,616.5119047619048,0.3100358786208015,1541.0,22.0,5.0,23.0,378.0,27.0
0.8556565656565658,6800.0,0.8,617.9164524421594,0.3103196643220562,1541.0,23.0,5.0,22.0,389.0,27.0
0.8556565656565658,7000.0,0.76,616.2711442786069,0.310015608213569,1541.0,25.0,3.0,22.0,402.0,27.0
0.8556565656565658,7200.0,0.78,617.7403381642512,0.3077858634179961,1739.875,25.0,3.0,22.0,414.0,28.0
0.8556565656565658,7400.0,0.8,617.0955710955711,0.3119615673078872,1739.875,25.0,3.0,22.0,429.0,28.0
0.8556565656565658,7600.0,0.8,615.2155756207675,0.3199278373502524,1739.875,25.0,4.0,21.0,443.0,28.0
0.8556565656565658,7800.0,0.8,615.9343544857768,0.3218332556301056,1739.875,26.0,3.0,21.0,457.0,28.0
0.8556565656565658,8000.0,0.8,612.5574468085107,0.32361705146656394,1739.875,25.0,4.0,21.0,470.0,28.0
0.8556565656565658,8200.0,0.78,609.9134020618557,0.3250967911945351,1957.051724137931,24.0,5.0,21.0,485.0,29.0
0.8556565656565658,8400.0,0.76,608.280753968254,0.32686031662376097,1957.051724137931,24.0,5.0,21.0,504.0,29.0
0.8556565656565658,8600.0,0.78,600.9179536679536,0.3313400766221393,1957.051724137931,26.0,3.0,21.0,518.0,29.0
0.8556565656565658,8800.0,0.78,600.0897196261682,0.33600227028561,1957.051724137931,27.0,2.0,21.0,535.0,29.0
0.8556565656565658,9000.0,0.8,594.9076086956521,0.3372387651267914,1957.051724137931,27.0,3.0,20.0,552.0,29.0
0.8556565656565658,9200.0,0.8,594.0132042253521,0.3363874080230272,2197.9,28.0,3.0,19.0,568.0,30.0
0.8556565656565658,9400.0,0.78,588.7989778534924,0.3293535767133562,2197.9,27.0,4.0,19.0,587.0,30.0
0.8556565656565658,9600.0,0.76,586.0496688741722,0.32406300042567854,2197.9,26.0,5.0,19.0,604.0,30.0
0.8556565656565658,9800.0,0.8,584.8816855753647,0.32546165852471975,2197.9,26.0,5.0,19.0,617.0,30.0
0.8556565656565658,10000.0,0.8,585.9856915739268,0.32361705146656394,2197.9,25.0,6.0,19.0,629.0,30.0
0.8556565656565658,10200.0,0.8,581.6147919876734,0.3218129852228731,2197.9,25.0,6.0,19.0,649.0,30.0
0.8556565656565658,10400.0,0.8,580.3298033282905,0.3210832505625038,2197.9,26.0,5.0,19.0,661.0,30.0
0.8556565656565658,10600.0,0.78,579.694074074074,0.3160156487543835,2197.9,24.0,7.0,19.0,675.0,30.0
0.8556565656565658,10800.0,0.8,575.3073593073593,0.31905620983925564,2197.9,23.0,8.0,19.0,693.0,30.0
0.8556565656565658,11000.0,0.8,572.6239436619718,0.31931972513327794,2197.9,23.0,8.0,19.0,710.0,30.0
0.8556565656565658,11200.0,0.8,573.3217270194986,0.3240021892039811,2197.9,25.0,6.0,19.0,718.0,30.0
0.8556565656565658,11400.0,0.78,575.3002735978113,0.32621166359232157,2197.9,25.0,6.0,19.0,731.0,30.0
0.8556565656565658,11600.0,0.8,574.5233333333333,0.32604950033446173,2197.9,25.0,5.0,20.0,750.0,30.0
0.8556565656565658,11800.0,0.8,574.2892670157069,0.3216102811505483,2197.9,26.0,4.0,20.0,764.0,30.0
0.8556565656565658,12000.0,0.76,572.5704225352113,0.3163197048628707,2197.9,25.0,5.0,20.0,781.0,30.0
0.8556565656565658,12200.0,0.78,572.896725440806,0.3107048020594734,2197.9,23.0,7.0,20.0,794.0,30.0
0.8556565656565658,12400.0,0.76,569.0295566502463,0.306772343056372,2197.9,24.0,6.0,20.0,812.0,30.0
0.8556565656565658,12600.0,0.8,570.146593673966,0.3082926235988081,2197.9,23.0,7.0,20.0,822.0,30.0
0.8556565656565658,12800.0,0.8,570.2443384982122,0.31163724079216754,2197.9,24.0,6.0,20.0,839.0,30.0
0.8556565656565658,13000.0,0.78,565.7222222222222,0.3149210467638295,2197.9,24.0,6.0,20.0,864.0,30.0
0.8556565656565658,13200.0,0.76,561.4237288135594,0.31753592929681956,2197.9,27.0,3.0,20.0,885.0,30.0
0.8556565656565658,13400.0,0.8,558.1290322580645,0.31980621490685746,2197.9,26.0,5.0,19.0,899.0,30.0
0.8556565656565658,13600.0,0.78,557.4044759825327,0.32169136277947824,2197.9,25.0,6.0,19.0,916.0,30.0
0.8556565656565658,13800.0,0.76,555.9694533762058,0.3225629902904749,2197.9,26.0,6.0,18.0,933.0,30.0
0.8556565656565658,14000.0,0.8,556.3769883351007,0.3218535260373381,2575.483870967742,27.0,6.0,17.0,943.0,31.0
0.8556565656565658,14200.0,0.78,557.561974789916,0.32511706160176757,2575.483870967742,24.0,9.0,17.0,952.0,31.0
0.8556565656565658,14400.0,0.78,556.8063016528926,0.3233738065797742,2575.483870967742,23.0,10.0,17.0,968.0,31.0
0.8556565656565658,14600.0,0.8,557.0800203873598,0.3218737964445706,2946.1875,25.0,8.0,17.0,981.0,32.0
0.8556565656565658,14800.0,0.78,555.1233766233767,0.32049540875276183,2946.1875,26.0,7.0,17.0,1001.0,32.0
0.8556565656565658,15000.0,0.8,554.446463654224,0.3194818883911378,3305.878787878788,25.0,8.0,17.0,1018.0,33.0
0.8556565656565658,15200.0,0.8,552.1576663452266,0.3175156588895871,3305.878787878788,26.0,7.0,17.0,1037.0,33.0
0.8556565656565658,15400.0,0.8,549.670303605313,0.31723187318833235,3305.878787878788,27.0,6.0,17.0,1054.0,33.0
0.8556565656565658,15600.0,0.78,547.8696261682243,0.3200291893864148,3305.878787878788,25.0,8.0,17.0,1070.0,33.0
0.8556565656565658,15800.0,0.8,548.9144310823311,0.32765086250582776,3305.878787878788,25.0,9.0,16.0,1081.0,33.0
0.8556565656565658,16000.0,0.74,548.937386569873,0.3329008979790404,3305.878787878788,27.0,7.0,16.0,1102.0,33.0
0.885858585858586,0.0,0.0,nan,0.015202805424360975,nan,0.0,0.0,50.0,0.0,0.0
0.885858585858586,200.0,0.36,166.0,0.03926377880931628,nan,0.0,14.0,36.0,1.0,0.0
0.885858585858586,400.0,0.76,171.375,0.09089250603044616,nan,0.0,22.0,28.0,4.0,0.0
0.885858585858586,600.0,0.8,171.375,0.1448320596760789,519.4,5.0,18.0,27.0,4.0,5.0
0.885858585858586,800.0,0.8,320.0833333333333,0.1926296799302698,638.5357142857143,14.0,9.0,27.0,6.0,14.0
0.885858585858586,1000.0,0.8,457.1666666666667,0.23203535159021343,712.421052631579,19.0,4.0,27.0,9.0,19.0
0.885858585858586,1200.0,0.78,623.5294117647059,0.26033284008675733,767.5,22.0,1.0,27.0,17.0,22.0
0.885858585858586,1400.0,0.78,722.38,0.27973161980824196,767.5,21.0,2.0,27.0,25.0,22.0
0.885858585858586,1600.0,0.78,844.3375,0.2864816654166582,767.5,21.0,3.0,26.0,40.0,22.0
0.885858585858586,1800.0,0.76,830.7916666666666,0.29317089980337707,767.5,21.0,4.0,25.0,60.0,22.0
0.885858585858586,2000.0,0.78,809.2608695652174,0.29493442523260294,767.5,21.0,4.0,25.0,69.0,22.0
0.885858585858586,2200.0,0.78,732.9127906976744,0.2946100987168832,883.2291666666666,22.0,5.0,23.0,86.0,24.0
0.885858585858586,2400.0,0.76,700.8112244897959,0.29631281292441164,883.2291666666666,22.0,5.0,23.0,98.0,24.0
0.885858585858586,2600.0,0.78,683.3715596330276,0.29998175663349075,883.2291666666666,22.0,5.0,23.0,109.0,24.0
0.885858585858586,2800.0,0.76,689.8928571428571,0.3061236900249326,1027.1153846153845,24.0,4.0,22.0,126.0,26.0
0.885858585858586,3000.0,0.78,688.435606060606,0.3155291589808039,1027.1153846153845,24.0,4.0,22.0,132.0,26.0
0.885858585858586,3200.0,0.8,683.8571428571429,0.32296839843512454,1027.1153846153845,25.0,3.0,22.0,147.0,26.0
0.885858585858586,3400.0,0.8,670.916149068323,0.3264751788863438,1027.1153846153845,25.0,4.0,21.0,161.0,26.0
0.885858585858586,3600.0,0.78,664.0314285714286,0.3281576226866398,1027.1153846153845,25.0,4.0,21.0,175.0,26.0
0.885858585858586,3800.0,0.78,656.1317204301075,0.3306914235906999,1127.037037037037,26.0,3.0,21.0,186.0,27.0
0.885858585858586,4000.0,0.8,651.8374384236453,0.33156305110169665,1127.037037037037,26.0,3.0,21.0,203.0,27.0
0.885858585858586,4200.0,0.8,647.6059907834101,0.3333671173453875,1234.9464285714287,25.0,4.0,21.0,217.0,28.0
0.885858585858586,4400.0,0.8,638.9493670886076,0.3259481482982993,1234.9464285714287,26.0,3.0,21.0,237.0,28.0
0.885858585858586,4600.0,0.8,633.7068273092369,0.3247724646788154,1234.9464285714287,25.0,4.0,21.0,249.0,28.0
0.885858585858586,4800.0,0.78,623.7606177606177,0.3242454340907709,1234.9464285714287,26.0,3.0,21.0,259.0,28.0
0.885858585858586,5000.0,0.78,626.3937728937728,0.3227048831411023,1234.9464285714287,26.0,3.0,21.0,273.0,28.0
0.885858585858586,5200.0,0.8,626.1302083333334,0.32408327083291105,1234.9464285714287,23.0,6.0,21.0,288.0,28.0
0.885858585858586,5400.0,0.76,628.4784053156146,0.32189406685180305,1234.9464285714287,22.0,7.0,21.0,301.0,28.0
0.885858585858586,5600.0,0.78,621.4504792332268,0.32436705653416575,1234.9464285714287,23.0,6.0,21.0,313.0,28.0
0.885858585858586,5800.0,0.8,623.9480122324159,0.3220765005168954,1386.3103448275863,23.0,6.0,21.0,327.0,29.0
0.885858585858586,6000.0,0.78,619.1710914454277,0.32219812296029027,1386.3103448275863,24.0,6.0,20.0,339.0,29.0
0.885858585858586,6200.0,0.8,613.563025210084,0.31905620983925564,1386.3103448275863,23.0,7.0,20.0,357.0,29.0
0.885858585858586,6400.0,0.8,619.4013513513513,0.32306975047128694,1386.3103448275863,24.0,6.0,20.0,370.0,29.0
0.885858585858586,6600.0,0.8,618.1631578947369,0.3235967810593315,1555.0833333333333,25.0,5.0,20.0,380.0,30.0
0.885858585858586,6800.0,0.78,614.4659090909091,0.3215291995216184,1555.0833333333333,23.0,7.0,20.0,396.0,30.0
0.885858585858586,7000.0,0.8,611.7584541062802,0.32049540875276183,1555.0833333333333,23.0,7.0,20.0,414.0,30.0
0.885858585858586,7200.0,0.76,606.3376168224299,0.3236981330954939,1555.0833333333333,24.0,6.0,20.0,428.0,30.0
0.885858585858586,7400.0,0.8,602.2724215246636,0.325725173818742,1555.0833333333333,24.0,6.0,20.0,446.0,30.0
0.885858585858586,7600.0,0.8,594.487012987013,0.3306306123690025,1555.0833333333333,21.0,10.0,19.0,462.0,30.0
0.885858585858586,7800.0,0.8,593.8939708939708,0.33359009182494476,1555.0833333333333,25.0,7.0,18.0,481.0,30.0
0.885858585858586,8000.0,0.78,590.0424242424242,0.33687389779660676,1760.9516129032259,24.0,8.0,18.0,495.0,31.0
0.885858585858586,8200.0,0.78,590.0707171314741,0.3471104534490098,1760.9516129032259,25.0,7.0,18.0,502.0,31.0
0.885858585858586,8400.0,0.78,590.4717348927875,0.349603713538605,1760.9516129032259,27.0,5.0,18.0,513.0,31.0
0.885858585858586,8600.0,0.8,591.4459203036054,0.34577260657166603,1973.234375,24.0,7.0,19.0,527.0,32.0
0.885858585858586,8800.0,0.8,592.3364312267659,0.3391644538138771,1973.234375,23.0,8.0,19.0,538.0,32.0
0.885858585858586,9000.0,0.76,590.9394213381555,0.33557659173372795,1973.234375,20.0,12.0,18.0,553.0,32.0
0.885858585858586,9200.0,0.8,592.7230088495576,0.33446171933594143,1973.234375,20.0,12.0,18.0,565.0,32.0
0.885858585858586,9400.0,0.78,597.768695652174,0.33417793363468673,1973.234375,19.0,13.0,18.0,575.0,32.0
0.885858585858586,9600.0,0.78,598.5239316239316,0.331704943952324,1943.2727272727273,21.0,11.0,18.0,585.0,33.0
0.885858585858586,9800.0,0.78,599.7247097844113,0.33067115318346746,1943.2727272727273,21.0,11.0,18.0,603.0,33.0
0.885858585858586,10000.0,0.8,597.9406504065041,0.32258326069770743,1943.2727272727273,19.0,13.0,18.0,615.0,33.0
0.885858585858586,10200.0,0.78,597.3631329113924,0.3172926844100298,1943.2727272727273,19.0,14.0,17.0,632.0,33.0
0.885858585858586,10400.0,0.8,595.8359013867489,0.31986702612855494,1943.2727272727273,20.0,13.0,17.0,649.0,33.0
0.885858585858586,10600.0,0.8,597.0417298937784,0.32136703626375857,1943.2727272727273,20.0,13.0,17.0,659.0,33.0
0.885858585858586,10800.0,0.76,595.6762536873156,0.319785944499625,1943.2727272727273,21.0,12.0,17.0,678.0,33.0
0.885858585858586,11000.0,0.8,590.9462750716332,0.3221170413313603,1943.2727272727273,23.0,10.0,17.0,698.0,33.0
0.885858585858586,11200.0,0.78,588.7107843137255,0.32473192386435046,1943.2727272727273,23.0,11.0,16.0,714.0,33.0
0.885858585858586,11400.0,0.8,588.310606060606,0.3330225204224353,2220.3970588235293,24.0,11.0,15.0,726.0,34.0
0.885858585858586,11600.0,0.78,583.4852150537635,0.33359009182494476,2220.3970588235293,21.0,14.0,15.0,744.0,34.0
0.885858585858586,11800.0,0.8,581.3335543766578,0.334948209109521,2220.3970588235293,19.0,16.0,15.0,754.0,34.0
0.885858585858586,12000.0,0.8,582.6951697127937,0.33620497435793484,2499.1428571428573,22.0,13.0,15.0,766.0,35.0
0.885858585858586,12200.0,0.8,583.9626769626769,0.3347657754444287,2499.1428571428573,20.0,15.0,15.0,777.0,35.0
0.885858585858586,12400.0,0.78,581.2572509457756,0.3371171426833965,2499.1428571428573,22.0,13.0,15.0,793.0,35.0
0.885858585858586,12600.0,0.76,582.6231435643564,0.33109683173534954,2775.7361111111113,23.0,12.0,15.0,808.0,36.0
0.885858585858586,12800.0,0.78,581.4951632406288,0.326272474814019,2775.7361111111113,22.0,13.0,15.0,827.0,36.0
0.885858585858586,13000.0,0.8,579.5,0.3270427502888533,2775.7361111111113,21.0,14.0,15.0,839.0,36.0
0.885858585858586,13200.0,0.78,579.3271245634459,0.32234001581091765,2775.7361111111113,21.0,14.0,15.0,859.0,36.0
0.885858585858586,13400.0,0.78,577.66,0.32438732694139827,2775.7361111111113,18.0,17.0,15.0,875.0,36.0
0.885858585858586,13600.0,0.8,573.7578475336323,0.32795491861431497,2775.7361111111113,19.0,16.0,15.0,892.0,36.0
0.885858585858586,13800.0,0.8,573.2919911012236,0.33369144386110716,2775.7361111111113,20.0,15.0,15.0,899.0,36.0
0.885858585858586,14000.0,0.78,575.2519083969465,0.3408063567997081,2775.7361111111113,21.0,14.0,15.0,917.0,36.0
0.885858585858586,14200.0,0.78,573.4084582441113,0.333853607118967,2775.7361111111113,21.0,14.0,15.0,934.0,36.0
0.885858585858586,14400.0,0.78,569.2954070981211,0.33239413779822835,2775.7361111111113,22.0,13.0,15.0,958.0,36.0
0.885858585858586,14600.0,0.76,568.2119958634953,0.33109683173534954,2775.7361111111113,20.0,15.0,15.0,967.0,36.0
0.885858585858586,14800.0,0.8,565.8168016194332,0.3244481381630957,2775.7361111111113,18.0,18.0,14.0,988.0,36.0
0.885858585858586,15000.0,0.8,564.3567864271457,0.3212048730058987,2775.7361111111113,17.0,19.0,14.0,1002.0,36.0
0.885858585858586,15200.0,0.78,562.5660098522168,0.3186102608801411,2775.7361111111113,17.0,19.0,14.0,1015.0,36.0
0.885858585858586,15400.0,0.8,564.8753651411879,0.32169136277947824,2775.7361111111113,16.0,20.0,14.0,1027.0,36.0
0.885858585858586,15600.0,0.78,566.6198465963566,0.32799545942877995,2775.7361111111113,20.0,17.0,13.0,1043.0,36.0
0.885858585858586,15800.0,0.8,564.7642314990512,0.3322725153548335,2775.7361111111113,19.0,19.0,12.0,1054.0,36.0
0.885858585858586,16000.0,0.8,563.1354264292409,0.336042811100075,2775.7361111111113,20.0,18.0,12.0,1067.0,36.0
0.9160606060606061,0.0,0.0,nan,0.015202805424360975,nan,0.0,0.0,50.0,0.0,0.0
0.9160606060606061,200.0,0.36,166.0,0.03926377880931628,nan,0.0,14.0,36.0,1.0,0.0
0.9160606060606061,400.0,0.6,161.0,0.09121683254616585,nan,0.0,22.0,28.0,6.0,0.0
0.9160606060606061,600.0,0.8,168.28571428571428,0.13514280501895284,512.375,4.0,17.0,29.0,7.0,4.0
0.9160606060606061,800.0,0.8,212.5625,0.17716335921188656,620.0,12.0,9.0,29.0,8.0,12.0
0.9160606060606061,1000.0,0.8,384.38461538461536,0.2153730768451138,704.65625,16.0,6.0,28.0,13.0,16.0
0.9160606060606061,1200.0,0.74,543.0952380952381,0.24504895303346644,755.8421052631579,19.0,3.0,28.0,21.0,19.0
0.9160606060606061,1400.0,0.8,699.9032258064516,0.2664545030709667,787.65,19.0,3.0,28.0,31.0,20.0
0.9160606060606061,1600.0,0.78,781.8152173913044,0.27565726795451323,787.65,19.0,3.0,28.0,46.0,20.0
0.9160606060606061,1800.0,0.74,739.3303571428571,0.2801370279528916,831.547619047619,20.0,1.0,29.0,56.0,21.0
0.9160606060606061,2000.0,0.78,737.6470588235294,0.28297488496543893,831.547619047619,20.0,1.0,29.0,68.0,21.0
0.9160606060606061,2200.0,0.78,737.9821428571429,0.2865830174528206,831.547619047619,21.0,0.0,29.0,84.0,21.0
0.9160606060606061,2400.0,0.8,725.2010309278351,0.28362353799687834,831.547619047619,21.0,1.0,28.0,97.0,21.0
0.9160606060606061,2600.0,0.78,689.1919642857143,0.2850019256886871,831.547619047619,21.0,1.0,28.0,112.0,21.0
0.9160606060606061,2800.0,0.78,668.4960317460317,0.2868870735613078,831.547619047619,21.0,1.0,28.0,126.0,21.0
0.9160606060606061,3000.0,0.76,649.4020979020979,0.2900695274968074,831.547619047619,21.0,1.0,28.0,143.0,21.0
0.9160606060606061,3200.0,0.8,640.6059602649007,0.29110331826566394,937.2727272727273,20.0,3.0,27.0,151.0,22.0
0.9160606060606061,3400.0,0.8,642.9596273291926,0.2925425171791701,937.2727272727273,19.0,4.0,27.0,161.0,22.0
0.9160606060606061,3600.0,0.8,648.6823529411764,0.29548172622787994,937.2727272727273,19.0,4.0,27.0,170.0,22.0
0.9160606060606061,3800.0,0.78,650.5972972972972,0.29858309853444953,1056.5434782608695,21.0,2.0,27.0,185.0,23.0
0.9160606060606061,4000.0,0.8,659.2666666666667,0.30638720531895486,1056.5434782608695,22.0,1.0,27.0,195.0,23.0
0.9160606060606061,4200.0,0.8,657.7928571428571,0.3065088277623497,1056.5434782608695,23.0,1.0,26.0,210.0,23.0
0.9160606060606061,4400.0,0.78,649.5065789473684,0.30356961871363997,1056.5434782608695,21.0,3.0,26.0,228.0,23.0
0.9160606060606061,4600.0,0.78,640.0,0.29633308333164415,1056.5434782608695,19.0,5.0,26.0,241.0,23.0
0.9160606060606061,4800.0,0.8,636.0737051792829,0.2942249609794661,1056.5434782608695,19.0,5.0,26.0,251.0,23.0
0.9160606060606061,5000.0,0.8,637.7807692307692,0.2933127926540044,1056.5434782608695,19.0,5.0,26.0,260.0,23.0
0.9160606060606061,5200.0,0.8,646.1304347826087,0.29191413455496323,1056.5434782608695,21.0,3.0,26.0,276.0,23.0
0.9160606060606061,5400.0,0.78,645.0227272727273,0.29112358867289645,1056.5434782608695,20.0,4.0,26.0,286.0,23.0
0.9160606060606061,5600.0,0.72,643.4950980392157,0.28810329799525675,1056.5434782608695,19.0,5.0,26.0,306.0,23.0
0.9160606060606061,5800.0,0.78,640.4398734177215,0.2906979101210143,1248.625,22.0,2.0,26.0,316.0,24.0
0.9160606060606061,6000.0,0.78,634.4726443768997,0.29521821093385764,1248.625,21.0,3.0,26.0,329.0,24.0
0.9160606060606061,6200.0,0.8,632.5818713450292,0.2991101291224941,1248.625,21.0,4.0,25.0,342.0,24.0
0.9160606060606061,6400.0,0.76,623.9422535211268,0.3036304299353374,1248.625,21.0,5.0,24.0,355.0,24.0
0.9160606060606061,6600.0,0.8,623.322102425876,0.3006912208866276,1248.625,18.0,8.0,24.0,371.0,24.0
0.9160606060606061,6800.0,0.78,621.5208877284596,0.30247501672308597,1248.625,18.0,8.0,24.0,383.0,24.0
0.9160606060606061,7000.0,0.76,627.6951530612245,0.30725883282995153,1685.5384615384614,23.0,3.0,24.0,392.0,26.0
0.9160606060606061,7200.0,0.78,630.4234567901235,0.31050209798714856,1685.5384615384614,22.0,5.0,23.0,405.0,26.0
0.9160606060606061,7400.0,0.8,626.0833333333334,0.3114142663126102,1685.5384615384614,21.0,6.0,23.0,420.0,26.0
0.9160606060606061,7600.0,0.76,620.4602272727273,0.3117588632355624,1685.5384615384614,21.0,6.0,23.0,440.0,26.0
0.9160606060606061,7800.0,0.8,625.6181015452538,0.31137372549814524,1685.5384615384614,21.0,6.0,23.0,453.0,26.0
0.9160606060606061,8000.0,0.78,621.0549568965517,0.31060345002331097,1685.5384615384614,22.0,5.0,23.0,464.0,26.0
0.9160606060606061,8200.0,0.8,616.5240083507307,0.31246832748869924,1925.148148148148,24.0,3.0,23.0,479.0,27.0
0.9160606060606061,8400.0,0.78,617.2935222672065,0.3162791640484057,1925.148148148148,23.0,4.0,23.0,494.0,27.0
0.9160606060606061,8600.0,0.78,614.3804780876494,0.31950215879837024,1925.148148148148,25.0,2.0,23.0,502.0,27.0
0.9160606060606061,8800.0,0.76,615.2998065764024,0.3218332556301056,1925.148148148148,24.0,3.0,23.0,517.0,27.0
0.9160606060606061,9000.0,0.8,613.8674812030075,0.32110352096973627,1925.148148148148,24.0,4.0,22.0,532.0,27.0
0.9160606060606061,9200.0,0.8,612.3724954462659,0.3217319035939432,1925.148148148148,23.0,5.0,22.0,549.0,27.0
0.9160606060606061,9400.0,0.78,611.1426056338029,0.32268461273386984,2190.464285714286,24.0,4.0,22.0,568.0,28.0
0.9160606060606061,9600.0,0.8,606.9723661485319,0.3210832505625038,2190.464285714286,21.0,6.0,23.0,579.0,28.0
0.9160606060606061,9800.0,0.78,607.035413153457,0.3178602558125393,2190.464285714286,22.0,5.0,23.0,593.0,28.0
0.9160606060606061,10000.0,0.8,604.0444078947369,0.31788052621977175,2190.464285714286,22.0,5.0,23.0,608.0,28.0
0.9160606060606061,10200.0,0.8,602.3151125401929,0.3155696997952689,2190.464285714286,22.0,6.0,22.0,622.0,28.0
0.9160606060606061,10400.0,0.8,600.8122065727699,0.31921837309711554,2190.464285714286,23.0,5.0,22.0,639.0,28.0
0.9160606060606061,10600.0,0.8,602.3120184899846,0.3204345975310644,2190.464285714286,22.0,6.0,22.0,649.0,28.0
0.9160606060606061,10800.0,0.8,601.8083333333333,0.32126568422759616,2190.464285714286,22.0,7.0,21.0,660.0,28.0
0.9160606060606061,11000.0,0.8,601.652466367713,0.3205359495672268,2190.464285714286,22.0,7.0,21.0,669.0,28.0
0.9160606060606061,11200.0,0.76,600.2347826086957,0.31660349056412546,2190.464285714286,21.0,8.0,21.0,690.0,28.0
0.9160606060606061,11400.0,0.78,599.4216101694915,0.3149818579855269,2190.464285714286,21.0,8.0,21.0,708.0,28.0
0.9160606060606061,11600.0,0.76,598.3729166666667,0.31291427644781383,2190.464285714286,21.0,9.0,20.0,720.0,28.0
0.9160606060606061,11800.0,0.8,596.4864314789688,0.31504266920722435,2190.464285714286,21.0,9.0,20.0,737.0,28.0
0.9160606060606061,12000.0,0.8,589.2648612945839,0.3182048527354915,2190.464285714286,21.0,9.0,20.0,757.0,28.0
0.9160606060606061,12200.0,0.78,586.6714100905563,0.3222792045892202,2530.0862068965516,24.0,5.0,21.0,773.0,29.0
0.9160606060606061,12400.0,0.8,586.3146496815286,0.3229481280278921,2530.0862068965516,25.0,4.0,21.0,785.0,29.0
0.9160606060606061,12600.0,0.78,585.058197747184,0.32548192893195227,2530.0862068965516,24.0,5.0,21.0,799.0,29.0
0.9160606060606061,12800.0,0.78,586.4956790123457,0.3323738673909959,2530.0862068965516,24.0,5.0,21.0,810.0,29.0
0.9160606060606061,13000.0,0.8,587.7667478684531,0.33630632639409724,2530.0862068965516,21.0,8.0,21.0,821.0,29.0
0.9160606060606061,13200.0,0.78,587.1724137931035,0.3305089899256076,2530.0862068965516,22.0,7.0,21.0,841.0,29.0
0.9160606060606061,13400.0,0.76,586.4888758782201,0.3317252143595565,2530.0862068965516,21.0,8.0,21.0,854.0,29.0
0.9160606060606061,13600.0,0.8,586.9032444959444,0.33056980114730505,2530.0862068965516,21.0,8.0,21.0,863.0,29.0
0.9160606060606061,13800.0,0.8,586.3850967007963,0.3337725254900371,2530.0862068965516,22.0,8.0,20.0,879.0,29.0
0.9160606060606061,14000.0,0.8,587.2214125560538,0.333894147933432,2530.0862068965516,22.0,8.0,20.0,892.0,29.0
0.9160606060606061,14200.0,0.78,586.437293729373,0.33531307643970565,2530.0862068965516,23.0,7.0,20.0,909.0,29.0
0.9160606060606061,14400.0,0.8,586.3630952380952,0.33215089291143857,2921.366666666667,22.0,9.0,19.0,924.0,30.0
0.9160606060606061,14600.0,0.8,582.0164718384697,0.3380293110088582,2921.366666666667,20.0,11.0,19.0,941.0,30.0
0.9160606060606061,14800.0,0.8,579.659162303665,0.3400563517321063,3299.0967741935483,21.0,10.0,19.0,955.0,31.0
0.9160606060606061,15000.0,0.78,578.8977154724819,0.3356171325481929,3661.234375,22.0,9.0,19.0,963.0,32.0
0.9160606060606061,15200.0,0.8,580.5750766087845,0.3297995256724708,3661.234375,21.0,10.0,19.0,979.0,32.0
0.9160606060606061,15400.0,0.8,580.5195,0.3300427705592605,3661.234375,21.0,10.0,19.0,1000.0,32.0
0.9160606060606061,15600.0,0.76,579.8070866141733,0.3339954999695944,3661.234375,22.0,9.0,19.0,1016.0,32.0
0.9160606060606061,15800.0,0.76,577.8092933204259,0.33012385218819046,3661.234375,20.0,11.0,19.0,1033.0,32.0
0.9160606060606061,16000.0,0.8,576.8948374760994,0.32937384712058865,3661.234375,21.0,10.0,19.0,1046.0,32.0
0.9462626262626264,0.0,0.0,nan,0.015202805424360975,nan,0.0,0.0,50.0,0.0,0.0
0.9462626262626264,200.0,0.32,166.0,0.038777289035736726,nan,0.0,13.0,37.0,1.0,0.0
0.9462626262626264,400.0,0.68,103.5,0.08783167453834148,nan,0.0,20.0,30.0,2.0,0.0
0.9462626262626264,600.0,0.76,254.44444444444446,0.1356090243852999,561.0,4.0,17.0,29.0,9.0,4.0
0.9462626262626264,800.0,0.8,270.7692307692308,0.1706160176757951,649.0833333333334,12.0,9.0,29.0,13.0,12.0
0.9462626262626264,1000.0,0.8,302.8333333333333,0.19905539902296637,693.2,15.0,6.0,29.0,15.0,15.0
0.9462626262626264,1200.0,0.8,367.875,0.2246163825431253,693.2,15.0,6.0,29.0,20.0,15.0
0.9462626262626264,1400.0,0.8,616.59375,0.23994081041088117,733.25,16.0,5.0,29.0,32.0,16.0
0.9462626262626264,1600.0,0.7,704.936170212766,0.2532179271481564,777.2941176470588,17.0,4.0,29.0,47.0,17.0
0.9462626262626264,1800.0,0.8,751.0357142857143,0.2581233656984169,825.6666666666666,18.0,3.0,29.0,56.0,18.0
0.9462626262626264,2000.0,0.8,744.6268656716418,0.2640423246103014,825.6666666666666,18.0,3.0,29.0,67.0,18.0
0.9462626262626264,2200.0,0.8,719.2848101265823,0.2703261508523706,825.6666666666666,18.0,5.0,27.0,79.0,18.0
0.9462626262626264,2400.0,0.8,728.5056818181819,0.27713700768248434,825.6666666666666,18.0,6.0,26.0,88.0,18.0
0.9462626262626264,2600.0,0.8,738.1809523809524,0.28384651247643566,909.421052631579,19.0,4.0,27.0,105.0,19.0
0.9462626262626264,2800.0,0.74,735.5512820512821,0.28893438469178845,1001.925,20.0,3.0,27.0,117.0,20.0
0.9462626262626264,3000.0,0.8,722.5393700787401,0.2913465631524537,1172.840909090909,21.0,3.0,26.0,127.0,22.0
0.9462626262626264,3200.0,0.8,704.8840579710145,0.29501550686153283,1172.840909090909,20.0,4.0,26.0,138.0,22.0
0.9462626262626264,3400.0,0.8,701.6324503311258,0.3017047412482517,1264.391304347826,21.0,4.0,25.0,151.0,23.0
0.9462626262626264,3600.0,0.8,700.7484848484848,0.30573855228751545,1264.391304347826,20.0,5.0,25.0,165.0,23.0
0.9462626262626264,3800.0,0.74,671.8962765957447,0.3083939756349705,1264.391304347826,21.0,4.0,25.0,188.0,23.0
0.9462626262626264,4000.0,0.8,670.2020202020202,0.3063061236900249,1264.391304347826,20.0,5.0,25.0,198.0,23.0
0.9462626262626264,4200.0,0.78,661.6957547169811,0.3071169399793242,1264.391304347826,21.0,4.0,25.0,212.0,23.0
0.9462626262626264,4400.0,0.8,647.44,0.3061034196177001,1264.391304347826,21.0,4.0,25.0,225.0,23.0
0.9462626262626264,4600.0,0.78,646.1785714285714,0.30490746559098375,1264.391304347826,22.0,3.0,25.0,238.0,23.0
0.9462626262626264,4800.0,0.8,636.8392156862745,0.30344799627024505,1264.391304347826,21.0,4.0,25.0,255.0,23.0
0.9462626262626264,5000.0,0.78,625.9347014925373,0.30202906776397137,1418.8333333333333,22.0,3.0,25.0,268.0,24.0
0.9462626262626264,5200.0,0.8,627.6285714285714,0.2995155372671437,1418.8333333333333,21.0,4.0,25.0,280.0,24.0
0.9462626262626264,5400.0,0.78,634.6802721088435,0.30119798106743967,1577.68,20.0,7.0,23.0,294.0,25.0
0.9462626262626264,5600.0,0.78,635.422077922078,0.29977905256116594,1577.68,21.0,6.0,23.0,308.0,25.0
0.9462626262626264,5800.0,0.74,631.3385579937304,0.30314394016175783,1734.173076923077,22.0,6.0,22.0,319.0,26.0
0.9462626262626264,6000.0,0.76,628.606824925816,0.30583990432367786,1734.173076923077,22.0,6.0,22.0,337.0,26.0
0.9462626262626264,6200.0,0.78,625.6328571428571,0.30217096061459875,1734.173076923077,21.0,7.0,22.0,350.0,26.0
0.9462626262626264,6400.0,0.8,620.5246575342466,0.30186690450611153,1734.173076923077,21.0,9.0,20.0,365.0,26.0
0.9462626262626264,6600.0,0.8,613.266318537859,0.3091845215170373,1734.173076923077,22.0,8.0,20.0,383.0,26.0
0.9462626262626264,6800.0,0.78,605.5087719298245,0.3183062047716539,1734.173076923077,20.0,12.0,18.0,399.0,26.0
0.9462626262626264,7000.0,0.78,607.9547677261613,0.32550219933918473,2104.214285714286,22.0,10.0,18.0,409.0,28.0
0.9462626262626264,7200.0,0.78,606.5688836104513,0.3259481482982993,2277.5862068965516,22.0,10.0,18.0,421.0,29.0
0.9462626262626264,7400.0,0.8,604.9467592592592,0.32296839843512454,2441.8,20.0,12.0,18.0,432.0,30.0
0.9462626262626264,7600.0,0.8,606.7733333333333,0.32296839843512454,2441.8,24.0,8.0,18.0,450.0,30.0
0.9462626262626264,7800.0,0.78,597.737687366167,0.33046844911114265,2441.8,23.0,9.0,18.0,467.0,30.0
0.9462626262626264,8000.0,0.78,591.5679012345679,0.3320698112825087,2441.8,24.0,8.0,18.0,486.0,30.0
0.9462626262626264,8200.0,0.78,591.2888446215139,0.32791437779985,2441.8,24.0,8.0,18.0,502.0,30.0
0.9462626262626264,8400.0,0.8,589.4150390625,0.3313806174366043,2441.8,24.0,8.0,18.0,512.0,30.0
0.9462626262626264,8600.0,0.78,593.7317307692308,0.33140088784383676,2441.8,23.0,9.0,18.0,520.0,30.0
0.9462626262626264,8800.0,0.78,594.7354048964219,0.33154278069446413,2441.8,23.0,9.0,18.0,531.0,30.0
0.9462626262626264,9000.0,0.74,597.4452554744526,0.32714410232501573,2441.8,23.0,9.0,18.0,548.0,30.0
0.9462626262626264,9200.0,0.78,596.7504472271914,0.3202318934587396,2657.1290322580644,22.0,10.0,18.0,559.0,31.0
0.9462626262626264,9400.0,0.78,600.5737847222222,0.3219143372590355,2657.1290322580644,22.0,10.0,18.0,576.0,31.0
0.9462626262626264,9600.0,0.78,596.594387755102,0.3270630206960858,2657.1290322580644,22.0,10.0,18.0,588.0,31.0
0.9462626262626264,9800.0,0.78,597.8108333333333,0.32850221960959197,2657.1290322580644,23.0,9.0,18.0,600.0,31.0
0.9462626262626264,10000.0,0.78,594.7907915993538,0.3255427401536497,2657.1290322580644,24.0,8.0,18.0,619.0,31.0
0.9462626262626264,10200.0,0.8,593.085308056872,0.32765086250582776,2657.1290322580644,21.0,12.0,17.0,633.0,31.0
0.9462626262626264,10400.0,0.76,591.7576687116565,0.3368333569821418,2657.1290322580644,22.0,11.0,17.0,652.0,31.0
0.9462626262626264,10600.0,0.8,592.0453857791225,0.34121176494435773,2900.984375,26.0,7.0,17.0,661.0,32.0
0.9462626262626264,10800.0,0.78,590.4822222222223,0.3387185048547625,3136.681818181818,25.0,8.0,17.0,675.0,33.0
0.9462626262626264,11000.0,0.78,589.2351233671989,0.3356374029554254,3136.681818181818,26.0,7.0,17.0,689.0,33.0
0.9462626262626264,11200.0,0.78,587.8682336182336,0.3327184643139481,3136.681818181818,28.0,5.0,17.0,702.0,33.0
0.9462626262626264,11400.0,0.8,588.0528511821975,0.3311373725498145,3136.681818181818,22.0,11.0,17.0,719.0,33.0
0.9462626262626264,11600.0,0.74,586.3814713896458,0.329515739971216,3136.681818181818,23.0,10.0,17.0,734.0,33.0
0.9462626262626264,11800.0,0.8,587.6531291611185,0.32333326576530924,3136.681818181818,23.0,10.0,17.0,751.0,33.0
0.9462626262626264,12000.0,0.8,585.8614379084968,0.31698862830154256,3136.681818181818,22.0,11.0,17.0,765.0,33.0
0.9462626262626264,12200.0,0.78,584.2901155327343,0.3092858735531997,3136.681818181818,20.0,13.0,17.0,779.0,33.0
0.9462626262626264,12400.0,0.8,582.0133248730964,0.3035898891208724,3136.681818181818,19.0,14.0,17.0,788.0,33.0
0.9462626262626264,12600.0,0.72,581.9691358024692,0.30395475645105713,3136.681818181818,18.0,15.0,17.0,810.0,33.0
0.9462626262626264,12800.0,0.8,577.3592995169082,0.30821154196987816,3136.681818181818,20.0,13.0,17.0,828.0,33.0
0.9462626262626264,13000.0,0.8,574.9377203290247,0.3140291488456003,3136.681818181818,21.0,12.0,17.0,851.0,33.0
0.9462626262626264,13200.0,0.76,573.2764976958525,0.3120021081223522,3136.681818181818,22.0,12.0,16.0,868.0,33.0
0.9462626262626264,13400.0,0.8,571.8291571753987,0.3113331846836803,3136.681818181818,23.0,11.0,16.0,878.0,33.0
0.9462626262626264,13600.0,0.8,569.2390572390573,0.3083939756349705,3444.3382352941176,23.0,11.0,16.0,891.0,34.0
0.9462626262626264,13800.0,0.8,567.358552631579,0.30385340441489467,3444.3382352941176,22.0,12.0,16.0,912.0,34.0
0.9462626262626264,14000.0,0.8,568.1772629310345,0.3097723633267792,3444.3382352941176,20.0,14.0,16.0,928.0,34.0
0.9462626262626264,14200.0,0.78,565.4767441860465,0.31708998033770497,3444.3382352941176,21.0,13.0,16.0,946.0,34.0
0.9462626262626264,14400.0,0.78,565.3248175182482,0.32323191372914684,3365.4,23.0,12.0,15.0,959.0,35.0
0.9462626262626264,14600.0,0.8,564.965499485067,0.3337725254900371,3365.4,24.0,11.0,15.0,971.0,35.0
0.9462626262626264,14800.0,0.78,564.3252279635259,0.3357387549915878,3682.847222222222,29.0,6.0,15.0,987.0,36.0
0.9462626262626264,15000.0,0.76,563.8116302186879,0.3345428009648714,3682.847222222222,26.0,9.0,15.0,1006.0,36.0
0.9462626262626264,15200.0,0.78,562.8186758893281,0.3329211683862729,3682.847222222222,25.0,11.0,14.0,1012.0,36.0
0.9462626262626264,15400.0,0.78,564.2943743937924,0.3335698214177123,3682.847222222222,24.0,12.0,14.0,1031.0,36.0
0.9462626262626264,15600.0,0.8,563.2287081339713,0.3347657754444287,3682.847222222222,25.0,11.0,14.0,1045.0,36.0
0.9462626262626264,15800.0,0.8,562.6247628083491,0.3334279285670849,4009.391891891892,24.0,12.0,14.0,1054.0,37.0
0.9462626262626264,16000.0,0.8,562.6869158878504,0.3299819593375631,4009.391891891892,23.0,13.0,14.0,1070.0,37.0
0.9764646464646466,0.0,0.0,nan,0.015202805424360975,nan,0.0,0.0,50.0,0.0,0.0
0.9764646464646466,200.0,0.38,73.5,0.03952729410333854,nan,0.0,12.0,38.0,1.0,0.0
0.9764646464646466,400.0,0.68,139.0,0.07526402205420307,nan,0.0,14.0,36.0,5.0,0.0
0.9764646464646466,600.0,0.74,199.61111111111111,0.11416293353333469,508.6,5.0,13.0,32.0,9.0,5.0
0.9764646464646466,800.0,0.78,247.75,0.15269697768228163,547.1428571428571,7.0,12.0,31.0,14.0,7.0
0.9764646464646466,1000.0,0.8,297.0882352941176,0.18889992499949324,673.5,11.0,8.0,31.0,17.0,11.0
0.9764646464646466,1200.0,0.8,491.2083333333333,0.21567713295360103,770.9642857142857,14.0,5.0,31.0,24.0,14.0
0.9764646464646466,1400.0,0.76,559.030303030303,0.23596781059331481,881.8888888888889,17.0,2.0,31.0,33.0,18.0
0.9764646464646466,1600.0,0.8,672.9333333333333,0.2533192791843188,881.8888888888889,18.0,1.0,31.0,45.0,18.0
0.9764646464646466,1800.0,0.76,671.0583333333333,0.26467070723450836,881.8888888888889,18.0,2.0,30.0,60.0,18.0
0.9764646464646466,2000.0,0.78,670.2066666666667,0.2703464212596031,881.8888888888889,18.0,2.0,30.0,75.0,18.0
0.9764646464646466,2200.0,0.76,685.9943820224719,0.2738937425252873,949.4473684210526,18.0,3.0,29.0,89.0,19.0
0.9764646464646466,2400.0,0.78,689.539603960396,0.2741572578193096,949.4473684210526,18.0,3.0,29.0,101.0,19.0
0.9764646464646466,2600.0,0.78,661.8478260869565,0.2712180487705998,949.4473684210526,18.0,3.0,29.0,115.0,19.0
0.9764646464646466,2800.0,0.8,654.2992125984252,0.2761842985425577,1116.952380952381,20.0,2.0,28.0,127.0,21.0
0.9764646464646466,3000.0,0.8,650.0401459854014,0.2812721707579105,1116.952380952381,20.0,3.0,27.0,137.0,21.0
0.9764646464646466,3200.0,0.72,658.722972972973,0.28670463989621553,1116.952380952381,19.0,5.0,26.0,148.0,21.0
0.9764646464646466,3400.0,0.8,657.9426751592357,0.28958303772322785,1216.6136363636363,21.0,3.0,26.0,157.0,22.0
0.9764646464646466,3600.0,0.78,664.2203389830509,0.2979749863174751,1317.7608695652175,23.0,3.0,24.0,177.0,23.0
0.9764646464646466,3800.0,0.74,646.6858638743455,0.30725883282995153,1317.7608695652175,23.0,4.0,23.0,191.0,23.0
0.9764646464646466,4000.0,0.8,637.8399014778325,0.3104615571726836,1317.7608695652175,22.0,5.0,23.0,203.0,23.0
0.9764646464646466,4200.0,0.76,633.8227272727273,0.3134818478503233,1645.4615384615386,24.0,4.0,22.0,220.0,26.0
0.9764646464646466,4400.0,0.78,632.7239130434782,0.3182656639571889,1645.4615384615386,25.0,3.0,22.0,230.0,26.0
0.9764646464646466,4600.0,0.8,628.6077235772358,0.3286643828674518,1645.4615384615386,24.0,6.0,20.0,246.0,26.0
0.9764646464646466,4800.0,0.74,627.560546875,0.33667119372428195,1861.1964285714287,27.0,3.0,20.0,256.0,28.0
0.9764646464646466,5000.0,0.8,620.4191176470588,0.3346238825938013,1967.7241379310344,25.0,5.0,20.0,272.0,29.0
0.9764646464646466,5200.0,0.8,622.2960288808664,0.33002250015202805,1967.7241379310344,23.0,7.0,20.0,277.0,29.0
0.9764646464646466,5400.0,0.8,625.2320819112628,0.32858330123852186,2081.35,24.0,6.0,20.0,293.0,30.0
0.9764646464646466,5600.0,0.8,626.710355987055,0.3280157298360124,2081.35,23.0,7.0,20.0,309.0,30.0
0.9764646464646466,5800.0,0.8,631.6171875,0.32785356657815257,2081.35,23.0,7.0,20.0,320.0,30.0
0.9764646464646466,6000.0,0.8,624.4268656716417,0.330063040966493,2081.35,24.0,6.0,20.0,335.0,30.0
0.9764646464646466,6200.0,0.76,626.3898550724638,0.3297589848580058,2081.35,23.0,7.0,20.0,345.0,30.0
0.9764646464646466,6400.0,0.78,623.4545454545455,0.3260292299272292,2081.35,23.0,7.0,20.0,363.0,30.0
0.9764646464646466,6600.0,0.78,617.8829787234042,0.3259886891127643,2081.35,22.0,8.0,20.0,376.0,30.0
0.9764646464646466,6800.0,0.8,619.3359173126615,0.32319137291468186,2081.35,21.0,9.0,20.0,387.0,30.0
0.9764646464646466,7000.0,0.8,619.6039603960396,0.32219812296029027,2081.35,23.0,7.0,20.0,404.0,30.0
0.9764646464646466,7200.0,0.8,620.8888888888889,0.31895485780309324,2081.35,23.0,7.0,20.0,414.0,30.0
0.9764646464646466,7400.0,0.78,616.6697674418605,0.3168467354509152,2081.35,25.0,5.0,20.0,430.0,30.0
0.9764646464646466,7600.0,0.8,611.0957207207207,0.3177183629619119,2081.35,26.0,4.0,20.0,444.0,30.0
0.9764646464646466,7800.0,0.8,610.3945652173913,0.3132791437779985,2081.35,24.0,6.0,20.0,460.0,30.0
0.9764646464646466,8000.0,0.8,609.9014830508474,0.3141507712889952,2081.35,22.0,8.0,20.0,472.0,30.0
0.9764646464646466,8200.0,0.8,609.6755102040817,0.3113129142764478,2081.35,23.0,7.0,20.0,490.0,30.0
0.9764646464646466,8400.0,0.8,610.1136820925553,0.31277238359718645,2081.35,21.0,9.0,20.0,497.0,30.0
0.9764646464646466,8600.0,0.8,610.2593320235757,0.31644132730626556,2081.35,22.0,8.0,20.0,509.0,30.0
0.9764646464646466,8800.0,0.76,614.0325670498084,0.3144750978047149,2081.35,23.0,7.0,20.0,522.0,30.0
0.9764646464646466,9000.0,0.8,606.1731123388582,0.31386698558774045,2081.35,23.0,7.0,20.0,543.0,30.0
0.9764646464646466,9200.0,0.8,602.1914132379248,0.3155291589808039,2081.35,22.0,8.0,20.0,559.0,30.0
0.9764646464646466,9400.0,0.78,604.1905594405595,0.3180021486631666,2081.35,24.0,7.0,19.0,572.0,30.0
0.9764646464646466,9600.0,0.8,603.3333333333334,0.3216305515577808,2081.35,24.0,7.0,19.0,585.0,30.0
0.9764646464646466,9800.0,0.8,601.9434276206323,0.3175561997040521,2081.35,21.0,10.0,19.0,601.0,30.0
0.9764646464646466,10000.0,0.78,599.9575163398692,0.3146980722842722,2331.967741935484,18.0,13.0,19.0,612.0,31.0
0.9764646464646466,10200.0,0.8,596.5730158730158,0.3180021486631666,2331.967741935484,18.0,13.0,19.0,630.0,31.0
0.9764646464646466,10400.0,0.76,591.0865533230294,0.32039405671659943,2331.967741935484,22.0,9.0,19.0,647.0,31.0
0.9764646464646466,10600.0,0.8,592.5264750378215,0.31494131717106194,2331.967741935484,22.0,9.0,19.0,661.0,31.0
0.9764646464646466,10800.0,0.78,590.9375928677563,0.31589402631098856,2331.967741935484,24.0,7.0,19.0,673.0,31.0
0.9764646464646466,11000.0,0.8,589.8822674418604,0.3199278373502524,2331.967741935484,23.0,8.0,19.0,688.0,31.0
0.9764646464646466,11200.0,0.76,589.2407407407408,0.3185089088439787,2331.967741935484,22.0,9.0,19.0,702.0,31.0
0.9764646464646466,11400.0,0.76,588.9700139470013,0.31224535300914197,2331.967741935484,20.0,11.0,19.0,717.0,31.0
0.9764646464646466,11600.0,0.78,585.3119891008174,0.3113129142764478,2331.967741935484,17.0,14.0,19.0,734.0,31.0
0.9764646464646466,11800.0,0.8,584.5708556149733,0.30999533780633654,2331.967741935484,21.0,10.0,19.0,748.0,31.0
0.9764646464646466,12000.0,0.78,581.1142297650131,0.30813046034094826,2331.967741935484,21.0,10.0,19.0,766.0,31.0
0.9764646464646466,12200.0,0.8,583.1752577319587,0.3072385624227191,2331.967741935484,23.0,8.0,19.0,776.0,31.0
0.9764646464646466,12400.0,0.8,581.366373902133,0.30598179717430524,2331.967741935484,22.0,9.0,19.0,797.0,31.0
0.9764646464646466,12600.0,0.8,578.1167481662592,0.30446151663186916,2331.967741935484,22.0,9.0,19.0,818.0,31.0
0.9764646464646466,12800.0,0.74,575.016206482593,0.30348853708471,2331.967741935484,21.0,11.0,18.0,833.0,31.0
0.9764646464646466,13000.0,0.78,573.8600237247924,0.30344799627024505,2331.967741935484,20.0,12.0,18.0,843.0,31.0
0.9764646464646466,13200.0,0.78,574.6690058479533,0.3011168994385097,2331.967741935484,19.0,13.0,18.0,855.0,31.0
0.9764646464646466,13400.0,0.8,573.421749136939,0.3006912208866276,2331.967741935484,20.0,11.0,19.0,869.0,31.0
0.9764646464646466,13600.0,0.8,575.4335227272727,0.3013601443252995,2331.967741935484,18.0,13.0,19.0,880.0,31.0
0.9764646464646466,13800.0,0.8,575.9760579064588,0.30464395029696145,2331.967741935484,20.0,11.0,19.0,898.0,31.0
0.9764646464646466,14000.0,0.78,574.2752192982456,0.30217096061459875,2331.967741935484,19.0,11.0,20.0,912.0,31.0
0.9764646464646466,14200.0,0.8,572.4659827213823,0.2969411955486186,2331.967741935484,19.0,11.0,20.0,926.0,31.0
0.9764646464646466,14400.0,0.8,573.9915343915344,0.29681957310522367,2331.967741935484,18.0,12.0,20.0,945.0,31.0
0.9764646464646466,14600.0,0.78,573.1184759916492,0.29698173636308356,2331.967741935484,18.0,12.0,20.0,958.0,31.0
0.9764646464646466,14800.0,0.8,572.2854188210962,0.2980155271319401,2331.967741935484,20.0,10.0,20.0,967.0,31.0
0.9764646464646466,15000.0,0.8,572.3812182741117,0.29467090993858064,2331.967741935484,20.0,12.0,18.0,985.0,31.0
0.9764646464646466,15200.0,0.8,570.2313432835821,0.2848803032452922,2331.967741935484,19.0,12.0,19.0,1005.0,31.0
0.9764646464646466,15400.0,0.8,570.0593719332679,0.28244785437739445,2331.967741935484,21.0,10.0,19.0,1019.0,31.0
0.9764646464646466,15600.0,0.74,566.8157389635317,0.28230596152676707,2331.967741935484,20.0,12.0,18.0,1042.0,31.0
0.9764646464646466,15800.0,0.78,565.8007554296506,0.2852451705754769,2331.967741935484,17.0,14.0,19.0,1059.0,31.0
0.9764646464646466,16000.0,0.76,564.5692379182157,0.2876776194433746,2753.140625,21.0,11.0,18.0,1076.0,32.0
1.0,0.0,0.0,nan,0.015202805424360975,nan,0.0,0.0,50.0,0.0,0.0
1.0,200.0,0.38,73.5,0.03952729410333854,nan,0.0,12.0,38.0,1.0,0.0
1.0,400.0,0.66,139.0,0.07514239961080818,nan,0.0,14.0,36.0,5.0,0.0
1.0,600.0,0.74,201.33333333333334,0.11130480611355482,491.0,4.0,14.0,32.0,12.0,4.0
1.0,800.0,0.78,209.10714285714286,0.14969695741187442,591.5,8.0,10.0,32.0,14.0,8.0
1.0,1000.0,0.78,246.88235294117646,0.17977824174487667,661.1363636363636,11.0,7.0,32.0,17.0,11.0
1.0,1200.0,0.78,443.98,0.20633247521942716,779.2,15.0,3.0,32.0,25.0,15.0
1.0,1400.0,0.78,524.0483870967741,0.22623801512172378,842.8823529411765,16.0,2.0,32.0,31.0,17.0
1.0,1600.0,0.8,709.5243902439024,0.24006243285427603,842.8823529411765,17.0,1.0,32.0,41.0,17.0
1.0,1800.0,0.8,747.8529411764706,0.24883951918594044,842.8823529411765,17.0,1.0,32.0,51.0,17.0
1.0,2000.0,0.76,773.7461538461539,0.25208278434313747,842.8823529411765,17.0,1.0,32.0,65.0,17.0
1.0,2200.0,0.76,764.3827160493827,0.25435306995317536,913.0277777777778,18.0,0.0,32.0,81.0,18.0
1.0,2400.0,0.78,723.6326530612245,0.25826525854904425,913.0277777777778,18.0,0.0,32.0,98.0,18.0
1.0,2600.0,0.76,670.7300884955753,0.2592179676889709,913.0277777777778,18.0,0.0,32.0,113.0,18.0
1.0,2800.0,0.78,664.9453125,0.2617112277785661,913.0277777777778,18.0,1.0,31.0,128.0,18.0
1.0,3000.0,0.8,656.1666666666666,0.2606774370097095,913.0277777777778,18.0,1.0,31.0,141.0,18.0
1.0,3200.0,0.8,648.2203947368421,0.255812539273914,913.0277777777778,17.0,3.0,30.0,152.0,18.0
1.0,3400.0,0.8,639.6226993865031,0.2553665903147994,1036.7631578947369,18.0,3.0,29.0,163.0,19.0
1.0,3600.0,0.78,640.7257142857143,0.25881255954432125,1036.7631578947369,16.0,5.0,29.0,175.0,19.0
1.0,3800.0,0.78,645.2258064516129,0.2642450286826262,1167.35,19.0,2.0,29.0,186.0,20.0
1.0,4000.0,0.8,655.5612244897959,0.26856262542314474,1167.35,19.0,2.0,29.0,196.0,20.0
1.0,4200.0,0.78,650.3816425120773,0.27302211501429063,1309.1666666666667,21.0,0.0,29.0,207.0,21.0
1.0,4400.0,0.76,660.1697247706422,0.2715423752863195,1309.1666666666667,20.0,1.0,29.0,218.0,21.0
1.0,4600.0,0.78,658.3480176211453,0.2660288245190846,1309.1666666666667,19.0,2.0,29.0,227.0,21.0
1.0,4800.0,0.76,658.6375,0.26392070216690655,1309.1666666666667,18.0,3.0,29.0,240.0,21.0
1.0,5000.0,0.78,658.0949612403101,0.26337340117162955,1309.1666666666667,18.0,3.0,29.0,258.0,21.0
1.0,5200.0,0.76,657.9249084249084,0.2614679828917763,1309.1666666666667,19.0,2.0,29.0,273.0,21.0
1.0,5400.0,0.78,653.8044982698962,0.2619544726653558,1309.1666666666667,20.0,1.0,29.0,289.0,21.0
1.0,5600.0,0.78,645.6970198675497,0.2664342326637342,1309.1666666666667,20.0,1.0,29.0,302.0,21.0
1.0,5800.0,0.8,638.7555205047319,0.2728396813491983,1309.1666666666667,19.0,2.0,29.0,317.0,21.0
1.0,6000.0,0.76,634.2664670658683,0.27636673220765007,1309.1666666666667,19.0,3.0,28.0,334.0,21.0
1.0,6200.0,0.78,632.1028985507246,0.2797518902154744,1309.1666666666667,20.0,2.0,28.0,345.0,21.0
1.0,6400.0,0.8,628.9267605633803,0.27932621166359234,1309.1666666666667,19.0,3.0,28.0,355.0,21.0
1.0,6600.0,0.76,623.7013513513514,0.2831573186305313,1544.6818181818182,20.0,3.0,27.0,370.0,22.0
1.0,6800.0,0.72,624.855091383812,0.2862789613443334,1544.6818181818182,21.0,2.0,27.0,383.0,22.0
1.0,7000.0,0.78,623.6935897435898,0.2875154561855148,1778.3260869565217,22.0,1.0,27.0,390.0,23.0
1.0,7200.0,0.8,627.2111111111111,0.2874749153710498,1778.3260869565217,18.0,5.0,27.0,405.0,23.0
1.0,7400.0,0.8,627.0384615384615,0.285083007317617,1778.3260869565217,20.0,3.0,27.0,416.0,23.0
1.0,7600.0,0.78,636.6786542923434,0.2906168284920844,1778.3260869565217,20.0,4.0,26.0,431.0,23.0
1.0,7800.0,0.78,632.1261261261261,0.2933736038757019,1778.3260869565217,21.0,3.0,26.0,444.0,23.0
1.0,8000.0,0.8,628.9439560439561,0.29252224677193767,1778.3260869565217,20.0,5.0,25.0,455.0,23.0
1.0,8200.0,0.8,623.6893617021277,0.29623173129548175,2040.3541666666667,22.0,4.0,24.0,470.0,24.0
1.0,8400.0,0.8,625.7520746887967,0.3015020371759269,2293.94,22.0,5.0,23.0,482.0,25.0
1.0,8600.0,0.8,628.9453441295547,0.30065068007216267,2293.94,21.0,6.0,23.0,494.0,25.0
1.0,8800.0,0.76,627.3589743589744,0.2983398536476598,2293.94,19.0,8.0,23.0,507.0,25.0
1.0,9000.0,0.78,622.5718390804598,0.3035898891208724,2782.9074074074074,20.0,7.0,23.0,522.0,27.0
1.0,9200.0,0.8,623.5566037735849,0.30902235825917745,2782.9074074074074,22.0,6.0,22.0,530.0,27.0
1.0,9400.0,0.76,624.5658135283364,0.30965074088338435,2782.9074074074074,22.0,6.0,22.0,547.0,27.0
1.0,9600.0,0.78,626.1967799642218,0.3103196643220562,3021.3214285714284,22.0,6.0,22.0,559.0,28.0
1.0,9800.0,0.8,625.9038461538462,0.31084669491010075,3021.3214285714284,24.0,4.0,22.0,572.0,28.0
1.0,10000.0,0.76,625.8622448979592,0.3067926134636045,3021.3214285714284,24.0,4.0,22.0,588.0,28.0
1.0,10200.0,0.78,623.9560530679934,0.30425881255954434,3021.3214285714284,24.0,5.0,21.0,603.0,28.0
1.0,10400.0,0.78,621.7540453074433,0.3009547361806499,3021.3214285714284,24.0,5.0,21.0,618.0,28.0
1.0,10600.0,0.78,617.0513428120063,0.29671822106906126,3279.448275862069,23.0,6.0,21.0,633.0,29.0
1.0,10800.0,0.8,614.3955108359133,0.28927898161474064,3279.448275862069,20.0,9.0,21.0,646.0,29.0
1.0,11000.0,0.78,615.124810892587,0.288873573470091,3279.448275862069,21.0,8.0,21.0,661.0,29.0
1.0,11200.0,0.8,616.5837037037037,0.29469118034581315,3279.448275862069,20.0,10.0,20.0,675.0,29.0
1.0,11400.0,0.8,616.368804664723,0.3022115014290637,3279.448275862069,22.0,8.0,20.0,686.0,29.0
1.0,11600.0,0.8,615.4706723891273,0.30825208278434313,3279.448275862069,20.0,10.0,20.0,699.0,29.0
1.0,11800.0,0.78,610.289764868603,0.30867776133622526,3279.448275862069,22.0,8.0,20.0,723.0,29.0
1.0,12000.0,0.72,606.9372469635628,0.31153588875600513,3279.448275862069,23.0,7.0,20.0,741.0,29.0
1.0,12200.0,0.8,603.5849933598938,0.31352238866478827,3279.448275862069,25.0,5.0,20.0,753.0,29.0
1.0,12400.0,0.74,601.7028795811518,0.30851559807836537,3279.448275862069,22.0,8.0,20.0,764.0,29.0
1.0,12600.0,0.8,603.1232349165597,0.30286015446050313,3279.448275862069,23.0,7.0,20.0,779.0,29.0
1.0,12800.0,0.8,602.6717171717172,0.3015425779903918,3279.448275862069,22.0,8.0,20.0,792.0,29.0
1.0,13000.0,0.78,602.8471534653465,0.29825877201872986,3279.448275862069,23.0,7.0,20.0,808.0,29.0
1.0,13200.0,0.8,599.5407047387606,0.29424523138669856,3279.448275862069,21.0,9.0,20.0,823.0,29.0
1.0,13400.0,0.78,598.4386904761905,0.2899884458678775,3279.448275862069,22.0,8.0,20.0,840.0,29.0
1.0,13600.0,0.72,594.9936416184971,0.29250197636470515,3279.448275862069,20.0,11.0,19.0,865.0,29.0
1.0,13800.0,0.8,591.7083333333334,0.29935337400928386,3279.448275862069,22.0,9.0,19.0,876.0,29.0
1.0,14000.0,0.8,589.283371040724,0.30511016966330856,3279.448275862069,21.0,10.0,19.0,884.0,29.0
1.0,14200.0,0.8,590.4844789356985,0.30965074088338435,3279.448275862069,23.0,9.0,18.0,902.0,29.0
1.0,14400.0,0.78,588.8781420765027,0.3085358684855979,3279.448275862069,22.0,10.0,18.0,915.0,29.0
1.0,14600.0,0.8,590.2260495156082,0.3097115521050818,3279.448275862069,24.0,8.0,18.0,929.0,29.0
1.0,14800.0,0.8,584.7093389296957,0.3096304704761519,3657.5666666666666,23.0,9.0,18.0,953.0,30.0
1.0,15000.0,0.78,581.1680412371134,0.30766424097460116,3657.5666666666666,20.0,12.0,18.0,970.0,30.0
1.0,15200.0,0.78,581.7274111675127,0.3104818275799161,3657.5666666666666,22.0,10.0,18.0,985.0,30.0
1.0,15400.0,0.8,580.594472361809,0.3149818579855269,4032.4193548387098,23.0,8.0,19.0,995.0,31.0
1.0,15600.0,0.78,581.5712151394422,0.31554942938803643,4032.4193548387098,22.0,10.0,18.0,1004.0,31.0
1.0,15800.0,0.8,581.7748279252704,0.317596740518517,4032.4193548387098,22.0,10.0,18.0,1017.0,31.0
1.0,16000.0,0.8,583.0291262135922,0.3200291893864148,4032.4193548387098,23.0,9.0,18.0,1030.0,31.0
1.036868686868687,0.0,0.0,nan,0.015202805424360975,nan,0.0,0.0,50.0,0.0,0.0
1.036868686868687,200.0,0.4,nan,0.04005432469138305,nan,0.0,12.0,38.0,0.0,0.0
1.036868686868687,400.0,0.68,188.4,0.07467618024446111,nan,0.0,16.0,34.0,5.0,0.0
1.036868686868687,600.0,0.78,239.77777777777777,0.11158859181480955,510.375,4.0,12.0,34.0,9.0,4.0
1.036868686868687,800.0,0.8,269.25,0.1491699268238299,604.875,8.0,9.0,33.0,10.0,8.0
1.036868686868687,1000.0,0.76,390.93333333333334,0.17914985912066975,703.375,12.0,5.0,33.0,15.0,12.0
1.036868686868687,1200.0,0.78,544.8333333333334,0.20308921006223016,786.1666666666666,15.0,2.0,33.0,24.0,15.0
1.036868686868687,1400.0,0.76,579.0909090909091,0.22086635720511624,814.09375,16.0,1.0,33.0,33.0,16.0
1.036868686868687,1600.0,0.78,661.9880952380952,0.23282589747228022,854.9411764705883,17.0,1.0,32.0,42.0,17.0
1.036868686868687,1800.0,0.8,744.1160714285714,0.2406705450712505,854.9411764705883,17.0,1.0,32.0,56.0,17.0
1.036868686868687,2000.0,0.8,741.439393939394,0.2484543814485233,918.1388888888889,18.0,0.0,32.0,66.0,18.0
1.036868686868687,2200.0,0.76,729.6818181818181,0.2512516976466057,918.1388888888889,17.0,1.0,32.0,77.0,18.0
1.036868686868687,2400.0,0.78,738.2443181818181,0.24958952425354225,918.1388888888889,17.0,2.0,31.0,88.0,18.0
1.036868686868687,2600.0,0.76,709.805,0.25102872316704844,918.1388888888889,17.0,2.0,31.0,100.0,18.0
1.036868686868687,2800.0,0.8,708.9957983193277,0.2540895546591531,918.1388888888889,17.0,2.0,31.0,119.0,18.0
1.036868686868687,3000.0,0.78,703.63671875,0.2526908965601119,918.1388888888889,17.0,2.0,31.0,128.0,18.0
1.036868686868687,3200.0,0.76,700.2107142857143,0.25325846796262136,1029.842105263158,18.0,2.0,30.0,140.0,19.0
1.036868686868687,3400.0,0.78,701.1870967741935,0.25925850850343585,1029.842105263158,18.0,2.0,30.0,155.0,19.0
1.036868686868687,3600.0,0.78,687.062874251497,0.2577584983682322,1029.842105263158,18.0,2.0,30.0,167.0,19.0
1.036868686868687,3800.0,0.78,683.2039106145252,0.25761660551760485,1168.025,19.0,1.0,30.0,179.0,20.0
1.036868686868687,4000.0,0.76,657.7375,0.2621571767376807,1168.025,19.0,2.0,29.0,200.0,20.0
1.036868686868687,4200.0,0.74,651.893023255814,0.27129913039952974,1168.025,19.0,3.0,28.0,215.0,20.0
1.036868686868687,4400.0,0.78,653.9955156950673,0.28338029311008855,1168.025,20.0,2.0,28.0,223.0,20.0
1.036868686868687,4600.0,0.78,656.6816239316239,0.2925425171791701,1168.025,20.0,2.0,28.0,234.0,20.0
1.036868686868687,4800.0,0.78,647.8253012048193,0.29081953256440923,1332.404761904762,20.0,3.0,27.0,249.0,21.0
1.036868686868687,5000.0,0.78,644.1640926640927,0.2916911600754059,1495.7045454545455,21.0,2.0,27.0,259.0,22.0
1.036868686868687,5200.0,0.8,647.526119402985,0.29136683355968623,1495.7045454545455,21.0,2.0,27.0,268.0,22.0
1.036868686868687,5400.0,0.78,654.7732142857143,0.2935763079480267,1664.0,21.0,2.0,27.0,280.0,23.0
1.036868686868687,5600.0,0.78,655.7533783783783,0.29201548659112564,1664.0,22.0,1.0,27.0,296.0,23.0
1.036868686868687,5800.0,0.8,647.961038961039,0.28879249184116107,1664.0,22.0,2.0,26.0,308.0,23.0
1.036868686868687,6000.0,0.76,643.2223926380368,0.2875154561855148,1664.0,18.0,6.0,26.0,326.0,23.0
1.036868686868687,6200.0,0.78,642.8071216617211,0.28933979283643807,1852.2708333333333,19.0,5.0,26.0,337.0,24.0
1.036868686868687,6400.0,0.8,638.2934472934473,0.28546814505503415,1852.2708333333333,19.0,5.0,26.0,351.0,24.0
1.036868686868687,6600.0,0.8,638.4439890710382,0.2857519307562889,1852.2708333333333,20.0,4.0,26.0,366.0,24.0
1.036868686868687,6800.0,0.78,628.1940104166666,0.2875762674072122,1852.2708333333333,20.0,5.0,25.0,384.0,24.0
1.036868686868687,7000.0,0.76,630.2448979591836,0.2921371090345205,1852.2708333333333,21.0,4.0,25.0,392.0,24.0
1.036868686868687,7200.0,0.78,626.3508771929825,0.29276549165872745,1852.2708333333333,20.0,5.0,25.0,399.0,24.0
1.036868686868687,7400.0,0.76,635.9245742092457,0.29191413455496323,2071.1,22.0,3.0,25.0,411.0,25.0
1.036868686868687,7600.0,0.8,630.0245901639345,0.2869681551902378,2071.1,21.0,4.0,25.0,427.0,25.0
1.036868686868687,7800.0,0.78,627.2013574660633,0.28473841039466485,2071.1,20.0,5.0,25.0,442.0,25.0
1.036868686868687,8000.0,0.78,628.9857142857143,0.2842519206210853,2071.1,18.0,7.0,25.0,455.0,25.0
1.036868686868687,8200.0,0.76,625.7706131078224,0.2786978290393854,2071.1,18.0,8.0,24.0,473.0,25.0
1.036868686868687,8400.0,0.78,626.1418219461698,0.27148156406462204,2071.1,16.0,10.0,24.0,483.0,25.0
1.036868686868687,8600.0,0.8,627.3838383838383,0.2728194109419658,2071.1,16.0,10.0,24.0,495.0,25.0
1.036868686868687,8800.0,0.78,623.2027559055118,0.276954574017392,2071.1,18.0,7.0,25.0,508.0,25.0
1.036868686868687,9000.0,0.76,623.6909788867563,0.2752315894026311,2071.1,18.0,7.0,25.0,521.0,25.0
1.036868686868687,9200.0,0.8,625.938202247191,0.27312346705045304,2071.1,19.0,6.0,25.0,534.0,25.0
1.036868686868687,9400.0,0.8,624.926094890511,0.26945452334137393,2071.1,18.0,7.0,25.0,548.0,25.0
1.036868686868687,9600.0,0.8,624.3823008849557,0.27164372732248193,2071.1,17.0,9.0,24.0,565.0,25.0
1.036868686868687,9800.0,0.78,620.5979202772963,0.2782721504875033,2071.1,19.0,8.0,23.0,577.0,25.0
1.036868686868687,10000.0,0.8,621.3496621621622,0.2826302880424868,2071.1,18.0,9.0,23.0,592.0,25.0
1.036868686868687,10200.0,0.8,617.1330578512396,0.2821640686761397,2380.653846153846,18.0,9.0,23.0,605.0,26.0
1.036868686868687,10400.0,0.8,615.3717741935484,0.27928567084912737,2380.653846153846,17.0,11.0,22.0,620.0,26.0
1.036868686868687,10600.0,0.8,617.503164556962,0.28396813491983053,2380.653846153846,18.0,11.0,21.0,632.0,26.0
1.036868686868687,10800.0,0.76,617.6549844236761,0.29077899174994426,2380.653846153846,20.0,9.0,21.0,642.0,26.0
1.036868686868687,11000.0,0.78,613.5386949924127,0.2999209454117933,2380.653846153846,19.0,12.0,19.0,659.0,26.0
1.036868686868687,11200.0,0.78,610.0924556213017,0.3092858735531997,2705.703703703704,20.0,10.0,20.0,676.0,27.0
1.036868686868687,11400.0,0.78,608.1919708029197,0.31605618956884846,3295.189655172414,21.0,9.0,20.0,685.0,29.0
1.036868686868687,11600.0,0.8,611.2203757225434,0.3193399955405104,3295.189655172414,21.0,9.0,20.0,692.0,29.0
1.036868686868687,11800.0,0.78,612.3449008498584,0.31246832748869924,3573.366666666667,20.0,9.0,21.0,706.0,30.0
1.036868686868687,12000.0,0.78,615.1157024793389,0.3097318225123143,3573.366666666667,21.0,8.0,21.0,726.0,30.0
1.036868686868687,12200.0,0.78,611.974358974359,0.3115156183487726,3573.366666666667,19.0,10.0,21.0,741.0,30.0
1.036868686868687,12400.0,0.8,610.3818061088978,0.3102791235075913,3573.366666666667,21.0,8.0,21.0,753.0,30.0
1.036868686868687,12600.0,0.78,610.0328515111695,0.3031844809762228,3573.366666666667,21.0,9.0,20.0,761.0,30.0
1.036868686868687,12800.0,0.78,608.9011553273427,0.2987249913850769,3573.366666666667,20.0,10.0,20.0,779.0,30.0
1.036868686868687,13000.0,0.76,612.8160556257901,0.3056574706585855,3573.366666666667,18.0,13.0,19.0,791.0,30.0
1.036868686868687,13200.0,0.8,612.155,0.30995479699187156,3883.7580645161293,19.0,12.0,19.0,800.0,31.0
1.036868686868687,13400.0,0.8,610.4491421568628,0.30549530740072567,3883.7580645161293,19.0,12.0,19.0,816.0,31.0
1.036868686868687,13600.0,0.8,610.5939393939394,0.3056574706585855,3883.7580645161293,19.0,12.0,19.0,825.0,31.0
1.036868686868687,13800.0,0.78,606.2014218009479,0.3060223379887702,3883.7580645161293,17.0,14.0,19.0,844.0,31.0
1.036868686868687,14000.0,0.8,609.2415599534343,0.3049682768126812,3883.7580645161293,19.0,12.0,19.0,859.0,31.0
1.036868686868687,14200.0,0.8,608.7548794489093,0.3022115014290637,3883.7580645161293,19.0,11.0,20.0,871.0,31.0
1.036868686868687,14400.0,0.8,607.1287964004499,0.2992925627875864,3883.7580645161293,18.0,12.0,20.0,889.0,31.0
1.036868686868687,14600.0,0.78,605.2986725663717,0.29746822613666307,3883.7580645161293,18.0,13.0,19.0,904.0,31.0
1.036868686868687,14800.0,0.72,603.2871878393051,0.29100196622950153,4223.53125,18.0,13.0,19.0,921.0,32.0
1.036868686868687,15000.0,0.78,600.5708200212993,0.2896235785376928,4223.53125,19.0,12.0,19.0,939.0,32.0
1.036868686868687,15200.0,0.78,597.347236704901,0.29586686396529704,4223.53125,19.0,12.0,19.0,959.0,32.0
1.036868686868687,15400.0,0.78,595.8028747433265,0.29033304279082967,4223.53125,17.0,14.0,19.0,974.0,32.0
1.036868686868687,15600.0,0.78,592.6958710976838,0.288873573470091,4223.53125,17.0,14.0,19.0,993.0,32.0
1.036868686868687,15800.0,0.76,587.326409495549,0.2871505888553301,4223.53125,16.0,16.0,18.0,1011.0,32.0
1.036868686868687,16000.0,0.8,587.2803326810176,0.289420874465368,4223.53125,17.0,15.0,18.0,1022.0,32.0
1.0670707070707073,0.0,0.0,nan,0.015202805424360975,nan,0.0,0.0,50.0,0.0,0.0
1.0670707070707073,200.0,0.4,nan,0.04005432469138305,nan,0.0,12.0,38.0,0.0,0.0
1.0670707070707073,400.0,0.66,235.33333333333334,0.0819532564409219,nan,0.0,19.0,31.0,6.0,0.0
1.0670707070707073,600.0,0.8,285.22222222222223,0.12924411651430076,540.8333333333334,3.0,20.0,27.0,9.0,3.0
1.0670707070707073,800.0,0.8,304.4,0.16984574220096083,634.8333333333334,6.0,17.0,27.0,15.0,6.0
1.0670707070707073,1000.0,0.78,336.8529411764706,0.2060689599254049,789.5333333333333,14.0,9.0,27.0,17.0,15.0
1.0670707070707073,1200.0,0.8,481.20454545454544,0.23519753511848054,844.7222222222222,18.0,5.0,27.0,22.0,18.0
1.0670707070707073,1400.0,0.8,525.6724137931035,0.25532604950033444,882.825,20.0,3.0,27.0,29.0,20.0
1.0670707070707073,1600.0,0.76,703.3837209302326,0.27095453347657755,882.825,20.0,3.0,27.0,43.0,20.0
1.0670707070707073,1800.0,0.8,755.0526315789474,0.2767721403522997,882.825,19.0,5.0,26.0,57.0,20.0
1.0670707070707073,2000.0,0.76,746.2173913043479,0.27918431881296496,932.2142857142857,19.0,5.0,26.0,69.0,21.0
1.0670707070707073,2200.0,0.78,750.9879518072289,0.27908296677680255,932.2142857142857,18.0,5.0,27.0,83.0,21.0
1.0670707070707073,2400.0,0.8,718.0159574468086,0.281880282974885,1043.2173913043478,19.0,4.0,27.0,94.0,23.0
1.0670707070707073,2600.0,0.8,701.4952830188679,0.28289380333650904,1043.2173913043478,20.0,4.0,26.0,106.0,23.0
1.0670707070707073,2800.0,0.8,694.7033898305085,0.27926540044189485,1043.2173913043478,20.0,5.0,25.0,118.0,23.0
1.0670707070707073,3000.0,0.78,692.2007575757576,0.2782113392658058,1043.2173913043478,19.0,6.0,25.0,132.0,23.0
1.0670707070707073,3200.0,0.74,684.9827586206897,0.27510996695923623,1043.2173913043478,15.0,11.0,24.0,145.0,23.0
1.0670707070707073,3400.0,0.8,688.5705128205128,0.27746133419820407,1219.94,18.0,8.0,24.0,156.0,25.0
1.0670707070707073,3600.0,0.8,675.4327485380117,0.28644112460219323,1219.94,19.0,7.0,24.0,171.0,25.0
1.0670707070707073,3800.0,0.76,665.0464480874317,0.29548172622787994,1219.94,19.0,7.0,24.0,183.0,25.0
1.0670707070707073,4000.0,0.78,674.0479797979798,0.2931303589889121,1320.9807692307693,19.0,7.0,24.0,198.0,26.0
1.0670707070707073,4200.0,0.8,667.7091346153846,0.29250197636470515,1320.9807692307693,20.0,6.0,24.0,208.0,26.0
1.0670707070707073,4400.0,0.78,669.2188940092166,0.2915898080392435,1320.9807692307693,20.0,6.0,24.0,217.0,26.0
1.0670707070707073,4600.0,0.78,664.7008733624455,0.2901506091257373,1320.9807692307693,19.0,7.0,24.0,229.0,26.0
1.0670707070707073,4800.0,0.78,664.2267206477733,0.28893438469178845,1320.9807692307693,19.0,7.0,24.0,247.0,26.0
1.0670707070707073,5000.0,0.8,661.5935114503817,0.2947519915675106,1320.9807692307693,21.0,6.0,23.0,262.0,26.0
1.0670707070707073,5200.0,0.78,652.2823741007194,0.2965965986256664,1320.9807692307693,21.0,6.0,23.0,278.0,26.0
1.0670707070707073,5400.0,0.76,638.4527027027027,0.29805606794640505,1320.9807692307693,21.0,6.0,23.0,296.0,26.0
1.0670707070707073,5600.0,0.76,629.8279742765274,0.29651551699673645,1478.8333333333333,21.0,6.0,23.0,311.0,27.0
1.0670707070707073,5800.0,0.76,623.8060606060606,0.2930290069527497,1478.8333333333333,18.0,9.0,23.0,330.0,27.0
1.0670707070707073,6000.0,0.78,606.5488505747127,0.2907587213427118,1478.8333333333333,20.0,7.0,23.0,348.0,27.0
1.0670707070707073,6200.0,0.8,597.8787465940054,0.29197494577666067,1478.8333333333333,20.0,7.0,23.0,367.0,27.0
1.0670707070707073,6400.0,0.78,586.5448717948718,0.2939209048709789,1478.8333333333333,19.0,8.0,23.0,390.0,27.0
1.0670707070707073,6600.0,0.78,579.8365853658537,0.2909614254150366,1478.8333333333333,19.0,8.0,23.0,410.0,27.0
1.0670707070707073,6800.0,0.74,574.6824644549763,0.283481645146251,1478.8333333333333,16.0,11.0,23.0,422.0,27.0
1.0670707070707073,7000.0,0.76,567.4763513513514,0.2773194413475767,1478.8333333333333,18.0,9.0,23.0,444.0,27.0
1.0670707070707073,7200.0,0.78,563.852422907489,0.27983297184440437,1478.8333333333333,20.0,8.0,22.0,454.0,27.0
1.0670707070707073,7400.0,0.8,567.0213219616205,0.2800964871384266,1478.8333333333333,21.0,7.0,22.0,469.0,27.0
1.0670707070707073,7600.0,0.8,571.0591286307053,0.27942756369975474,1697.017857142857,20.0,8.0,22.0,482.0,28.0
1.0670707070707073,7800.0,0.8,566.8506097560976,0.2778667423428537,1697.017857142857,19.0,9.0,22.0,492.0,28.0
1.0670707070707073,8000.0,0.76,565.3479532163743,0.27486672207244645,1697.017857142857,19.0,9.0,22.0,513.0,28.0
1.0670707070707073,8200.0,0.8,560.2080979284369,0.2778059311211562,1697.017857142857,20.0,8.0,22.0,531.0,28.0
1.0670707070707073,8400.0,0.78,560.2577696526508,0.27778566071392374,1697.017857142857,20.0,8.0,22.0,547.0,28.0
1.0670707070707073,8600.0,0.76,557.605026929982,0.2776640382705289,1697.017857142857,17.0,11.0,22.0,557.0,28.0
1.0670707070707073,8800.0,0.78,553.80276816609,0.2787180994466179,1697.017857142857,18.0,10.0,22.0,578.0,28.0
1.0670707070707073,9000.0,0.78,554.1402027027027,0.2783735025236657,1697.017857142857,19.0,9.0,22.0,592.0,28.0
1.0670707070707073,9200.0,0.78,555.1867768595041,0.2818600125676525,1697.017857142857,18.0,10.0,22.0,605.0,28.0
1.0670707070707073,9400.0,0.8,555.4074074074074,0.28873168061946364,1697.017857142857,18.0,10.0,22.0,621.0,28.0
1.0670707070707073,9600.0,0.76,551.9237947122862,0.2976506598017554,1697.017857142857,18.0,10.0,22.0,643.0,28.0
1.0670707070707073,9800.0,0.78,550.9696509863429,0.2967993026979912,1697.017857142857,21.0,8.0,21.0,659.0,28.0
1.0670707070707073,10000.0,0.8,548.7734026745914,0.29434658342286096,1697.017857142857,21.0,8.0,21.0,673.0,28.0
1.0670707070707073,10200.0,0.78,546.7412280701755,0.29523848134109015,1697.017857142857,20.0,9.0,21.0,684.0,28.0
1.0670707070707073,10400.0,0.78,545.1130185979971,0.2939209048709789,1697.017857142857,20.0,9.0,21.0,699.0,28.0
1.0670707070707073,10600.0,0.76,543.3432320441989,0.293211440617842,1997.5344827586207,19.0,11.0,20.0,724.0,29.0
1.0670707070707073,10800.0,0.8,543.2873485868103,0.2950763180832303,2290.5333333333333,21.0,9.0,20.0,743.0,30.0
1.0670707070707073,11000.0,0.8,537.1657929226736,0.29969797093223605,2290.5333333333333,21.0,9.0,20.0,763.0,30.0
1.0670707070707073,11200.0,0.76,537.4182754182755,0.30446151663186916,2290.5333333333333,23.0,7.0,20.0,777.0,30.0
1.0670707070707073,11400.0,0.8,534.3139974779319,0.3025358279447834,2290.5333333333333,22.0,8.0,20.0,793.0,30.0
1.0670707070707073,11600.0,0.8,531.2233910891089,0.3014412259542294,2290.5333333333333,21.0,9.0,20.0,808.0,30.0
1.0670707070707073,11800.0,0.8,532.7375757575758,0.2996168893033061,2290.5333333333333,20.0,11.0,19.0,825.0,30.0
1.0670707070707073,12000.0,0.78,529.7672619047619,0.2988871546429368,2290.5333333333333,20.0,11.0,19.0,840.0,30.0
1.0670707070707073,12200.0,0.8,528.5495915985998,0.2975695781728255,2290.5333333333333,19.0,14.0,17.0,857.0,30.0
1.0670707070707073,12400.0,0.78,530.154420206659,0.29939391482374883,2611.6774193548385,19.0,14.0,17.0,871.0,31.0
1.0670707070707073,12600.0,0.8,529.3114382785957,0.29671822106906126,2611.6774193548385,21.0,12.0,17.0,883.0,31.0
1.0670707070707073,12800.0,0.78,531.0871254162042,0.2948736140109055,3223.6363636363635,21.0,12.0,17.0,901.0,33.0
1.0670707070707073,13000.0,0.8,528.9912948857453,0.2911843998945939,3223.6363636363635,20.0,13.0,17.0,919.0,33.0
1.0670707070707073,13200.0,0.78,529.1392742796158,0.29499523645430037,3223.6363636363635,21.0,12.0,17.0,937.0,33.0
1.0670707070707073,13400.0,0.8,526.7434002111933,0.2956033486712748,3223.6363636363635,20.0,13.0,17.0,947.0,33.0
1.0670707070707073,13600.0,0.8,527.3526970954357,0.29566415989297223,3223.6363636363635,21.0,12.0,17.0,964.0,33.0
1.0670707070707073,13800.0,0.8,528.39252814739,0.2946303691241157,3223.6363636363635,18.0,15.0,17.0,977.0,33.0
1.0670707070707073,14000.0,0.78,529.4187562688064,0.2911843998945939,3223.6363636363635,19.0,14.0,17.0,997.0,33.0
1.0670707070707073,14200.0,0.78,527.3666338582677,0.28840735410374396,3223.6363636363635,16.0,17.0,17.0,1016.0,33.0
1.0670707070707073,14400.0,0.8,527.2240038872692,0.2897046601666228,3223.6363636363635,17.0,16.0,17.0,1029.0,33.0
1.0670707070707073,14600.0,0.74,526.844860710855,0.2935763079480267,3223.6363636363635,20.0,13.0,17.0,1041.0,33.0
1.0670707070707073,14800.0,0.8,526.7156954887218,0.2934344150973993,3223.6363636363635,20.0,13.0,17.0,1064.0,33.0
1.0670707070707073,15000.0,0.8,524.4643848288622,0.295360103784485,3223.6363636363635,21.0,12.0,17.0,1081.0,33.0
1.0670707070707073,15200.0,0.8,520.8057324840764,0.2996574301177711,3223.6363636363635,21.0,12.0,17.0,1099.0,33.0
1.0670707070707073,15400.0,0.8,520.7461883408072,0.30259663916648083,3223.6363636363635,18.0,15.0,17.0,1115.0,33.0
1.0670707070707073,15600.0,0.78,518.4262367491166,0.3032047513834553,3223.6363636363635,20.0,13.0,17.0,1132.0,33.0
1.0670707070707073,15800.0,0.76,516.947689625109,0.3019479861350415,3223.6363636363635,19.0,14.0,17.0,1147.0,33.0
1.0670707070707073,16000.0,0.78,519.4656357388316,0.2998398637828634,3223.6363636363635,22.0,11.0,17.0,1164.0,33.0
1.0972727272727274,0.0,0.0,nan,0.015202805424360975,nan,0.0,0.0,50.0,0.0,0.0
1.0972727272727274,200.0,0.4,nan,0.04005432469138305,nan,0.0,12.0,38.0,0.0,0.0
1.0972727272727274,400.0,0.74,122.125,0.08306812883870837,nan,0.0,18.0,32.0,4.0,0.0
1.0972727272727274,600.0,0.78,181.0625,0.12373056574706585,558.25,6.0,13.0,31.0,8.0,6.0
1.0972727272727274,800.0,0.78,295.21875,0.15713619686619504,617.6666666666666,8.0,11.0,31.0,16.0,9.0
1.0972727272727274,1000.0,0.8,337.64285714285717,0.19159588916141326,739.8666666666667,15.0,6.0,29.0,21.0,15.0
1.0972727272727274,1200.0,0.78,469.1166666666667,0.22198122960290273,762.90625,16.0,5.0,29.0,30.0,16.0
1.0972727272727274,1400.0,0.76,580.170731707317,0.24164352461840957,846.7105263157895,18.0,3.0,29.0,41.0,19.0
1.0972727272727274,1600.0,0.8,664.4215686274509,0.26015040642166504,884.2,19.0,2.0,29.0,51.0,20.0
1.0972727272727274,1800.0,0.8,679.109375,0.26827883972189004,884.2,19.0,3.0,28.0,64.0,20.0
1.0972727272727274,2000.0,0.74,665.12,0.2740964465976121,884.2,19.0,3.0,28.0,75.0,20.0
1.0972727272727274,2200.0,0.78,691.2386363636364,0.27952891573591715,946.4285714285714,20.0,3.0,27.0,88.0,21.0
1.0972727272727274,2400.0,0.8,679.2990196078431,0.2795491861431496,946.4285714285714,20.0,3.0,27.0,102.0,21.0
1.0972727272727274,2600.0,0.8,658.509009009009,0.27973161980824196,946.4285714285714,20.0,3.0,27.0,111.0,21.0
1.0972727272727274,2800.0,0.8,644.1048387096774,0.2830154257799039,1025.0,21.0,3.0,26.0,124.0,22.0
1.0972727272727274,3000.0,0.8,653.1071428571429,0.28581274197798634,1025.0,20.0,4.0,26.0,140.0,22.0
1.0972727272727274,3200.0,0.8,650.2222222222222,0.28417083899215534,1025.0,18.0,6.0,26.0,153.0,22.0
1.0972727272727274,3400.0,0.8,638.9588607594936,0.2779478239717836,1126.3478260869565,18.0,6.0,26.0,158.0,23.0
1.0972727272727274,3600.0,0.78,639.5862068965517,0.27600186487746536,1126.3478260869565,17.0,8.0,25.0,174.0,23.0
1.0972727272727274,3800.0,0.8,636.6848958333334,0.2781099872296434,1126.3478260869565,19.0,6.0,25.0,192.0,23.0
1.0972727272727274,4000.0,0.78,644.1304347826087,0.2819613646038149,1126.3478260869565,20.0,5.0,25.0,207.0,23.0
1.0972727272727274,4200.0,0.78,648.9065420560747,0.28731275211318996,1246.1458333333333,21.0,3.0,26.0,214.0,24.0
1.0972727272727274,4400.0,0.78,640.234649122807,0.2863803133804958,1246.1458333333333,21.0,3.0,26.0,228.0,24.0
1.0972727272727274,4600.0,0.78,632.459349593496,0.2862992317515659,1246.1458333333333,21.0,3.0,26.0,246.0,24.0
1.0972727272727274,4800.0,0.8,633.9249011857708,0.2786167474104555,1246.1458333333333,20.0,4.0,26.0,253.0,24.0
1.0972727272727274,5000.0,0.8,638.4063670411985,0.2728599517564308,1246.1458333333333,20.0,4.0,26.0,267.0,24.0
1.0972727272727274,5200.0,0.78,642.8170289855072,0.2740964465976121,1246.1458333333333,20.0,5.0,25.0,276.0,24.0
1.0972727272727274,5400.0,0.8,630.1570945945946,0.2761234873208603,1246.1458333333333,19.0,6.0,25.0,296.0,24.0
1.0972727272727274,5600.0,0.8,625.6866883116883,0.28042081365414634,1246.1458333333333,19.0,6.0,25.0,308.0,24.0
1.0972727272727274,5800.0,0.76,626.765243902439,0.28396813491983053,1425.9,21.0,5.0,24.0,328.0,25.0
1.0972727272727274,6000.0,0.8,612.7427745664739,0.29240062432854275,1425.9,21.0,6.0,23.0,346.0,25.0
1.0972727272727274,6200.0,0.8,603.7388268156425,0.2988263434212393,1425.9,22.0,6.0,22.0,358.0,25.0
1.0972727272727274,6400.0,0.78,604.8648648648649,0.30314394016175783,1611.6923076923076,24.0,4.0,22.0,370.0,26.0
1.0972727272727274,6600.0,0.8,614.70703125,0.30661017979851213,1792.0925925925926,24.0,5.0,21.0,384.0,27.0
1.0972727272727274,6800.0,0.8,609.2678571428571,0.30886019500131756,1970.8035714285713,23.0,6.0,21.0,392.0,28.0
1.0972727272727274,7000.0,0.8,608.7279411764706,0.3089818174447125,1970.8035714285713,22.0,8.0,20.0,408.0,28.0
1.0972727272727274,7200.0,0.8,610.744705882353,0.30381286360042975,1970.8035714285713,21.0,9.0,20.0,425.0,28.0
1.0972727272727274,7400.0,0.78,605.1790540540541,0.30182636369164656,1970.8035714285713,20.0,11.0,19.0,444.0,28.0
1.0972727272727274,7600.0,0.76,603.9650655021834,0.3049277359982162,2161.603448275862,21.0,10.0,19.0,458.0,29.0
1.0972727272727274,7800.0,0.8,601.9145299145299,0.30930614396043216,2344.1666666666665,20.0,11.0,19.0,468.0,30.0
1.0972727272727274,8000.0,0.8,597.6309771309772,0.3132791437779985,2520.5,22.0,9.0,19.0,481.0,31.0
1.0972727272727274,8200.0,0.78,593.8719758064516,0.3220765005168954,2520.5,23.0,8.0,19.0,496.0,31.0
1.0972727272727274,8400.0,0.78,595.0177514792899,0.3217116331867107,2520.5,22.0,9.0,19.0,507.0,31.0
1.0972727272727274,8600.0,0.8,598.1233269598471,0.3199278373502524,2520.5,22.0,9.0,19.0,523.0,31.0
1.0972727272727274,8800.0,0.8,597.0895522388059,0.3146980722842722,2520.5,22.0,9.0,19.0,536.0,31.0
1.0972727272727274,9000.0,0.8,595.3527272727273,0.3096304704761519,2520.5,20.0,11.0,19.0,550.0,31.0
1.0972727272727274,9200.0,0.74,590.9825479930192,0.3033061034196177,2520.5,21.0,11.0,18.0,573.0,31.0
1.0972727272727274,9400.0,0.76,588.606239460371,0.3043196237812418,2520.5,21.0,11.0,18.0,593.0,31.0
1.0972727272727274,9600.0,0.8,584.3062913907285,0.30638720531895486,2520.5,21.0,12.0,17.0,604.0,31.0
1.0972727272727274,9800.0,0.8,584.8727714748784,0.30371151156426734,2520.5,21.0,12.0,17.0,617.0,31.0
1.0972727272727274,10000.0,0.8,583.2345483359746,0.30423854215231183,2520.5,21.0,12.0,17.0,631.0,31.0
1.0972727272727274,10200.0,0.78,582.8307453416149,0.302434475908621,2754.890625,20.0,13.0,17.0,644.0,32.0
1.0972727272727274,10400.0,0.8,581.8001519756839,0.30367097074980237,2754.890625,22.0,11.0,17.0,658.0,32.0
1.0972727272727274,10600.0,0.8,578.487426035503,0.3037723227859648,2754.890625,21.0,12.0,17.0,676.0,32.0
1.0972727272727274,10800.0,0.8,577.5795947901591,0.30466422070419397,2754.890625,20.0,13.0,17.0,691.0,32.0
1.0972727272727274,11000.0,0.8,574.4033850493653,0.3081912715626457,2754.890625,18.0,15.0,17.0,709.0,32.0
1.0972727272727274,11200.0,0.78,572.5435082872929,0.3084345164494355,2754.890625,21.0,12.0,17.0,724.0,32.0
1.0972727272727274,11400.0,0.78,571.8515519568151,0.30950884803275697,2754.890625,23.0,9.0,18.0,741.0,32.0
1.0972727272727274,11600.0,0.78,571.945551128818,0.31108993979689054,2754.890625,19.0,14.0,17.0,753.0,32.0
1.0972727272727274,11800.0,0.8,572.9511082138201,0.3111710214258204,2754.890625,20.0,13.0,17.0,767.0,32.0
1.0972727272727274,12000.0,0.76,570.1354961832061,0.3106642612450084,2754.890625,21.0,13.0,16.0,786.0,32.0
1.0972727272727274,12200.0,0.8,568.4314214463841,0.3057790931019804,2754.890625,19.0,15.0,16.0,802.0,32.0
1.0972727272727274,12400.0,0.8,567.2018404907975,0.30806964911925083,2754.890625,18.0,16.0,16.0,815.0,32.0
1.0972727272727274,12600.0,0.78,564.844578313253,0.3179210670342367,3050.9848484848485,20.0,15.0,15.0,830.0,33.0
1.0972727272727274,12800.0,0.76,564.3766388557807,0.32436705653416575,3050.9848484848485,21.0,14.0,15.0,839.0,33.0
1.0972727272727274,13000.0,0.8,566.1091753774681,0.3211643321914337,3341.044117647059,19.0,16.0,15.0,861.0,34.0
1.0972727272727274,13200.0,0.78,564.42,0.31757647011128454,3341.044117647059,19.0,16.0,15.0,875.0,34.0
1.0972727272727274,13400.0,0.8,562.4245810055866,0.31376563355157805,3341.044117647059,19.0,16.0,15.0,895.0,34.0
1.0972727272727274,13600.0,0.8,560.8543046357615,0.3090831694808749,3341.044117647059,17.0,18.0,15.0,906.0,34.0
1.0972727272727274,13800.0,0.8,560.694384449244,0.30989398577017413,3341.044117647059,18.0,17.0,15.0,926.0,34.0
1.0972727272727274,14000.0,0.78,559.1212765957447,0.3111304806113555,3640.0857142857144,20.0,15.0,15.0,940.0,35.0
1.0972727272727274,14200.0,0.8,558.1594963273872,0.3171710619666349,3640.0857142857144,19.0,16.0,15.0,953.0,35.0
1.0972727272727274,14400.0,0.8,556.5983436853002,0.31962378124176516,3640.0857142857144,20.0,15.0,15.0,966.0,35.0
1.0972727272727274,14600.0,0.8,558.0998985801217,0.3159751079399185,3640.0857142857144,21.0,14.0,15.0,986.0,35.0
1.0972727272727274,14800.0,0.8,558.2314629258517,0.3159142967182211,3640.0857142857144,22.0,13.0,15.0,998.0,35.0
1.0972727272727274,15000.0,0.78,557.9758382642998,0.3114548071270752,3640.0857142857144,19.0,16.0,15.0,1014.0,35.0
1.0972727272727274,15200.0,0.8,555.3731848983543,0.3019479861350415,3640.0857142857144,18.0,17.0,15.0,1033.0,35.0
1.0972727272727274,15400.0,0.78,553.486216730038,0.29602902722315694,3640.0857142857144,18.0,17.0,15.0,1052.0,35.0
1.0972727272727274,15600.0,0.78,552.1238273921201,0.2966979506618288,3640.0857142857144,17.0,18.0,15.0,1066.0,35.0
1.0972727272727274,15800.0,0.8,550.9051565377532,0.29434658342286096,3640.0857142857144,19.0,16.0,15.0,1086.0,35.0
1.0972727272727274,16000.0,0.8,547.8594032549729,0.296454705775039,3640.0857142857144,20.0,15.0,15.0,1106.0,35.0
1.1274747474747475,0.0,0.0,nan,0.015202805424360975,nan,0.0,0.0,50.0,0.0,0.0
1.1274747474747475,200.0,0.46,nan,0.042182717450793585,nan,0.0,15.0,35.0,0.0,0.0
1.1274747474747475,400.0,0.68,125.0,0.09381144467192346,nan,0.0,23.0,27.0,3.0,0.0
1.1274747474747475,600.0,0.76,274.6,0.1477509983175562,487.5,2.0,22.0,26.0,5.0,2.0
1.1274747474747475,800.0,0.78,292.3181818181818,0.18660936898222286,620.6,10.0,14.0,26.0,11.0,10.0
1.1274747474747475,1000.0,0.8,292.3181818181818,0.21969067358563232,735.34375,15.0,9.0,26.0,11.0,16.0
1.1274747474747475,1200.0,0.8,475.6388888888889,0.2445421928526544,781.7894736842105,18.0,6.0,26.0,18.0,19.0
1.1274747474747475,1400.0,0.78,624.0178571428571,0.2624612328461679,807.325,19.0,5.0,26.0,28.0,20.0
1.1274747474747475,1600.0,0.78,737.9864864864865,0.27182616098757423,837.3809523809524,20.0,4.0,26.0,37.0,21.0
1.1274747474747475,1800.0,0.76,778.4711538461538,0.273164007864918,837.3809523809524,20.0,4.0,26.0,52.0,21.0
1.1274747474747475,2000.0,0.8,790.8260869565217,0.27600186487746536,837.3809523809524,20.0,5.0,25.0,69.0,21.0
1.1274747474747475,2200.0,0.78,746.2758620689655,0.28001540550949666,837.3809523809524,21.0,5.0,24.0,87.0,21.0
1.1274747474747475,2400.0,0.78,725.5714285714286,0.28615733890093853,837.3809523809524,21.0,5.0,24.0,98.0,21.0
1.1274747474747475,2600.0,0.8,695.2882882882883,0.2924411651430077,912.5681818181819,20.0,7.0,23.0,111.0,22.0
1.1274747474747475,2800.0,0.8,690.4112903225806,0.29558307826404234,986.3478260869565,21.0,6.0,23.0,124.0,23.0
1.1274747474747475,3000.0,0.78,671.3876811594203,0.2981168791681025,1062.5625,22.0,5.0,23.0,138.0,24.0
1.1274747474747475,3200.0,0.8,653.2269736842105,0.29606956803762186,1062.5625,21.0,7.0,22.0,152.0,24.0
1.1274747474747475,3400.0,0.78,641.4006024096385,0.30172501165548415,1154.64,21.0,7.0,22.0,166.0,25.0
1.1274747474747475,3600.0,0.8,644.2076502732241,0.30419800133784686,1246.923076923077,22.0,6.0,22.0,183.0,26.0
1.1274747474747475,3800.0,0.78,625.439393939394,0.305130440070541,1426.5535714285713,23.0,6.0,21.0,198.0,28.0
1.1274747474747475,4000.0,0.76,604.8807339449542,0.30758315934567126,1426.5535714285713,23.0,6.0,21.0,218.0,28.0
1.1274747474747475,4200.0,0.8,607.6594827586207,0.30324529219792024,1426.5535714285713,21.0,8.0,21.0,232.0,28.0
1.1274747474747475,4400.0,0.8,608.8415637860082,0.30508989925607605,1426.5535714285713,22.0,9.0,19.0,243.0,28.0
1.1274747474747475,4600.0,0.76,615.4903100775193,0.3074412664950439,1426.5535714285713,22.0,9.0,19.0,258.0,28.0
1.1274747474747475,4800.0,0.8,606.3911439114391,0.31658322015689294,1426.5535714285713,23.0,8.0,19.0,271.0,28.0
1.1274747474747475,5000.0,0.8,599.3098591549295,0.32396164838951613,1659.7166666666667,25.0,6.0,19.0,284.0,30.0
1.1274747474747475,5200.0,0.8,598.1070234113712,0.3308535868485598,1659.7166666666667,27.0,4.0,19.0,299.0,30.0
1.1274747474747475,5400.0,0.8,592.3753993610223,0.33087385725579227,1659.7166666666667,22.0,9.0,19.0,313.0,30.0
1.1274747474747475,5600.0,0.72,592.2759146341464,0.32327245454361175,1659.7166666666667,21.0,9.0,20.0,328.0,30.0
1.1274747474747475,5800.0,0.8,594.5513196480938,0.31822512314272394,1659.7166666666667,22.0,9.0,19.0,341.0,30.0
1.1274747474747475,6000.0,0.8,598.5337078651686,0.3137048223298806,1659.7166666666667,25.0,6.0,19.0,356.0,30.0
1.1274747474747475,6200.0,0.78,595.298128342246,0.31575213346036124,1659.7166666666667,23.0,8.0,19.0,374.0,30.0
1.1274747474747475,6400.0,0.8,584.2686375321337,0.31411023047453024,1659.7166666666667,23.0,8.0,19.0,389.0,30.0
1.1274747474747475,6600.0,0.78,584.464824120603,0.31455617943364483,1815.7903225806451,21.0,10.0,19.0,398.0,31.0
1.1274747474747475,6800.0,0.8,582.3215158924205,0.3173737660389597,1815.7903225806451,18.0,13.0,19.0,409.0,31.0
1.1274747474747475,7000.0,0.76,581.6571428571428,0.31895485780309324,1815.7903225806451,20.0,11.0,19.0,420.0,31.0
1.1274747474747475,7200.0,0.76,584.4059633027523,0.31887377617416335,1815.7903225806451,23.0,8.0,19.0,436.0,31.0
1.1274747474747475,7400.0,0.8,586.6774553571429,0.31451563861917986,1815.7903225806451,20.0,11.0,19.0,448.0,31.0
1.1274747474747475,7600.0,0.8,592.2625272331155,0.30806964911925083,1815.7903225806451,18.0,13.0,19.0,459.0,31.0
1.1274747474747475,7800.0,0.78,596.1033755274261,0.302981776903898,1815.7903225806451,19.0,12.0,19.0,474.0,31.0
1.1274747474747475,8000.0,0.78,597.1934156378601,0.3066709910202096,1815.7903225806451,20.0,11.0,19.0,486.0,31.0
1.1274747474747475,8200.0,0.78,594.4031936127744,0.308921006223015,1815.7903225806451,21.0,10.0,19.0,501.0,31.0
1.1274747474747475,8400.0,0.8,592.583172147002,0.3134818478503233,1815.7903225806451,21.0,10.0,19.0,517.0,31.0
1.1274747474747475,8600.0,0.8,591.0370018975332,0.3170697099304725,1815.7903225806451,22.0,9.0,19.0,527.0,31.0
1.1274747474747475,8800.0,0.78,591.2244897959183,0.31654267934242797,1815.7903225806451,21.0,10.0,19.0,539.0,31.0
1.1274747474747475,9000.0,0.78,592.9329710144928,0.31279265400441897,1815.7903225806451,20.0,11.0,19.0,552.0,31.0
1.1274747474747475,9200.0,0.8,590.7169312169312,0.3099345265846391,1815.7903225806451,22.0,9.0,19.0,567.0,31.0
1.1274747474747475,9400.0,0.8,593.6239316239316,0.3066912614274421,1815.7903225806451,22.0,9.0,19.0,585.0,31.0
1.1274747474747475,9600.0,0.78,588.5826377295492,0.2986641801633795,1815.7903225806451,19.0,12.0,19.0,599.0,31.0
1.1274747474747475,9800.0,0.76,587.1364379084968,0.297549307765593,1815.7903225806451,17.0,14.0,19.0,612.0,31.0
1.1274747474747475,10000.0,0.76,586.9562101910828,0.29501550686153283,1815.7903225806451,19.0,12.0,19.0,628.0,31.0
1.1274747474747475,10200.0,0.74,585.7709627329192,0.2967384914762938,1815.7903225806451,21.0,10.0,19.0,644.0,31.0
1.1274747474747475,10400.0,0.78,584.5747734138973,0.3032858330123852,1815.7903225806451,20.0,11.0,19.0,662.0,31.0
1.1274747474747475,10600.0,0.78,582.4634873323398,0.3028804248677356,1815.7903225806451,20.0,11.0,19.0,671.0,31.0
1.1274747474747475,10800.0,0.8,584.922514619883,0.30391421563659216,1815.7903225806451,22.0,9.0,19.0,684.0,31.0
1.1274747474747475,11000.0,0.78,581.6531914893617,0.2994141852309813,1815.7903225806451,23.0,8.0,19.0,705.0,31.0
1.1274747474747475,11200.0,0.8,578.4256944444444,0.29177224170433586,1815.7903225806451,20.0,11.0,19.0,720.0,31.0
1.1274747474747475,11400.0,0.78,576.9436906377205,0.2808667626132609,1815.7903225806451,18.0,13.0,19.0,737.0,31.0
1.1274747474747475,11600.0,0.76,572.1485602094241,0.2787586402610828,1815.7903225806451,17.0,14.0,19.0,764.0,31.0
1.1274747474747475,11800.0,0.8,568.0872913992298,0.28502219609591956,1815.7903225806451,20.0,11.0,19.0,779.0,31.0
1.1274747474747475,12000.0,0.76,563.4817380352645,0.28680599193237793,1815.7903225806451,21.0,10.0,19.0,794.0,31.0
1.1274747474747475,12200.0,0.76,564.6090458488228,0.2886100581760688,1815.7903225806451,21.0,10.0,19.0,807.0,31.0
1.1274747474747475,12400.0,0.8,566.2487745098039,0.2867451807106805,1815.7903225806451,23.0,8.0,19.0,816.0,31.0
1.1274747474747475,12600.0,0.78,566.4400479616307,0.2843127318427827,1815.7903225806451,19.0,12.0,19.0,834.0,31.0
1.1274747474747475,12800.0,0.78,566.9852420306966,0.2858330123852188,1815.7903225806451,21.0,11.0,18.0,847.0,31.0
1.1274747474747475,13000.0,0.78,565.9438657407408,0.28289380333650904,2163.296875,19.0,13.0,18.0,864.0,32.0
1.1274747474747475,13200.0,0.8,565.3096590909091,0.2808667626132609,2163.296875,19.0,13.0,18.0,880.0,32.0
1.1274747474747475,13400.0,0.78,562.6840354767183,0.2860357164575436,2163.296875,19.0,13.0,18.0,902.0,32.0
1.1274747474747475,13600.0,0.76,558.3220153340635,0.28858978776883626,2163.296875,20.0,12.0,18.0,913.0,32.0
1.1274747474747475,13800.0,0.8,555.6903225806452,0.2855086858694991,2163.296875,21.0,11.0,18.0,930.0,32.0
1.1274747474747475,14000.0,0.8,555.4634533898305,0.28611679808647356,2163.296875,21.0,11.0,18.0,944.0,32.0
1.1274747474747475,14200.0,0.78,556.2570385818561,0.28506273691038453,2163.296875,19.0,13.0,18.0,959.0,32.0
1.1274747474747475,14400.0,0.8,555.3394683026585,0.2818194717531875,2163.296875,18.0,14.0,18.0,978.0,32.0
1.1274747474747475,14600.0,0.76,555.5696266397579,0.27987351265886934,2163.296875,18.0,14.0,18.0,991.0,32.0
1.1274747474747475,14800.0,0.78,555.3571428571429,0.2806437881337036,2163.296875,17.0,15.0,18.0,1008.0,32.0
1.1274747474747475,15000.0,0.78,553.890243902439,0.27932621166359234,2163.296875,19.0,14.0,17.0,1025.0,32.0
1.1274747474747475,15200.0,0.8,551.1300383877159,0.27669105872336974,2163.296875,17.0,17.0,16.0,1042.0,32.0
1.1274747474747475,15400.0,0.8,549.377358490566,0.2723126507611538,2163.296875,16.0,17.0,17.0,1060.0,32.0
1.1274747474747475,15600.0,0.78,546.4814643188137,0.2715423752863195,2568.1060606060605,18.0,15.0,17.0,1079.0,33.0
1.1274747474747475,15800.0,0.8,545.3641750227895,0.2793667524780573,2954.0882352941176,20.0,14.0,16.0,1097.0,34.0
1.1274747474747475,16000.0,0.8,544.546522131888,0.2871708592625626,2954.0882352941176,20.0,14.0,16.0,1107.0,34.0
1.1576767676767679,0.0,0.0,nan,0.015202805424360975,nan,0.0,0.0,50.0,0.0,0.0
1.1576767676767679,200.0,0.38,18.5,0.04149352360488922,nan,0.0,15.0,35.0,1.0,0.0
1.1576767676767679,400.0,0.68,108.0,0.09141953661849067,nan,0.0,20.0,30.0,4.0,0.0
1.1576767676767679,600.0,0.8,161.5,0.13646038148906411,548.8333333333334,6.0,15.0,29.0,7.0,6.0
1.1576767676767679,800.0,0.78,249.5,0.17600794599963512,604.2272727272727,11.0,11.0,28.0,10.0,11.0
1.1576767676767679,1000.0,0.74,358.38235294117646,0.20994060770680883,681.4,15.0,7.0,28.0,17.0,15.0
1.1576767676767679,1200.0,0.78,469.02272727272725,0.2304542598260799,725.8529411764706,17.0,5.0,28.0,22.0,17.0
1.1576767676767679,1400.0,0.78,604.7428571428571,0.24652869276143757,801.5,20.0,3.0,27.0,35.0,20.0
1.1576767676767679,1600.0,0.78,751.2156862745098,0.2585895850647639,801.5,20.0,3.0,27.0,51.0,20.0
1.1576767676767679,1800.0,0.8,726.1229508196722,0.26574503881782985,801.5,20.0,3.0,27.0,61.0,20.0
1.1576767676767679,2000.0,0.8,731.3235294117648,0.2638396205379766,855.4285714285714,21.0,2.0,27.0,68.0,21.0
1.1576767676767679,2200.0,0.76,706.325,0.26300853384144485,855.4285714285714,18.0,5.0,27.0,80.0,21.0
1.1576767676767679,2400.0,0.8,707.5104166666666,0.26132609004114893,855.4285714285714,18.0,4.0,28.0,96.0,21.0
1.1576767676767679,2600.0,0.8,698.2614678899082,0.2583463401779742,855.4285714285714,18.0,5.0,27.0,109.0,21.0
1.1576767676767679,2800.0,0.78,686.8855932203389,0.260697707416942,855.4285714285714,19.0,4.0,27.0,118.0,21.0
1.1576767676767679,3000.0,0.78,701.7205882352941,0.2620963655159832,855.4285714285714,19.0,6.0,25.0,136.0,21.0
1.1576767676767679,3200.0,0.8,682.6546052631579,0.2664342326637342,855.4285714285714,18.0,7.0,25.0,152.0,21.0
1.1576767676767679,3400.0,0.8,675.1728395061729,0.26876532949546955,855.4285714285714,17.0,8.0,25.0,162.0,21.0
1.1576767676767679,3600.0,0.78,661.7151162790698,0.2691707376401192,1183.25,19.0,7.0,24.0,172.0,24.0
1.1576767676767679,3800.0,0.78,651.4972972972973,0.26975857944986115,1283.58,18.0,8.0,24.0,185.0,25.0
1.1576767676767679,4000.0,0.78,658.195,0.26714369691687107,1283.58,18.0,8.0,24.0,200.0,25.0
1.1576767676767679,4200.0,0.76,649.793023255814,0.2631909675065372,1392.3846153846155,19.0,7.0,24.0,215.0,26.0
1.1576767676767679,4400.0,0.78,641.6543478260869,0.2620152838870533,1392.3846153846155,20.0,6.0,24.0,230.0,26.0
1.1576767676767679,4600.0,0.8,644.7794117647059,0.26077878904587193,1392.3846153846155,18.0,8.0,24.0,238.0,26.0
1.1576767676767679,4800.0,0.76,646.9409448818898,0.26021121764336247,1392.3846153846155,19.0,7.0,24.0,254.0,26.0
1.1576767676767679,5000.0,0.8,642.5880149812734,0.26365718687288425,1392.3846153846155,19.0,7.0,24.0,267.0,26.0
1.1576767676767679,5200.0,0.78,636.8468309859155,0.27148156406462204,1392.3846153846155,19.0,7.0,24.0,284.0,26.0
1.1576767676767679,5400.0,0.76,636.6959459459459,0.2750086149230738,1392.3846153846155,19.0,7.0,24.0,296.0,26.0
1.1576767676767679,5600.0,0.8,632.0422077922078,0.27541402306772345,1392.3846153846155,20.0,6.0,24.0,308.0,26.0
1.1576767676767679,5800.0,0.76,623.2437888198758,0.2748869924796789,1392.3846153846155,20.0,6.0,24.0,322.0,26.0
1.1576767676767679,6000.0,0.76,624.95,0.26773153872661304,1392.3846153846155,19.0,7.0,24.0,340.0,26.0
1.1576767676767679,6200.0,0.78,628.8461538461538,0.26910992641842174,1392.3846153846155,18.0,8.0,24.0,351.0,26.0
1.1576767676767679,6400.0,0.76,622.1253405994551,0.27324508949384796,1392.3846153846155,19.0,7.0,24.0,367.0,26.0
1.1576767676767679,6600.0,0.8,615.5277777777778,0.27363022723126507,1392.3846153846155,19.0,7.0,24.0,378.0,26.0
1.1576767676767679,6800.0,0.8,616.5714285714286,0.27182616098757423,1392.3846153846155,18.0,8.0,24.0,392.0,26.0
1.1576767676767679,7000.0,0.74,613.8430656934306,0.2684004621652849,1392.3846153846155,18.0,9.0,23.0,411.0,26.0
1.1576767676767679,7200.0,0.78,612.8623529411765,0.26426529908985874,1392.3846153846155,19.0,8.0,23.0,425.0,26.0
1.1576767676767679,7400.0,0.8,607.8110859728507,0.2611639267832891,1392.3846153846155,18.0,9.0,23.0,442.0,26.0
1.1576767676767679,7600.0,0.78,602.3588621444202,0.2647315184562058,1392.3846153846155,19.0,7.0,24.0,457.0,26.0
1.1576767676767679,7800.0,0.8,595.5845665961945,0.2697991202643261,1392.3846153846155,19.0,7.0,24.0,473.0,26.0
1.1576767676767679,8000.0,0.8,594.608024691358,0.26833965094358747,1392.3846153846155,18.0,8.0,24.0,486.0,26.0
1.1576767676767679,8200.0,0.8,592.7640562248996,0.26598828370461963,1392.3846153846155,18.0,8.0,24.0,498.0,26.0
1.1576767676767679,8400.0,0.78,591.4951361867704,0.2653599010804127,1392.3846153846155,16.0,10.0,24.0,514.0,26.0
1.1576767676767679,8600.0,0.8,590.0,0.25984635031317777,1392.3846153846155,16.0,10.0,24.0,527.0,26.0
1.1576767676767679,8800.0,0.8,588.3057090239411,0.25315711592645895,1392.3846153846155,19.0,7.0,24.0,543.0,26.0
1.1576767676767679,9000.0,0.8,586.9215686274509,0.2583868809924391,1392.3846153846155,20.0,6.0,24.0,561.0,26.0
1.1576767676767679,9200.0,0.8,587.0408695652173,0.2626031256967952,1392.3846153846155,21.0,5.0,24.0,575.0,26.0
1.1576767676767679,9400.0,0.8,585.7559726962457,0.26615044696247947,1392.3846153846155,21.0,5.0,24.0,586.0,26.0
1.1576767676767679,9600.0,0.76,587.9292845257903,0.26152879411347374,1392.3846153846155,21.0,5.0,24.0,601.0,26.0
1.1576767676767679,9800.0,0.78,586.5711947626842,0.25933959013236574,1392.3846153846155,18.0,8.0,24.0,611.0,26.0
1.1576767676767679,10000.0,0.76,584.7764423076923,0.25796120244055704,1392.3846153846155,18.0,8.0,24.0,624.0,26.0
1.1576767676767679,10200.0,0.8,589.3464566929134,0.25565037601605417,1392.3846153846155,17.0,9.0,24.0,635.0,26.0
1.1576767676767679,10400.0,0.8,591.161809815951,0.2542314475097805,1392.3846153846155,18.0,8.0,24.0,652.0,26.0
1.1576767676767679,10600.0,0.78,584.8251121076233,0.255305779093102,1392.3846153846155,18.0,8.0,24.0,669.0,26.0
1.1576767676767679,10800.0,0.78,586.1851032448377,0.25147467212616303,1392.3846153846155,18.0,9.0,23.0,678.0,26.0
1.1576767676767679,11000.0,0.76,588.3151079136691,0.25123142723937325,1392.3846153846155,16.0,12.0,22.0,695.0,26.0
1.1576767676767679,11200.0,0.8,587.9633286318759,0.25202197312144003,1392.3846153846155,17.0,11.0,22.0,709.0,26.0
1.1576767676767679,11400.0,0.8,586.5173852573018,0.25325846796262136,1392.3846153846155,14.0,14.0,22.0,719.0,26.0
1.1576767676767679,11600.0,0.78,582.7845528455284,0.2575557942959074,1763.5925925925926,15.0,14.0,21.0,738.0,27.0
1.1576767676767679,11800.0,0.78,581.0458776595744,0.26519773782255285,2118.2321428571427,16.0,12.0,22.0,752.0,28.0
1.1576767676767679,12000.0,0.76,577.2951885565669,0.2584274218069041,2118.2321428571427,15.0,13.0,22.0,769.0,28.0
1.1576767676767679,12200.0,0.8,577.4675159235669,0.26436665112602115,2461.9827586206898,13.0,15.0,22.0,785.0,29.0
1.1576767676767679,12400.0,0.78,579.335625,0.26724504895303347,2461.9827586206898,14.0,15.0,21.0,800.0,29.0
1.1576767676767679,12600.0,0.74,573.5651644336175,0.26838019175805244,2461.9827586206898,14.0,16.0,20.0,821.0,29.0
1.1576767676767679,12800.0,0.78,570.5161097852028,0.26852208460867977,2461.9827586206898,16.0,14.0,20.0,838.0,29.0
1.1576767676767679,13000.0,0.76,570.5558166862514,0.26505584497192547,2461.9827586206898,16.0,14.0,20.0,851.0,29.0
1.1576767676767679,13200.0,0.78,567.243972445465,0.2673058601747309,2461.9827586206898,15.0,16.0,19.0,871.0,29.0
1.1576767676767679,13400.0,0.78,564.6381653454133,0.2712788599922972,2820.55,16.0,15.0,19.0,883.0,30.0
1.1576767676767679,13600.0,0.78,564.9401565995526,0.2735086047878702,3165.7258064516127,16.0,15.0,19.0,894.0,31.0
1.1576767676767679,13800.0,0.78,559.7210698689956,0.27888026270447774,3493.375,21.0,10.0,19.0,916.0,32.0
1.1576767676767679,14000.0,0.76,558.2489247311828,0.2821235278616747,3493.375,20.0,11.0,19.0,930.0,32.0
1.1576767676767679,14200.0,0.76,559.350580781415,0.29221819066345045,3493.375,19.0,12.0,19.0,947.0,32.0
1.1576767676767679,14400.0,0.78,560.576244813278,0.29503577726876534,3493.375,19.0,12.0,19.0,964.0,32.0
1.1576767676767679,14600.0,0.8,561.3144750254842,0.2935154967263292,3493.375,20.0,12.0,18.0,981.0,32.0
1.1576767676767679,14800.0,0.8,557.7879396984924,0.29501550686153283,3493.375,21.0,10.0,19.0,995.0,32.0
1.1576767676767679,15000.0,0.76,556.7460317460317,0.29150872641031356,3493.375,20.0,11.0,19.0,1008.0,32.0
1.1576767676767679,15200.0,0.78,555.6642300194932,0.29390063446374637,3493.375,19.0,12.0,19.0,1026.0,32.0
1.1576767676767679,15400.0,0.74,556.388246628131,0.2952992925627876,3493.375,18.0,13.0,19.0,1038.0,32.0
1.1576767676767679,15600.0,0.8,556.5028598665396,0.2900492570895749,3493.375,18.0,13.0,19.0,1049.0,32.0
1.1576767676767679,15800.0,0.78,555.6802434456929,0.2863803133804958,3493.375,16.0,15.0,19.0,1068.0,32.0
1.1576767676767679,16000.0,0.78,555.8220887245841,0.2810694666855857,3493.375,16.0,16.0,18.0,1082.0,32.0
1.187878787878788,0.0,0.0,nan,0.015202805424360975,nan,0.0,0.0,50.0,0.0,0.0
1.187878787878788,200.0,0.38,18.5,0.04149352360488922,nan,0.0,15.0,35.0,1.0,0.0
1.187878787878788,400.0,0.68,62.0,0.08979790403989216,nan,0.0,20.0,30.0,4.0,0.0
1.187878787878788,600.0,0.8,128.7,0.13850769261954474,550.4166666666666,6.0,15.0,29.0,5.0,6.0
1.187878787878788,800.0,0.8,312.6,0.17718362961911904,617.6071428571429,14.0,7.0,29.0,10.0,14.0
1.187878787878788,1000.0,0.8,362.25,0.2113595362130825,680.9722222222222,18.0,3.0,29.0,14.0,18.0
1.187878787878788,1200.0,0.78,542.6521739130435,0.23428536679301887,708.0263157894736,19.0,3.0,28.0,23.0,19.0
1.187878787878788,1400.0,0.76,699.3194444444445,0.2476030243447591,708.0263157894736,19.0,3.0,28.0,36.0,19.0
1.187878787878788,1600.0,0.76,730.24,0.25644092189812095,749.875,20.0,3.0,27.0,50.0,20.0
1.187878787878788,1800.0,0.8,772.9830508474577,0.2622179879593781,749.875,19.0,4.0,27.0,59.0,20.0
1.187878787878788,2000.0,0.8,782.8076923076923,0.2596233758336205,852.0227272727273,20.0,3.0,27.0,65.0,22.0
1.187878787878788,2200.0,0.8,743.355421686747,0.25682605963553806,852.0227272727273,18.0,5.0,27.0,83.0,22.0
1.187878787878788,2400.0,0.78,710.9897959183673,0.2524679220805546,852.0227272727273,19.0,4.0,27.0,98.0,22.0
1.187878787878788,2600.0,0.78,693.581081081081,0.2536841465145035,852.0227272727273,18.0,5.0,27.0,111.0,22.0
1.187878787878788,2800.0,0.78,688.1074380165289,0.25532604950033444,852.0227272727273,16.0,7.0,27.0,121.0,22.0
1.187878787878788,3000.0,0.74,675.0036764705883,0.25202197312144003,852.0227272727273,16.0,7.0,27.0,136.0,22.0
1.187878787878788,3200.0,0.8,653.3590604026846,0.25577199845944903,852.0227272727273,18.0,5.0,27.0,149.0,22.0
1.187878787878788,3400.0,0.74,659.8704819277109,0.255853080088379,852.0227272727273,17.0,6.0,27.0,166.0,22.0
1.187878787878788,3600.0,0.78,664.8342857142857,0.25741390144528004,964.7391304347826,20.0,3.0,27.0,175.0,23.0
1.187878787878788,3800.0,0.78,647.4136125654451,0.25781930958992966,964.7391304347826,20.0,3.0,27.0,191.0,23.0
1.187878787878788,4000.0,0.76,649.7487804878049,0.25731254940911763,964.7391304347826,20.0,3.0,27.0,205.0,23.0
1.187878787878788,4200.0,0.78,643.890625,0.254170636288083,964.7391304347826,20.0,4.0,26.0,224.0,23.0
1.187878787878788,4400.0,0.78,631.5317796610169,0.2527922485962743,964.7391304347826,21.0,3.0,26.0,236.0,23.0
1.187878787878788,4600.0,0.78,638.3170731707318,0.24952871303184482,964.7391304347826,19.0,5.0,26.0,246.0,23.0
1.187878787878788,4800.0,0.78,630.2451737451737,0.24958952425354225,964.7391304347826,18.0,6.0,26.0,259.0,23.0
1.187878787878788,5000.0,0.78,623.0794223826715,0.25157602416232544,1126.8125,18.0,7.0,25.0,277.0,24.0
1.187878787878788,5200.0,0.8,615.9690721649484,0.25729227900188517,1126.8125,18.0,7.0,25.0,291.0,24.0
1.187878787878788,5400.0,0.8,609.5016339869281,0.2582855289562767,1126.8125,18.0,7.0,25.0,306.0,24.0
1.187878787878788,5600.0,0.8,610.3364779874214,0.25998824316380514,1302.1,19.0,6.0,25.0,318.0,25.0
1.187878787878788,5800.0,0.8,605.5795795795796,0.26008959519996755,1302.1,18.0,7.0,25.0,333.0,25.0
1.187878787878788,6000.0,0.78,597.7846820809249,0.26053554415908214,1302.1,18.0,7.0,25.0,346.0,25.0
1.187878787878788,6200.0,0.74,593.9890710382514,0.254211177102548,1302.1,19.0,6.0,25.0,366.0,25.0
1.187878787878788,6400.0,0.8,592.1062992125984,0.25469766687612755,1302.1,19.0,6.0,25.0,381.0,25.0
1.187878787878788,6600.0,0.8,596.6857506361323,0.2510084527598159,1302.1,17.0,8.0,25.0,393.0,25.0
1.187878787878788,6800.0,0.8,589.3949275362319,0.25068412624409625,1302.1,18.0,8.0,24.0,414.0,25.0
1.187878787878788,7000.0,0.78,590.1056338028169,0.2512516976466057,1302.1,18.0,8.0,24.0,426.0,25.0
1.187878787878788,7200.0,0.8,584.4448198198198,0.26118419719052155,1302.1,18.0,8.0,24.0,444.0,25.0
1.187878787878788,7400.0,0.78,582.7105263157895,0.2746437475928891,1535.0576923076924,21.0,5.0,24.0,456.0,26.0
1.187878787878788,7600.0,0.78,581.8523206751055,0.2736504976384976,1535.0576923076924,21.0,5.0,24.0,474.0,26.0
1.187878787878788,7800.0,0.78,577.5925925925926,0.27208967628159647,1535.0576923076924,20.0,6.0,24.0,486.0,26.0
1.187878787878788,8000.0,0.78,574.307385229541,0.2641436766464638,1535.0576923076924,19.0,7.0,24.0,501.0,26.0
1.187878787878788,8200.0,0.78,574.7203883495146,0.25623821782579614,1535.0576923076924,18.0,8.0,24.0,515.0,26.0
1.187878787878788,8400.0,0.78,575.0733082706766,0.2533395495915513,1535.0576923076924,16.0,11.0,23.0,532.0,26.0
1.187878787878788,8600.0,0.8,573.8861566484517,0.25033952932114406,1535.0576923076924,16.0,10.0,24.0,549.0,26.0
1.187878787878788,8800.0,0.8,573.6372549019608,0.24756248353029411,1535.0576923076924,15.0,11.0,24.0,561.0,26.0
1.187878787878788,9000.0,0.78,571.1689895470383,0.2438124581922851,1535.0576923076924,16.0,11.0,23.0,574.0,26.0
1.187878787878788,9200.0,0.78,570.5193602693603,0.24113676443759754,1812.7592592592594,16.0,11.0,23.0,594.0,27.0
1.187878787878788,9400.0,0.78,568.4230132450331,0.24146109095331725,1812.7592592592594,14.0,13.0,23.0,604.0,27.0
1.187878787878788,9600.0,0.76,564.4113418530352,0.23908945330711695,1812.7592592592594,15.0,12.0,23.0,626.0,27.0
1.187878787878788,9800.0,0.8,561.0216718266254,0.2428192082378935,1812.7592592592594,11.0,16.0,23.0,646.0,27.0
1.187878787878788,10000.0,0.78,561.4313725490196,0.2500962844343543,1812.7592592592594,15.0,13.0,22.0,663.0,27.0
1.187878787878788,10200.0,0.8,559.8,0.2608193298603369,1812.7592592592594,16.0,11.0,23.0,670.0,27.0
1.187878787878788,10400.0,0.78,557.6474452554745,0.26728558976749844,2118.8928571428573,17.0,12.0,21.0,685.0,28.0
1.187878787878788,10600.0,0.8,557.1812320916905,0.2772180893114143,2063.1206896551726,18.0,12.0,20.0,698.0,29.0
1.187878787878788,10800.0,0.78,557.5252100840336,0.27877891066831534,2063.1206896551726,17.0,14.0,19.0,714.0,29.0
1.187878787878788,11000.0,0.76,560.2811634349031,0.2768734923884621,2358.1,18.0,13.0,19.0,722.0,30.0
1.187878787878788,11200.0,0.8,557.8458950201884,0.2730626558287556,2637.983870967742,18.0,13.0,19.0,743.0,31.0
1.187878787878788,11400.0,0.8,555.7770448548813,0.2700829059655808,2637.983870967742,19.0,12.0,19.0,758.0,31.0
1.187878787878788,11600.0,0.78,555.2171651495448,0.262339610402773,2637.983870967742,17.0,14.0,19.0,769.0,31.0
1.187878787878788,11800.0,0.76,555.3545108005083,0.26075851863863947,2919.875,19.0,11.0,20.0,787.0,32.0
1.187878787878788,12000.0,0.78,556.7297633872977,0.26921127845458415,2919.875,20.0,9.0,21.0,803.0,32.0
1.187878787878788,12200.0,0.8,556.8493234932349,0.28046135446861126,2919.875,19.0,11.0,20.0,813.0,32.0
1.187878787878788,12400.0,0.78,557.0763221153846,0.2809681146494233,2919.875,18.0,12.0,20.0,832.0,32.0
1.187878787878788,12600.0,0.8,556.4863095238095,0.2788194514827803,2919.875,17.0,13.0,20.0,840.0,32.0
1.187878787878788,12800.0,0.8,557.6045560747664,0.2774816046054365,3217.318181818182,18.0,12.0,20.0,856.0,33.0
1.187878787878788,13000.0,0.78,556.0538373424971,0.2737923904891249,3217.318181818182,17.0,13.0,20.0,873.0,33.0
1.187878787878788,13200.0,0.76,554.217415730337,0.2664545030709667,3217.318181818182,16.0,14.0,20.0,890.0,33.0
1.187878787878788,13400.0,0.8,554.3017817371938,0.2646098960128109,3217.318181818182,14.0,16.0,20.0,898.0,33.0
1.187878787878788,13600.0,0.78,553.8778751369113,0.2646909776417408,3217.318181818182,18.0,12.0,20.0,913.0,33.0
1.187878787878788,13800.0,0.8,555.4983818770227,0.2647112480489733,3217.318181818182,16.0,16.0,18.0,927.0,33.0
1.187878787878788,14000.0,0.8,558.5795334040297,0.26878559990270207,3217.318181818182,16.0,16.0,18.0,943.0,33.0
1.187878787878788,14200.0,0.8,558.3802521008404,0.26608963574078204,3185.955882352941,16.0,16.0,18.0,952.0,34.0
1.187878787878788,14400.0,0.74,556.8218685831622,0.26416394705369634,3185.955882352941,16.0,16.0,18.0,974.0,34.0
1.187878787878788,14600.0,0.78,554.8943089430894,0.26258285528956277,3185.955882352941,16.0,17.0,17.0,984.0,34.0
1.187878787878788,14800.0,0.78,554.166,0.26323150832100217,3512.614285714286,15.0,18.0,17.0,1000.0,35.0
1.187878787878788,15000.0,0.8,553.602652259332,0.2653801714876452,3512.614285714286,14.0,18.0,18.0,1018.0,35.0
1.187878787878788,15200.0,0.8,552.4109720885467,0.27030588044513815,3834.625,16.0,16.0,18.0,1039.0,36.0
1.187878787878788,15400.0,0.78,549.8158143939394,0.276954574017392,3834.625,18.0,14.0,18.0,1056.0,36.0
1.187878787878788,15600.0,0.78,549.666355140187,0.2779478239717836,3834.625,18.0,14.0,18.0,1070.0,36.0
1.187878787878788,15800.0,0.8,546.9240622140896,0.2837046196258083,3834.625,15.0,19.0,16.0,1093.0,36.0
1.187878787878788,16000.0,0.76,543.3614349775785,0.28779924188676953,3834.625,14.0,20.0,16.0,1115.0,36.0
1.2180808080808083,0.0,0.0,nan,0.015202805424360975,nan,0.0,0.0,50.0,0.0,0.0
1.2180808080808083,200.0,0.38,18.5,0.041513794012121706,nan,0.0,15.0,35.0,1.0,0.0
1.2180808080808083,400.0,0.74,15.25,0.08762897046601666,nan,0.0,18.0,32.0,2.0,0.0
1.2180808080808083,600.0,0.78,154.83333333333334,0.13046034094824965,528.25,4.0,15.0,31.0,6.0,4.0
1.2180808080808083,800.0,0.8,314.3,0.16277137007682485,623.4615384615385,13.0,5.0,32.0,10.0,13.0
1.2180808080808083,1000.0,0.8,439.80555555555554,0.1884945168548436,677.8125,15.0,3.0,32.0,18.0,16.0
1.2180808080808083,1200.0,0.78,574.3461538461538,0.21273792390489124,704.5294117647059,16.0,3.0,31.0,26.0,17.0
1.2180808080808083,1400.0,0.78,671.7142857142857,0.2226501530415746,704.5294117647059,15.0,4.0,31.0,35.0,17.0
1.2180808080808083,1600.0,0.76,712.2403846153846,0.22680558652423327,704.5294117647059,15.0,4.0,31.0,52.0,17.0
1.2180808080808083,1800.0,0.78,688.5970149253732,0.22469746417205522,757.8333333333334,17.0,3.0,30.0,67.0,18.0
1.2180808080808083,2000.0,0.74,688.3086419753087,0.2251636835384023,757.8333333333334,16.0,4.0,30.0,81.0,18.0
1.2180808080808083,2200.0,0.78,689.2722222222222,0.22994749964526787,757.8333333333334,18.0,2.0,30.0,90.0,18.0
1.2180808080808083,2400.0,0.78,684.0637254901961,0.2350961830823181,841.4473684210526,18.0,3.0,29.0,102.0,19.0
1.2180808080808083,2600.0,0.74,665.1440677966102,0.23789349928040054,925.75,18.0,4.0,28.0,118.0,20.0
1.2180808080808083,2800.0,0.78,649.4488188976378,0.24192731031966433,925.75,17.0,5.0,28.0,127.0,20.0
1.2180808080808083,3000.0,0.8,662.9748201438849,0.24742059067966676,1016.2380952380952,18.0,6.0,26.0,139.0,21.0
1.2180808080808083,3200.0,0.78,644.9375,0.2561165953824012,1016.2380952380952,18.0,6.0,26.0,152.0,21.0
1.2180808080808083,3400.0,0.76,628.7138554216867,0.2670626152879411,1122.6136363636363,19.0,5.0,26.0,166.0,22.0
1.2180808080808083,3600.0,0.8,632.9833333333333,0.27125858958506477,1122.6136363636363,20.0,5.0,25.0,180.0,22.0
1.2180808080808083,3800.0,0.8,618.8736842105263,0.27332617112277785,1336.6666666666667,23.0,2.0,25.0,190.0,24.0
1.2180808080808083,4000.0,0.78,643.0147783251232,0.273204548679383,1336.6666666666667,20.0,5.0,25.0,203.0,24.0
1.2180808080808083,4200.0,0.8,651.2172897196261,0.26773153872661304,1446.28,20.0,5.0,25.0,214.0,25.0
1.2180808080808083,4400.0,0.78,646.0304347826087,0.2643869215332536,1446.28,19.0,6.0,25.0,230.0,25.0
1.2180808080808083,4600.0,0.78,637.8916666666667,0.26544098270934263,1446.28,19.0,6.0,25.0,240.0,25.0
1.2180808080808083,4800.0,0.78,636.7743190661479,0.2641436766464638,1446.28,18.0,8.0,24.0,257.0,25.0
1.2180808080808083,5000.0,0.8,629.6868131868132,0.26738694180366085,1446.28,20.0,6.0,24.0,273.0,25.0
1.2180808080808083,5200.0,0.78,629.773519163763,0.27006263555834836,1446.28,19.0,7.0,24.0,287.0,25.0
1.2180808080808083,5400.0,0.74,616.2843137254902,0.2709950742910425,1446.28,20.0,7.0,23.0,306.0,25.0
1.2180808080808083,5600.0,0.78,614.2796875,0.2680761356495652,1598.6153846153845,22.0,5.0,23.0,320.0,26.0
1.2180808080808083,5800.0,0.8,606.7537313432836,0.27192751302373663,1598.6153846153845,21.0,8.0,21.0,335.0,26.0
1.2180808080808083,6000.0,0.8,599.0,0.27531267103156104,1598.6153846153845,18.0,11.0,21.0,351.0,26.0
1.2180808080808083,6200.0,0.78,599.243093922652,0.28048162487584377,1764.9074074074074,20.0,9.0,21.0,362.0,27.0
1.2180808080808083,6400.0,0.8,594.1292875989446,0.2853059817971743,1764.9074074074074,20.0,9.0,21.0,379.0,27.0
1.2180808080808083,6600.0,0.8,595.7694235588972,0.28875195102669615,1937.0714285714287,20.0,10.0,20.0,399.0,28.0
1.2180808080808083,6800.0,0.8,592.875,0.2891978999858107,1937.0714285714287,21.0,9.0,20.0,408.0,28.0
1.2180808080808083,7000.0,0.8,590.7713270142181,0.29126548152352383,1937.0714285714287,19.0,12.0,19.0,422.0,28.0
1.2180808080808083,7200.0,0.78,587.3729792147806,0.2961506496665518,1937.0714285714287,19.0,12.0,19.0,433.0,28.0
1.2180808080808083,7400.0,0.78,591.7477777777777,0.29404252731437375,1937.0714285714287,18.0,13.0,19.0,450.0,28.0
1.2180808080808083,7600.0,0.76,583.647311827957,0.2889951959134859,2129.9827586206898,20.0,11.0,19.0,465.0,29.0
1.2180808080808083,7800.0,0.8,584.0527426160338,0.2934141446901668,2317.95,22.0,8.0,20.0,474.0,30.0
1.2180808080808083,8000.0,0.78,584.1551020408164,0.29533983337725256,2317.95,20.0,11.0,19.0,490.0,30.0
1.2180808080808083,8200.0,0.78,588.4363992172212,0.2916911600754059,2317.95,19.0,12.0,19.0,511.0,30.0
1.2180808080808083,8400.0,0.8,584.7868068833652,0.30024527192751305,2317.95,20.0,11.0,19.0,523.0,30.0
1.2180808080808083,8600.0,0.78,584.9887429643527,0.30087365455171994,2317.95,19.0,12.0,19.0,533.0,30.0
1.2180808080808083,8800.0,0.78,582.7074275362319,0.2945087466807208,2317.95,20.0,11.0,19.0,552.0,30.0
1.2180808080808083,9000.0,0.8,580.5858407079646,0.29270468043702996,2317.95,19.0,12.0,19.0,565.0,30.0
1.2180808080808083,9200.0,0.8,578.9913494809689,0.29250197636470515,2317.95,17.0,14.0,19.0,578.0,30.0
1.2180808080808083,9400.0,0.8,578.6016949152543,0.29266413962256504,2317.95,19.0,12.0,19.0,590.0,30.0
1.2180808080808083,9600.0,0.78,582.6039603960396,0.2885289765471388,2548.2096774193546,22.0,9.0,19.0,606.0,31.0
1.2180808080808083,9800.0,0.74,579.1838709677419,0.28309650740883385,2548.2096774193546,19.0,12.0,19.0,620.0,31.0
1.2180808080808083,10000.0,0.78,578.0897637795275,0.2870695072264002,2548.2096774193546,19.0,12.0,19.0,635.0,31.0
1.2180808080808083,10200.0,0.74,578.3795731707318,0.2862789613443334,2548.2096774193546,18.0,13.0,19.0,656.0,31.0
1.2180808080808083,10400.0,0.8,578.8084464555053,0.2871303184480976,2548.2096774193546,18.0,13.0,19.0,663.0,31.0
1.2180808080808083,10600.0,0.78,575.1465390279823,0.28449516550787507,2548.2096774193546,16.0,15.0,19.0,679.0,31.0
1.2180808080808083,10800.0,0.8,569.8962804005722,0.2828127217075791,2548.2096774193546,15.0,16.0,19.0,699.0,31.0
1.2180808080808083,11000.0,0.76,568.0905292479108,0.2751910485881661,2548.2096774193546,15.0,16.0,19.0,718.0,31.0
1.2180808080808083,11200.0,0.76,569.2650684931507,0.2690491151967243,2548.2096774193546,15.0,15.0,20.0,730.0,31.0
1.2180808080808083,11400.0,0.78,567.0975935828877,0.264488273569416,2548.2096774193546,16.0,14.0,20.0,748.0,31.0
1.2180808080808083,11600.0,0.76,563.167100130039,0.26852208460867977,2548.2096774193546,17.0,13.0,20.0,769.0,31.0
1.2180808080808083,11800.0,0.8,560.6324840764331,0.2732653599010804,2548.2096774193546,17.0,13.0,20.0,785.0,31.0
1.2180808080808083,12000.0,0.78,556.21875,0.27559645673281574,2548.2096774193546,15.0,18.0,17.0,800.0,31.0
1.2180808080808083,12200.0,0.78,555.3370098039215,0.27579916080514055,2548.2096774193546,15.0,19.0,16.0,816.0,31.0
1.2180808080808083,12400.0,0.8,555.5156626506024,0.27906269636957004,2855.1875,15.0,21.0,14.0,830.0,32.0
1.2180808080808083,12600.0,0.8,554.9815914489311,0.2842519206210853,3426.25,17.0,18.0,15.0,842.0,34.0
1.2180808080808083,12800.0,0.74,555.4732246798603,0.2902925019763647,3426.25,18.0,18.0,14.0,859.0,34.0
1.2180808080808083,13000.0,0.76,554.5137142857143,0.3042790829667768,3695.0,16.0,20.0,14.0,875.0,35.0
1.2180808080808083,13200.0,0.76,555.8877665544333,0.31092777653903064,3954.5555555555557,20.0,16.0,14.0,891.0,36.0
1.2180808080808083,13400.0,0.78,554.7843680709534,0.3132791437779985,4205.77027027027,22.0,15.0,13.0,902.0,37.0
1.2180808080808083,13600.0,0.78,554.4819474835887,0.3082926235988081,4205.77027027027,20.0,17.0,13.0,914.0,37.0
1.2180808080808083,13800.0,0.8,556.0412205567452,0.3049277359982162,4453.5526315789475,21.0,16.0,13.0,934.0,38.0
1.2180808080808083,14000.0,0.8,556.4328042328042,0.3041371901161494,4453.5526315789475,18.0,20.0,12.0,945.0,38.0
1.2180808080808083,14200.0,0.78,556.2375,0.2988668842357043,4453.5526315789475,16.0,22.0,12.0,960.0,38.0
1.2180808080808083,14400.0,0.78,554.2094801223242,0.297589848580058,4453.5526315789475,17.0,21.0,12.0,981.0,38.0
1.2180808080808083,14600.0,0.78,550.1286141575274,0.29661686903289886,4453.5526315789475,16.0,22.0,12.0,1003.0,38.0
1.2180808080808083,14800.0,0.8,549.2637795275591,0.2973466036932682,4453.5526315789475,14.0,23.0,13.0,1016.0,38.0
1.2180808080808083,15000.0,0.76,549.0684466019418,0.29221819066345045,4453.5526315789475,16.0,22.0,12.0,1030.0,38.0
1.2180808080808083,15200.0,0.8,548.2579098753596,0.29136683355968623,4453.5526315789475,15.0,22.0,13.0,1043.0,38.0
1.2180808080808083,15400.0,0.78,547.7838221381268,0.29098169582226907,4453.5526315789475,18.0,19.0,13.0,1057.0,38.0
1.2180808080808083,15600.0,0.78,547.1178937558248,0.2916303488537085,4453.5526315789475,18.0,17.0,15.0,1073.0,38.0
1.2180808080808083,15800.0,0.78,548.0425824175824,0.2997587821539335,4453.5526315789475,20.0,16.0,14.0,1092.0,38.0
1.2180808080808083,16000.0,0.8,546.8044263775971,0.30302231771836297,4453.5526315789475,21.0,15.0,14.0,1107.0,38.0
1.2482828282828284,0.0,0.0,nan,0.015202805424360975,nan,0.0,0.0,50.0,0.0,0.0
1.2482828282828284,200.0,0.42,18.5,0.04145298279042426,nan,0.0,15.0,35.0,1.0,0.0
1.2482828282828284,400.0,0.6,152.0,0.08935195508077758,nan,0.0,20.0,30.0,5.0,0.0
1.2482828282828284,600.0,0.76,294.22727272727275,0.1324873816714978,568.5,3.0,18.0,29.0,11.0,3.0
1.2482828282828284,800.0,0.78,336.6923076923077,0.16946060446354366,628.7272727272727,11.0,10.0,29.0,13.0,11.0
1.2482828282828284,1000.0,0.8,384.59375,0.19473780228244786,699.1,14.0,7.0,29.0,16.0,15.0
1.2482828282828284,1200.0,0.8,495.7916666666667,0.2109541280684329,743.2941176470588,16.0,5.0,29.0,24.0,17.0
1.2482828282828284,1400.0,0.8,556.8611111111111,0.21796768897087143,743.2941176470588,17.0,4.0,29.0,36.0,17.0
1.2482828282828284,1600.0,0.78,643.1630434782609,0.22712991303995297,743.2941176470588,17.0,4.0,29.0,46.0,17.0
1.2482828282828284,1800.0,0.8,696.0,0.2329475199156751,743.2941176470588,16.0,5.0,29.0,61.0,17.0
1.2482828282828284,2000.0,0.76,688.6907894736842,0.23767052480084325,866.078947368421,18.0,4.0,28.0,76.0,19.0
1.2482828282828284,2200.0,0.78,692.2921348314607,0.24502868262623395,931.975,18.0,6.0,26.0,89.0,20.0
1.2482828282828284,2400.0,0.76,699.7061855670103,0.2551638862424746,931.975,18.0,6.0,26.0,97.0,20.0
1.2482828282828284,2600.0,0.78,679.8185840707964,0.25771795755376725,1138.9347826086957,21.0,4.0,25.0,113.0,23.0
1.2482828282828284,2800.0,0.78,666.6850393700787,0.26288691139805,1138.9347826086957,19.0,6.0,25.0,127.0,23.0
1.2482828282828284,3000.0,0.78,647.4782608695652,0.2635355644294894,1138.9347826086957,19.0,6.0,25.0,138.0,23.0
1.2482828282828284,3200.0,0.76,643.75,0.26029229927229236,1138.9347826086957,19.0,5.0,26.0,148.0,23.0
1.2482828282828284,3400.0,0.78,679.360248447205,0.24928546814505503,1138.9347826086957,19.0,5.0,26.0,161.0,23.0
1.2482828282828284,3600.0,0.8,663.6306818181819,0.24567733565767336,1138.9347826086957,18.0,7.0,25.0,176.0,23.0
1.2482828282828284,3800.0,0.8,657.6243523316062,0.2519003506780451,1138.9347826086957,20.0,5.0,25.0,193.0,23.0
1.2482828282828284,4000.0,0.76,640.9357142857143,0.25706930452232785,1138.9347826086957,20.0,5.0,25.0,210.0,23.0
1.2482828282828284,4200.0,0.78,631.0959821428571,0.26467070723450836,1265.0416666666667,20.0,5.0,25.0,224.0,24.0
1.2482828282828284,4400.0,0.8,622.5105042016806,0.26886668153163196,1265.0416666666667,18.0,7.0,25.0,238.0,24.0
1.2482828282828284,4600.0,0.8,614.4655870445345,0.2725153548334786,1265.0416666666667,18.0,7.0,25.0,247.0,24.0
1.2482828282828284,4800.0,0.76,609.3932584269663,0.27541402306772345,1265.0416666666667,17.0,9.0,24.0,267.0,24.0
1.2482828282828284,5000.0,0.78,607.9927272727273,0.2715423752863195,1408.26,20.0,6.0,24.0,275.0,25.0
1.2482828282828284,5200.0,0.76,608.8229166666666,0.2663328806275718,1408.26,18.0,8.0,24.0,288.0,25.0
1.2482828282828284,5400.0,0.8,612.0081967213115,0.262299069588308,1408.26,16.0,10.0,24.0,305.0,25.0
1.2482828282828284,5600.0,0.76,605.6949685534591,0.26132609004114893,1408.26,17.0,9.0,24.0,318.0,25.0
1.2482828282828284,5800.0,0.78,605.5374251497007,0.2617720390002635,1408.26,17.0,9.0,24.0,334.0,25.0
1.2482828282828284,6000.0,0.78,608.2742857142857,0.26193420225812336,1581.326923076923,19.0,7.0,24.0,350.0,26.0
1.2482828282828284,6200.0,0.76,601.9713896457765,0.2647112480489733,1581.326923076923,18.0,8.0,24.0,367.0,26.0
1.2482828282828284,6400.0,0.8,594.053664921466,0.2658869316684572,1581.326923076923,18.0,8.0,24.0,382.0,26.0
1.2482828282828284,6600.0,0.8,590.5841836734694,0.26921127845458415,1581.326923076923,17.0,10.0,23.0,392.0,26.0
1.2482828282828284,6800.0,0.78,587.7254901960785,0.2708126406259502,1581.326923076923,19.0,10.0,21.0,408.0,26.0
1.2482828282828284,7000.0,0.78,590.4294117647058,0.2662517989986419,1581.326923076923,19.0,10.0,21.0,425.0,26.0
1.2482828282828284,7200.0,0.78,586.8666666666667,0.26148825329900877,1581.326923076923,19.0,10.0,21.0,435.0,26.0
1.2482828282828284,7400.0,0.8,584.5855555555555,0.26529908985871525,1581.326923076923,17.0,12.0,21.0,450.0,26.0
1.2482828282828284,7600.0,0.8,586.3972162740899,0.2712383191778323,1804.0185185185185,16.0,13.0,21.0,467.0,27.0
1.2482828282828284,7800.0,0.8,580.2677083333333,0.2754342934749559,1804.0185185185185,17.0,15.0,18.0,480.0,27.0
1.2482828282828284,8000.0,0.74,576.0665322580645,0.2876168082216772,1804.0185185185185,18.0,15.0,17.0,496.0,27.0
1.2482828282828284,8200.0,0.8,580.8919449901769,0.2940830681288387,1804.0185185185185,18.0,15.0,17.0,509.0,27.0
1.2482828282828284,8400.0,0.78,582.3166986564299,0.2923398131068453,2456.8333333333335,22.0,11.0,17.0,521.0,30.0
1.2482828282828284,8600.0,0.8,578.4075785582255,0.2905357468631545,2654.1129032258063,22.0,11.0,17.0,541.0,31.0
1.2482828282828284,8800.0,0.76,575.0663636363637,0.29434658342286096,2654.1129032258063,20.0,13.0,17.0,550.0,31.0
1.2482828282828284,9000.0,0.78,575.1868327402135,0.2984412056838222,2654.1129032258063,21.0,11.0,18.0,562.0,31.0
1.2482828282828284,9200.0,0.8,578.4133448873483,0.2943668538300934,2654.1129032258063,21.0,9.0,20.0,577.0,31.0
1.2482828282828284,9400.0,0.8,578.252508361204,0.2892587112075082,2654.1129032258063,21.0,10.0,19.0,598.0,31.0
1.2482828282828284,9600.0,0.8,577.2768729641693,0.28048162487584377,2654.1129032258063,19.0,12.0,19.0,614.0,31.0
1.2482828282828284,9800.0,0.8,574.4984101748807,0.2749072628869114,2654.1129032258063,17.0,14.0,19.0,629.0,31.0
1.2482828282828284,10000.0,0.72,568.496923076923,0.27610321691362777,2879.765625,16.0,16.0,18.0,650.0,32.0
1.2482828282828284,10200.0,0.78,566.2627627627628,0.2831167778160663,2879.765625,16.0,16.0,18.0,666.0,32.0
1.2482828282828284,10400.0,0.8,562.879234167894,0.2870695072264002,2879.765625,17.0,15.0,18.0,679.0,32.0
1.2482828282828284,10600.0,0.78,562.2082132564841,0.28342083392455353,2879.765625,18.0,13.0,19.0,694.0,32.0
1.2482828282828284,10800.0,0.8,560.5028248587571,0.2821640686761397,2879.765625,19.0,13.0,18.0,708.0,32.0
1.2482828282828284,11000.0,0.78,559.6804979253112,0.28354245636794845,2879.765625,17.0,15.0,18.0,723.0,32.0
1.2482828282828284,11200.0,0.78,558.9731182795699,0.27916404840573245,2855.8636363636365,15.0,17.0,18.0,744.0,33.0
1.2482828282828284,11400.0,0.78,555.4940944881889,0.27885999229724523,2855.8636363636365,17.0,15.0,18.0,762.0,33.0
1.2482828282828284,11600.0,0.78,556.1428571428571,0.2826708288569517,2855.8636363636365,17.0,15.0,18.0,777.0,33.0
1.2482828282828284,11800.0,0.8,554.3803797468354,0.287778971479537,2855.8636363636365,20.0,13.0,17.0,790.0,33.0
1.2482828282828284,12000.0,0.78,553.8530510585305,0.29098169582226907,2855.8636363636365,18.0,15.0,17.0,803.0,33.0
1.2482828282828284,12200.0,0.8,553.7708845208845,0.29643443536780656,2855.8636363636365,18.0,14.0,18.0,814.0,33.0
1.2482828282828284,12400.0,0.8,554.1074879227053,0.2970222771775485,3131.6176470588234,18.0,15.0,17.0,828.0,34.0
1.2482828282828284,12600.0,0.8,553.7147928994083,0.29383982324204894,3131.6176470588234,19.0,14.0,17.0,845.0,34.0
1.2482828282828284,12800.0,0.8,553.7926829268292,0.29209656822005553,3131.6176470588234,18.0,14.0,18.0,861.0,34.0
1.2482828282828284,13000.0,0.78,551.6085227272728,0.2868262623396104,3131.6176470588234,15.0,18.0,17.0,880.0,34.0
1.2482828282828284,13200.0,0.76,549.1156840934372,0.28561003790566153,3413.9857142857145,17.0,16.0,17.0,899.0,35.0
1.2482828282828284,13400.0,0.78,547.3705114254625,0.28516408894654693,3413.9857142857145,16.0,17.0,17.0,919.0,35.0
1.2482828282828284,13600.0,0.8,546.2473233404711,0.289420874465368,3413.9857142857145,18.0,15.0,17.0,934.0,35.0
1.2482828282828284,13800.0,0.8,544.0063157894737,0.2923398131068453,3413.9857142857145,18.0,15.0,17.0,950.0,35.0
1.2482828282828284,14000.0,0.78,543.0696594427245,0.287778971479537,3413.9857142857145,17.0,16.0,17.0,969.0,35.0
1.2482828282828284,14200.0,0.72,541.2651821862348,0.2842113798066203,3413.9857142857145,16.0,17.0,17.0,988.0,35.0
1.2482828282828284,14400.0,0.78,537.5278606965175,0.28680599193237793,3413.9857142857145,16.0,17.0,17.0,1005.0,35.0
1.2482828282828284,14600.0,0.78,536.0772994129159,0.28342083392455353,3413.9857142857145,18.0,15.0,17.0,1022.0,35.0
1.2482828282828284,14800.0,0.78,536.1767822736031,0.2837046196258083,3413.9857142857145,17.0,16.0,17.0,1038.0,35.0
1.2482828282828284,15000.0,0.8,535.2699619771863,0.2835627267751809,3413.9857142857145,14.0,19.0,17.0,1052.0,35.0
1.2482828282828284,15200.0,0.8,536.066947565543,0.282934344150974,3413.9857142857145,15.0,17.0,18.0,1068.0,35.0
1.2482828282828284,15400.0,0.8,536.1868640148011,0.2752924006243285,3413.9857142857145,15.0,16.0,19.0,1081.0,35.0
1.2482828282828284,15600.0,0.78,534.4420620437957,0.2712383191778323,3413.9857142857145,15.0,17.0,18.0,1096.0,35.0
1.2482828282828284,15800.0,0.8,534.6591726618705,0.27194778343096915,3413.9857142857145,16.0,17.0,17.0,1112.0,35.0
1.2482828282828284,16000.0,0.8,535.5351423487544,0.27138021202845963,3413.9857142857145,13.0,21.0,16.0,1124.0,35.0
1.2784848484848486,0.0,0.0,nan,0.015202805424360975,nan,0.0,0.0,50.0,0.0,0.0
1.2784848484848486,200.0,0.42,18.5,0.04169622767721404,nan,0.0,15.0,35.0,1.0,0.0
1.2784848484848486,400.0,0.7,104.2,0.08594652666572071,nan,0.0,18.0,32.0,5.0,0.0
1.2784848484848486,600.0,0.78,190.28571428571428,0.1267103156102406,545.1666666666666,6.0,12.0,32.0,7.0,6.0
1.2784848484848486,800.0,0.78,262.6818181818182,0.16189974256582815,631.9583333333334,12.0,7.0,31.0,11.0,12.0
1.2784848484848486,1000.0,0.8,360.8333333333333,0.18624450165203818,656.1153846153846,13.0,6.0,31.0,15.0,13.0
1.2784848484848486,1200.0,0.78,538.8958333333334,0.20777167413293332,686.5,14.0,5.0,31.0,24.0,14.0
1.2784848484848486,1400.0,0.8,617.7297297297297,0.21760282164068676,763.28125,16.0,3.0,31.0,37.0,16.0
1.2784848484848486,1600.0,0.8,699.2788461538462,0.2232785356657815,838.75,18.0,1.0,31.0,52.0,18.0
1.2784848484848486,1800.0,0.8,700.0327868852459,0.23771106561530822,838.75,18.0,2.0,30.0,61.0,18.0
1.2784848484848486,2000.0,0.8,704.2720588235294,0.24243407050047636,838.75,18.0,2.0,30.0,68.0,18.0
1.2784848484848486,2200.0,0.78,690.203488372093,0.24229217764984898,838.75,17.0,3.0,30.0,86.0,18.0
1.2784848484848486,2400.0,0.8,694.4432989690722,0.23748809113575092,988.2,19.0,1.0,30.0,97.0,20.0
1.2784848484848486,2600.0,0.74,668.7850877192982,0.23104210163582187,988.2,18.0,3.0,29.0,114.0,20.0
1.2784848484848486,2800.0,0.8,660.9798387096774,0.23452861167980865,988.2,17.0,5.0,28.0,124.0,20.0
1.2784848484848486,3000.0,0.8,660.8949275362319,0.23917053493604687,988.2,18.0,4.0,28.0,138.0,20.0
1.2784848484848486,3200.0,0.78,658.5322580645161,0.24004216244704357,988.2,17.0,5.0,28.0,155.0,20.0
1.2784848484848486,3400.0,0.78,651.4461077844311,0.2437719173778201,1095.3809523809523,17.0,5.0,28.0,167.0,21.0
1.2784848484848486,3600.0,0.8,646.6620879120879,0.24654896316867006,1095.3809523809523,16.0,7.0,27.0,182.0,21.0
1.2784848484848486,3800.0,0.8,622.6428571428571,0.2474611314941317,1095.3809523809523,18.0,5.0,27.0,196.0,21.0
1.2784848484848486,4000.0,0.76,624.7956730769231,0.25226521800822976,1226.9318181818182,20.0,4.0,26.0,208.0,22.0
1.2784848484848486,4200.0,0.78,611.6343612334801,0.25329900877708633,1226.9318181818182,20.0,4.0,26.0,227.0,22.0
1.2784848484848486,4400.0,0.78,610.9573170731708,0.2567855188210731,1226.9318181818182,21.0,3.0,26.0,246.0,22.0
1.2784848484848486,4600.0,0.8,603.9541984732824,0.263981513388604,1373.2173913043478,19.0,5.0,26.0,262.0,23.0
1.2784848484848486,4800.0,0.8,598.539033457249,0.2671639673241035,1373.2173913043478,19.0,4.0,27.0,269.0,23.0
1.2784848484848486,5000.0,0.76,593.9859154929577,0.2668801816228488,1373.2173913043478,20.0,3.0,27.0,284.0,23.0
1.2784848484848486,5200.0,0.8,595.7152317880794,0.2685423550159123,1373.2173913043478,20.0,4.0,26.0,302.0,23.0
1.2784848484848486,5400.0,0.8,584.8857142857142,0.26878559990270207,1373.2173913043478,19.0,7.0,24.0,315.0,23.0
1.2784848484848486,5600.0,0.76,586.8282674772037,0.27148156406462204,1373.2173913043478,19.0,7.0,24.0,329.0,23.0
1.2784848484848486,5800.0,0.8,587.7212389380531,0.2721910283177589,1550.8333333333333,20.0,6.0,24.0,339.0,24.0
1.2784848484848486,6000.0,0.8,588.6778711484594,0.2745018547422618,1889.2884615384614,22.0,5.0,23.0,357.0,26.0
1.2784848484848486,6200.0,0.8,589.3956639566395,0.2760221352846979,1889.2884615384614,22.0,5.0,23.0,369.0,26.0
1.2784848484848486,6400.0,0.78,591.9960422163589,0.2743802322988669,2054.0,22.0,5.0,23.0,379.0,27.0
1.2784848484848486,6600.0,0.78,593.3113924050633,0.27356941600956763,2054.0,22.0,5.0,23.0,395.0,27.0
1.2784848484848486,6800.0,0.78,592.2975609756097,0.2743802322988669,2054.0,21.0,6.0,23.0,410.0,27.0
1.2784848484848486,7000.0,0.8,588.9470588235295,0.27050858451746296,2054.0,22.0,5.0,23.0,425.0,27.0
1.2784848484848486,7200.0,0.78,582.5228310502283,0.26639369184926925,2054.0,21.0,6.0,23.0,438.0,27.0
1.2784848484848486,7400.0,0.8,584.4823008849557,0.2703666916668356,2054.0,21.0,6.0,23.0,452.0,27.0
1.2784848484848486,7600.0,0.76,582.5643459915611,0.2634950236150244,2054.0,21.0,6.0,23.0,474.0,27.0
1.2784848484848486,7800.0,0.8,576.564024390244,0.2566841667849107,2054.0,20.0,7.0,23.0,492.0,27.0
1.2784848484848486,8000.0,0.78,569.5546875,0.25121115683214074,2054.0,19.0,8.0,23.0,512.0,27.0
1.2784848484848486,8200.0,0.8,567.7998084291188,0.2454340907708836,2054.0,15.0,12.0,23.0,522.0,27.0
1.2784848484848486,8400.0,0.8,567.185393258427,0.24551517239981352,2054.0,16.0,11.0,23.0,534.0,27.0
1.2784848484848486,8600.0,0.76,570.4406934306569,0.2472381570145744,2054.0,16.0,11.0,23.0,548.0,27.0
1.2784848484848486,8800.0,0.78,566.5746003552398,0.24967060588247217,2054.0,19.0,8.0,23.0,563.0,27.0
1.2784848484848486,9000.0,0.78,565.765164644714,0.2520017027142075,2054.0,19.0,8.0,23.0,577.0,27.0
1.2784848484848486,9200.0,0.74,566.9748743718593,0.24973141710416963,2054.0,19.0,8.0,23.0,597.0,27.0
1.2784848484848486,9400.0,0.76,563.819512195122,0.25098818235258347,2054.0,19.0,9.0,22.0,615.0,27.0
1.2784848484848486,9600.0,0.78,559.439586645469,0.2469138304988547,2054.0,18.0,10.0,22.0,629.0,27.0
1.2784848484848486,9800.0,0.78,556.7473035439137,0.24642734072527517,2054.0,18.0,10.0,22.0,649.0,27.0
1.2784848484848486,10000.0,0.78,557.0249244712991,0.24985303954756452,2054.0,17.0,10.0,23.0,662.0,27.0
1.2784848484848486,10200.0,0.78,554.3251851851852,0.2546165852471976,2054.0,17.0,11.0,22.0,675.0,27.0
1.2784848484848486,10400.0,0.76,553.3077474892395,0.2600287839782701,2054.0,18.0,10.0,22.0,697.0,27.0
1.2784848484848486,10600.0,0.78,549.046918767507,0.25923823809620333,2054.0,18.0,10.0,22.0,714.0,27.0
1.2784848484848486,10800.0,0.76,548.0796703296703,0.2576368759248373,2054.0,18.0,12.0,20.0,728.0,27.0
1.2784848484848486,11000.0,0.76,546.0313333333334,0.2600693247927351,2660.1724137931033,17.0,13.0,20.0,750.0,29.0
1.2784848484848486,11200.0,0.8,542.687172774869,0.262339610402773,2660.1724137931033,17.0,13.0,20.0,764.0,29.0
1.2784848484848486,11400.0,0.78,539.3335451080051,0.26499503375022804,2660.1724137931033,18.0,12.0,20.0,787.0,29.0
1.2784848484848486,11600.0,0.78,537.9377334993774,0.2679545132061703,2660.1724137931033,18.0,13.0,19.0,803.0,29.0
1.2784848484848486,11800.0,0.8,538.5042787286063,0.2691707376401192,2660.1724137931033,17.0,14.0,19.0,818.0,29.0
1.2784848484848486,12000.0,0.76,535.1032412965186,0.26558287555997,2660.1724137931033,15.0,16.0,19.0,833.0,29.0
1.2784848484848486,12200.0,0.74,533.4994082840236,0.26594774289015466,2660.1724137931033,17.0,14.0,19.0,845.0,29.0
1.2784848484848486,12400.0,0.78,534.99008168028,0.27050858451746296,2978.7,19.0,12.0,19.0,857.0,30.0
1.2784848484848486,12600.0,0.78,534.9276765375854,0.2671234265096386,3288.8709677419356,17.0,14.0,19.0,878.0,31.0
1.2784848484848486,12800.0,0.8,534.7513966480446,0.2700220947438834,3288.8709677419356,19.0,12.0,19.0,895.0,31.0
1.2784848484848486,13000.0,0.74,532.6300546448088,0.27472482922181907,3288.8709677419356,21.0,11.0,18.0,915.0,31.0
1.2784848484848486,13200.0,0.8,532.758658008658,0.2762856505787201,3288.8709677419356,18.0,13.0,19.0,924.0,31.0
1.2784848484848486,13400.0,0.78,533.0421558164354,0.2738126608963574,3288.8709677419356,16.0,15.0,19.0,937.0,31.0
1.2784848484848486,13600.0,0.8,532.748947368421,0.27040723248130055,3288.8709677419356,16.0,15.0,19.0,950.0,31.0
1.2784848484848486,13800.0,0.8,534.6649377593361,0.2752924006243285,3288.8709677419356,16.0,16.0,18.0,964.0,31.0
1.2784848484848486,14000.0,0.78,532.4764585465712,0.2819613646038149,3617.9375,18.0,15.0,17.0,977.0,32.0
1.2784848484848486,14200.0,0.76,528.8629112662014,0.28423165021385277,3617.9375,17.0,16.0,17.0,1003.0,32.0
1.2784848484848486,14400.0,0.78,528.2269155206287,0.28786005310846696,3617.9375,19.0,14.0,17.0,1018.0,32.0
1.2784848484848486,14600.0,0.8,527.6971014492754,0.29221819066345045,3649.0151515151515,20.0,13.0,17.0,1035.0,33.0
1.2784848484848486,14800.0,0.8,529.0993314231137,0.2909411550078041,3649.0151515151515,21.0,12.0,17.0,1047.0,33.0
1.2784848484848486,15000.0,0.8,529.1151315789474,0.2840492165487605,3649.0151515151515,21.0,11.0,18.0,1064.0,33.0
1.2784848484848486,15200.0,0.78,529.1913407821229,0.2761842985425577,3649.0151515151515,19.0,13.0,18.0,1074.0,33.0
1.2784848484848486,15400.0,0.78,529.0988051470588,0.2722721099466888,3649.0151515151515,19.0,13.0,18.0,1088.0,33.0
1.2784848484848486,15600.0,0.8,530.2012692656392,0.2694950641558389,3649.0151515151515,19.0,13.0,18.0,1103.0,33.0
1.2784848484848486,15800.0,0.8,530.4299107142857,0.2703869620740681,3649.0151515151515,19.0,14.0,17.0,1120.0,33.0
1.2784848484848486,16000.0,0.8,530.8085387323944,0.2755761863255833,3649.0151515151515,19.0,13.0,18.0,1136.0,33.0
1.308686868686869,0.0,0.0,nan,0.015202805424360975,nan,0.0,0.0,50.0,0.0,0.0
1.308686868686869,200.0,0.4,18.5,0.041392171568726814,nan,0.0,15.0,35.0,1.0,0.0
1.308686868686869,400.0,0.7,168.66666666666666,0.09241278657288225,nan,0.0,22.0,28.0,3.0,0.0
1.308686868686869,600.0,0.76,273.2857142857143,0.14079824863681512,561.125,4.0,19.0,27.0,7.0,4.0
1.308686868686869,800.0,0.8,239.875,0.18364988952628059,676.8076923076923,13.0,10.0,27.0,8.0,13.0
1.308686868686869,1000.0,0.8,285.5,0.21764336245515173,719.96875,16.0,6.0,28.0,10.0,16.0
1.308686868686869,1200.0,0.8,473.25,0.2386840451624673,793.125,20.0,2.0,28.0,16.0,20.0
1.308686868686869,1400.0,0.76,675.8888888888889,0.253623335292806,817.7142857142857,21.0,2.0,27.0,27.0,21.0
1.308686868686869,1600.0,0.76,758.804347826087,0.2603733809012223,817.7142857142857,21.0,3.0,26.0,46.0,21.0
1.308686868686869,1800.0,0.8,758.9112903225806,0.26400178379583644,857.6590909090909,22.0,2.0,26.0,62.0,22.0
1.308686868686869,2000.0,0.8,744.2697368421053,0.26615044696247947,901.1086956521739,22.0,3.0,25.0,76.0,23.0
1.308686868686869,2200.0,0.8,726.0755813953489,0.2696977682281637,901.1086956521739,20.0,5.0,25.0,86.0,23.0
1.308686868686869,2400.0,0.8,690.1553398058253,0.265623416374435,901.1086956521739,21.0,4.0,25.0,103.0,23.0
1.308686868686869,2600.0,0.8,650.9279661016949,0.2671639673241035,966.0416666666666,22.0,3.0,25.0,118.0,24.0
1.308686868686869,2800.0,0.8,633.3346456692914,0.2676099162832181,1035.28,20.0,6.0,24.0,127.0,25.0
1.308686868686869,3000.0,0.78,632.4424460431654,0.2710761559199724,1035.28,20.0,6.0,24.0,139.0,25.0
1.308686868686869,3200.0,0.78,643.8679245283018,0.2677112683193805,1035.28,19.0,8.0,23.0,159.0,25.0
1.308686868686869,3400.0,0.8,629.9502923976609,0.26422475827539377,1035.28,19.0,8.0,23.0,171.0,25.0
1.308686868686869,3600.0,0.78,618.6901041666666,0.2614071716700789,1035.28,19.0,9.0,22.0,192.0,25.0
1.308686868686869,3800.0,0.8,614.181592039801,0.26258285528956277,1140.7692307692307,21.0,7.0,22.0,201.0,26.0
1.308686868686869,4000.0,0.8,622.3261904761905,0.2670018040662437,1140.7692307692307,20.0,8.0,22.0,210.0,26.0
1.308686868686869,4200.0,0.8,624.6415525114155,0.2676099162832181,1247.7222222222222,18.0,10.0,22.0,219.0,27.0
1.308686868686869,4400.0,0.76,632.0641025641025,0.26653558469989663,1247.7222222222222,19.0,8.0,23.0,234.0,27.0
1.308686868686869,4600.0,0.76,631.100790513834,0.26434638071878863,1247.7222222222222,21.0,6.0,23.0,253.0,27.0
1.308686868686869,4800.0,0.8,632.3735632183908,0.26420448786816125,1247.7222222222222,21.0,6.0,23.0,261.0,27.0
1.308686868686869,5000.0,0.78,623.6286231884058,0.2601301360144325,1247.7222222222222,19.0,9.0,22.0,276.0,27.0
1.308686868686869,5200.0,0.78,614.9302721088435,0.26197474307258833,1247.7222222222222,17.0,11.0,22.0,294.0,27.0
1.308686868686869,5400.0,0.8,607.0698051948052,0.2623193399955405,1247.7222222222222,16.0,12.0,22.0,308.0,27.0
1.308686868686869,5600.0,0.8,607.3369905956113,0.2545152332110352,1247.7222222222222,18.0,10.0,22.0,319.0,27.0
1.308686868686869,5800.0,0.78,598.9388059701492,0.25171791701295276,1247.7222222222222,16.0,12.0,22.0,335.0,27.0
1.308686868686869,6000.0,0.8,600.5714285714286,0.2528936006324367,1247.7222222222222,18.0,10.0,22.0,350.0,27.0
1.308686868686869,6200.0,0.78,593.4016172506739,0.2600693247927351,1247.7222222222222,20.0,9.0,21.0,371.0,27.0
1.308686868686869,6400.0,0.78,596.0695538057743,0.2654612531165751,1247.7222222222222,19.0,10.0,21.0,381.0,27.0
1.308686868686869,6600.0,0.76,588.5717821782179,0.2668801816228488,1247.7222222222222,17.0,12.0,21.0,404.0,27.0
1.308686868686869,6800.0,0.72,581.6285714285714,0.2613666308556139,1443.5357142857142,17.0,13.0,20.0,420.0,28.0
1.308686868686869,7000.0,0.8,579.4598623853211,0.2617112277785661,1443.5357142857142,16.0,15.0,19.0,436.0,28.0
1.308686868686869,7200.0,0.8,576.971783295711,0.2647112480489733,1443.5357142857142,16.0,14.0,20.0,443.0,28.0
1.308686868686869,7400.0,0.78,581.5723684210526,0.26495449293576306,1443.5357142857142,16.0,14.0,20.0,456.0,28.0
1.308686868686869,7600.0,0.78,583.7537154989384,0.26941398252690896,1846.5,19.0,11.0,20.0,471.0,30.0
1.308686868686869,7800.0,0.78,579.5426195426195,0.2743396914844019,1846.5,18.0,13.0,19.0,481.0,30.0
1.308686868686869,8000.0,0.8,579.814401622718,0.27549510469665334,1846.5,16.0,15.0,19.0,493.0,30.0
1.308686868686869,8200.0,0.76,586.6464354527939,0.2702653396306732,1846.5,16.0,16.0,18.0,519.0,30.0
1.308686868686869,8400.0,0.78,579.6118421052631,0.2712383191778323,1846.5,18.0,14.0,18.0,532.0,30.0
1.308686868686869,8600.0,0.8,576.6134686346863,0.27180589058034177,1846.5,18.0,14.0,18.0,542.0,30.0
1.308686868686869,8800.0,0.8,572.5396396396396,0.2673261305819634,1846.5,18.0,14.0,18.0,555.0,30.0
1.308686868686869,9000.0,0.8,571.1022727272727,0.26290718180528244,1846.5,18.0,14.0,18.0,572.0,30.0
1.308686868686869,9200.0,0.78,572.2930743243244,0.26100176352542925,1846.5,14.0,18.0,18.0,592.0,30.0
1.308686868686869,9400.0,0.74,571.8292079207921,0.2696977682281637,2084.5806451612902,18.0,14.0,18.0,606.0,31.0
1.308686868686869,9600.0,0.78,569.9227053140097,0.2672045081385685,2317.78125,18.0,14.0,18.0,621.0,32.0
1.308686868686869,9800.0,0.74,565.4787401574803,0.2633328603571646,2317.78125,18.0,14.0,18.0,635.0,32.0
1.308686868686869,10000.0,0.78,566.3323029366306,0.26325177872823463,2317.78125,19.0,13.0,18.0,647.0,32.0
1.308686868686869,10200.0,0.78,567.75,0.26367745728011677,2317.78125,17.0,15.0,18.0,670.0,32.0
1.308686868686869,10400.0,0.76,565.5631424375918,0.25905580443111104,2317.78125,16.0,16.0,18.0,681.0,32.0
1.308686868686869,10600.0,0.78,565.3480463096961,0.25980580949871285,2317.78125,19.0,13.0,18.0,691.0,32.0
1.308686868686869,10800.0,0.78,565.4505649717514,0.26019094723612995,2317.78125,14.0,18.0,18.0,708.0,32.0
1.308686868686869,11000.0,0.8,563.7258953168044,0.261751768593031,2317.78125,14.0,18.0,18.0,726.0,32.0
1.308686868686869,11200.0,0.8,561.0101078167116,0.2582855289562767,2317.78125,14.0,18.0,18.0,742.0,32.0
1.308686868686869,11400.0,0.78,557.5843293492696,0.2568868708572355,2317.78125,14.0,18.0,18.0,753.0,32.0
1.308686868686869,11600.0,0.72,557.699481865285,0.2510489935742809,2317.78125,14.0,19.0,17.0,772.0,32.0
1.308686868686869,11800.0,0.78,556.4924717691342,0.25250846289501955,2604.151515151515,15.0,17.0,18.0,797.0,33.0
1.308686868686869,12000.0,0.8,554.9337871287129,0.2553868607220319,2604.151515151515,14.0,19.0,17.0,808.0,33.0
1.308686868686869,12200.0,0.8,551.9731707317073,0.25692741167170047,2604.151515151515,15.0,19.0,16.0,820.0,33.0
1.308686868686869,12400.0,0.72,552.3502386634844,0.256400381083656,2891.764705882353,16.0,18.0,16.0,838.0,34.0
1.308686868686869,12600.0,0.8,549.5856807511738,0.2541300954736181,2891.764705882353,14.0,20.0,16.0,852.0,34.0
1.308686868686869,12800.0,0.78,548.5842889908257,0.25206251393590495,2891.764705882353,16.0,18.0,16.0,872.0,34.0
1.308686868686869,13000.0,0.76,546.3834080717489,0.2603733809012223,3130.0833333333335,15.0,21.0,14.0,892.0,36.0
1.308686868686869,13200.0,0.78,545.5606394707828,0.2625423144750978,3130.0833333333335,15.0,22.0,13.0,907.0,36.0
1.308686868686869,13400.0,0.76,543.7551351351351,0.26519773782255285,3130.0833333333335,18.0,19.0,13.0,925.0,36.0
1.308686868686869,13600.0,0.8,542.8765889830509,0.27277887012750085,3130.0833333333335,18.0,20.0,12.0,944.0,36.0
1.308686868686869,13800.0,0.8,541.555381400209,0.27829242089473577,3130.0833333333335,19.0,17.0,14.0,957.0,36.0
1.308686868686869,14000.0,0.78,538.8214285714286,0.278596477003223,3130.0833333333335,18.0,17.0,15.0,980.0,36.0
1.308686868686869,14200.0,0.8,537.9248991935484,0.27456266596395923,3130.0833333333335,18.0,18.0,14.0,992.0,36.0
1.308686868686869,14400.0,0.76,537.2322134387351,0.27541402306772345,3130.0833333333335,16.0,21.0,13.0,1012.0,36.0
1.308686868686869,14600.0,0.8,534.7052785923754,0.28447489510064256,3130.0833333333335,16.0,21.0,13.0,1023.0,36.0
1.308686868686869,14800.0,0.8,535.5105769230769,0.290515476455922,3443.364864864865,18.0,19.0,13.0,1040.0,37.0
1.308686868686869,15000.0,0.8,534.1318785578748,0.29211683862728804,3742.7236842105262,20.0,16.0,14.0,1054.0,38.0
1.308686868686869,15200.0,0.78,534.8684456928839,0.2949141548253704,4034.0897435897436,20.0,17.0,13.0,1068.0,39.0
1.308686868686869,15400.0,0.8,532.8053505535055,0.29002898668234245,4034.0897435897436,19.0,17.0,14.0,1084.0,39.0
1.308686868686869,15600.0,0.8,533.1188747731397,0.28865059899053375,4034.0897435897436,18.0,18.0,14.0,1102.0,39.0
1.308686868686869,15800.0,0.8,532.6934763181412,0.28790059392293194,4034.0897435897436,19.0,18.0,13.0,1119.0,39.0
1.308686868686869,16000.0,0.78,530.336860670194,0.2869681551902378,4034.0897435897436,20.0,17.0,13.0,1134.0,39.0
1.338888888888889,0.0,0.0,nan,0.015202805424360975,nan,0.0,0.0,50.0,0.0,0.0
1.338888888888889,200.0,0.46,18.5,0.04181785012060892,nan,0.0,14.0,36.0,1.0,0.0
1.338888888888889,400.0,0.68,158.625,0.09097358765937608,nan,0.0,21.0,29.0,4.0,0.0
1.338888888888889,600.0,0.8,205.125,0.13455496320921087,565.75,3.0,18.0,29.0,8.0,4.0
1.338888888888889,800.0,0.76,298.76666666666665,0.17408225731254942,638.2,10.0,12.0,28.0,15.0,10.0
1.338888888888889,1000.0,0.78,335.3157894736842,0.2047716538625261,723.9,15.0,8.0,27.0,19.0,15.0
1.338888888888889,1200.0,0.78,462.48,0.23079885674903208,802.0263157894736,18.0,5.0,27.0,25.0,19.0
1.338888888888889,1400.0,0.78,577.5483870967741,0.24699491212778465,824.85,19.0,6.0,25.0,31.0,20.0
1.338888888888889,1600.0,0.8,714.4897959183673,0.2528936006324367,824.85,19.0,6.0,25.0,49.0,20.0
1.338888888888889,1800.0,0.76,650.8970588235294,0.24956925384630976,862.0714285714286,18.0,7.0,25.0,68.0,21.0
1.338888888888889,2000.0,0.78,625.580459770115,0.2513530496827681,862.0714285714286,18.0,8.0,24.0,87.0,21.0
1.338888888888889,2200.0,0.8,661.6224489795918,0.25317738633369147,917.5909090909091,20.0,6.0,24.0,98.0,22.0
1.338888888888889,2400.0,0.8,649.8981481481482,0.2539679322157582,917.5909090909091,19.0,7.0,24.0,108.0,22.0
1.338888888888889,2600.0,0.78,627.8729508196722,0.25552875357265925,917.5909090909091,17.0,10.0,23.0,122.0,22.0
1.338888888888889,2800.0,0.78,597.4340277777778,0.25988689112764274,994.2391304347826,18.0,9.0,23.0,144.0,23.0
1.338888888888889,3000.0,0.8,596.8385093167702,0.2656639571888999,994.2391304347826,18.0,9.0,23.0,161.0,23.0
1.338888888888889,3200.0,0.8,586.0545977011494,0.2705896661463929,1078.125,19.0,7.0,24.0,174.0,24.0
1.338888888888889,3400.0,0.8,584.0945945945946,0.2729410333853607,1078.125,19.0,8.0,23.0,185.0,24.0
1.338888888888889,3600.0,0.78,576.1979695431472,0.2750288853303063,1173.88,21.0,6.0,23.0,197.0,25.0
1.338888888888889,3800.0,0.76,584.7232558139535,0.2755761863255833,1173.88,20.0,8.0,22.0,215.0,25.0
1.338888888888889,4000.0,0.78,588.44,0.28048162487584377,1173.88,19.0,10.0,21.0,225.0,25.0
1.338888888888889,4200.0,0.78,587.2200854700855,0.2824681247846269,1173.88,16.0,13.0,21.0,234.0,25.0
1.338888888888889,4400.0,0.76,589.5846774193549,0.2879816755518618,1409.2037037037037,21.0,8.0,21.0,248.0,27.0
1.338888888888889,4600.0,0.8,587.5326923076923,0.29627227210994667,1624.7586206896551,24.0,5.0,21.0,260.0,29.0
1.338888888888889,4800.0,0.8,591.7166666666667,0.30099527699511486,1624.7586206896551,22.0,7.0,21.0,270.0,29.0
1.338888888888889,5000.0,0.78,602.0480427046264,0.2963938945533416,1624.7586206896551,22.0,7.0,21.0,281.0,29.0
1.338888888888889,5200.0,0.8,591.3489932885906,0.29081953256440923,1624.7586206896551,19.0,10.0,21.0,298.0,29.0
1.338888888888889,5400.0,0.78,593.9086538461538,0.2858330123852188,1624.7586206896551,16.0,13.0,21.0,312.0,29.0
1.338888888888889,5600.0,0.8,591.4159021406728,0.2830559665943689,1624.7586206896551,18.0,11.0,21.0,327.0,29.0
1.338888888888889,5800.0,0.8,591.6828908554572,0.2793667524780573,1624.7586206896551,17.0,12.0,21.0,339.0,29.0
1.338888888888889,6000.0,0.8,592.5675287356322,0.27539375266049093,1624.7586206896551,14.0,15.0,21.0,348.0,29.0
1.338888888888889,6200.0,0.8,593.6263888888889,0.27138021202845963,1624.7586206896551,15.0,14.0,21.0,360.0,29.0
1.338888888888889,6400.0,0.8,596.3981233243968,0.2689477631605619,1624.7586206896551,17.0,13.0,20.0,373.0,29.0
1.338888888888889,6600.0,0.74,601.7538461538461,0.2674072122108933,1624.7586206896551,17.0,13.0,20.0,390.0,29.0
1.338888888888889,6800.0,0.78,596.9975609756098,0.26856262542314474,1624.7586206896551,17.0,13.0,20.0,410.0,29.0
1.338888888888889,7000.0,0.78,598.0093896713615,0.269373441712444,1624.7586206896551,18.0,12.0,20.0,426.0,29.0
1.338888888888889,7200.0,0.78,592.9465909090909,0.2703666916668356,1624.7586206896551,17.0,14.0,19.0,440.0,29.0
1.338888888888889,7400.0,0.76,588.9024390243902,0.2777248494922263,1624.7586206896551,14.0,17.0,19.0,451.0,29.0
1.338888888888889,7600.0,0.78,587.1379310344828,0.2831167778160663,1624.7586206896551,16.0,15.0,19.0,464.0,29.0
1.338888888888889,7800.0,0.8,582.1979381443299,0.2814951452374678,1826.6166666666666,18.0,13.0,19.0,485.0,30.0
1.338888888888889,8000.0,0.8,582.6297786720322,0.2777045790849938,1826.6166666666666,17.0,14.0,19.0,497.0,30.0
1.338888888888889,8200.0,0.8,579.0883495145631,0.2719680538382016,1826.6166666666666,11.0,20.0,19.0,515.0,30.0
1.338888888888889,8400.0,0.8,574.3574108818011,0.2711166967344374,1826.6166666666666,15.0,16.0,19.0,533.0,30.0
1.338888888888889,8600.0,0.78,574.540293040293,0.2725558956479436,2039.532258064516,16.0,15.0,19.0,546.0,31.0
1.338888888888889,8800.0,0.8,572.5340501792115,0.2780289056007135,2039.532258064516,16.0,15.0,19.0,558.0,31.0
1.338888888888889,9000.0,0.78,571.4426086956522,0.27375184967466,2039.532258064516,18.0,13.0,19.0,575.0,31.0
1.338888888888889,9200.0,0.8,571.4763113367175,0.2771775484969493,2039.532258064516,17.0,14.0,19.0,591.0,31.0
1.338888888888889,9400.0,0.8,571.8451986754967,0.2746842884073541,2039.532258064516,18.0,13.0,19.0,604.0,31.0
1.338888888888889,9600.0,0.76,570.9189627228525,0.2662517989986419,2039.532258064516,17.0,14.0,19.0,617.0,31.0
1.338888888888889,9800.0,0.78,572.6891891891892,0.26258285528956277,2039.532258064516,15.0,16.0,19.0,629.0,31.0
1.338888888888889,10000.0,0.76,573.7719568567027,0.2649139521212981,2039.532258064516,15.0,17.0,18.0,649.0,31.0
1.338888888888889,10200.0,0.8,573.5289634146342,0.2629477226197474,2039.532258064516,15.0,17.0,18.0,656.0,31.0
1.338888888888889,10400.0,0.76,573.5814648729447,0.2580828248839519,2296.734375,14.0,18.0,18.0,669.0,32.0
1.338888888888889,10600.0,0.8,571.6469298245614,0.2552044270569396,2296.734375,15.0,17.0,18.0,684.0,32.0
1.338888888888889,10800.0,0.78,572.0602582496413,0.24981249873309955,2296.734375,15.0,17.0,18.0,697.0,32.0
1.338888888888889,11000.0,0.78,574.9347826086956,0.2470557233494821,2296.734375,15.0,17.0,18.0,713.0,32.0
1.338888888888889,11200.0,0.8,574.2489711934156,0.2526503557456469,2296.734375,17.0,14.0,19.0,729.0,32.0
1.338888888888889,11400.0,0.8,572.3443843031123,0.2577990391826972,2296.734375,17.0,14.0,19.0,739.0,32.0
1.338888888888889,11600.0,0.76,566.8641732283464,0.25729227900188517,2296.734375,16.0,15.0,19.0,762.0,32.0
1.338888888888889,11800.0,0.8,567.3029525032092,0.25706930452232785,2296.734375,15.0,16.0,19.0,779.0,32.0
1.338888888888889,12000.0,0.78,566.566371681416,0.25891391158048366,2296.734375,17.0,13.0,20.0,791.0,32.0
1.338888888888889,12200.0,0.8,567.4869077306734,0.2634139419860945,2296.734375,18.0,13.0,19.0,802.0,32.0
1.338888888888889,12400.0,0.8,565.2487745098039,0.2664747734781992,2296.734375,15.0,16.0,19.0,816.0,32.0
1.338888888888889,12600.0,0.8,565.960843373494,0.2629477226197474,2296.734375,14.0,17.0,19.0,830.0,32.0
1.338888888888889,12800.0,0.8,564.424617196702,0.2603733809012223,2296.734375,14.0,18.0,18.0,849.0,32.0
1.338888888888889,13000.0,0.8,561.9669373549884,0.2557517280522166,2235.6176470588234,15.0,17.0,18.0,862.0,34.0
1.338888888888889,13200.0,0.8,565.1994285714286,0.2528936006324367,2235.6176470588234,14.0,19.0,17.0,875.0,34.0
1.338888888888889,13400.0,0.8,562.9574468085107,0.2526503557456469,2235.6176470588234,14.0,19.0,17.0,893.0,34.0
1.338888888888889,13600.0,0.78,560.4050493962678,0.25222467719376485,2235.6176470588234,15.0,18.0,17.0,911.0,34.0
1.338888888888889,13800.0,0.78,561.7037837837838,0.253663876107271,2562.7428571428572,15.0,18.0,17.0,925.0,35.0
1.338888888888889,14000.0,0.78,559.5957446808511,0.2599679727565727,2562.7428571428572,13.0,20.0,17.0,940.0,35.0
1.338888888888889,14200.0,0.78,557.8237447698745,0.26888695193886447,2562.7428571428572,13.0,19.0,18.0,956.0,35.0
1.338888888888889,14400.0,0.74,557.1216494845361,0.27125858958506477,2890.097222222222,15.0,18.0,17.0,970.0,36.0
1.338888888888889,14600.0,0.78,556.7634517766497,0.2708734518476476,2890.097222222222,15.0,17.0,18.0,985.0,36.0
1.338888888888889,14800.0,0.78,557.065934065934,0.2764680842438125,3207.891891891892,19.0,13.0,18.0,1001.0,37.0
1.338888888888889,15000.0,0.8,556.9201183431952,0.2807654105770985,3207.891891891892,19.0,13.0,18.0,1014.0,37.0
1.338888888888889,15200.0,0.8,555.7300583657587,0.28090730342772585,3207.891891891892,18.0,14.0,18.0,1028.0,37.0
1.338888888888889,15400.0,0.76,556.5311900191939,0.28362353799687834,3207.891891891892,19.0,10.0,21.0,1042.0,37.0
1.338888888888889,15600.0,0.8,554.7043314500942,0.2800964871384266,3207.891891891892,19.0,11.0,20.0,1062.0,37.0
1.338888888888889,15800.0,0.78,552.9281716417911,0.27342752315894026,3207.891891891892,19.0,11.0,20.0,1072.0,37.0
1.338888888888889,16000.0,0.8,554.5372585096596,0.2695761457847688,3207.891891891892,17.0,14.0,19.0,1087.0,37.0
1.3690909090909094,0.0,0.0,nan,0.015202805424360975,nan,0.0,0.0,50.0,0.0,0.0
1.3690909090909094,200.0,0.46,18.5,0.04181785012060892,nan,0.0,14.0,36.0,1.0,0.0
1.3690909090909094,400.0,0.66,124.66666666666667,0.0857438225933959,nan,0.0,20.0,30.0,6.0,0.0
1.3690909090909094,600.0,0.8,180.1,0.12924411651430076,561.5,3.0,17.0,30.0,10.0,3.0
1.3690909090909094,800.0,0.8,271.2142857142857,0.16447408428435328,636.1,9.0,11.0,30.0,14.0,10.0
1.3690909090909094,1000.0,0.8,317.1764705882353,0.1925283278941074,693.1923076923077,13.0,7.0,30.0,17.0,13.0
1.3690909090909094,1200.0,0.78,497.0,0.21399468915330508,805.2222222222222,18.0,2.0,30.0,24.0,18.0
1.3690909090909094,1400.0,0.8,610.2631578947369,0.22177852553057792,805.2222222222222,17.0,3.0,30.0,38.0,18.0
1.3690909090909094,1600.0,0.78,663.3921568627451,0.23010966290312773,805.2222222222222,18.0,2.0,30.0,51.0,18.0
1.3690909090909094,1800.0,0.8,707.2049180327868,0.22755559159183508,805.2222222222222,17.0,4.0,29.0,61.0,18.0
1.3690909090909094,2000.0,0.76,686.28,0.2280623517726471,805.2222222222222,16.0,5.0,29.0,75.0,18.0
1.3690909090909094,2200.0,0.78,671.1666666666666,0.23775160642977317,805.2222222222222,17.0,4.0,29.0,90.0,18.0
1.3690909090909094,2400.0,0.74,639.6764705882352,0.24111649403036506,805.2222222222222,17.0,5.0,28.0,102.0,18.0
1.3690909090909094,2600.0,0.78,641.2284482758621,0.24138000932438733,969.525,18.0,4.0,28.0,116.0,20.0
1.3690909090909094,2800.0,0.8,662.671875,0.24040702977722822,1050.1904761904761,19.0,3.0,28.0,128.0,21.0
1.3690909090909094,3000.0,0.8,653.677304964539,0.2445624632598869,1132.340909090909,19.0,3.0,28.0,141.0,22.0
1.3690909090909094,3200.0,0.78,653.8214285714286,0.24306245312468328,1132.340909090909,18.0,4.0,28.0,154.0,22.0
1.3690909090909094,3400.0,0.8,640.4578313253012,0.24223136642815155,1132.340909090909,16.0,6.0,28.0,166.0,22.0
1.3690909090909094,3600.0,0.78,636.724043715847,0.2397989175602538,1132.340909090909,15.0,7.0,28.0,183.0,22.0
1.3690909090909094,3800.0,0.78,632.125641025641,0.24663004479759998,1132.340909090909,17.0,6.0,27.0,195.0,22.0
1.3690909090909094,4000.0,0.8,629.2227488151659,0.255305779093102,1132.340909090909,18.0,5.0,27.0,211.0,22.0
1.3690909090909094,4200.0,0.8,627.8946188340807,0.25672470759937566,1132.340909090909,17.0,6.0,27.0,223.0,22.0
1.3690909090909094,4400.0,0.76,622.0479166666667,0.258001743255022,1132.340909090909,18.0,5.0,27.0,240.0,22.0
1.3690909090909094,4600.0,0.8,609.5140562248996,0.26138690126284636,1132.340909090909,20.0,3.0,27.0,249.0,22.0
1.3690909090909094,4800.0,0.74,609.1022727272727,0.2605152737518497,1290.6521739130435,21.0,2.0,27.0,264.0,23.0
1.3690909090909094,5000.0,0.8,605.8758865248227,0.2553665903147994,1290.6521739130435,20.0,4.0,26.0,282.0,23.0
1.3690909090909094,5200.0,0.76,608.9098639455782,0.2524679220805546,1290.6521739130435,19.0,5.0,26.0,294.0,23.0
1.3690909090909094,5400.0,0.8,605.1796116504854,0.2486976263353131,1455.2708333333333,21.0,3.0,26.0,309.0,24.0
1.3690909090909094,5600.0,0.8,603.7621951219512,0.2506233150223988,1455.2708333333333,21.0,3.0,26.0,328.0,24.0
1.3690909090909094,5800.0,0.76,600.1047197640117,0.2469138304988547,1455.2708333333333,21.0,3.0,26.0,339.0,24.0
1.3690909090909094,6000.0,0.74,594.4583333333334,0.24320434597531065,1455.2708333333333,19.0,5.0,26.0,360.0,24.0
1.3690909090909094,6200.0,0.76,589.8454301075269,0.24241380009324387,1455.2708333333333,20.0,4.0,26.0,372.0,24.0
1.3690909090909094,6400.0,0.8,585.3363636363637,0.2447651673322117,1455.2708333333333,20.0,4.0,26.0,385.0,24.0
1.3690909090909094,6600.0,0.8,583.8125,0.24861654470638314,1455.2708333333333,19.0,5.0,26.0,400.0,24.0
1.3690909090909094,6800.0,0.8,583.9158536585365,0.24837329981959338,1455.2708333333333,18.0,6.0,26.0,410.0,24.0
1.3690909090909094,7000.0,0.8,583.8317647058824,0.24648815194697263,1455.2708333333333,16.0,8.0,26.0,425.0,24.0
1.3690909090909094,7200.0,0.8,588.2933025404157,0.24117730525206252,1455.2708333333333,15.0,10.0,25.0,433.0,24.0
1.3690909090909094,7400.0,0.78,591.5840807174887,0.2358867289643849,1455.2708333333333,15.0,10.0,25.0,446.0,24.0
1.3690909090909094,7600.0,0.78,590.3630434782609,0.23694079014047392,1697.44,16.0,9.0,25.0,460.0,25.0
1.3690909090909094,7800.0,0.76,596.2887029288703,0.23493401982445827,1697.44,16.0,9.0,25.0,478.0,25.0
1.3690909090909094,8000.0,0.76,591.9131313131313,0.23513672389678308,1697.44,16.0,8.0,26.0,495.0,25.0
1.3690909090909094,8200.0,0.8,580.171511627907,0.23683943810431152,1697.44,15.0,10.0,25.0,516.0,25.0
1.3690909090909094,8400.0,0.76,574.1694756554307,0.2414205501388523,1697.44,14.0,12.0,24.0,534.0,25.0
1.3690909090909094,8600.0,0.8,566.508152173913,0.24371110615612268,1697.44,13.0,13.0,24.0,552.0,25.0
1.3690909090909094,8800.0,0.76,565.8625886524823,0.24515030506962884,1697.44,16.0,10.0,24.0,564.0,25.0
1.3690909090909094,9000.0,0.78,564.3410652920962,0.24081243792187784,1975.25,16.0,10.0,24.0,582.0,26.0
1.3690909090909094,9200.0,0.72,563.940734557596,0.23535969837634038,1975.25,15.0,11.0,24.0,599.0,26.0
1.3690909090909094,9400.0,0.8,560.2063106796116,0.23716376462003122,1975.25,15.0,12.0,23.0,618.0,26.0
1.3690909090909094,9600.0,0.74,558.1916403785489,0.23807593294549287,1975.25,17.0,10.0,23.0,634.0,26.0
1.3690909090909094,9800.0,0.8,555.6666666666666,0.23789349928040054,1968.462962962963,18.0,8.0,24.0,648.0,27.0
1.3690909090909094,10000.0,0.76,556.3619909502263,0.23692051973324144,1968.462962962963,17.0,10.0,23.0,663.0,27.0
1.3690909090909094,10200.0,0.78,554.7540381791483,0.239008371678187,2257.9464285714284,14.0,15.0,21.0,681.0,28.0
1.3690909090909094,10400.0,0.8,551.2281831187411,0.24123811647375995,2257.9464285714284,14.0,15.0,21.0,699.0,28.0
1.3690909090909094,10600.0,0.78,547.6295774647888,0.24575841728660328,2543.810344827586,14.0,15.0,21.0,710.0,29.0
1.3690909090909094,10800.0,0.8,548.2115384615385,0.2573530902235826,2543.810344827586,13.0,17.0,20.0,728.0,29.0
1.3690909090909094,11000.0,0.8,545.6832214765101,0.26053554415908214,3082.6935483870966,17.0,13.0,20.0,745.0,31.0
1.3690909090909094,11200.0,0.78,546.7735099337748,0.26396124298137147,3082.6935483870966,19.0,11.0,20.0,755.0,31.0
1.3690909090909094,11400.0,0.76,545.2689295039164,0.26858289583037726,3082.6935483870966,14.0,16.0,20.0,766.0,31.0
1.3690909090909094,11600.0,0.78,549.3239074550129,0.2701437171872783,3347.78125,16.0,14.0,20.0,778.0,32.0
1.3690909090909094,11800.0,0.8,550.9569620253164,0.27356941600956763,3347.78125,16.0,16.0,18.0,790.0,32.0
1.3690909090909094,12000.0,0.78,552.9160447761194,0.2788194514827803,3347.78125,14.0,18.0,18.0,804.0,32.0
1.3690909090909094,12200.0,0.8,552.1926829268293,0.2793464820708248,3347.78125,12.0,20.0,18.0,820.0,32.0
1.3690909090909094,12400.0,0.8,552.5084033613446,0.2812316299434456,3619.7727272727275,14.0,18.0,18.0,833.0,33.0
1.3690909090909094,12600.0,0.78,550.675294117647,0.2828127217075791,3683.1323529411766,18.0,14.0,18.0,850.0,34.0
1.3690909090909094,12800.0,0.76,552.5092915214866,0.28611679808647356,3683.1323529411766,16.0,16.0,18.0,861.0,34.0
1.3690909090909094,13000.0,0.8,552.0705275229358,0.2902925019763647,3683.1323529411766,17.0,15.0,18.0,872.0,34.0
1.3690909090909094,13200.0,0.8,552.1473565804274,0.28779924188676953,3683.1323529411766,17.0,14.0,19.0,889.0,34.0
1.3690909090909094,13400.0,0.8,552.0879424778761,0.2898668234244826,3683.1323529411766,18.0,13.0,19.0,904.0,34.0
1.3690909090909094,13600.0,0.8,551.5873101952278,0.2875154561855148,3683.1323529411766,17.0,14.0,19.0,922.0,34.0
1.3690909090909094,13800.0,0.8,550.7802139037433,0.2857316603490564,3683.1323529411766,14.0,17.0,19.0,935.0,34.0
1.3690909090909094,14000.0,0.8,551.6284355179704,0.2745423955567267,3683.1323529411766,14.0,17.0,19.0,946.0,34.0
1.3690909090909094,14200.0,0.8,549.5528795811518,0.26669774795775647,3683.1323529411766,13.0,18.0,19.0,955.0,34.0
1.3690909090909094,14400.0,0.8,550.1437371663244,0.25696795248616544,3683.1323529411766,14.0,17.0,19.0,974.0,34.0
1.3690909090909094,14600.0,0.8,552.7228976697062,0.2524679220805546,3683.1323529411766,16.0,15.0,19.0,987.0,34.0
1.3690909090909094,14800.0,0.78,553.5458624127617,0.2528936006324367,3683.1323529411766,17.0,14.0,19.0,1003.0,34.0
1.3690909090909094,15000.0,0.8,553.2166831194472,0.2571098453367928,3683.1323529411766,16.0,15.0,19.0,1013.0,34.0
1.3690909090909094,15200.0,0.78,552.516553067186,0.26108284515435914,3683.1323529411766,14.0,17.0,19.0,1027.0,34.0
1.3690909090909094,15400.0,0.76,554.4794847328244,0.26029229927229236,3683.1323529411766,17.0,14.0,19.0,1048.0,34.0
1.3690909090909094,15600.0,0.8,552.859830667921,0.26440719194048606,3683.1323529411766,19.0,13.0,18.0,1063.0,34.0
1.3690909090909094,15800.0,0.78,552.0412418906395,0.2689883039750269,3683.1323529411766,18.0,14.0,18.0,1079.0,34.0
1.3690909090909094,16000.0,0.78,552.5073327222732,0.2749072628869114,3683.1323529411766,20.0,11.0,19.0,1091.0,34.0
1.3992929292929295,0.0,0.0,nan,0.015202805424360975,nan,0.0,0.0,50.0,0.0,0.0
1.3992929292929295,200.0,0.36,nan,0.0380475543753674,nan,0.0,11.0,39.0,0.0,0.0
1.3992929292929295,400.0,0.66,186.625,0.08722356232136703,nan,0.0,20.0,30.0,4.0,0.0
1.3992929292929295,600.0,0.8,193.5,0.13881174872803195,549.3,5.0,18.0,27.0,6.0,5.0
1.3992929292929295,800.0,0.8,306.1111111111111,0.18062959884864088,645.4090909090909,11.0,12.0,27.0,9.0,11.0
1.3992929292929295,1000.0,0.78,411.46153846153845,0.21176494435773216,694.0,14.0,9.0,27.0,13.0,14.0
1.3992929292929295,1200.0,0.8,521.1904761904761,0.23540023919080535,827.8,20.0,3.0,27.0,21.0,20.0
1.3992929292929295,1400.0,0.78,648.1379310344828,0.2511908864249083,872.2272727272727,22.0,1.0,27.0,29.0,22.0
1.3992929292929295,1600.0,0.78,728.1785714285714,0.26450854397664847,895.7391304347826,21.0,2.0,27.0,42.0,23.0
1.3992929292929295,1800.0,0.78,767.8333333333334,0.26748829383982325,895.7391304347826,19.0,4.0,27.0,51.0,23.0
1.3992929292929295,2000.0,0.78,754.6590909090909,0.2615085237062413,895.7391304347826,18.0,5.0,27.0,66.0,23.0
1.3992929292929295,2200.0,0.78,739.6280487804878,0.2565625443415158,895.7391304347826,17.0,6.0,27.0,82.0,23.0
1.3992929292929295,2400.0,0.78,739.7578947368421,0.25621794741856363,895.7391304347826,17.0,6.0,27.0,95.0,23.0
1.3992929292929295,2600.0,0.78,729.4142857142857,0.2609004114892668,895.7391304347826,19.0,4.0,27.0,105.0,23.0
1.3992929292929295,2800.0,0.8,701.2647058823529,0.2622382583666106,895.7391304347826,20.0,3.0,27.0,119.0,23.0
1.3992929292929295,3000.0,0.76,682.6605839416059,0.255853080088379,895.7391304347826,20.0,3.0,27.0,137.0,23.0
1.3992929292929295,3200.0,0.76,663.1461038961039,0.24883951918594044,895.7391304347826,18.0,6.0,26.0,154.0,23.0
1.3992929292929295,3400.0,0.8,645.4285714285714,0.24573814687937082,895.7391304347826,18.0,6.0,26.0,168.0,23.0
1.3992929292929295,3600.0,0.8,647.032967032967,0.24766383556645652,895.7391304347826,17.0,7.0,26.0,182.0,23.0
1.3992929292929295,3800.0,0.8,644.2373737373738,0.2588531003587862,895.7391304347826,21.0,3.0,26.0,198.0,23.0
1.3992929292929295,4000.0,0.74,622.1331775700935,0.2595828350191555,895.7391304347826,20.0,4.0,26.0,214.0,23.0
1.3992929292929295,4200.0,0.76,609.131914893617,0.25449496280380274,895.7391304347826,20.0,4.0,26.0,235.0,23.0
1.3992929292929295,4400.0,0.78,602.2289156626506,0.253663876107271,895.7391304347826,20.0,4.0,26.0,249.0,23.0
1.3992929292929295,4600.0,0.8,593.1023166023166,0.25552875357265925,895.7391304347826,20.0,4.0,26.0,259.0,23.0
1.3992929292929295,4800.0,0.76,592.0295202952029,0.2570287637078629,895.7391304347826,18.0,6.0,26.0,271.0,23.0
1.3992929292929295,5000.0,0.78,590.3936170212766,0.254758478097825,895.7391304347826,19.0,5.0,26.0,282.0,23.0
1.3992929292929295,5200.0,0.78,583.4352159468439,0.24920438651612511,895.7391304347826,18.0,6.0,26.0,301.0,23.0
1.3992929292929295,5400.0,0.78,595.9698412698413,0.24417732552246973,895.7391304347826,17.0,7.0,26.0,315.0,23.0
1.3992929292929295,5600.0,0.8,589.748475609756,0.24235298887154644,895.7391304347826,16.0,7.0,27.0,328.0,23.0
1.3992929292929295,5800.0,0.8,591.1656891495601,0.2440151622646099,895.7391304347826,15.0,8.0,27.0,341.0,23.0
1.3992929292929295,6000.0,0.76,589.617231638418,0.2438124581922851,1104.4583333333333,15.0,9.0,26.0,354.0,24.0
1.3992929292929295,6200.0,0.78,589.7370572207085,0.24221109602091906,1104.4583333333333,15.0,9.0,26.0,367.0,24.0
1.3992929292929295,6400.0,0.76,589.5596816976127,0.23929215737944176,1104.4583333333333,13.0,11.0,26.0,377.0,24.0
1.3992929292929295,6600.0,0.8,599.9948849104859,0.2360894330367097,1321.16,14.0,10.0,26.0,391.0,25.0
1.3992929292929295,6800.0,0.78,596.6940298507462,0.23465023412320354,1321.16,12.0,12.0,26.0,402.0,25.0
1.3992929292929295,7000.0,0.8,597.5144927536232,0.2334948209109521,1321.16,16.0,8.0,26.0,414.0,25.0
1.3992929292929295,7200.0,0.8,595.9905213270142,0.23548132081973527,1321.16,14.0,10.0,26.0,422.0,25.0
1.3992929292929295,7400.0,0.8,595.8083140877599,0.23898810127095454,1321.16,16.0,8.0,26.0,433.0,25.0
1.3992929292929295,7600.0,0.76,596.6379690949227,0.23720430543449617,1321.16,16.0,8.0,26.0,453.0,25.0
1.3992929292929295,7800.0,0.78,599.5639658848614,0.24387326941398252,1321.16,15.0,10.0,25.0,469.0,25.0
1.3992929292929295,8000.0,0.8,598.6409185803758,0.2436705653416577,1321.16,15.0,10.0,25.0,479.0,25.0
1.3992929292929295,8200.0,0.78,590.0059880239521,0.24263677457280117,1321.16,16.0,9.0,25.0,501.0,25.0
1.3992929292929295,8400.0,0.76,592.6368932038835,0.2393529686011392,1321.16,15.0,9.0,26.0,515.0,25.0
1.3992929292929295,8600.0,0.76,582.7379182156134,0.23823809620335273,1594.4807692307693,17.0,8.0,25.0,538.0,26.0
1.3992929292929295,8800.0,0.8,579.3351254480286,0.2354610504125028,1594.4807692307693,14.0,11.0,25.0,558.0,26.0
1.3992929292929295,9000.0,0.78,576.499127399651,0.23947459104453409,1594.4807692307693,14.0,11.0,25.0,573.0,26.0
1.3992929292929295,9200.0,0.78,573.8697123519459,0.2451097642551639,1594.4807692307693,15.0,10.0,25.0,591.0,26.0
1.3992929292929295,9400.0,0.78,571.4444444444445,0.24719761620010947,1594.4807692307693,15.0,10.0,25.0,603.0,26.0
1.3992929292929295,9600.0,0.8,569.7161500815661,0.24989358036202947,1890.2777777777778,15.0,11.0,24.0,613.0,27.0
1.3992929292929295,9800.0,0.76,571.4348874598071,0.25151521294062795,1890.2777777777778,16.0,10.0,24.0,622.0,27.0
1.3992929292929295,10000.0,0.78,570.2519747235388,0.25415036588085055,1890.2777777777778,17.0,9.0,24.0,633.0,27.0
1.3992929292929295,10200.0,0.8,571.0123839009287,0.255812539273914,2181.3035714285716,15.0,12.0,23.0,646.0,28.0
1.3992929292929295,10400.0,0.78,577.7022556390978,0.2559138913100764,2181.3035714285716,16.0,11.0,23.0,665.0,28.0
1.3992929292929295,10600.0,0.78,577.1325925925926,0.25230575882269474,2181.3035714285716,14.0,13.0,23.0,675.0,28.0
1.3992929292929295,10800.0,0.78,574.9015918958032,0.25400847303022317,2181.3035714285716,15.0,13.0,22.0,691.0,28.0
1.3992929292929295,11000.0,0.8,571.1468085106383,0.2531976567409239,2181.3035714285716,14.0,14.0,22.0,705.0,28.0
1.3992929292929295,11200.0,0.8,573.0945757997218,0.25291387103966917,2181.3035714285716,15.0,14.0,21.0,719.0,28.0
1.3992929292929295,11400.0,0.8,576.0498633879781,0.2550219933918472,2181.3035714285716,15.0,13.0,22.0,732.0,28.0
1.3992929292929295,11600.0,0.8,574.7769640479361,0.25970445746255044,2181.3035714285716,15.0,13.0,22.0,751.0,28.0
1.3992929292929295,11800.0,0.78,574.9566360052562,0.26077878904587193,3105.9193548387098,16.0,12.0,22.0,761.0,31.0
1.3992929292929295,12000.0,0.76,572.0006402048656,0.2612247380049865,3105.9193548387098,15.0,13.0,22.0,781.0,31.0
1.3992929292929295,12200.0,0.8,572.4108723135272,0.270427502888533,3105.9193548387098,19.0,9.0,22.0,791.0,31.0
1.3992929292929295,12400.0,0.8,571.6759950248756,0.27000182433665093,3105.9193548387098,18.0,11.0,21.0,804.0,31.0
1.3992929292929295,12600.0,0.8,568.537484885127,0.27140048243569215,3105.9193548387098,17.0,12.0,21.0,827.0,31.0
1.3992929292929295,12800.0,0.76,568.006501182033,0.2686234366448422,3105.9193548387098,17.0,12.0,21.0,846.0,31.0
1.3992929292929295,13000.0,0.78,564.7607683352736,0.2581841769201143,3105.9193548387098,15.0,14.0,21.0,859.0,31.0
1.3992929292929295,13200.0,0.8,563.9484536082474,0.2523868404516247,3105.9193548387098,15.0,15.0,20.0,873.0,31.0
1.3992929292929295,13400.0,0.76,561.5956130483689,0.25449496280380274,3105.9193548387098,15.0,16.0,19.0,889.0,31.0
1.3992929292929295,13600.0,0.76,563.6136363636364,0.25504226379907974,3105.9193548387098,11.0,20.0,19.0,902.0,31.0
1.3992929292929295,13800.0,0.8,565.8689692982456,0.26010986560720006,3436.0625,15.0,16.0,19.0,912.0,32.0
1.3992929292929295,14000.0,0.8,560.7639484978541,0.25494091176291733,3754.0454545454545,14.0,17.0,19.0,932.0,33.0
1.3992929292929295,14200.0,0.78,559.2189819724284,0.25350171284941114,3754.0454545454545,15.0,16.0,19.0,943.0,33.0
1.3992929292929295,14400.0,0.76,555.9337160751566,0.2548192893195224,3754.0454545454545,15.0,17.0,18.0,958.0,33.0
1.3992929292929295,14600.0,0.76,560.5020449897751,0.25816390651288185,3754.0454545454545,15.0,16.0,19.0,978.0,33.0
1.3992929292929295,14800.0,0.76,559.4241967871486,0.2580828248839519,4076.514705882353,17.0,14.0,19.0,996.0,34.0
1.3992929292929295,15000.0,0.76,559.2731755424063,0.25923823809620333,4076.514705882353,14.0,17.0,19.0,1014.0,34.0
1.3992929292929295,15200.0,0.8,555.7436647173489,0.26128554922668396,4071.7714285714287,15.0,16.0,19.0,1026.0,35.0
1.3992929292929295,15400.0,0.78,553.2490476190476,0.25781930958992966,4071.7714285714287,15.0,16.0,19.0,1050.0,35.0
1.3992929292929295,15600.0,0.8,552.9400377714825,0.26163014614963614,4387.5,16.0,16.0,18.0,1059.0,36.0
1.3992929292929295,15800.0,0.78,552.6303538175047,0.2617112277785661,4387.5,16.0,16.0,18.0,1074.0,36.0
1.3992929292929295,16000.0,0.76,554.1309742647059,0.26227879918107555,4387.5,14.0,19.0,17.0,1088.0,36.0
1.4294949494949496,0.0,0.0,nan,0.015202805424360975,nan,0.0,0.0,50.0,0.0,0.0
1.4294949494949496,200.0,0.32,151.5,0.03668943709079115,nan,0.0,11.0,39.0,1.0,0.0
1.4294949494949496,400.0,0.68,107.5,0.07418969047088156,nan,0.0,16.0,34.0,2.0,0.0
1.4294949494949496,600.0,0.78,99.83333333333333,0.11440617842012446,553.5,4.0,14.0,32.0,6.0,4.0
1.4294949494949496,800.0,0.78,278.2916666666667,0.14627125858958506,608.7857142857143,7.0,11.0,32.0,12.0,7.0
1.4294949494949496,1000.0,0.8,354.25,0.17150791559402428,756.3461538461538,13.0,5.0,32.0,14.0,13.0
1.4294949494949496,1200.0,0.8,397.8,0.19443374617396064,829.03125,16.0,2.0,32.0,15.0,16.0
1.4294949494949496,1400.0,0.8,602.1818181818181,0.20687977621470416,860.8529411764706,17.0,1.0,32.0,22.0,17.0
1.4294949494949496,1600.0,0.78,776.4285714285714,0.21320414327123832,860.8529411764706,16.0,3.0,31.0,35.0,17.0
1.4294949494949496,1800.0,0.78,816.9591836734694,0.22198122960290273,860.8529411764706,17.0,3.0,30.0,49.0,17.0
1.4294949494949496,2000.0,0.8,793.8968253968254,0.22804208136541462,860.8529411764706,16.0,4.0,30.0,63.0,17.0
1.4294949494949496,2200.0,0.8,763.1447368421053,0.22844748951006424,860.8529411764706,16.0,3.0,31.0,76.0,17.0
1.4294949494949496,2400.0,0.78,745.8444444444444,0.22621774471449133,945.7222222222222,15.0,4.0,31.0,90.0,18.0
1.4294949494949496,2600.0,0.8,747.0441176470588,0.22538665801795957,1027.6052631578948,15.0,6.0,29.0,102.0,19.0
1.4294949494949496,2800.0,0.74,707.9700854700855,0.22810289258711208,1114.8,15.0,6.0,29.0,117.0,20.0
1.4294949494949496,3000.0,0.8,690.7945736434109,0.2343664484219488,1114.8,16.0,5.0,29.0,129.0,20.0
1.4294949494949496,3200.0,0.8,694.8639705882352,0.24004216244704357,1205.3095238095239,18.0,3.0,29.0,136.0,21.0
1.4294949494949496,3400.0,0.78,696.9421768707483,0.24095433077250522,1205.3095238095239,17.0,4.0,29.0,147.0,21.0
1.4294949494949496,3600.0,0.78,694.62893081761,0.24271785620173109,1205.3095238095239,17.0,4.0,29.0,159.0,21.0
1.4294949494949496,3800.0,0.78,693.9069767441861,0.2393529686011392,1205.3095238095239,16.0,6.0,28.0,172.0,21.0
1.4294949494949496,4000.0,0.8,697.1818181818181,0.2390286420854195,1205.3095238095239,17.0,6.0,27.0,187.0,21.0
1.4294949494949496,4200.0,0.8,693.2562189054727,0.2410759532159001,1341.0227272727273,17.0,7.0,26.0,201.0,22.0
1.4294949494949496,4400.0,0.74,680.4311926605504,0.23953540226623152,1341.0227272727273,16.0,8.0,26.0,218.0,22.0
1.4294949494949496,4600.0,0.8,674.2017543859649,0.2441165143007723,1611.2291666666667,18.0,7.0,25.0,228.0,24.0
1.4294949494949496,4800.0,0.78,656.189024390244,0.2468124784626923,1611.2291666666667,16.0,9.0,25.0,246.0,24.0
1.4294949494949496,5000.0,0.78,660.341796875,0.2517381874201853,1611.2291666666667,15.0,11.0,24.0,256.0,24.0
1.4294949494949496,5200.0,0.8,660.4812030075188,0.2542922587314779,1753.96,17.0,10.0,23.0,266.0,25.0
1.4294949494949496,5400.0,0.8,654.4160714285714,0.2535422536638761,1753.96,17.0,10.0,23.0,280.0,25.0
1.4294949494949496,5600.0,0.76,647.8384353741496,0.2500557436198893,1898.9615384615386,17.0,9.0,24.0,294.0,26.0
1.4294949494949496,5800.0,0.74,650.4934853420195,0.2519408914925101,1898.9615384615386,16.0,10.0,24.0,307.0,26.0
1.4294949494949496,6000.0,0.8,652.6933962264151,0.254758478097825,1898.9615384615386,14.0,12.0,24.0,318.0,26.0
1.4294949494949496,6200.0,0.78,648.4894578313254,0.25771795755376725,1898.9615384615386,16.0,10.0,24.0,332.0,26.0
1.4294949494949496,6400.0,0.78,647.8921282798834,0.2586301258792289,2061.3518518518517,17.0,10.0,23.0,343.0,27.0
1.4294949494949496,6600.0,0.8,652.4056338028169,0.2568463300427706,2061.3518518518517,17.0,10.0,23.0,355.0,27.0
1.4294949494949496,6800.0,0.8,653.5297297297298,0.2589747228021811,2061.3518518518517,19.0,8.0,23.0,370.0,27.0
1.4294949494949496,7000.0,0.8,650.6917098445596,0.2644274623477186,2232.160714285714,19.0,9.0,22.0,386.0,28.0
1.4294949494949496,7200.0,0.78,645.1746231155779,0.2649342225285306,2232.160714285714,14.0,14.0,22.0,398.0,28.0
1.4294949494949496,7400.0,0.8,642.5110565110565,0.26511665619362296,2232.160714285714,17.0,11.0,22.0,407.0,28.0
1.4294949494949496,7600.0,0.8,642.5592417061612,0.2618936614436584,2232.160714285714,16.0,12.0,22.0,422.0,28.0
1.4294949494949496,7800.0,0.76,639.3945578231293,0.2581841769201143,2232.160714285714,15.0,13.0,22.0,441.0,28.0
1.4294949494949496,8000.0,0.78,635.5440528634361,0.2526908965601119,2232.160714285714,15.0,13.0,22.0,454.0,28.0
1.4294949494949496,8200.0,0.78,636.4408602150538,0.2496503354752397,2232.160714285714,15.0,13.0,22.0,465.0,28.0
1.4294949494949496,8400.0,0.78,630.7732919254659,0.2505219629862364,2443.9655172413795,16.0,13.0,21.0,483.0,29.0
1.4294949494949496,8600.0,0.78,630.689898989899,0.2543327995459429,2443.9655172413795,16.0,13.0,21.0,495.0,29.0
1.4294949494949496,8800.0,0.8,623.8277559055118,0.2542922587314779,2443.9655172413795,15.0,15.0,20.0,508.0,29.0
1.4294949494949496,9000.0,0.8,628.9520153550864,0.24883951918594044,2443.9655172413795,15.0,15.0,20.0,521.0,29.0
1.4294949494949496,9200.0,0.76,626.683426443203,0.24699491212778465,2443.9655172413795,15.0,14.0,21.0,537.0,29.0
1.4294949494949496,9400.0,0.8,622.1965579710145,0.24928546814505503,2443.9655172413795,14.0,14.0,22.0,552.0,29.0
1.4294949494949496,9600.0,0.78,619.9126984126984,0.2483327590051284,2899.6451612903224,17.0,12.0,21.0,567.0,31.0
1.4294949494949496,9800.0,0.8,618.7780656303972,0.25177872823465025,2899.6451612903224,14.0,16.0,20.0,579.0,31.0
1.4294949494949496,10000.0,0.78,617.8516020236087,0.2540895546591531,2899.6451612903224,12.0,18.0,20.0,593.0,31.0
1.4294949494949496,10200.0,0.8,615.5240066225166,0.2610625747471267,2899.6451612903224,14.0,16.0,20.0,604.0,31.0
1.4294949494949496,10400.0,0.8,613.8341463414635,0.26055581456631466,2899.6451612903224,14.0,16.0,20.0,615.0,31.0
1.4294949494949496,10600.0,0.78,615.8402555910543,0.2534814424421787,3137.859375,15.0,15.0,20.0,626.0,32.0
1.4294949494949496,10800.0,0.76,614.368992248062,0.25236657004439217,3137.859375,15.0,15.0,20.0,645.0,32.0
1.4294949494949496,11000.0,0.78,613.0151975683891,0.25741390144528004,3137.859375,13.0,17.0,20.0,658.0,32.0
1.4294949494949496,11200.0,0.76,615.1164179104478,0.2609206818964993,3137.859375,13.0,17.0,20.0,670.0,32.0
1.4294949494949496,11400.0,0.76,615.6559766763849,0.25696795248616544,3137.859375,14.0,17.0,19.0,686.0,32.0
1.4294949494949496,11600.0,0.8,613.8345221112696,0.25212332515760244,3137.859375,13.0,18.0,19.0,701.0,32.0
1.4294949494949496,11800.0,0.78,612.1331938633194,0.24904222325826525,3395.1363636363635,12.0,19.0,19.0,717.0,33.0
1.4294949494949496,12000.0,0.76,603.8071718538565,0.24213001439198914,3395.1363636363635,8.0,23.0,19.0,739.0,33.0
1.4294949494949496,12200.0,0.78,600.3563829787234,0.24237325927877892,3649.8676470588234,10.0,21.0,19.0,752.0,34.0
1.4294949494949496,12400.0,0.8,600.4291287386216,0.24849492226298828,3649.8676470588234,10.0,21.0,19.0,769.0,34.0
1.4294949494949496,12600.0,0.78,600.1056338028169,0.25988689112764274,3649.8676470588234,12.0,20.0,18.0,781.0,34.0
1.4294949494949496,12800.0,0.8,598.6727848101266,0.2643261103115562,3649.8676470588234,15.0,17.0,18.0,790.0,34.0
1.4294949494949496,13000.0,0.78,599.252487562189,0.2618531206291934,3915.3142857142857,15.0,16.0,19.0,804.0,35.0
1.4294949494949496,13200.0,0.76,599.9785801713587,0.25400847303022317,3915.3142857142857,15.0,16.0,19.0,817.0,35.0
1.4294949494949496,13400.0,0.78,595.53181272509,0.2490016824438003,3915.3142857142857,14.0,16.0,20.0,833.0,35.0
1.4294949494949496,13600.0,0.8,597.7232037691401,0.25102872316704844,3915.3142857142857,16.0,14.0,20.0,849.0,35.0
1.4294949494949496,13800.0,0.8,596.8156069364162,0.2507043966513287,3915.3142857142857,15.0,14.0,21.0,865.0,35.0
1.4294949494949496,14000.0,0.76,594.416572077185,0.24569760606490584,3915.3142857142857,13.0,15.0,22.0,881.0,35.0
1.4294949494949496,14200.0,0.78,593.1638888888889,0.2447651673322117,3915.3142857142857,14.0,14.0,22.0,900.0,35.0
1.4294949494949496,14400.0,0.78,590.7258241758242,0.24206920317029168,3915.3142857142857,11.0,17.0,22.0,910.0,35.0
1.4294949494949496,14600.0,0.78,592.3542795232936,0.24221109602091906,3915.3142857142857,12.0,17.0,21.0,923.0,35.0
1.4294949494949496,14800.0,0.78,591.1652542372881,0.24547463158534855,3915.3142857142857,13.0,15.0,22.0,944.0,35.0
1.4294949494949496,15000.0,0.78,589.6195198329854,0.2449070601828391,3915.3142857142857,14.0,14.0,22.0,958.0,35.0
1.4294949494949496,15200.0,0.76,582.6777323799796,0.24383272859951757,4225.75,16.0,12.0,22.0,979.0,36.0
1.4294949494949496,15400.0,0.74,582.5191725529768,0.24113676443759754,4225.75,16.0,11.0,23.0,991.0,36.0
1.4294949494949496,15600.0,0.76,584.0204183266932,0.24168406543287455,4225.75,14.0,14.0,22.0,1004.0,36.0
1.4294949494949496,15800.0,0.78,581.5048923679061,0.23803539213102792,4225.75,12.0,16.0,22.0,1022.0,36.0
1.4294949494949496,16000.0,0.74,579.1767822736031,0.24069081547848295,4225.75,14.0,13.0,23.0,1038.0,36.0
1.45969696969697,0.0,0.0,nan,0.015202805424360975,nan,0.0,0.0,50.0,0.0,0.0
1.45969696969697,200.0,0.3,151.5,0.035979972837654306,nan,0.0,11.0,39.0,1.0,0.0
1.45969696969697,400.0,0.68,170.41666666666666,0.0733788741815823,nan,0.0,16.0,34.0,6.0,0.0
1.45969696969697,600.0,0.74,207.5,0.11333184683680295,548.1666666666666,3.0,15.0,32.0,10.0,3.0
1.45969696969697,800.0,0.76,273.8611111111111,0.14833884012729814,664.8333333333334,9.0,10.0,31.0,18.0,9.0
1.45969696969697,1000.0,0.78,311.1190476190476,0.18064986925587334,766.6333333333333,14.0,6.0,30.0,21.0,15.0
1.45969696969697,1200.0,0.78,432.05555555555554,0.20627166399772973,781.625,15.0,5.0,30.0,27.0,16.0
1.45969696969697,1400.0,0.78,549.1351351351351,0.21944742869884257,846.2222222222222,16.0,4.0,30.0,37.0,18.0
1.45969696969697,1600.0,0.8,652.6914893617021,0.22218393367522754,877.8157894736842,18.0,2.0,30.0,47.0,19.0
1.45969696969697,1800.0,0.8,687.25,0.2291569537632011,877.8157894736842,17.0,3.0,30.0,56.0,19.0
1.45969696969697,2000.0,0.8,724.8529411764706,0.23037317819714997,877.8157894736842,16.0,4.0,30.0,68.0,19.0
1.45969696969697,2200.0,0.8,723.5833333333334,0.22842721910283179,877.8157894736842,17.0,4.0,29.0,78.0,19.0
1.45969696969697,2400.0,0.76,735.625,0.22988668842357043,950.1,17.0,5.0,28.0,92.0,20.0
1.45969696969697,2600.0,0.76,697.5277777777778,0.2319948107757485,950.1,17.0,5.0,28.0,108.0,20.0
1.45969696969697,2800.0,0.8,699.6733870967741,0.2350961830823181,1031.1190476190477,17.0,6.0,27.0,124.0,21.0
1.45969696969697,3000.0,0.8,688.0267175572519,0.2358664585571524,1113.159090909091,18.0,5.0,27.0,131.0,22.0
1.45969696969697,3200.0,0.78,681.4319727891157,0.23854215231183995,1113.159090909091,20.0,3.0,27.0,147.0,22.0
1.45969696969697,3400.0,0.78,665.2950310559006,0.24756248353029411,1113.159090909091,22.0,1.0,27.0,161.0,22.0
1.45969696969697,3600.0,0.78,656.7414772727273,0.2522854884154623,1113.159090909091,21.0,2.0,27.0,176.0,22.0
1.45969696969697,3800.0,0.8,650.4507772020726,0.24247461131494133,1225.3695652173913,18.0,5.0,27.0,193.0,23.0
1.45969696969697,4000.0,0.74,635.8133971291866,0.23866377475523484,1225.3695652173913,15.0,8.0,27.0,209.0,23.0
1.45969696969697,4200.0,0.8,626.0180995475113,0.2394340502300691,1225.3695652173913,16.0,7.0,27.0,221.0,23.0
1.45969696969697,4400.0,0.78,630.7768240343347,0.2409746011797377,1225.3695652173913,18.0,5.0,27.0,233.0,23.0
1.45969696969697,4600.0,0.8,620.1491935483871,0.24160298380394463,1225.3695652173913,16.0,7.0,27.0,248.0,23.0
1.45969696969697,4800.0,0.78,619.0281954887218,0.23833944823951514,1225.3695652173913,15.0,8.0,27.0,266.0,23.0
1.45969696969697,5000.0,0.8,616.9324817518249,0.2369610605477064,1225.3695652173913,16.0,8.0,26.0,274.0,23.0
1.45969696969697,5200.0,0.8,608.1048951048951,0.24170433584010703,1225.3695652173913,17.0,7.0,26.0,286.0,23.0
1.45969696969697,5400.0,0.8,607.3679867986799,0.2418462286907344,1225.3695652173913,14.0,11.0,25.0,303.0,23.0
1.45969696969697,5600.0,0.78,606.6730769230769,0.23937323900837168,1225.3695652173913,15.0,10.0,25.0,312.0,23.0
1.45969696969697,5800.0,0.8,614.1819571865443,0.2432246163825431,1225.3695652173913,14.0,11.0,25.0,327.0,23.0
1.45969696969697,6000.0,0.78,616.96783625731,0.24827194778343098,1417.6666666666667,15.0,10.0,25.0,342.0,24.0
1.45969696969697,6200.0,0.78,614.8418803418804,0.2438124581922851,1417.6666666666667,15.0,10.0,25.0,351.0,24.0
1.45969696969697,6400.0,0.8,611.9831932773109,0.23835971864674763,1612.5,15.0,10.0,25.0,357.0,25.0
1.45969696969697,6600.0,0.78,614.4706666666667,0.24407597348630733,1612.5,15.0,10.0,25.0,375.0,25.0
1.45969696969697,6800.0,0.8,611.4405684754522,0.2443192183730971,1612.5,16.0,9.0,25.0,387.0,25.0
1.45969696969697,7000.0,0.78,606.6163366336634,0.23983945837471876,1612.5,16.0,9.0,25.0,404.0,25.0
1.45969696969697,7200.0,0.8,604.9229857819905,0.23426509638578638,1612.5,17.0,8.0,25.0,422.0,25.0
1.45969696969697,7400.0,0.78,611.6876430205949,0.23310968317353495,1612.5,15.0,10.0,25.0,437.0,25.0
1.45969696969697,7600.0,0.76,605.2852422907489,0.22846775991729673,1612.5,14.0,11.0,25.0,454.0,25.0
1.45969696969697,7800.0,0.78,604.1641791044776,0.223298806073014,1612.5,12.0,13.0,25.0,469.0,25.0
1.45969696969697,8000.0,0.74,599.7151767151768,0.2185352603733809,1612.5,12.0,13.0,25.0,481.0,25.0
1.45969696969697,8200.0,0.76,595.0121457489879,0.21841363792998603,1612.5,12.0,14.0,24.0,494.0,25.0
1.45969696969697,8400.0,0.78,591.3491295938104,0.22066365313279143,1612.5,13.0,13.0,24.0,517.0,25.0
1.45969696969697,8600.0,0.78,582.7364990689013,0.22848803032452922,1612.5,13.0,13.0,24.0,537.0,25.0
1.45969696969697,8800.0,0.8,577.8110307414105,0.23710295339833376,1883.7307692307693,14.0,12.0,24.0,553.0,26.0
1.45969696969697,9000.0,0.78,578.0684210526316,0.24971114669693714,1883.7307692307693,18.0,8.0,24.0,570.0,26.0
1.45969696969697,9200.0,0.76,575.0606837606838,0.25056250380070133,1883.7307692307693,16.0,10.0,24.0,585.0,26.0
1.45969696969697,9400.0,0.78,569.7986688851913,0.24040702977722822,1883.7307692307693,13.0,13.0,24.0,601.0,26.0
1.45969696969697,9600.0,0.78,567.6211382113821,0.23475158615936595,1883.7307692307693,12.0,14.0,24.0,615.0,26.0
1.45969696969697,9800.0,0.8,565.8700159489633,0.23683943810431152,1883.7307692307693,14.0,13.0,23.0,627.0,26.0
1.45969696969697,10000.0,0.8,564.5100775193798,0.23379887701943933,1883.7307692307693,14.0,14.0,22.0,645.0,26.0
1.45969696969697,10200.0,0.78,565.8123100303951,0.235217805525713,2191.3703703703704,16.0,12.0,22.0,658.0,27.0
1.45969696969697,10400.0,0.8,564.3246268656717,0.237407009506821,2191.3703703703704,15.0,12.0,23.0,670.0,27.0
1.45969696969697,10600.0,0.76,558.5166908563135,0.23951513185899906,2191.3703703703704,17.0,10.0,23.0,689.0,27.0
1.45969696969697,10800.0,0.74,562.8636363636364,0.24360975411996028,2492.785714285714,13.0,15.0,22.0,704.0,28.0
1.45969696969697,11000.0,0.8,563.7475592747559,0.24095433077250522,2492.785714285714,14.0,14.0,22.0,717.0,28.0
1.45969696969697,11200.0,0.78,562.0827633378933,0.23681916769707903,2492.785714285714,13.0,15.0,22.0,731.0,28.0
1.45969696969697,11400.0,0.74,558.9568393094289,0.23773133602254068,2492.785714285714,12.0,17.0,21.0,753.0,28.0
1.45969696969697,11600.0,0.76,554.8667100130039,0.24719761620010947,2492.785714285714,14.0,16.0,20.0,769.0,28.0
1.45969696969697,11800.0,0.78,553.1187419768935,0.25202197312144003,2492.785714285714,15.0,14.0,21.0,779.0,28.0
1.45969696969697,12000.0,0.78,552.7897371714644,0.2564814627125859,2816.0689655172414,16.0,12.0,22.0,799.0,29.0
1.45969696969697,12200.0,0.8,551.7506142506143,0.2593801309468307,3124.1,13.0,16.0,21.0,814.0,30.0
1.45969696969697,12400.0,0.8,551.9698795180723,0.2572111973729552,3124.1,16.0,14.0,20.0,830.0,30.0
1.45969696969697,12600.0,0.78,551.088585017836,0.25131250886830314,3124.1,15.0,15.0,20.0,841.0,30.0
1.45969696969697,12800.0,0.76,551.4539627039627,0.24632598868911276,3124.1,15.0,15.0,20.0,858.0,30.0
1.45969696969697,13000.0,0.78,551.8593570608496,0.23781241765147063,3124.1,11.0,18.0,21.0,871.0,30.0
1.45969696969697,13200.0,0.72,553.2769058295964,0.23462996371597106,3448.2741935483873,12.0,18.0,20.0,892.0,31.0
1.45969696969697,13400.0,0.8,551.6806629834255,0.22966371394401314,3448.2741935483873,14.0,15.0,21.0,905.0,31.0
1.45969696969697,13600.0,0.78,548.7664864864865,0.22923803539213103,3448.2741935483873,14.0,15.0,21.0,925.0,31.0
1.45969696969697,13800.0,0.8,545.4312169312169,0.2312042648936817,3448.2741935483873,15.0,13.0,22.0,945.0,31.0
1.45969696969697,14000.0,0.78,543.6780893042576,0.23821782579612025,3448.2741935483873,16.0,13.0,21.0,963.0,31.0
1.45969696969697,14200.0,0.8,543.270684371808,0.24442057040925952,3448.2741935483873,13.0,16.0,21.0,979.0,31.0
1.45969696969697,14400.0,0.8,540.1954773869347,0.24504895303346644,3448.2741935483873,13.0,16.0,21.0,995.0,31.0
1.45969696969697,14600.0,0.8,538.7599601593625,0.24300164190298584,3796.015625,16.0,14.0,20.0,1004.0,32.0
1.45969696969697,14800.0,0.8,540.8388834476004,0.24215028479922163,3796.015625,16.0,14.0,20.0,1021.0,32.0
1.45969696969697,15000.0,0.72,537.720673076923,0.24590031013723065,3783.681818181818,14.0,16.0,20.0,1040.0,33.0
1.45969696969697,15200.0,0.8,537.2663507109005,0.24762329475199157,3783.681818181818,13.0,17.0,20.0,1055.0,33.0
1.45969696969697,15400.0,0.76,538.133395522388,0.23963675430239392,3783.681818181818,13.0,17.0,20.0,1072.0,33.0
1.45969696969697,15600.0,0.78,535.4319634703196,0.23576510652099,3783.681818181818,13.0,17.0,20.0,1095.0,33.0
1.45969696969697,15800.0,0.76,534.5862533692722,0.23821782579612025,3783.681818181818,15.0,15.0,20.0,1113.0,33.0
1.45969696969697,16000.0,0.78,534.6859430604982,0.24547463158534855,3783.681818181818,16.0,15.0,19.0,1124.0,33.0
1.48989898989899,0.0,0.0,nan,0.015202805424360975,nan,0.0,0.0,50.0,0.0,0.0
1.48989898989899,200.0,0.3,151.5,0.035979972837654306,nan,0.0,11.0,39.0,1.0,0.0
1.48989898989899,400.0,0.66,105.5,0.07297346603693268,nan,0.0,18.0,32.0,5.0,0.0
1.48989898989899,600.0,0.78,184.27777777777777,0.12073054547665862,557.5,1.0,22.0,27.0,9.0,1.0
1.48989898989899,800.0,0.8,295.15625,0.16595382401232442,688.0714285714286,7.0,17.0,26.0,16.0,7.0
1.48989898989899,1000.0,0.8,369.82608695652175,0.1992378326880587,752.0909090909091,11.0,15.0,24.0,23.0,11.0
1.48989898989899,1200.0,0.8,499.8833333333333,0.22487989783714754,813.8461538461538,12.0,14.0,24.0,30.0,13.0
1.48989898989899,1400.0,0.8,496.51428571428573,0.23985972878195122,989.225,19.0,7.0,24.0,35.0,20.0
1.48989898989899,1600.0,0.78,595.280487804878,0.25078547828025866,1015.1904761904761,18.0,8.0,24.0,41.0,21.0
1.48989898989899,1800.0,0.8,632.1944444444445,0.2551638862424746,1042.0681818181818,19.0,7.0,24.0,54.0,22.0
1.48989898989899,2000.0,0.78,741.5735294117648,0.25806255447671944,1042.0681818181818,21.0,5.0,24.0,68.0,22.0
1.48989898989899,2200.0,0.76,755.8888888888889,0.25747471266697747,1042.0681818181818,18.0,8.0,24.0,81.0,22.0
1.48989898989899,2400.0,0.76,742.6,0.25384630977236333,1096.5869565217392,18.0,8.0,24.0,95.0,23.0
1.48989898989899,2600.0,0.78,727.2201834862385,0.2492246569233576,1155.5208333333333,17.0,8.0,25.0,109.0,24.0
1.48989898989899,2800.0,0.76,683.9837398373984,0.24405570307907487,1155.5208333333333,15.0,10.0,25.0,123.0,24.0
1.48989898989899,3000.0,0.78,657.3768115942029,0.24213001439198914,1155.5208333333333,15.0,10.0,25.0,138.0,24.0
1.48989898989899,3200.0,0.78,649.8523489932886,0.24383272859951757,1231.2,16.0,9.0,25.0,149.0,25.0
1.48989898989899,3400.0,0.78,649.3333333333334,0.24766383556645652,1231.2,17.0,9.0,24.0,168.0,25.0
1.48989898989899,3600.0,0.8,642.5586592178771,0.25370441692173595,1231.2,17.0,9.0,24.0,179.0,25.0
1.48989898989899,3800.0,0.78,629.5666666666667,0.2532179271481564,1231.2,19.0,7.0,24.0,195.0,25.0
1.48989898989899,4000.0,0.78,631.0882352941177,0.2536841465145035,1231.2,18.0,8.0,24.0,204.0,25.0
1.48989898989899,4200.0,0.8,635.3778280542987,0.2529949526685991,1340.3653846153845,18.0,8.0,24.0,221.0,26.0
1.48989898989899,4400.0,0.8,618.5416666666666,0.24810978452557111,1340.3653846153845,16.0,10.0,24.0,240.0,26.0
1.48989898989899,4600.0,0.78,618.703629032258,0.2486976263353131,1340.3653846153845,16.0,10.0,24.0,248.0,26.0
1.48989898989899,4800.0,0.8,608.5496183206106,0.2529341414469017,1340.3653846153845,19.0,7.0,24.0,262.0,26.0
1.48989898989899,5000.0,0.8,604.7823741007194,0.258042284069487,1340.3653846153845,20.0,6.0,24.0,278.0,26.0
1.48989898989899,5200.0,0.76,601.030303030303,0.2579814728477895,1340.3653846153845,17.0,9.0,24.0,297.0,26.0
1.48989898989899,5400.0,0.78,598.8971061093248,0.24727869782903938,1340.3653846153845,17.0,9.0,24.0,311.0,26.0
1.48989898989899,5600.0,0.78,597.6972049689441,0.24063000425678552,1340.3653846153845,17.0,9.0,24.0,322.0,26.0
1.48989898989899,5800.0,0.78,596.2661764705882,0.23519753511848054,1340.3653846153845,16.0,11.0,23.0,340.0,26.0
1.48989898989899,6000.0,0.8,595.956090651558,0.23831917783228265,1340.3653846153845,15.0,14.0,21.0,353.0,26.0
1.48989898989899,6200.0,0.8,591.1720867208672,0.24002189203981109,1515.1666666666667,16.0,13.0,21.0,369.0,27.0
1.48989898989899,6400.0,0.78,591.1942257217847,0.23807593294549287,1686.267857142857,16.0,13.0,21.0,381.0,28.0
1.48989898989899,6600.0,0.8,587.1921119592876,0.23452861167980865,1851.603448275862,16.0,13.0,21.0,393.0,29.0
1.48989898989899,6800.0,0.8,587.8569682151589,0.2394543206373016,1851.603448275862,14.0,16.0,20.0,409.0,29.0
1.48989898989899,7000.0,0.78,590.6166666666667,0.24742059067966676,1851.603448275862,14.0,15.0,21.0,420.0,29.0
1.48989898989899,7200.0,0.76,590.7242990654206,0.24328542760424057,1851.603448275862,15.0,14.0,21.0,428.0,29.0
1.48989898989899,7400.0,0.78,588.4553571428571,0.2384813410901425,2030.1166666666666,17.0,12.0,21.0,448.0,30.0
1.48989898989899,7600.0,0.8,583.3205128205128,0.23667727484645165,2030.1166666666666,16.0,13.0,21.0,468.0,30.0
1.48989898989899,7800.0,0.8,581.6081081081081,0.2415219021750147,1990.258064516129,17.0,12.0,21.0,481.0,31.0
1.48989898989899,8000.0,0.78,578.8744939271255,0.24740032027243428,1990.258064516129,17.0,12.0,21.0,494.0,31.0
1.48989898989899,8200.0,0.78,579.146484375,0.2503597997283765,1990.258064516129,14.0,16.0,20.0,512.0,31.0
1.48989898989899,8400.0,0.8,582.0038095238095,0.2540692842519206,1990.258064516129,14.0,16.0,20.0,525.0,31.0
1.48989898989899,8600.0,0.8,578.9025974025974,0.25587335049561144,1990.258064516129,15.0,15.0,20.0,539.0,31.0
1.48989898989899,8800.0,0.8,575.3496376811594,0.25113007520321085,1990.258064516129,14.0,16.0,20.0,552.0,31.0
1.48989898989899,9000.0,0.72,571.1358885017422,0.24971114669693714,1990.258064516129,16.0,14.0,20.0,574.0,31.0
1.48989898989899,9200.0,0.78,569.3517887563884,0.24685301927715728,1990.258064516129,15.0,14.0,21.0,587.0,31.0
1.48989898989899,9400.0,0.78,566.49173553719,0.24602193258062555,1990.258064516129,15.0,15.0,20.0,605.0,31.0
1.48989898989899,9600.0,0.76,563.7439807383628,0.2483327590051284,1990.258064516129,17.0,13.0,20.0,623.0,31.0
1.48989898989899,9800.0,0.78,563.4498432601881,0.24766383556645652,1990.258064516129,17.0,12.0,21.0,638.0,31.0
1.48989898989899,10000.0,0.78,562.3983180428135,0.24752194271582917,1990.258064516129,19.0,10.0,21.0,654.0,31.0
1.48989898989899,10200.0,0.78,558.6231231231232,0.245535442807046,1990.258064516129,19.0,10.0,21.0,666.0,31.0
1.48989898989899,10400.0,0.8,555.9187408491947,0.23992054000364868,1990.258064516129,19.0,10.0,21.0,683.0,31.0
1.48989898989899,10600.0,0.78,553.7578571428571,0.23904891249265198,1990.258064516129,16.0,14.0,20.0,700.0,31.0
1.48989898989899,10800.0,0.78,554.5041666666667,0.23819755538888776,1990.258064516129,16.0,14.0,20.0,720.0,31.0
1.48989898989899,11000.0,0.78,554.7176870748299,0.24026513692660084,1990.258064516129,16.0,13.0,21.0,735.0,31.0
1.48989898989899,11200.0,0.78,554.2432795698925,0.23961648389516146,1990.258064516129,15.0,14.0,21.0,744.0,31.0
1.48989898989899,11400.0,0.8,551.0230263157895,0.24154217258224717,1990.258064516129,15.0,13.0,22.0,760.0,31.0
1.48989898989899,11600.0,0.8,550.1056701030927,0.23811647375995784,2285.28125,16.0,12.0,22.0,776.0,32.0
1.48989898989899,11800.0,0.78,548.6279949558638,0.24058946344232054,2285.28125,16.0,13.0,21.0,793.0,32.0
1.48989898989899,12000.0,0.8,549.0358910891089,0.24164352461840957,2285.28125,16.0,13.0,21.0,808.0,32.0
1.48989898989899,12200.0,0.8,549.1099635479951,0.23805566253826038,2285.28125,14.0,15.0,21.0,823.0,32.0
1.48989898989899,12400.0,0.8,548.2824519230769,0.23767052480084325,2285.28125,15.0,15.0,20.0,832.0,32.0
1.48989898989899,12600.0,0.76,550.1492890995261,0.2358664585571524,2285.28125,13.0,17.0,20.0,844.0,32.0
1.48989898989899,12800.0,0.78,552.6298020954598,0.23647457077412684,2285.28125,13.0,16.0,21.0,859.0,32.0
1.48989898989899,13000.0,0.8,551.4598163030998,0.2362110554801046,2285.28125,14.0,13.0,23.0,871.0,32.0
1.48989898989899,13200.0,0.8,553.8209459459459,0.23827863701781768,2285.28125,15.0,14.0,21.0,888.0,32.0
1.48989898989899,13400.0,0.8,553.1642699115044,0.24091378995804025,2285.28125,15.0,12.0,23.0,904.0,32.0
1.48989898989899,13600.0,0.8,551.2326086956522,0.24569760606490584,2285.28125,15.0,14.0,21.0,920.0,32.0
1.48989898989899,13800.0,0.8,550.3090909090909,0.2509071007236535,2956.1470588235293,17.0,12.0,21.0,935.0,34.0
1.48989898989899,14000.0,0.78,549.9548793284365,0.2505016925790039,2956.1470588235293,17.0,12.0,21.0,953.0,34.0
1.48989898989899,14200.0,0.78,549.7337796086508,0.24977195791863457,2956.1470588235293,17.0,12.0,21.0,971.0,34.0
1.48989898989899,14400.0,0.8,549.4565883554648,0.24636652950357774,2956.1470588235293,16.0,12.0,22.0,979.0,34.0
1.48989898989899,14600.0,0.8,549.7891809908999,0.24316380516084568,2956.1470588235293,15.0,13.0,22.0,989.0,34.0
1.48989898989899,14800.0,0.76,549.2532402791625,0.24146109095331725,2956.1470588235293,14.0,15.0,21.0,1003.0,34.0
1.48989898989899,15000.0,0.8,550.4429133858267,0.2467111264265299,2956.1470588235293,15.0,16.0,19.0,1016.0,34.0
1.48989898989899,15200.0,0.74,550.6794747081713,0.24952871303184482,3304.1857142857143,16.0,16.0,18.0,1028.0,35.0
1.48989898989899,15400.0,0.8,551.5182341650672,0.2534206312204812,3304.1857142857143,15.0,17.0,18.0,1042.0,35.0
1.48989898989899,15600.0,0.78,550.6310084825636,0.26313015628483977,3304.1857142857143,13.0,20.0,17.0,1061.0,35.0
1.48989898989899,15800.0,0.78,549.8342644320298,0.27352887519510266,3304.1857142857143,15.0,18.0,17.0,1074.0,35.0
1.48989898989899,16000.0,0.78,547.8855311355311,0.2754342934749559,4260.320512820513,16.0,17.0,17.0,1092.0,39.0
1.5201010101010104,0.0,0.0,nan,0.015202805424360975,nan,0.0,0.0,50.0,0.0,0.0
1.5201010101010104,200.0,0.3,151.5,0.035979972837654306,nan,0.0,11.0,39.0,1.0,0.0
1.5201010101010104,400.0,0.64,129.1,0.06865586929641417,nan,0.0,18.0,32.0,5.0,0.0
1.5201010101010104,600.0,0.8,194.44444444444446,0.10660207163561916,557.875,3.0,16.0,31.0,9.0,4.0
1.5201010101010104,800.0,0.8,210.63636363636363,0.13956175379563376,656.55,10.0,9.0,31.0,11.0,10.0
1.5201010101010104,1000.0,0.8,227.625,0.16573084953276712,672.9545454545455,11.0,8.0,31.0,12.0,11.0
1.5201010101010104,1200.0,0.76,478.4782608695652,0.18478503233129953,767.8214285714286,14.0,4.0,32.0,23.0,14.0
1.5201010101010104,1400.0,0.8,601.2,0.19481888391137778,828.9375,14.0,5.0,31.0,35.0,16.0
1.5201010101010104,1600.0,0.76,653.5384615384615,0.2073459955810512,828.9375,15.0,5.0,30.0,52.0,16.0
1.5201010101010104,1800.0,0.76,653.7941176470588,0.21914337259035535,918.6944444444445,17.0,4.0,29.0,68.0,18.0
1.5201010101010104,2000.0,0.78,662.0243902439024,0.22810289258711208,975.4736842105264,17.0,5.0,28.0,82.0,19.0
1.5201010101010104,2200.0,0.78,619.9739583333334,0.2329677903229076,1027.8,18.0,4.0,28.0,96.0,20.0
1.5201010101010104,2400.0,0.78,615.6805555555555,0.23282589747228022,1027.8,15.0,8.0,27.0,108.0,20.0
1.5201010101010104,2600.0,0.76,616.9025423728814,0.232521841363793,1101.7619047619048,16.0,7.0,27.0,118.0,21.0
1.5201010101010104,2800.0,0.72,618.0481481481481,0.2304542598260799,1171.1363636363637,16.0,7.0,27.0,135.0,22.0
1.5201010101010104,3000.0,0.76,611.6933333333334,0.23059615267670727,1248.9347826086957,17.0,7.0,26.0,150.0,23.0
1.5201010101010104,3200.0,0.76,595.7275449101796,0.23416374434962398,1248.9347826086957,17.0,7.0,26.0,167.0,23.0
1.5201010101010104,3400.0,0.76,589.8879781420765,0.24194758072689682,1248.9347826086957,19.0,5.0,26.0,183.0,23.0
1.5201010101010104,3600.0,0.76,594.3010204081633,0.2438124581922851,1346.2708333333333,21.0,4.0,25.0,196.0,24.0
1.5201010101010104,3800.0,0.8,584.3981042654028,0.24525165710579125,1346.2708333333333,16.0,9.0,25.0,211.0,24.0
1.5201010101010104,4000.0,0.8,584.7702702702703,0.24403543267184238,1346.2708333333333,15.0,10.0,25.0,222.0,24.0
1.5201010101010104,4200.0,0.8,586.5382978723404,0.2418462286907344,1458.76,16.0,9.0,25.0,235.0,25.0
1.5201010101010104,4400.0,0.76,589.0607287449393,0.23639348914519692,1458.76,16.0,9.0,25.0,247.0,25.0
1.5201010101010104,4600.0,0.76,591.1570881226054,0.2364137595524294,1458.76,17.0,8.0,25.0,261.0,25.0
1.5201010101010104,4800.0,0.8,594.6849816849817,0.2354610504125028,1458.76,16.0,9.0,25.0,273.0,25.0
1.5201010101010104,5000.0,0.78,582.4126712328767,0.23617051466563962,1458.76,18.0,7.0,25.0,292.0,25.0
1.5201010101010104,5200.0,0.76,582.0193548387097,0.2347921269738309,1458.76,18.0,8.0,24.0,310.0,25.0
1.5201010101010104,5400.0,0.78,583.1510903426791,0.24417732552246973,1458.76,17.0,11.0,22.0,321.0,25.0
1.5201010101010104,5600.0,0.8,580.4728096676737,0.24804897330387368,1613.7884615384614,19.0,9.0,22.0,331.0,26.0
1.5201010101010104,5800.0,0.8,573.9810495626822,0.24577868769383576,1613.7884615384614,19.0,9.0,22.0,343.0,26.0
1.5201010101010104,6000.0,0.8,578.2058011049724,0.24330569801147306,1613.7884615384614,19.0,8.0,23.0,362.0,26.0
1.5201010101010104,6200.0,0.8,578.9907894736842,0.2472584274218069,1776.8703703703704,17.0,10.0,23.0,380.0,27.0
1.5201010101010104,6400.0,0.8,573.729381443299,0.25167737619848785,1935.1964285714287,18.0,9.0,23.0,388.0,28.0
1.5201010101010104,6600.0,0.74,573.0210396039604,0.256907141264468,1935.1964285714287,17.0,10.0,23.0,404.0,28.0
1.5201010101010104,6800.0,0.74,567.7161520190024,0.2535422536638761,1935.1964285714287,18.0,9.0,23.0,421.0,28.0
1.5201010101010104,7000.0,0.74,566.37100456621,0.24894087122210284,1935.1964285714287,16.0,11.0,23.0,438.0,28.0
1.5201010101010104,7200.0,0.78,570.5055187637969,0.24936654977398495,1935.1964285714287,17.0,11.0,22.0,453.0,28.0
1.5201010101010104,7400.0,0.8,564.84375,0.25044088135730647,1935.1964285714287,16.0,12.0,22.0,464.0,28.0
1.5201010101010104,7600.0,0.76,567.3888888888889,0.2481503253400361,1935.1964285714287,16.0,13.0,21.0,477.0,28.0
1.5201010101010104,7800.0,0.78,567.5924796747968,0.24883951918594044,2134.9310344827586,17.0,12.0,21.0,492.0,29.0
1.5201010101010104,8000.0,0.78,564.1112204724409,0.2526908965601119,2134.9310344827586,19.0,10.0,21.0,508.0,29.0
1.5201010101010104,8200.0,0.78,561.7988505747127,0.25315711592645895,2134.9310344827586,17.0,12.0,21.0,522.0,29.0
1.5201010101010104,8400.0,0.74,564.4292364990689,0.2540895546591531,2134.9310344827586,18.0,12.0,20.0,537.0,29.0
1.5201010101010104,8600.0,0.8,562.7162162162163,0.2534206312204812,2134.9310344827586,18.0,11.0,21.0,555.0,29.0
1.5201010101010104,8800.0,0.78,560.3086419753087,0.25609632497516877,2134.9310344827586,16.0,13.0,21.0,567.0,29.0
1.5201010101010104,9000.0,0.8,556.3296422487223,0.2565017331198184,2134.9310344827586,15.0,15.0,20.0,587.0,29.0
1.5201010101010104,9200.0,0.76,557.1752491694352,0.24983276914033203,2134.9310344827586,14.0,17.0,19.0,602.0,29.0
1.5201010101010104,9400.0,0.76,554.5137987012987,0.2490016824438003,2371.616666666667,17.0,14.0,19.0,616.0,30.0
1.5201010101010104,9600.0,0.76,554.5468998410175,0.250420610950074,2371.616666666667,16.0,14.0,20.0,629.0,30.0
1.5201010101010104,9800.0,0.76,549.06,0.24565706525044087,2371.616666666667,17.0,13.0,20.0,650.0,30.0
1.5201010101010104,10000.0,0.8,552.1274658573597,0.24340705004763546,2611.967741935484,19.0,11.0,20.0,659.0,31.0
1.5201010101010104,10200.0,0.78,553.7481481481482,0.24271785620173109,2847.359375,17.0,13.0,20.0,675.0,32.0
1.5201010101010104,10400.0,0.78,552.4139941690962,0.24796789167494376,2847.359375,16.0,14.0,20.0,686.0,32.0
1.5201010101010104,10600.0,0.8,556.6205420827389,0.25044088135730647,2847.359375,14.0,16.0,20.0,701.0,32.0
1.5201010101010104,10800.0,0.76,553.8488210818308,0.25522469746417203,2847.359375,13.0,17.0,20.0,721.0,32.0
1.5201010101010104,11000.0,0.8,549.5087719298245,0.2607179778241745,2847.359375,17.0,13.0,20.0,741.0,32.0
1.5201010101010104,11200.0,0.76,548.3680371352785,0.2591976972817384,2847.359375,16.0,13.0,21.0,754.0,32.0
1.5201010101010104,11400.0,0.8,546.4546632124352,0.25597470253177385,2847.359375,15.0,14.0,21.0,772.0,32.0
1.5201010101010104,11600.0,0.76,543.1378002528445,0.25370441692173595,2847.359375,15.0,13.0,22.0,791.0,32.0
1.5201010101010104,11800.0,0.8,543.4831038798499,0.25275170778180933,2847.359375,14.0,15.0,21.0,799.0,32.0
1.5201010101010104,12000.0,0.76,544.2613496932515,0.24906249366549774,2847.359375,16.0,13.0,21.0,815.0,32.0
1.5201010101010104,12200.0,0.8,544.3628158844765,0.24827194778343098,2847.359375,16.0,13.0,21.0,831.0,32.0
1.5201010101010104,12400.0,0.78,543.2612559241707,0.24154217258224717,2847.359375,12.0,16.0,22.0,844.0,32.0
1.5201010101010104,12600.0,0.74,541.7128770301624,0.2317718362961912,2847.359375,11.0,18.0,21.0,862.0,32.0
1.5201010101010104,12800.0,0.8,542.7431506849315,0.22398799991891838,2847.359375,11.0,18.0,21.0,876.0,32.0
1.5201010101010104,13000.0,0.76,542.6923509561304,0.21987310725072468,2847.359375,12.0,18.0,20.0,889.0,32.0
1.5201010101010104,13200.0,0.78,541.6157662624036,0.22190014797397278,2847.359375,10.0,20.0,20.0,907.0,32.0
1.5201010101010104,13400.0,0.78,536.887201735358,0.22824478543773943,3164.3333333333335,14.0,17.0,19.0,922.0,33.0
1.5201010101010104,13600.0,0.78,536.1661341853035,0.23029209656822006,3164.3333333333335,13.0,18.0,19.0,939.0,33.0
1.5201010101010104,13800.0,0.74,535.2766736401674,0.23825836661058522,3164.3333333333335,13.0,16.0,21.0,956.0,33.0
1.5201010101010104,14000.0,0.78,534.1675204918033,0.2431435347536132,3478.1029411764707,14.0,16.0,20.0,976.0,34.0
1.5201010101010104,14200.0,0.74,535.1839717741935,0.25161656497679036,3779.885714285714,15.0,14.0,21.0,992.0,35.0
1.5201010101010104,14400.0,0.8,533.3252475247525,0.25514361583524214,3779.885714285714,14.0,16.0,20.0,1010.0,35.0
1.5201010101010104,14600.0,0.8,534.4716796875,0.2556098352015892,3779.885714285714,14.0,16.0,20.0,1024.0,35.0
1.5201010101010104,14800.0,0.78,533.0818798449612,0.25731254940911763,3779.885714285714,16.0,15.0,19.0,1032.0,35.0
1.5201010101010104,15000.0,0.8,532.4173829990449,0.2543125291387104,3779.885714285714,13.0,19.0,18.0,1047.0,35.0
1.5201010101010104,15200.0,0.78,533.2999058380415,0.244988141811769,4092.2916666666665,13.0,18.0,19.0,1062.0,36.0
1.5201010101010104,15400.0,0.74,530.4507434944238,0.2440151622646099,4089.175675675676,13.0,19.0,18.0,1076.0,37.0
1.5201010101010104,15600.0,0.8,532.0785123966942,0.2483327590051284,4389.065789473684,15.0,17.0,18.0,1089.0,38.0
1.5201010101010104,15800.0,0.74,532.7382459312839,0.2535827944783411,4678.897435897436,14.0,17.0,19.0,1106.0,39.0
1.5201010101010104,16000.0,0.76,533.9008078994614,0.2562584882330286,4678.897435897436,14.0,17.0,19.0,1114.0,39.0
1.5503030303030305,0.0,0.0,nan,0.015202805424360975,nan,0.0,0.0,50.0,0.0,0.0
1.5503030303030305,200.0,0.3,151.5,0.035979972837654306,nan,0.0,11.0,39.0,1.0,0.0
1.5503030303030305,400.0,0.68,167.3,0.07493969553848337,nan,0.0,20.0,30.0,5.0,0.0
1.5503030303030305,600.0,0.8,213.3125,0.11556159163237589,561.0,2.0,18.0,30.0,8.0,2.0
1.5503030303030305,800.0,0.76,292.26666666666665,0.14941317171061966,669.0,7.0,13.0,30.0,15.0,7.0
1.5503030303030305,1000.0,0.78,315.8333333333333,0.17576470111284537,732.65,10.0,10.0,30.0,18.0,10.0
1.5503030303030305,1200.0,0.8,468.9423076923077,0.19311616970384934,828.0,13.0,7.0,30.0,26.0,14.0
1.5503030303030305,1400.0,0.78,589.2916666666666,0.20706220987979648,863.7333333333333,15.0,5.0,30.0,36.0,15.0
1.5503030303030305,1600.0,0.76,663.4583333333334,0.21596091865485578,897.46875,15.0,5.0,30.0,48.0,16.0
1.5503030303030305,1800.0,0.76,705.6181818181818,0.21944742869884257,945.1470588235294,15.0,5.0,30.0,55.0,17.0
1.5503030303030305,2000.0,0.8,690.3857142857142,0.21798795937810392,945.1470588235294,14.0,7.0,29.0,70.0,17.0
1.5503030303030305,2200.0,0.8,690.25,0.2183122858938236,945.1470588235294,14.0,7.0,29.0,84.0,17.0
1.5503030303030305,2400.0,0.78,665.1831683168317,0.22415016317677822,1015.75,15.0,7.0,28.0,101.0,18.0
1.5503030303030305,2600.0,0.78,678.9545454545455,0.2329475199156751,1095.157894736842,14.0,9.0,27.0,110.0,19.0
1.5503030303030305,2800.0,0.78,676.2478991596639,0.23645430036689438,1095.157894736842,13.0,10.0,27.0,119.0,19.0
1.5503030303030305,3000.0,0.8,670.9312977099237,0.23805566253826038,1183.475,14.0,9.0,27.0,131.0,20.0
1.5503030303030305,3200.0,0.76,665.1369863013699,0.2429205602740559,1274.4285714285713,17.0,6.0,27.0,146.0,21.0
1.5503030303030305,3400.0,0.8,662.7611464968153,0.2424948817221738,1370.7727272727273,17.0,6.0,27.0,157.0,22.0
1.5503030303030305,3600.0,0.8,653.8869047619048,0.24113676443759754,1370.7727272727273,17.0,6.0,27.0,168.0,22.0
1.5503030303030305,3800.0,0.78,648.3091397849462,0.2407718971074129,1471.5217391304348,17.0,7.0,26.0,186.0,23.0
1.5503030303030305,4000.0,0.78,656.0984848484849,0.24383272859951757,1471.5217391304348,16.0,8.0,26.0,198.0,23.0
1.5503030303030305,4200.0,0.78,654.3199052132701,0.24596112135892811,1580.5208333333333,17.0,7.0,26.0,211.0,24.0
1.5503030303030305,4400.0,0.8,646.3603603603603,0.24529219792025622,1580.5208333333333,17.0,7.0,26.0,222.0,24.0
1.5503030303030305,4600.0,0.78,654.9656652360514,0.24883951918594044,1580.5208333333333,17.0,7.0,26.0,233.0,24.0
1.5503030303030305,4800.0,0.72,654.4077868852459,0.2514544017189305,1580.5208333333333,18.0,6.0,26.0,244.0,24.0
1.5503030303030305,5000.0,0.78,649.9437984496124,0.24894087122210284,1580.5208333333333,18.0,6.0,26.0,258.0,24.0
1.5503030303030305,5200.0,0.8,652.9375,0.24750167230859668,1580.5208333333333,20.0,4.0,26.0,272.0,24.0
1.5503030303030305,5400.0,0.8,644.0602836879433,0.2432246163825431,1580.5208333333333,17.0,7.0,26.0,282.0,24.0
1.5503030303030305,5600.0,0.76,645.1976744186046,0.2362110554801046,1580.5208333333333,15.0,9.0,26.0,301.0,24.0
1.5503030303030305,5800.0,0.8,644.900641025641,0.23734619828512354,1580.5208333333333,16.0,8.0,26.0,312.0,24.0
1.5503030303030305,6000.0,0.76,645.6865443425077,0.23973810633855633,1580.5208333333333,15.0,9.0,26.0,327.0,24.0
1.5503030303030305,6200.0,0.74,637.8108504398826,0.24079216751464536,1580.5208333333333,15.0,10.0,25.0,341.0,24.0
1.5503030303030305,6400.0,0.78,628.9121813031162,0.23831917783228265,1580.5208333333333,15.0,10.0,25.0,353.0,24.0
1.5503030303030305,6600.0,0.8,628.5951086956521,0.23752863195021587,1580.5208333333333,15.0,10.0,25.0,368.0,24.0
1.5503030303030305,6800.0,0.78,623.2286821705426,0.23355563213264954,1580.5208333333333,15.0,10.0,25.0,387.0,24.0
1.5503030303030305,7000.0,0.78,617.7468982630273,0.2236231325887337,1580.5208333333333,12.0,13.0,25.0,403.0,24.0
1.5503030303030305,7200.0,0.78,612.8644067796611,0.22196095919567024,1580.5208333333333,12.0,14.0,24.0,413.0,24.0
1.5503030303030305,7400.0,0.78,610.1854838709677,0.2237244846248961,1580.5208333333333,13.0,13.0,24.0,434.0,24.0
1.5503030303030305,7600.0,0.78,609.2874449339207,0.22919749457766606,1580.5208333333333,14.0,14.0,22.0,454.0,24.0
1.5503030303030305,7800.0,0.8,603.6209503239741,0.23548132081973527,1580.5208333333333,15.0,13.0,22.0,463.0,24.0
1.5503030303030305,8000.0,0.76,605.796218487395,0.24294083068128838,1836.66,17.0,11.0,22.0,476.0,25.0
1.5503030303030305,8200.0,0.8,600.2038539553753,0.2431435347536132,1836.66,16.0,12.0,22.0,493.0,25.0
1.5503030303030305,8400.0,0.78,597.9326732673268,0.24462327448158433,1836.66,15.0,14.0,21.0,505.0,25.0
1.5503030303030305,8600.0,0.78,596.9132947976879,0.24817059574726857,2091.980769230769,17.0,12.0,21.0,519.0,26.0
1.5503030303030305,8800.0,0.72,595.7757973733584,0.24744086108689922,2091.980769230769,16.0,13.0,21.0,533.0,26.0
1.5503030303030305,9000.0,0.8,595.8213627992634,0.24385299900675003,2091.980769230769,15.0,14.0,21.0,543.0,26.0
1.5503030303030305,9200.0,0.78,593.3336298932385,0.2429205602740559,2351.8703703703704,16.0,12.0,22.0,562.0,27.0
1.5503030303030305,9400.0,0.78,589.8765112262522,0.24817059574726857,2351.8703703703704,17.0,13.0,20.0,579.0,27.0
1.5503030303030305,9600.0,0.78,591.4847457627119,0.25222467719376485,2351.8703703703704,16.0,14.0,20.0,590.0,27.0
1.5503030303030305,9800.0,0.78,590.6827242524917,0.2537854985506659,2611.1785714285716,16.0,14.0,20.0,602.0,28.0
1.5503030303030305,10000.0,0.8,594.2796747967479,0.2480084324894087,2611.1785714285716,14.0,17.0,19.0,615.0,28.0
1.5503030303030305,10200.0,0.76,593.9635499207607,0.2433665092331705,2611.1785714285716,14.0,17.0,19.0,631.0,28.0
1.5503030303030305,10400.0,0.78,588.7364760432766,0.24263677457280117,2874.5344827586205,15.0,16.0,19.0,647.0,29.0
1.5503030303030305,10600.0,0.78,586.4428571428572,0.24296110108852087,2874.5344827586205,12.0,19.0,19.0,665.0,29.0
1.5503030303030305,10800.0,0.8,581.9526239067055,0.24150163176778222,2874.5344827586205,13.0,18.0,19.0,686.0,29.0
1.5503030303030305,11000.0,0.8,581.2539454806313,0.23973810633855633,2874.5344827586205,13.0,18.0,19.0,697.0,29.0
1.5503030303030305,11200.0,0.78,580.5428370786517,0.2399002695964162,2874.5344827586205,13.0,19.0,18.0,712.0,29.0
1.5503030303030305,11400.0,0.78,576.059065934066,0.23702187176940384,2874.5344827586205,13.0,19.0,18.0,728.0,29.0
1.5503030303030305,11600.0,0.78,575.2073825503355,0.24206920317029168,2874.5344827586205,12.0,20.0,18.0,745.0,29.0
1.5503030303030305,11800.0,0.78,574.3554533508542,0.24480570814667665,3167.5333333333333,13.0,19.0,18.0,761.0,30.0
1.5503030303030305,12000.0,0.8,569.46529562982,0.24515030506962884,3167.5333333333333,13.0,19.0,18.0,778.0,30.0
1.5503030303030305,12200.0,0.8,571.1273525721456,0.24958952425354225,3454.548387096774,14.0,18.0,18.0,797.0,31.0
1.5503030303030305,12400.0,0.74,568.0552825552826,0.2501976364705167,3454.548387096774,13.0,19.0,18.0,814.0,31.0
1.5503030303030305,12600.0,0.78,567.0169696969697,0.25206251393590495,3454.548387096774,14.0,18.0,18.0,825.0,31.0
1.5503030303030305,12800.0,0.76,563.7242603550296,0.2518395394563477,4018.378787878788,16.0,16.0,18.0,845.0,33.0
1.5503030303030305,13000.0,0.8,560.9461181923523,0.2530152230758316,4018.378787878788,16.0,18.0,16.0,863.0,33.0
1.5503030303030305,13200.0,0.78,559.4965870307167,0.25252873330225206,4018.378787878788,15.0,20.0,15.0,879.0,33.0
1.5503030303030305,13400.0,0.78,554.7089800443459,0.2533192791843188,4018.378787878788,13.0,22.0,15.0,902.0,33.0
1.5503030303030305,13600.0,0.78,553.616847826087,0.2531368455192265,4296.279411764706,13.0,22.0,15.0,920.0,34.0
1.5503030303030305,13800.0,0.76,551.0832438238454,0.25544767194372936,4563.657142857143,14.0,21.0,15.0,931.0,35.0
1.5503030303030305,14000.0,0.74,550.2936507936508,0.25260981493118195,4822.291666666667,16.0,18.0,16.0,945.0,36.0
1.5503030303030305,14200.0,0.78,551.3439457202505,0.24533273873472117,4822.291666666667,14.0,20.0,16.0,958.0,36.0
1.5503030303030305,14400.0,0.8,551.4042224510814,0.245535442807046,4822.291666666667,11.0,23.0,16.0,971.0,36.0
1.5503030303030305,14600.0,0.8,551.459595959596,0.24841384063405833,4822.291666666667,10.0,23.0,17.0,990.0,36.0
1.5503030303030305,14800.0,0.76,548.1763833992095,0.24817059574726857,4822.291666666667,15.0,19.0,16.0,1012.0,36.0
1.5503030303030305,15000.0,0.8,547.8211143695015,0.24916384570166014,4822.291666666667,13.0,21.0,16.0,1023.0,36.0
1.5503030303030305,15200.0,0.76,546.1902485659656,0.24541382036365111,4822.291666666667,12.0,22.0,16.0,1046.0,36.0
1.5503030303030305,15400.0,0.8,544.1110065851364,0.24223136642815155,4822.291666666667,14.0,20.0,16.0,1063.0,36.0
1.5503030303030305,15600.0,0.8,542.5161887141536,0.24267731538726614,4822.291666666667,12.0,21.0,17.0,1081.0,36.0
1.5503030303030305,15800.0,0.78,540.6352459016393,0.24172460624733952,4822.291666666667,12.0,22.0,16.0,1098.0,36.0
1.5503030303030305,16000.0,0.78,541.8375337533753,0.2425962337583362,4822.291666666667,11.0,23.0,16.0,1111.0,36.0
1.5805050505050506,0.0,0.0,nan,0.015202805424360975,nan,0.0,0.0,50.0,0.0,0.0
1.5805050505050506,200.0,0.38,nan,0.041169197089169524,nan,0.0,14.0,36.0,0.0,0.0
1.5805050505050506,400.0,0.74,246.5,0.08833843471915351,nan,0.0,20.0,30.0,3.0,0.0
1.5805050505050506,600.0,0.78,245.3181818181818,0.1307238562422719,502.4,5.0,16.0,29.0,11.0,5.0
1.5805050505050506,800.0,0.8,310.2,0.1642308393975635,620.25,10.0,11.0,29.0,15.0,10.0
1.5805050505050506,1000.0,0.78,358.46,0.18531206291934404,689.1071428571429,14.0,7.0,29.0,25.0,14.0
1.5805050505050506,1200.0,0.78,457.0,0.20169055196318894,745.53125,16.0,5.0,29.0,34.0,16.0
1.5805050505050506,1400.0,0.74,580.9081632653061,0.21067034236717816,778.0882352941177,16.0,4.0,30.0,49.0,17.0
1.5805050505050506,1600.0,0.8,628.9237288135594,0.21715687268157216,821.6666666666666,15.0,5.0,30.0,59.0,18.0
1.5805050505050506,1800.0,0.76,605.26,0.22185960715950784,872.6052631578947,16.0,5.0,29.0,75.0,19.0
1.5805050505050506,2000.0,0.78,572.021052631579,0.22777856607139238,924.9,18.0,4.0,28.0,95.0,20.0
1.5805050505050506,2200.0,0.78,570.5801886792453,0.2323191372914682,983.8571428571429,15.0,8.0,27.0,106.0,21.0
1.5805050505050506,2400.0,0.78,595.5588235294117,0.23183264751788862,983.8571428571429,17.0,6.0,27.0,119.0,21.0
1.5805050505050506,2600.0,0.76,595.8082706766917,0.23118399448644925,983.8571428571429,17.0,6.0,27.0,133.0,21.0
1.5805050505050506,2800.0,0.78,593.3605442176871,0.23357590253988203,1063.4318181818182,19.0,4.0,27.0,147.0,22.0
1.5805050505050506,3000.0,0.8,582.6855345911949,0.2327448158433503,1063.4318181818182,18.0,5.0,27.0,159.0,22.0
1.5805050505050506,3200.0,0.76,570.3735632183908,0.2239677295116859,1063.4318181818182,15.0,7.0,28.0,174.0,22.0
1.5805050505050506,3400.0,0.78,574.6789473684211,0.21715687268157216,1063.4318181818182,11.0,11.0,28.0,190.0,22.0
1.5805050505050506,3600.0,0.8,573.59375,0.21654876046459773,1063.4318181818182,15.0,8.0,27.0,208.0,22.0
1.5805050505050506,3800.0,0.78,554.2101769911504,0.2158392962114609,1063.4318181818182,13.0,11.0,26.0,226.0,22.0
1.5805050505050506,4000.0,0.78,556.8879668049792,0.22088662761234873,1189.5217391304348,14.0,11.0,25.0,241.0,23.0
1.5805050505050506,4200.0,0.78,556.5,0.22846775991729673,1189.5217391304348,15.0,10.0,25.0,253.0,23.0
1.5805050505050506,4400.0,0.74,552.6518518518518,0.23027182616098757,1322.6041666666667,15.0,10.0,25.0,270.0,24.0
1.5805050505050506,4600.0,0.8,544.3916083916084,0.2359880810005473,1322.6041666666667,18.0,7.0,25.0,286.0,24.0
1.5805050505050506,4800.0,0.8,540.1450511945393,0.23645430036689438,1322.6041666666667,16.0,10.0,24.0,293.0,24.0
1.5805050505050506,5000.0,0.8,552.913961038961,0.23367725457604444,1322.6041666666667,14.0,13.0,23.0,308.0,24.0
1.5805050505050506,5200.0,0.78,551.5369230769231,0.22899479050534124,1322.6041666666667,16.0,11.0,23.0,325.0,24.0
1.5805050505050506,5400.0,0.78,547.8076923076923,0.23004885168143027,1322.6041666666667,16.0,11.0,23.0,338.0,24.0
1.5805050505050506,5600.0,0.8,550.3423295454545,0.22583260697707416,1322.6041666666667,15.0,12.0,23.0,352.0,24.0
1.5805050505050506,5800.0,0.78,542.656,0.2210285204629761,1497.4,15.0,12.0,23.0,375.0,25.0
1.5805050505050506,6000.0,0.8,548.8049738219895,0.21618389313441308,1497.4,13.0,14.0,23.0,382.0,25.0
1.5805050505050506,6200.0,0.78,547.9173027989822,0.21178521476496462,1497.4,14.0,13.0,23.0,393.0,25.0
1.5805050505050506,6400.0,0.78,557.0698529411765,0.21360955141588794,1684.5192307692307,13.0,14.0,23.0,408.0,26.0
1.5805050505050506,6600.0,0.8,557.9774346793349,0.2210285204629761,1684.5192307692307,12.0,15.0,23.0,421.0,26.0
1.5805050505050506,6800.0,0.76,554.0068493150685,0.23392049946283422,1684.5192307692307,15.0,13.0,22.0,438.0,26.0
1.5805050505050506,7000.0,0.8,553.2588495575221,0.24545436117811606,1874.8148148148148,19.0,9.0,22.0,452.0,27.0
1.5805050505050506,7200.0,0.78,556.2786177105831,0.24581922850830074,1874.8148148148148,17.0,11.0,22.0,463.0,27.0
1.5805050505050506,7400.0,0.78,554.954356846473,0.2446638152960493,1874.8148148148148,19.0,9.0,22.0,482.0,27.0
1.5805050505050506,7600.0,0.78,555.6852226720648,0.24277866742342855,2074.964285714286,16.0,12.0,22.0,494.0,28.0
1.5805050505050506,7800.0,0.78,553.5552268244576,0.23919080534327936,2074.964285714286,16.0,13.0,21.0,507.0,28.0
1.5805050505050506,8000.0,0.76,546.6124763705104,0.24008270326150852,2074.964285714286,16.0,13.0,21.0,529.0,28.0
1.5805050505050506,8200.0,0.74,542.9590163934427,0.23450834127257617,2074.964285714286,13.0,15.0,22.0,549.0,28.0
1.5805050505050506,8400.0,0.8,545.5169039145908,0.2350151014533882,2074.964285714286,14.0,14.0,22.0,562.0,28.0
1.5805050505050506,8600.0,0.76,541.2029360967185,0.23019074453205765,2074.964285714286,14.0,15.0,21.0,579.0,28.0
1.5805050505050506,8800.0,0.76,541.6742043551088,0.2272920762978128,2074.964285714286,16.0,13.0,21.0,597.0,28.0
1.5805050505050506,9000.0,0.8,538.3009787928222,0.2289339792836438,2074.964285714286,13.0,16.0,21.0,613.0,28.0
1.5805050505050506,9200.0,0.8,539.3688,0.2303529077899175,2315.810344827586,14.0,15.0,21.0,625.0,29.0
1.5805050505050506,9400.0,0.78,536.2307692307693,0.23213670362637587,2315.810344827586,13.0,17.0,20.0,637.0,29.0
1.5805050505050506,9600.0,0.8,533.1917808219179,0.22412989276954573,2553.35,14.0,16.0,20.0,657.0,30.0
1.5805050505050506,9800.0,0.78,529.7765486725664,0.21612308191271562,2553.35,13.0,16.0,21.0,678.0,30.0
1.5805050505050506,10000.0,0.8,530.6630901287554,0.21780552571301157,2553.35,14.0,16.0,20.0,699.0,30.0
1.5805050505050506,10200.0,0.78,529.7489539748954,0.22621774471449133,2553.35,15.0,15.0,20.0,717.0,30.0
1.5805050505050506,10400.0,0.78,527.8513698630137,0.23438671882918127,2553.35,15.0,14.0,21.0,730.0,30.0
1.5805050505050506,10600.0,0.78,525.1717914438502,0.2315285914094014,2553.35,14.0,16.0,20.0,748.0,30.0
1.5805050505050506,10800.0,0.78,521.0977835723598,0.22745423955567268,2553.35,12.0,18.0,20.0,767.0,30.0
1.5805050505050506,11000.0,0.78,520.2100893997446,0.22664342326637343,2553.35,11.0,18.0,21.0,783.0,30.0
1.5805050505050506,11200.0,0.8,520.964824120603,0.22552855086858695,2827.8064516129034,13.0,17.0,20.0,796.0,31.0
1.5805050505050506,11400.0,0.74,518.1136919315403,0.22492043865161251,2827.8064516129034,12.0,18.0,20.0,818.0,31.0
1.5805050505050506,11600.0,0.8,516.8998793727383,0.2283866782883668,2827.8064516129034,14.0,17.0,19.0,829.0,31.0
1.5805050505050506,11800.0,0.78,516.411938534279,0.22702856100379057,3108.078125,12.0,20.0,18.0,846.0,32.0
1.5805050505050506,12000.0,0.78,517.9347575057736,0.23604889222224473,3865.5714285714284,14.0,17.0,19.0,866.0,35.0
1.5805050505050506,12200.0,0.8,517.0267349260523,0.24204893276305922,3865.5714285714284,15.0,16.0,19.0,879.0,35.0
1.5805050505050506,12400.0,0.8,517.1808035714286,0.24217055520645409,3865.5714285714284,16.0,15.0,19.0,896.0,35.0
1.5805050505050506,12600.0,0.78,515.406043956044,0.23758944317191333,3865.5714285714284,16.0,15.0,19.0,910.0,35.0
1.5805050505050506,12800.0,0.78,515.9082519001086,0.2344678004581112,3865.5714285714284,15.0,16.0,19.0,921.0,35.0
1.5805050505050506,13000.0,0.78,515.5042507970245,0.23008939249589525,3865.5714285714284,15.0,17.0,18.0,941.0,35.0
1.5805050505050506,13200.0,0.78,516.2701149425287,0.22453530091419538,3865.5714285714284,13.0,17.0,20.0,957.0,35.0
1.5805050505050506,13400.0,0.76,515.8477366255144,0.21861634200231084,3865.5714285714284,11.0,18.0,21.0,972.0,35.0
1.5805050505050506,13600.0,0.8,514.0437625754527,0.21610281150548313,3865.5714285714284,10.0,20.0,20.0,994.0,35.0
1.5805050505050506,13800.0,0.74,513.2134328358209,0.216264974763343,4136.972222222223,11.0,19.0,20.0,1005.0,36.0
1.5805050505050506,14000.0,0.78,513.110510805501,0.2147244238136744,4136.972222222223,12.0,17.0,21.0,1018.0,36.0
1.5805050505050506,14200.0,0.8,514.4768115942029,0.2202582449881418,4136.972222222223,11.0,20.0,19.0,1035.0,36.0
1.5805050505050506,14400.0,0.76,513.3486281929991,0.22214339286076257,4409.972972972973,13.0,18.0,19.0,1057.0,37.0
1.5805050505050506,14600.0,0.8,512.7678236397749,0.22794072932925222,4409.972972972973,12.0,18.0,20.0,1066.0,37.0
1.5805050505050506,14800.0,0.76,510.83194444444445,0.23637321873796444,4409.972972972973,12.0,19.0,19.0,1080.0,37.0
1.5805050505050506,15000.0,0.78,511.3586459286368,0.23876512679139725,4409.972972972973,17.0,14.0,19.0,1093.0,37.0
1.5805050505050506,15200.0,0.74,512.1693693693694,0.23961648389516146,4409.972972972973,16.0,13.0,21.0,1110.0,37.0
1.5805050505050506,15400.0,0.8,513.4822537710736,0.2416232542111771,4380.763157894737,16.0,13.0,21.0,1127.0,38.0
1.5805050505050506,15600.0,0.8,512.4736842105264,0.24154217258224717,4380.763157894737,15.0,15.0,20.0,1140.0,38.0
1.5805050505050506,15800.0,0.8,511.13368055555554,0.2443192183730971,4380.763157894737,15.0,16.0,19.0,1152.0,38.0
1.5805050505050506,16000.0,0.8,512.7134879725086,0.24198812154136176,4380.763157894737,14.0,17.0,19.0,1164.0,38.0
1.610707070707071,0.0,0.0,nan,0.015202805424360975,nan,0.0,0.0,50.0,0.0,0.0
1.610707070707071,200.0,0.38,nan,0.041169197089169524,nan,0.0,14.0,36.0,0.0,0.0
1.610707070707071,400.0,0.72,127.5,0.08667626132609003,nan,0.0,18.0,32.0,4.0,0.0
1.610707070707071,600.0,0.78,152.91666666666666,0.12573733606308152,527.0833333333334,6.0,13.0,31.0,6.0,6.0
1.610707070707071,800.0,0.8,255.6818181818182,0.15898080392435085,606.1,10.0,9.0,31.0,11.0,10.0
1.610707070707071,1000.0,0.78,385.1764705882353,0.17868363975432267,677.9642857142857,13.0,6.0,31.0,17.0,14.0
1.610707070707071,1200.0,0.76,484.0217391304348,0.19258913911580483,754.2647058823529,17.0,2.0,31.0,23.0,17.0
1.610707070707071,1400.0,0.8,557.8194444444445,0.20181217440658383,785.5277777777778,17.0,4.0,29.0,36.0,18.0
1.610707070707071,1600.0,0.8,673.1538461538462,0.21391360752437516,785.5277777777778,16.0,5.0,29.0,52.0,18.0
1.610707070707071,1800.0,0.78,668.188524590164,0.22627855593618876,785.5277777777778,16.0,6.0,28.0,61.0,18.0
1.610707070707071,2000.0,0.8,730.2042253521126,0.22490016824438003,785.5277777777778,15.0,8.0,27.0,71.0,18.0
1.610707070707071,2200.0,0.78,730.4821428571429,0.22824478543773943,856.2631578947369,16.0,7.0,27.0,84.0,19.0
1.610707070707071,2400.0,0.8,736.8089887640449,0.23033263738268503,931.0,16.0,7.0,27.0,89.0,20.0
1.610707070707071,2600.0,0.78,730.82,0.23114345367198427,1073.1363636363637,18.0,5.0,27.0,100.0,22.0
1.610707070707071,2800.0,0.78,736.3675213675214,0.23116372407921676,1140.0869565217392,19.0,4.0,27.0,117.0,23.0
1.610707070707071,3000.0,0.76,692.2148148148148,0.2312245353009142,1140.0869565217392,16.0,7.0,27.0,135.0,23.0
1.610707070707071,3200.0,0.8,682.0833333333334,0.2318529179251211,1140.0869565217392,15.0,8.0,27.0,150.0,23.0
1.610707070707071,3400.0,0.74,681.2951807228916,0.23092047919242698,1140.0869565217392,15.0,8.0,27.0,166.0,23.0
1.610707070707071,3600.0,0.78,655.2722222222222,0.22668396408083838,1140.0869565217392,15.0,9.0,26.0,180.0,23.0
1.610707070707071,3800.0,0.8,643.6735751295337,0.22064338272555895,1140.0869565217392,14.0,10.0,26.0,193.0,23.0
1.610707070707071,4000.0,0.76,631.6395348837209,0.22313664281515416,1140.0869565217392,17.0,7.0,26.0,215.0,23.0
1.610707070707071,4200.0,0.8,625.0175438596491,0.23025155575375508,1140.0869565217392,16.0,8.0,26.0,228.0,23.0
1.610707070707071,4400.0,0.8,611.2731092436975,0.22903533131980622,1140.0869565217392,13.0,11.0,26.0,238.0,23.0
1.610707070707071,4600.0,0.76,608.16796875,0.22145419901485822,1140.0869565217392,13.0,12.0,25.0,256.0,23.0
1.610707070707071,4800.0,0.76,606.6067415730337,0.21407577078223503,1140.0869565217392,13.0,11.0,26.0,267.0,23.0
1.610707070707071,5000.0,0.78,605.8902877697842,0.20760951087507348,1292.7916666666667,12.0,12.0,26.0,278.0,24.0
1.610707070707071,5200.0,0.8,612.4031141868512,0.20339326617071737,1442.0,13.0,11.0,26.0,289.0,25.0
1.610707070707071,5400.0,0.8,619.612012987013,0.2092108730464395,1442.0,12.0,12.0,26.0,308.0,25.0
1.610707070707071,5600.0,0.78,606.4463190184049,0.21620416354164554,1442.0,13.0,12.0,25.0,326.0,25.0
1.610707070707071,5800.0,0.78,604.6283582089552,0.22242717856201732,1609.0384615384614,15.0,10.0,25.0,335.0,26.0
1.610707070707071,6000.0,0.76,602.2776203966006,0.22755559159183508,1609.0384615384614,14.0,11.0,25.0,353.0,26.0
1.610707070707071,6200.0,0.76,601.3214285714286,0.23505564226785317,1609.0384615384614,16.0,11.0,23.0,364.0,26.0
1.610707070707071,6400.0,0.78,603.7026666666667,0.24265704498003365,1609.0384615384614,16.0,11.0,23.0,375.0,26.0
1.610707070707071,6600.0,0.8,604.0590551181102,0.25076520787302614,1789.9074074074074,15.0,12.0,23.0,381.0,27.0
1.610707070707071,6800.0,0.8,607.1153846153846,0.2537449577362009,1967.0892857142858,14.0,14.0,22.0,390.0,28.0
1.610707070707071,7000.0,0.78,610.8471882640587,0.2537246873289684,1967.0892857142858,17.0,11.0,22.0,409.0,28.0
1.610707070707071,7200.0,0.78,602.5221445221446,0.2506435854296313,1967.0892857142858,15.0,13.0,22.0,429.0,28.0
1.610707070707071,7400.0,0.78,604.1438202247191,0.247136804978412,2151.137931034483,18.0,10.0,22.0,445.0,29.0
1.610707070707071,7600.0,0.8,595.7222222222222,0.24405570307907487,2151.137931034483,16.0,11.0,23.0,459.0,29.0
1.610707070707071,7800.0,0.74,591.811320754717,0.23771106561530822,2151.137931034483,15.0,12.0,23.0,477.0,29.0
1.610707070707071,8000.0,0.8,588.2464358452138,0.23823809620335273,2151.137931034483,16.0,11.0,23.0,491.0,29.0
1.610707070707071,8200.0,0.78,588.1715686274509,0.2375083615429834,2151.137931034483,14.0,14.0,22.0,510.0,29.0
1.610707070707071,8400.0,0.78,578.8201506591337,0.23813674416719033,2151.137931034483,15.0,13.0,22.0,531.0,29.0
1.610707070707071,8600.0,0.8,572.2218181818182,0.24063000425678552,2151.137931034483,15.0,15.0,20.0,550.0,29.0
1.610707070707071,8800.0,0.8,574.3982142857143,0.2426975857944986,2151.137931034483,15.0,15.0,20.0,560.0,29.0
1.610707070707071,9000.0,0.8,568.4878892733564,0.2396570247096264,2151.137931034483,13.0,16.0,21.0,578.0,29.0
1.610707070707071,9200.0,0.78,569.1161016949153,0.23833944823951514,2381.983333333333,15.0,13.0,22.0,590.0,30.0
1.610707070707071,9400.0,0.76,568.4753289473684,0.2360894330367097,2381.983333333333,13.0,16.0,21.0,608.0,30.0
1.610707070707071,9600.0,0.78,565.6637096774193,0.23010966290312773,2381.983333333333,12.0,17.0,21.0,620.0,30.0
1.610707070707071,9800.0,0.76,563.9241001564945,0.23325157602416233,2381.983333333333,13.0,17.0,20.0,639.0,30.0
1.610707070707071,10000.0,0.76,562.0779122541603,0.22942046905722335,2625.6612903225805,13.0,17.0,20.0,661.0,31.0
1.610707070707071,10200.0,0.76,559.3197329376854,0.23227859647700322,2861.796875,12.0,18.0,20.0,674.0,32.0
1.610707070707071,10400.0,0.76,558.8394160583941,0.23540023919080535,2861.796875,14.0,16.0,20.0,685.0,32.0
1.610707070707071,10600.0,0.78,555.981455064194,0.23392049946283422,2861.796875,15.0,14.0,21.0,701.0,32.0
1.610707070707071,10800.0,0.8,551.461057023644,0.2367583564753816,2861.796875,15.0,14.0,21.0,719.0,32.0
1.610707070707071,11000.0,0.8,556.4111261872456,0.2409948715869702,2861.796875,15.0,14.0,21.0,737.0,32.0
1.610707070707071,11200.0,0.78,555.8867292225201,0.24415705511523728,2861.796875,15.0,14.0,21.0,746.0,32.0
1.610707070707071,11400.0,0.78,553.3337696335078,0.24373137656335517,2861.796875,15.0,14.0,21.0,764.0,32.0
1.610707070707071,11600.0,0.76,553.0032092426187,0.24069081547848295,2861.796875,14.0,15.0,21.0,779.0,32.0
1.610707070707071,11800.0,0.76,551.7261306532663,0.2404475705916932,2861.796875,14.0,16.0,20.0,796.0,32.0
1.610707070707071,12000.0,0.8,552.2301488833747,0.23203535159021343,2861.796875,14.0,15.0,21.0,806.0,32.0
1.610707070707071,12200.0,0.8,552.0650060753342,0.22680558652423327,3141.348484848485,14.0,15.0,21.0,823.0,33.0
1.610707070707071,12400.0,0.8,550.5023781212842,0.23282589747228022,3141.348484848485,13.0,15.0,22.0,841.0,33.0
1.610707070707071,12600.0,0.8,551.281103286385,0.23758944317191333,3141.348484848485,14.0,14.0,22.0,852.0,33.0
1.610707070707071,12800.0,0.8,550.9994226327944,0.23777187683700565,3141.348484848485,16.0,12.0,22.0,866.0,33.0
1.610707070707071,13000.0,0.78,550.0571913929784,0.22958263231508322,3141.348484848485,12.0,16.0,22.0,883.0,33.0
1.610707070707071,13200.0,0.78,547.6988826815642,0.22727180589058035,3141.348484848485,11.0,19.0,20.0,895.0,33.0
1.610707070707071,13400.0,0.76,548.2246455834243,0.22652180082297854,3141.348484848485,12.0,18.0,20.0,917.0,33.0
1.610707070707071,13600.0,0.72,546.6169527896996,0.224940709058845,3141.348484848485,12.0,18.0,20.0,932.0,33.0
1.610707070707071,13800.0,0.8,542.8314136125655,0.22933938742829343,3141.348484848485,14.0,16.0,20.0,955.0,33.0
1.610707070707071,14000.0,0.76,541.320618556701,0.23250157095656052,3141.348484848485,14.0,17.0,19.0,970.0,33.0
1.610707070707071,14200.0,0.78,542.3870803662259,0.23584618814991992,3242.5882352941176,15.0,16.0,19.0,983.0,34.0
1.610707070707071,14400.0,0.78,540.2415,0.23444753005087873,3242.5882352941176,13.0,17.0,20.0,1000.0,34.0
1.610707070707071,14600.0,0.78,537.9822660098522,0.23471104534490098,3242.5882352941176,13.0,16.0,21.0,1015.0,34.0
1.610707070707071,14800.0,0.8,539.564264849075,0.23312995358076744,3242.5882352941176,14.0,14.0,22.0,1027.0,34.0
1.610707070707071,15000.0,0.74,537.4571428571429,0.23432590760748384,3242.5882352941176,14.0,16.0,20.0,1050.0,34.0
1.610707070707071,15200.0,0.8,537.8704225352112,0.24164352461840957,3242.5882352941176,13.0,19.0,18.0,1065.0,34.0
1.610707070707071,15400.0,0.76,536.6509785647717,0.24677193764822736,3453.4857142857145,14.0,18.0,18.0,1073.0,35.0
1.610707070707071,15600.0,0.8,537.4771271729186,0.2526706261528794,3453.4857142857145,16.0,15.0,19.0,1093.0,35.0
1.610707070707071,15800.0,0.8,535.6350135013502,0.2544341515821053,3795.2083333333335,16.0,16.0,18.0,1111.0,36.0
1.610707070707071,16000.0,0.8,532.1523090586146,0.2562584882330286,3730.9324324324325,16.0,16.0,18.0,1126.0,37.0
1.640909090909091,0.0,0.0,nan,0.015202805424360975,nan,0.0,0.0,50.0,0.0,0.0
1.640909090909091,200.0,0.32,147.0,0.03985162061905824,nan,0.0,14.0,36.0,1.0,0.0
1.640909090909091,400.0,0.78,147.0,0.08572355218616343,nan,0.0,21.0,29.0,1.0,0.0
1.640909090909091,600.0,0.78,245.71428571428572,0.13078466746396936,523.75,2.0,19.0,29.0,7.0,2.0
1.640909090909091,800.0,0.76,305.40909090909093,0.16881195143210428,659.75,12.0,9.0,29.0,11.0,12.0
1.640909090909091,1000.0,0.78,411.8529411764706,0.19362292988466137,715.90625,16.0,5.0,29.0,17.0,16.0
1.640909090909091,1200.0,0.8,570.5689655172414,0.2084608679788377,739.4117647058823,16.0,5.0,29.0,29.0,17.0
1.640909090909091,1400.0,0.78,610.9358974358975,0.21808931141426632,769.0277777777778,17.0,4.0,29.0,39.0,18.0
1.640909090909091,1600.0,0.76,677.1442307692307,0.22492043865161251,810.5526315789474,16.0,5.0,29.0,52.0,19.0
1.640909090909091,1800.0,0.78,685.5579710144928,0.22792045892201973,856.05,17.0,4.0,29.0,69.0,20.0
1.640909090909091,2000.0,0.8,696.5384615384615,0.2326231933999554,856.05,18.0,4.0,28.0,78.0,20.0
1.640909090909091,2200.0,0.78,673.1847826086956,0.23525834634017798,856.05,17.0,6.0,27.0,92.0,20.0
1.640909090909091,2400.0,0.8,643.5700934579439,0.23752863195021587,856.05,19.0,4.0,27.0,107.0,20.0
1.640909090909091,2600.0,0.8,626.2541666666667,0.23592726977884987,930.547619047619,16.0,7.0,27.0,120.0,21.0
1.640909090909091,2800.0,0.8,605.4779411764706,0.2324002189203981,930.547619047619,17.0,7.0,26.0,136.0,21.0
1.640909090909091,3000.0,0.8,608.16,0.23473131575213346,930.547619047619,18.0,6.0,26.0,150.0,21.0
1.640909090909091,3200.0,0.8,615.3136645962733,0.23694079014047392,930.547619047619,19.0,5.0,26.0,161.0,21.0
1.640909090909091,3400.0,0.8,626.54802259887,0.22913668335596862,930.547619047619,17.0,8.0,25.0,177.0,21.0
1.640909090909091,3600.0,0.78,610.6848958333334,0.22240690815478484,930.547619047619,15.0,10.0,25.0,192.0,21.0
1.640909090909091,3800.0,0.78,605.7450980392157,0.22031905620983924,930.547619047619,15.0,10.0,25.0,204.0,21.0
1.640909090909091,4000.0,0.78,601.8986175115207,0.21405550037500254,930.547619047619,14.0,11.0,25.0,217.0,21.0
1.640909090909091,4200.0,0.8,603.1218487394958,0.21476496462813938,1071.5,12.0,13.0,25.0,238.0,22.0
1.640909090909091,4400.0,0.78,585.08203125,0.22046094906046662,1071.5,15.0,11.0,24.0,256.0,22.0
1.640909090909091,4600.0,0.74,585.080223880597,0.22490016824438003,1223.0,16.0,10.0,24.0,268.0,23.0
1.640909090909091,4800.0,0.76,578.7067137809187,0.2318731883323536,1223.0,15.0,11.0,24.0,283.0,23.0
1.640909090909091,5000.0,0.8,575.4048442906575,0.23793404009486552,1379.3333333333333,17.0,10.0,23.0,289.0,24.0
1.640909090909091,5200.0,0.8,581.6094771241831,0.24150163176778222,1529.66,17.0,10.0,23.0,306.0,25.0
1.640909090909091,5400.0,0.8,586.5907643312102,0.24125838688099244,1529.66,15.0,12.0,23.0,314.0,25.0
1.640909090909091,5600.0,0.78,591.9893617021277,0.23811647375995784,1529.66,16.0,11.0,23.0,329.0,25.0
1.640909090909091,5800.0,0.78,589.4126074498568,0.23146778018770398,1688.0384615384614,16.0,11.0,23.0,349.0,26.0
1.640909090909091,6000.0,0.8,581.0379403794038,0.2268866681531632,1841.9259259259259,15.0,12.0,23.0,369.0,27.0
1.640909090909091,6200.0,0.8,574.0817941952506,0.2344678004581112,1841.9259259259259,16.0,11.0,23.0,379.0,27.0
1.640909090909091,6400.0,0.78,571.4685929648241,0.23951513185899906,1841.9259259259259,14.0,13.0,23.0,398.0,27.0
1.640909090909091,6600.0,0.78,568.1002415458937,0.23572456570652506,1841.9259259259259,13.0,14.0,23.0,414.0,27.0
1.640909090909091,6800.0,0.78,569.013986013986,0.235217805525713,1841.9259259259259,14.0,14.0,22.0,429.0,27.0
1.640909090909091,7000.0,0.8,568.883295194508,0.23308941276630246,1841.9259259259259,15.0,13.0,22.0,437.0,27.0
1.640909090909091,7200.0,0.78,570.6761487964989,0.2272920762978128,1841.9259259259259,14.0,14.0,22.0,457.0,27.0
1.640909090909091,7400.0,0.8,565.0591966173362,0.22648126000851357,1841.9259259259259,14.0,14.0,22.0,473.0,27.0
1.640909090909091,7600.0,0.78,559.2621457489879,0.22496097946607746,1841.9259259259259,15.0,13.0,22.0,494.0,27.0
1.640909090909091,7800.0,0.78,559.5784313725491,0.22171771430888046,1841.9259259259259,13.0,16.0,21.0,510.0,27.0
1.640909090909091,8000.0,0.8,554.7734225621415,0.2154946992885087,1841.9259259259259,13.0,17.0,20.0,523.0,27.0
1.640909090909091,8200.0,0.78,550.6598890942698,0.22042040824600168,1841.9259259259259,10.0,20.0,20.0,541.0,27.0
1.640909090909091,8400.0,0.74,549.843137254902,0.22984614760910546,2073.589285714286,12.0,18.0,20.0,561.0,28.0
1.640909090909091,8600.0,0.78,545.2949826989619,0.2386840451624673,2496.85,13.0,17.0,20.0,578.0,30.0
1.640909090909091,8800.0,0.74,541.4123102866779,0.2434475908621004,2496.85,12.0,18.0,20.0,593.0,30.0
1.640909090909091,9000.0,0.76,536.9455284552846,0.24831248859789593,2705.2096774193546,12.0,19.0,19.0,615.0,31.0
1.640909090909091,9200.0,0.76,530.698262243286,0.25510307502077717,2705.2096774193546,15.0,16.0,19.0,633.0,31.0
1.640909090909091,9400.0,0.78,529.0317829457364,0.25307603429752906,2705.2096774193546,13.0,18.0,19.0,645.0,31.0
1.640909090909091,9600.0,0.78,530.1225416036309,0.2572111973729552,2705.2096774193546,13.0,19.0,18.0,661.0,31.0
1.640909090909091,9800.0,0.76,530.6222056631892,0.24963006506800722,2705.2096774193546,13.0,19.0,18.0,671.0,31.0
1.640909090909091,10000.0,0.8,532.2757619738752,0.24235298887154644,2705.2096774193546,12.0,19.0,19.0,689.0,31.0
1.640909090909091,10200.0,0.74,533.4120171673819,0.23315022398799992,2705.2096774193546,12.0,20.0,18.0,699.0,31.0
1.640909090909091,10400.0,0.8,537.0322580645161,0.22810289258711208,2941.203125,12.0,20.0,18.0,713.0,32.0
1.640909090909091,10600.0,0.78,536.1604683195592,0.22968398435124562,2941.203125,11.0,22.0,17.0,726.0,32.0
1.640909090909091,10800.0,0.8,538.8272604588394,0.23540023919080535,3175.212121212121,12.0,21.0,17.0,741.0,33.0
1.640909090909091,11000.0,0.78,534.8074901445467,0.23517726471124806,3400.8676470588234,11.0,22.0,17.0,761.0,34.0
1.640909090909091,11200.0,0.76,530.2149234693877,0.23402185149899662,3400.8676470588234,11.0,22.0,17.0,784.0,34.0
1.640909090909091,11400.0,0.76,527.7673697270471,0.2320758924046784,3400.8676470588234,11.0,23.0,16.0,806.0,34.0
1.640909090909091,11600.0,0.74,524.3731884057971,0.23191372914681857,3400.8676470588234,11.0,22.0,17.0,828.0,34.0
1.640909090909091,11800.0,0.76,518.16,0.23223805566253827,3400.8676470588234,9.0,26.0,15.0,850.0,34.0
1.640909090909091,12000.0,0.78,515.2113163972286,0.22856911195345914,3400.8676470588234,10.0,26.0,14.0,866.0,34.0
1.640909090909091,12200.0,0.8,513.433257918552,0.23096102000689195,3649.042857142857,11.0,25.0,14.0,884.0,35.0
1.640909090909091,12400.0,0.78,512.3490044247787,0.24024486651936838,3649.042857142857,9.0,29.0,12.0,904.0,35.0
1.640909090909091,12600.0,0.78,511.43456924754634,0.24932600895952,3892.972222222222,10.0,28.0,12.0,917.0,36.0
1.640909090909091,12800.0,0.78,509.1634408602151,0.25370441692173595,3892.972222222222,11.0,25.0,14.0,930.0,36.0
1.640909090909091,13000.0,0.8,508.967793030623,0.2557111872377516,4368.9078947368425,15.0,23.0,12.0,947.0,38.0
1.640909090909091,13200.0,0.78,509.9326424870466,0.25167737619848785,4368.9078947368425,12.0,25.0,13.0,965.0,38.0
1.640909090909091,13400.0,0.8,510.36451942740285,0.2494273609956824,4272.179487179487,15.0,22.0,13.0,978.0,39.0
1.640909090909091,13600.0,0.78,510.6859879032258,0.24863681511361563,4502.3375,13.0,22.0,15.0,992.0,40.0
1.640909090909091,13800.0,0.78,509.4599802371541,0.2520422435286725,4502.3375,15.0,20.0,15.0,1012.0,40.0
1.640909090909091,14000.0,0.78,509.79248046875,0.2507043966513287,4502.3375,13.0,20.0,17.0,1024.0,40.0
1.640909090909091,14200.0,0.74,510.50624399615754,0.24918411610889263,4502.3375,13.0,20.0,17.0,1041.0,40.0
1.640909090909091,14400.0,0.78,509.11473087818695,0.2514544017189305,4741.841463414634,14.0,19.0,17.0,1059.0,41.0
1.640909090909091,14600.0,0.76,508.9510717614166,0.2469341009060872,4741.841463414634,14.0,18.0,18.0,1073.0,41.0
1.640909090909091,14800.0,0.8,508.05785123966945,0.2413191981026899,4741.841463414634,11.0,22.0,17.0,1089.0,41.0
1.640909090909091,15000.0,0.78,506.7682596934175,0.23817728498165527,4741.841463414634,11.0,23.0,16.0,1109.0,41.0
1.640909090909091,15200.0,0.76,508.16162065894923,0.23627186670180203,4741.841463414634,11.0,23.0,16.0,1123.0,41.0
1.640909090909091,15400.0,0.78,508.58128295254835,0.24069081547848295,4741.841463414634,11.0,22.0,17.0,1138.0,41.0
1.640909090909091,15600.0,0.76,507.0718614718615,0.24575841728660328,4683.6547619047615,14.0,19.0,17.0,1155.0,42.0
1.640909090909091,15800.0,0.8,507.80581693755346,0.2508665599091886,4920.875,14.0,19.0,17.0,1169.0,44.0
1.640909090909091,16000.0,0.76,507.03885135135135,0.25220440678653233,4920.875,14.0,19.0,17.0,1184.0,44.0
1.6711111111111112,0.0,0.0,nan,0.015202805424360975,nan,0.0,0.0,50.0,0.0,0.0
1.6711111111111112,200.0,0.32,147.0,0.03985162061905824,nan,0.0,14.0,36.0,1.0,0.0
1.6711111111111112,400.0,0.66,69.66666666666667,0.07931810350069933,nan,0.0,18.0,32.0,3.0,0.0
1.6711111111111112,600.0,0.76,217.27777777777777,0.11278454584152596,555.0,6.0,11.0,33.0,9.0,6.0
1.6711111111111112,800.0,0.78,276.3636363636364,0.14000770275474833,597.2777777777778,9.0,8.0,33.0,11.0,9.0
1.6711111111111112,1000.0,0.78,381.84375,0.16189974256582815,671.9166666666666,12.0,5.0,33.0,16.0,12.0
1.6711111111111112,1200.0,0.76,538.54,0.17850120608923034,767.625,16.0,1.0,33.0,25.0,16.0
1.6711111111111112,1400.0,0.76,594.671875,0.18912289947905053,767.625,15.0,2.0,33.0,32.0,16.0
1.6711111111111112,1600.0,0.78,732.8804347826087,0.19417023087993837,813.5588235294117,15.0,2.0,33.0,46.0,17.0
1.6711111111111112,1800.0,0.76,746.8524590163935,0.19398779721484605,813.5588235294117,15.0,3.0,32.0,61.0,17.0
1.6711111111111112,2000.0,0.78,684.1907894736842,0.1918594044554355,813.5588235294117,15.0,3.0,32.0,76.0,17.0
1.6711111111111112,2200.0,0.78,654.4565217391304,0.1948999655403077,813.5588235294117,15.0,3.0,32.0,92.0,17.0
1.6711111111111112,2400.0,0.8,660.7714285714286,0.19824458273366713,813.5588235294117,15.0,3.0,32.0,105.0,17.0
1.6711111111111112,2600.0,0.78,648.9391304347826,0.1968459246346259,813.5588235294117,15.0,4.0,31.0,115.0,17.0
1.6711111111111112,2800.0,0.78,626.7575757575758,0.1921026493422253,813.5588235294117,14.0,4.0,32.0,132.0,17.0
1.6711111111111112,3000.0,0.76,616.8846153846154,0.1922040013783877,813.5588235294117,15.0,3.0,32.0,143.0,17.0
1.6711111111111112,3200.0,0.78,633.4903225806452,0.19380536354975372,813.5588235294117,14.0,4.0,32.0,155.0,17.0
1.6711111111111112,3400.0,0.76,635.6213017751479,0.2009810877100521,813.5588235294117,15.0,3.0,32.0,169.0,17.0
1.6711111111111112,3600.0,0.76,635.2694444444444,0.2012040621896094,813.5588235294117,16.0,3.0,31.0,180.0,17.0
1.6711111111111112,3800.0,0.8,633.7604166666666,0.20037297549307764,813.5588235294117,15.0,4.0,31.0,192.0,17.0
1.6711111111111112,4000.0,0.74,625.0314009661836,0.19627835323211643,813.5588235294117,15.0,4.0,31.0,207.0,17.0
1.6711111111111112,4200.0,0.76,614.7905405405405,0.19668376137676605,813.5588235294117,14.0,5.0,31.0,222.0,17.0
1.6711111111111112,4400.0,0.76,614.3487394957983,0.19342022581233656,813.5588235294117,13.0,6.0,31.0,238.0,17.0
1.6711111111111112,4600.0,0.78,614.5181451612904,0.19044047594916183,1016.6944444444445,15.0,4.0,31.0,248.0,18.0
1.6711111111111112,4800.0,0.78,616.3430232558139,0.19465672065351794,1212.3684210526317,14.0,5.0,31.0,258.0,19.0
1.6711111111111112,5000.0,0.78,615.9742647058823,0.198366205177062,1212.3684210526317,13.0,7.0,30.0,272.0,19.0
1.6711111111111112,5200.0,0.8,616.0364583333334,0.20193379684997873,1212.3684210526317,14.0,6.0,30.0,288.0,19.0
1.6711111111111112,5400.0,0.74,604.6644951140065,0.20264326110311556,1420.9,15.0,6.0,29.0,307.0,20.0
1.6711111111111112,5600.0,0.78,607.4873817034701,0.2092108730464395,1420.9,14.0,8.0,28.0,317.0,20.0
1.6711111111111112,5800.0,0.76,604.7917933130699,0.21407577078223503,1625.452380952381,14.0,8.0,28.0,329.0,21.0
1.6711111111111112,6000.0,0.8,604.5886627906976,0.2212514949425334,1823.2954545454545,15.0,9.0,26.0,344.0,22.0
1.6711111111111112,6200.0,0.76,605.0069637883008,0.2279812701437172,2005.608695652174,15.0,10.0,25.0,359.0,23.0
1.6711111111111112,6400.0,0.78,607.8106267029973,0.23063669349117225,2005.608695652174,16.0,9.0,25.0,367.0,23.0
1.6711111111111112,6600.0,0.8,605.6489361702128,0.23150832100216892,2193.5,17.0,8.0,25.0,376.0,24.0
1.6711111111111112,6800.0,0.8,606.6786632390746,0.22925830579936352,2193.5,15.0,10.0,25.0,389.0,24.0
1.6711111111111112,7000.0,0.78,605.8123456790123,0.22601504064216651,2378.38,16.0,9.0,25.0,405.0,25.0
1.6711111111111112,7200.0,0.78,606.8198090692124,0.2266636936736059,2378.38,16.0,9.0,25.0,419.0,25.0
1.6711111111111112,7400.0,0.8,609.3051044083527,0.22605558145663146,2378.38,15.0,10.0,25.0,431.0,25.0
1.6711111111111112,7600.0,0.78,608.7162162162163,0.22571098453367927,2378.38,13.0,14.0,23.0,444.0,25.0
1.6711111111111112,7800.0,0.74,605.3771929824561,0.22834613747390184,2579.25,17.0,9.0,24.0,456.0,26.0
1.6711111111111112,8000.0,0.76,609.8718220338983,0.22929884661382846,2579.25,17.0,9.0,24.0,472.0,26.0
1.6711111111111112,8200.0,0.76,603.4602040816327,0.23195426996128352,2579.25,16.0,10.0,24.0,490.0,26.0
1.6711111111111112,8400.0,0.78,602.27,0.23651511158859181,2991.0,17.0,10.0,23.0,500.0,28.0
1.6711111111111112,8600.0,0.72,596.4904030710172,0.23246103014209554,2991.0,17.0,10.0,23.0,521.0,28.0
1.6711111111111112,8800.0,0.78,588.8628731343283,0.23029209656822006,2991.0,15.0,11.0,24.0,536.0,28.0
1.6711111111111112,9000.0,0.8,586.8233151183971,0.2320758924046784,2991.0,15.0,11.0,24.0,549.0,28.0
1.6711111111111112,9200.0,0.78,588.1625441696114,0.23323130561692984,3200.844827586207,16.0,11.0,23.0,566.0,29.0
1.6711111111111112,9400.0,0.78,586.5290102389079,0.22804208136541462,3200.844827586207,15.0,14.0,21.0,586.0,29.0
1.6711111111111112,9600.0,0.8,584.5350584307179,0.22149473982932316,3200.844827586207,14.0,15.0,21.0,599.0,29.0
1.6711111111111112,9800.0,0.8,579.3393442622951,0.22044067865323413,3200.844827586207,12.0,17.0,21.0,610.0,29.0
1.6711111111111112,10000.0,0.78,581.0446570972887,0.22269069385603957,3200.844827586207,11.0,18.0,21.0,627.0,29.0
1.6711111111111112,10200.0,0.8,580.5265210608425,0.23021101493929014,3200.844827586207,13.0,16.0,21.0,641.0,29.0
1.6711111111111112,10400.0,0.8,578.9483282674772,0.229278576206596,3413.1612903225805,16.0,13.0,21.0,658.0,31.0
1.6711111111111112,10600.0,0.78,575.8046062407133,0.22974479557294306,3413.1612903225805,14.0,15.0,21.0,673.0,31.0
1.6711111111111112,10800.0,0.74,575.0007331378299,0.2268866681531632,3413.1612903225805,16.0,13.0,21.0,682.0,31.0
1.6711111111111112,11000.0,0.8,575.9056737588653,0.22913668335596862,3413.1612903225805,15.0,15.0,20.0,705.0,31.0
1.6711111111111112,11200.0,0.74,573.4513212795549,0.23341373928202216,3413.1612903225805,15.0,14.0,21.0,719.0,31.0
1.6711111111111112,11400.0,0.8,571.9721088435374,0.23679889728984654,3413.1612903225805,15.0,14.0,21.0,735.0,31.0
1.6711111111111112,11600.0,0.78,570.727576974565,0.23760971357914581,3666.078125,17.0,11.0,22.0,747.0,32.0
1.6711111111111112,11800.0,0.78,568.8141361256545,0.23752863195021587,3666.078125,16.0,14.0,20.0,764.0,32.0
1.6711111111111112,12000.0,0.78,565.3397683397683,0.23617051466563962,3666.078125,16.0,13.0,21.0,777.0,32.0
1.6711111111111112,12200.0,0.8,564.1387137452712,0.2370826829911013,3666.078125,15.0,15.0,20.0,793.0,32.0
1.6711111111111112,12400.0,0.74,564.3924598269468,0.23683943810431152,3666.078125,14.0,16.0,20.0,809.0,32.0
1.6711111111111112,12600.0,0.76,565.3786407766991,0.2297042547584781,3935.378787878788,14.0,15.0,21.0,824.0,33.0
1.6711111111111112,12800.0,0.74,562.3058194774346,0.22242717856201732,4191.323529411765,13.0,15.0,22.0,842.0,34.0
1.6711111111111112,13000.0,0.78,561.3696158323633,0.22313664281515416,4191.323529411765,13.0,17.0,20.0,859.0,34.0
1.6711111111111112,13200.0,0.74,559.7034090909091,0.22579206616260922,4191.323529411765,11.0,18.0,21.0,880.0,34.0
1.6711111111111112,13400.0,0.8,556.4014557670773,0.22554882127581943,4191.323529411765,13.0,14.0,23.0,893.0,34.0
1.6711111111111112,13600.0,0.78,555.443281938326,0.22617720390002635,4138.428571428572,15.0,11.0,24.0,908.0,35.0
1.6711111111111112,13800.0,0.8,553.6230936819172,0.2284069486955993,4138.428571428572,15.0,11.0,24.0,918.0,35.0
1.6711111111111112,14000.0,0.8,553.7166488794023,0.22595422942046905,4138.428571428572,14.0,12.0,24.0,937.0,35.0
1.6711111111111112,14200.0,0.72,555.2528856243442,0.227636673220765,4138.428571428572,16.0,9.0,25.0,953.0,35.0
1.6711111111111112,14400.0,0.78,553.9297520661157,0.23211643321914338,4138.428571428572,16.0,10.0,24.0,968.0,35.0
1.6711111111111112,14600.0,0.76,554.9766970618034,0.2319948107757485,4138.428571428572,14.0,12.0,24.0,987.0,35.0
1.6711111111111112,14800.0,0.78,553.414156626506,0.23037317819714997,4138.428571428572,12.0,14.0,24.0,996.0,35.0
1.6711111111111112,15000.0,0.74,551.7929841897234,0.23037317819714997,4439.263888888889,13.0,14.0,23.0,1012.0,36.0
1.6711111111111112,15200.0,0.76,552.1554580896686,0.22966371394401314,4439.263888888889,13.0,14.0,23.0,1026.0,36.0
1.6711111111111112,15400.0,0.78,551.0798845043311,0.23138669855877406,4439.263888888889,12.0,15.0,23.0,1039.0,36.0
1.6711111111111112,15600.0,0.8,551.1666666666666,0.23331238724585976,4439.263888888889,13.0,14.0,23.0,1056.0,36.0
1.6711111111111112,15800.0,0.8,550.2885687732341,0.23306914235907,4439.263888888889,13.0,14.0,23.0,1076.0,36.0
1.6711111111111112,16000.0,0.78,548.0970561177553,0.23363671376157946,4431.5,14.0,12.0,24.0,1087.0,37.0
1.7013131313131316,0.0,0.0,nan,0.015202805424360975,nan,0.0,0.0,50.0,0.0,0.0
1.7013131313131316,200.0,0.32,147.0,0.03985162061905824,nan,0.0,14.0,36.0,1.0,0.0
1.7013131313131316,400.0,0.64,111.4,0.07773701173656579,nan,0.0,17.0,33.0,5.0,0.0
1.7013131313131316,600.0,0.72,157.63636363636363,0.11787241805687876,552.5,4.0,15.0,31.0,11.0,4.0
1.7013131313131316,800.0,0.8,204.23076923076923,0.15294022256907142,663.1923076923077,13.0,6.0,31.0,13.0,13.0
1.7013131313131316,1000.0,0.78,255.76470588235293,0.18030527233292118,674.2142857142857,14.0,5.0,31.0,17.0,14.0
1.7013131313131316,1200.0,0.8,439.72222222222223,0.19400806762207853,723.71875,16.0,3.0,31.0,27.0,16.0
1.7013131313131316,1400.0,0.8,562.1111111111111,0.20094054689558713,751.8529411764706,16.0,3.0,31.0,36.0,17.0
1.7013131313131316,1600.0,0.78,625.5192307692307,0.20722437313765635,791.0277777777778,18.0,1.0,31.0,52.0,18.0
1.7013131313131316,1800.0,0.8,661.3,0.2110352096973628,791.0277777777778,18.0,1.0,31.0,70.0,18.0
1.7013131313131316,2000.0,0.8,647.8045977011494,0.2132446840857033,846.7894736842105,17.0,3.0,30.0,87.0,19.0
1.7013131313131316,2200.0,0.8,619.9090909090909,0.21206900046621938,846.7894736842105,17.0,4.0,29.0,99.0,19.0
1.7013131313131316,2400.0,0.78,566.3166666666667,0.21121764336245516,846.7894736842105,16.0,5.0,29.0,120.0,19.0
1.7013131313131316,2600.0,0.76,565.1376811594203,0.21350819937972554,846.7894736842105,18.0,4.0,28.0,138.0,19.0
1.7013131313131316,2800.0,0.78,567.0298013245033,0.21089331684673546,846.7894736842105,18.0,4.0,28.0,151.0,19.0
1.7013131313131316,3000.0,0.78,558.5329341317365,0.2106095311454807,846.7894736842105,17.0,5.0,28.0,167.0,19.0
1.7013131313131316,3200.0,0.78,551.3736263736264,0.21026493422252854,846.7894736842105,17.0,5.0,28.0,182.0,19.0
1.7013131313131316,3400.0,0.8,554.3031088082902,0.21310279123507592,969.575,15.0,6.0,29.0,193.0,20.0
1.7013131313131316,3600.0,0.76,548.5724299065421,0.21946769910607505,969.575,16.0,6.0,28.0,214.0,20.0
1.7013131313131316,3800.0,0.8,554.6941964285714,0.2222244744896925,969.575,16.0,7.0,27.0,224.0,20.0
1.7013131313131316,4000.0,0.78,549.2895833333333,0.2228528571138994,1113.1904761904761,17.0,6.0,27.0,240.0,21.0
1.7013131313131316,4200.0,0.8,544.8181818181819,0.22717045385441795,1251.75,18.0,5.0,27.0,253.0,22.0
1.7013131313131316,4400.0,0.8,553.6071428571429,0.22935965783552592,1251.75,18.0,5.0,27.0,266.0,22.0
1.7013131313131316,4600.0,0.76,549.9873188405797,0.22562990290474935,1251.75,19.0,4.0,27.0,276.0,22.0
1.7013131313131316,4800.0,0.78,552.7380136986301,0.22621774471449133,1399.0,18.0,5.0,27.0,292.0,23.0
1.7013131313131316,5000.0,0.78,550.5649350649351,0.22204204082460016,1399.0,18.0,5.0,27.0,308.0,23.0
1.7013131313131316,5200.0,0.78,551.1273291925465,0.22031905620983924,1399.0,16.0,7.0,27.0,322.0,23.0
1.7013131313131316,5400.0,0.76,545.2696793002915,0.2191839134048203,1399.0,13.0,10.0,27.0,343.0,23.0
1.7013131313131316,5600.0,0.8,545.7322946175638,0.21806904100703384,1399.0,13.0,10.0,27.0,353.0,23.0
1.7013131313131316,5800.0,0.8,547.5958904109589,0.2161636227271806,1399.0,14.0,10.0,26.0,365.0,23.0
1.7013131313131316,6000.0,0.76,546.8971722365038,0.2149676687004642,1399.0,13.0,11.0,26.0,389.0,23.0
1.7013131313131316,6200.0,0.8,548.7686567164179,0.21764336245515173,1399.0,14.0,10.0,26.0,402.0,23.0
1.7013131313131316,6400.0,0.8,545.1364734299517,0.22145419901485822,1399.0,17.0,7.0,26.0,414.0,23.0
1.7013131313131316,6600.0,0.78,540.2436194895591,0.218960938925263,1609.4166666666667,17.0,7.0,26.0,431.0,24.0
1.7013131313131316,6800.0,0.8,538.1817155756207,0.21243386779640402,1609.4166666666667,15.0,9.0,26.0,443.0,24.0
1.7013131313131316,7000.0,0.8,538.4,0.2083595159426753,1609.4166666666667,15.0,9.0,26.0,460.0,24.0
1.7013131313131316,7200.0,0.8,540.4266247379455,0.2117244035432672,1609.4166666666667,15.0,9.0,26.0,477.0,24.0
1.7013131313131316,7400.0,0.76,537.6864919354839,0.21587983702592586,1609.4166666666667,15.0,10.0,25.0,496.0,24.0
1.7013131313131316,7600.0,0.76,534.7529296875,0.22090689801958122,1609.4166666666667,13.0,13.0,24.0,512.0,24.0
1.7013131313131316,7800.0,0.8,526.359022556391,0.2197109439928648,1609.4166666666667,12.0,14.0,24.0,532.0,24.0
1.7013131313131316,8000.0,0.8,526.8779599271403,0.22400827032615087,1609.4166666666667,14.0,12.0,24.0,549.0,24.0
1.7013131313131316,8200.0,0.8,524.44375,0.2210487908702086,1609.4166666666667,13.0,13.0,24.0,560.0,24.0
1.7013131313131316,8400.0,0.78,525.2739130434783,0.21754201041898932,1609.4166666666667,15.0,11.0,24.0,575.0,24.0
1.7013131313131316,8600.0,0.78,525.6976351351351,0.21425820444732735,1885.7,15.0,11.0,24.0,592.0,25.0
1.7013131313131316,8800.0,0.8,527.8413621262458,0.21786633693470903,1885.7,12.0,15.0,23.0,602.0,25.0
1.7013131313131316,9000.0,0.8,531.4063004846527,0.21699470942371232,1885.7,11.0,16.0,23.0,619.0,25.0
1.7013131313131316,9200.0,0.78,526.5180533751962,0.21488658707153427,2161.096153846154,12.0,14.0,24.0,637.0,26.0
1.7013131313131316,9400.0,0.8,526.2029096477795,0.21437982689072224,2161.096153846154,12.0,14.0,24.0,653.0,26.0
1.7013131313131316,9600.0,0.78,523.4034175334324,0.21705552064540976,2161.096153846154,12.0,15.0,23.0,673.0,26.0
1.7013131313131316,9800.0,0.78,524.1542940320232,0.22670423448807087,2161.096153846154,13.0,15.0,22.0,687.0,26.0
1.7013131313131316,10000.0,0.8,524.1918687589158,0.2327448158433503,2161.096153846154,14.0,14.0,22.0,701.0,26.0
1.7013131313131316,10200.0,0.78,520.873092926491,0.23462996371597106,2457.240740740741,14.0,14.0,22.0,721.0,27.0
1.7013131313131316,10400.0,0.78,520.6666666666666,0.23765025439361076,2457.240740740741,14.0,14.0,22.0,729.0,27.0
1.7013131313131316,10600.0,0.78,520.9265498652292,0.23424482597855392,2457.240740740741,12.0,16.0,22.0,742.0,27.0
1.7013131313131316,10800.0,0.76,520.2007874015748,0.22877181602578395,2457.240740740741,12.0,16.0,22.0,762.0,27.0
1.7013131313131316,11000.0,0.72,517.5051085568327,0.22887316806194635,2457.240740740741,11.0,17.0,22.0,783.0,27.0
1.7013131313131316,11200.0,0.8,519.1292559899117,0.2326231933999554,3054.1724137931033,14.0,14.0,22.0,793.0,29.0
1.7013131313131316,11400.0,0.8,519.0856966707768,0.23183264751788862,3331.133333333333,11.0,17.0,22.0,811.0,30.0
1.7013131313131316,11600.0,0.8,518.8472727272728,0.23071777512010216,3331.133333333333,14.0,14.0,22.0,825.0,30.0
1.7013131313131316,11800.0,0.78,516.0160332541568,0.22848803032452922,3331.133333333333,14.0,14.0,22.0,842.0,30.0
1.7013131313131316,12000.0,0.78,513.787456445993,0.229278576206596,3331.133333333333,14.0,14.0,22.0,861.0,30.0
1.7013131313131316,12200.0,0.8,511.6640181611805,0.22950155068615327,3331.133333333333,12.0,16.0,22.0,881.0,30.0
1.7013131313131316,12400.0,0.78,509.6911111111111,0.2329677903229076,3331.133333333333,12.0,17.0,21.0,900.0,30.0
1.7013131313131316,12600.0,0.8,510.94414019715225,0.2368799789187765,3331.133333333333,13.0,16.0,21.0,913.0,30.0
1.7013131313131316,12800.0,0.78,509.732508073197,0.23572456570652506,3331.133333333333,14.0,15.0,21.0,929.0,30.0
1.7013131313131316,13000.0,0.8,510.6811902231668,0.23205562199744592,3331.133333333333,15.0,14.0,21.0,941.0,30.0
1.7013131313131316,13200.0,0.76,510.72779519331243,0.22836640788113433,3331.133333333333,15.0,14.0,21.0,957.0,30.0
1.7013131313131316,13400.0,0.78,512.7279713114754,0.22599477023493403,3331.133333333333,14.0,15.0,21.0,976.0,30.0
1.7013131313131316,13600.0,0.8,513.2532861476238,0.2316299434455638,3660.7741935483873,15.0,14.0,21.0,989.0,31.0
1.7013131313131316,13800.0,0.8,510.8826732673267,0.23335292806032473,3660.7741935483873,14.0,15.0,21.0,1010.0,31.0
1.7013131313131316,14000.0,0.8,509.47951219512197,0.23679889728984654,3660.7741935483873,15.0,14.0,21.0,1025.0,31.0
1.7013131313131316,14200.0,0.8,509.0894230769231,0.23961648389516146,3660.7741935483873,15.0,13.0,22.0,1040.0,31.0
1.7013131313131316,14400.0,0.8,509.90900473933647,0.23535969837634038,3660.7741935483873,16.0,11.0,23.0,1055.0,31.0
1.7013131313131316,14600.0,0.76,510.4756554307116,0.23353536172541706,3660.7741935483873,14.0,14.0,22.0,1068.0,31.0
1.7013131313131316,14800.0,0.8,510.66434540389974,0.22978533638740803,4006.671875,17.0,11.0,22.0,1077.0,32.0
1.7013131313131316,15000.0,0.76,512.2984460694698,0.23134615774430908,4006.671875,16.0,11.0,23.0,1094.0,32.0
1.7013131313131316,15200.0,0.78,513.2090827338129,0.2288528976547139,4006.671875,13.0,15.0,22.0,1112.0,32.0
1.7013131313131316,15400.0,0.8,515.3486197684773,0.22942046905722335,4006.671875,14.0,14.0,22.0,1123.0,32.0
1.7013131313131316,15600.0,0.8,513.0407537248028,0.2285285711389942,4006.671875,13.0,15.0,22.0,1141.0,32.0
1.7013131313131316,15800.0,0.74,512.5082179930796,0.2275353211846026,4006.671875,11.0,17.0,22.0,1156.0,32.0
1.7013131313131316,16000.0,0.78,509.7986348122867,0.21979202562179473,4367.30303030303,12.0,16.0,22.0,1172.0,33.0
1.7315151515151517,0.0,0.0,nan,0.015202805424360975,nan,0.0,0.0,50.0,0.0,0.0
1.7315151515151517,200.0,0.42,nan,0.03845296252001703,nan,0.0,12.0,38.0,0.0,0.0
1.7315151515151517,400.0,0.7,157.375,0.08608841951634809,nan,0.0,21.0,29.0,4.0,0.0
1.7315151515151517,600.0,0.8,177.5,0.13163602456773357,543.375,4.0,17.0,29.0,5.0,4.0
1.7315151515151517,800.0,0.8,229.5625,0.16794032392110758,644.35,8.0,13.0,29.0,8.0,10.0
1.7315151515151517,1000.0,0.8,345.8181818181818,0.19171751160480813,739.4333333333333,14.0,7.0,29.0,11.0,15.0
1.7315151515151517,1200.0,0.8,550.3529411764706,0.20817708227758297,765.0,15.0,6.0,29.0,17.0,16.0
1.7315151515151517,1400.0,0.74,803.8103448275862,0.21752174001175684,796.7941176470588,14.0,7.0,29.0,29.0,17.0
1.7315151515151517,1600.0,0.8,805.8815789473684,0.22056230109662903,898.75,17.0,4.0,29.0,38.0,20.0
1.7315151515151517,1800.0,0.76,826.9803921568628,0.2178866073419415,898.75,16.0,5.0,29.0,51.0,20.0
1.7315151515151517,2000.0,0.8,827.8828125,0.22076500516895384,942.9047619047619,15.0,7.0,28.0,64.0,21.0
1.7315151515151517,2200.0,0.78,781.3,0.22141365820039324,942.9047619047619,15.0,7.0,28.0,75.0,21.0
1.7315151515151517,2400.0,0.8,789.1741573033707,0.22054203068939654,1003.9545454545455,18.0,5.0,27.0,89.0,22.0
1.7315151515151517,2600.0,0.78,766.280612244898,0.22202177041736768,1003.9545454545455,16.0,6.0,28.0,98.0,22.0
1.7315151515151517,2800.0,0.8,756.9196428571429,0.22299474996452678,1003.9545454545455,14.0,8.0,28.0,112.0,22.0
1.7315151515151517,3000.0,0.74,738.7635658914729,0.22204204082460016,1088.1521739130435,14.0,8.0,28.0,129.0,23.0
1.7315151515151517,3200.0,0.76,705.8448275862069,0.21796768897087143,1088.1521739130435,15.0,7.0,28.0,145.0,23.0
1.7315151515151517,3400.0,0.78,696.3503184713376,0.21731903593943203,1088.1521739130435,16.0,6.0,28.0,157.0,23.0
1.7315151515151517,3600.0,0.76,689.2209302325581,0.21806904100703384,1088.1521739130435,16.0,6.0,28.0,172.0,23.0
1.7315151515151517,3800.0,0.8,674.5407608695652,0.21798795937810392,1088.1521739130435,13.0,9.0,28.0,184.0,23.0
1.7315151515151517,4000.0,0.78,661.4494949494949,0.21431901566902478,1088.1521739130435,12.0,10.0,28.0,198.0,23.0
1.7315151515151517,4200.0,0.76,644.6568181818182,0.21812985222873127,1088.1521739130435,14.0,10.0,26.0,220.0,23.0
1.7315151515151517,4400.0,0.78,633.5665236051502,0.22435286724910303,1088.1521739130435,14.0,10.0,26.0,233.0,23.0
1.7315151515151517,4600.0,0.8,632.014344262295,0.23063669349117225,1088.1521739130435,14.0,12.0,24.0,244.0,23.0
1.7315151515151517,4800.0,0.78,624.8203125,0.2289339792836438,1241.1458333333333,13.0,13.0,24.0,256.0,24.0
1.7315151515151517,5000.0,0.8,621.2941176470588,0.22781910688585733,1241.1458333333333,13.0,13.0,24.0,272.0,24.0
1.7315151515151517,5200.0,0.78,629.9477351916377,0.22591368860600408,1393.18,15.0,11.0,24.0,287.0,25.0
1.7315151515151517,5400.0,0.78,635.0486577181208,0.22593395901323657,1393.18,16.0,11.0,23.0,298.0,25.0
1.7315151515151517,5600.0,0.78,627.5,0.22392718869722092,1393.18,12.0,15.0,23.0,311.0,25.0
1.7315151515151517,5800.0,0.8,621.2414860681115,0.21987310725072468,1393.18,12.0,15.0,23.0,323.0,25.0
1.7315151515151517,6000.0,0.8,616.6622418879056,0.2235217805525713,1567.5192307692307,13.0,15.0,22.0,339.0,26.0
1.7315151515151517,6200.0,0.8,612.6260623229462,0.22942046905722335,1737.8333333333333,15.0,12.0,23.0,353.0,27.0
1.7315151515151517,6400.0,0.8,612.3220108695652,0.2352380759329455,1897.9285714285713,15.0,12.0,23.0,368.0,28.0
1.7315151515151517,6600.0,0.78,612.9325396825396,0.23422455557132144,2055.0689655172414,17.0,11.0,22.0,378.0,29.0
1.7315151515151517,6800.0,0.78,609.2875318066158,0.23171102507449376,2055.0689655172414,14.0,14.0,22.0,393.0,29.0
1.7315151515151517,7000.0,0.76,605.0807228915662,0.23004885168143027,2055.0689655172414,16.0,12.0,22.0,415.0,29.0
1.7315151515151517,7200.0,0.78,594.875854214123,0.2250420610950074,2055.0689655172414,14.0,14.0,22.0,439.0,29.0
1.7315151515151517,7400.0,0.76,591.4345898004434,0.22177852553057792,2055.0689655172414,12.0,14.0,24.0,451.0,29.0
1.7315151515151517,7600.0,0.78,582.8850210970464,0.21662984209352765,2055.0689655172414,13.0,13.0,24.0,474.0,29.0
1.7315151515151517,7800.0,0.78,578.5807770961145,0.2175622808262218,2055.0689655172414,11.0,16.0,23.0,489.0,29.0
1.7315151515151517,8000.0,0.8,578.4291417165668,0.2164879492429003,2055.0689655172414,11.0,15.0,24.0,501.0,29.0
1.7315151515151517,8200.0,0.72,574.4700772200772,0.21810958182149878,2055.0689655172414,14.0,12.0,24.0,518.0,29.0
1.7315151515151517,8400.0,0.8,573.6741996233521,0.22044067865323413,2263.366666666667,14.0,13.0,23.0,531.0,30.0
1.7315151515151517,8600.0,0.8,564.5845195729537,0.2207244643544889,2263.366666666667,12.0,16.0,22.0,562.0,30.0
1.7315151515151517,8800.0,0.74,557.6456896551724,0.22390691828998843,2275.7741935483873,13.0,14.0,23.0,580.0,31.0
1.7315151515151517,9000.0,0.78,554.7537688442211,0.22522449476009973,2275.7741935483873,11.0,15.0,24.0,597.0,31.0
1.7315151515151517,9200.0,0.76,550.1087662337662,0.22354205095980378,2275.7741935483873,13.0,14.0,23.0,616.0,31.0
1.7315151515151517,9400.0,0.76,549.5905511811023,0.2193866174771451,2275.7741935483873,8.0,19.0,23.0,635.0,31.0
1.7315151515151517,9600.0,0.76,547.4922720247296,0.21837309711552105,2275.7741935483873,11.0,16.0,23.0,647.0,31.0
1.7315151515151517,9800.0,0.78,544.8515742128935,0.22127176534976586,2505.859375,12.0,16.0,22.0,667.0,32.0
1.7315151515151517,10000.0,0.74,539.3644314868804,0.22234609693308738,2505.859375,12.0,16.0,22.0,686.0,32.0
1.7315151515151517,10200.0,0.78,538.0192307692307,0.21920418381205278,2505.859375,10.0,17.0,23.0,702.0,32.0
1.7315151515151517,10400.0,0.8,535.5675487465181,0.2187582348529382,2505.859375,12.0,15.0,23.0,718.0,32.0
1.7315151515151517,10600.0,0.78,536.5280054644809,0.2167109237224576,2749.6969696969695,9.0,18.0,23.0,732.0,33.0
1.7315151515151517,10800.0,0.8,535.0597315436241,0.22127176534976586,2749.6969696969695,10.0,17.0,23.0,745.0,33.0
1.7315151515151517,11000.0,0.78,533.4617414248021,0.22108933168467354,2749.6969696969695,13.0,15.0,22.0,758.0,33.0
1.7315151515151517,11200.0,0.76,534.4761290322581,0.2198528368434922,2749.6969696969695,14.0,13.0,23.0,775.0,33.0
1.7315151515151517,11400.0,0.78,535.2677215189873,0.221150142906371,2749.6969696969695,12.0,14.0,24.0,790.0,33.0
1.7315151515151517,11600.0,0.8,534.7031055900621,0.22252853059817973,2749.6969696969695,12.0,14.0,24.0,805.0,33.0
1.7315151515151517,11800.0,0.76,534.1091463414634,0.22816370380880951,2749.6969696969695,14.0,14.0,22.0,820.0,33.0
1.7315151515151517,12000.0,0.76,532.2916167664671,0.22836640788113433,2749.6969696969695,15.0,12.0,23.0,835.0,33.0
1.7315151515151517,12200.0,0.8,532.1316410861865,0.22637990797235116,2749.6969696969695,12.0,15.0,23.0,847.0,33.0
1.7315151515151517,12400.0,0.78,535.2332175925926,0.22921776498489854,2749.6969696969695,10.0,17.0,23.0,864.0,33.0
1.7315151515151517,12600.0,0.78,533.7664399092971,0.2282042446232745,2749.6969696969695,14.0,13.0,23.0,882.0,33.0
1.7315151515151517,12800.0,0.78,532.8017917133259,0.2289339792836438,2749.6969696969695,14.0,13.0,23.0,893.0,33.0
1.7315151515151517,13000.0,0.78,532.3552631578947,0.22982587720187297,2921.794117647059,14.0,14.0,22.0,912.0,34.0
1.7315151515151517,13200.0,0.8,533.4441431670282,0.23706241258386881,2921.794117647059,17.0,11.0,22.0,922.0,34.0
1.7315151515151517,13400.0,0.8,535.5990364025696,0.23258265258549043,3044.942857142857,16.0,12.0,22.0,934.0,35.0
1.7315151515151517,13600.0,0.74,532.9002100840336,0.23008939249589525,3044.942857142857,15.0,14.0,21.0,952.0,35.0
1.7315151515151517,13800.0,0.8,531.3741007194244,0.22777856607139238,3342.972222222222,13.0,18.0,19.0,973.0,36.0
1.7315151515151517,14000.0,0.78,531.4292214357937,0.2320758924046784,3627.945945945946,13.0,18.0,19.0,989.0,37.0
1.7315151515151517,14200.0,0.8,530.934,0.23548132081973527,3627.945945945946,13.0,18.0,19.0,1000.0,37.0
1.7315151515151517,14400.0,0.72,531.5221456692914,0.23738673909958852,3627.945945945946,12.0,18.0,20.0,1016.0,37.0
1.7315151515151517,14600.0,0.78,531.6070395371263,0.2337177953905094,3683.2236842105262,11.0,20.0,19.0,1037.0,38.0
1.7315151515151517,14800.0,0.8,530.1548757170173,0.23278535665781525,3683.2236842105262,14.0,17.0,19.0,1046.0,38.0
1.7315151515151517,15000.0,0.78,528.9025423728814,0.23659619321752173,3683.2236842105262,14.0,17.0,19.0,1062.0,38.0
1.7315151515151517,15200.0,0.78,529.2530232558139,0.22877181602578395,3683.2236842105262,13.0,17.0,20.0,1075.0,38.0
1.7315151515151517,15400.0,0.74,528.9771480804387,0.22435286724910303,3683.2236842105262,11.0,20.0,19.0,1094.0,38.0
1.7315151515151517,15600.0,0.8,528.4381768953068,0.2222244744896925,3683.2236842105262,8.0,22.0,20.0,1108.0,38.0
1.7315151515151517,15800.0,0.76,527.6934046345812,0.22617720390002635,3805.2948717948716,10.0,20.0,20.0,1122.0,39.0
1.7315151515151517,16000.0,0.8,527.5092756183745,0.23193399955405103,3805.2948717948716,11.0,17.0,22.0,1132.0,39.0
1.761717171717172,0.0,0.0,nan,0.015202805424360975,nan,0.0,0.0,50.0,0.0,0.0
1.761717171717172,200.0,0.4,nan,0.039547564510571016,nan,0.0,12.0,38.0,0.0,0.0
1.761717171717172,400.0,0.74,166.75,0.08667626132609003,nan,0.0,21.0,29.0,4.0,0.0
1.761717171717172,600.0,0.78,205.75,0.12602112176433625,530.0,2.0,19.0,29.0,8.0,2.0
1.761717171717172,800.0,0.76,296.95454545454544,0.15713619686619504,619.0625,8.0,13.0,29.0,11.0,8.0
1.761717171717172,1000.0,0.78,393.88235294117646,0.17890661423387996,726.9166666666666,12.0,10.0,28.0,17.0,12.0
1.761717171717172,1200.0,0.8,472.7826086956522,0.20051486834370502,791.4333333333333,15.0,8.0,27.0,23.0,15.0
1.761717171717172,1400.0,0.76,592.0512820512821,0.2089068169379523,851.9705882352941,16.0,7.0,27.0,39.0,17.0
1.761717171717172,1600.0,0.78,703.5283018867924,0.21819066345042873,888.3055555555555,15.0,8.0,27.0,53.0,18.0
1.761717171717172,1800.0,0.78,669.2605633802817,0.2205014898749316,977.575,15.0,8.0,27.0,71.0,20.0
1.761717171717172,2000.0,0.76,634.8372093023256,0.2173393063466645,1022.5952380952381,17.0,7.0,26.0,86.0,21.0
1.761717171717172,2200.0,0.78,616.9174757281553,0.2130014391989135,1022.5952380952381,15.0,9.0,26.0,103.0,21.0
1.761717171717172,2400.0,0.8,605.436974789916,0.2166095716862952,1128.4565217391305,14.0,12.0,24.0,119.0,23.0
1.761717171717172,2600.0,0.8,588.9514925373135,0.22571098453367927,1185.2083333333333,14.0,12.0,24.0,134.0,24.0
1.761717171717172,2800.0,0.8,584.9006849315068,0.2232785356657815,1185.2083333333333,14.0,12.0,24.0,146.0,24.0
1.761717171717172,3000.0,0.78,584.0248447204968,0.21922445421928527,1185.2083333333333,14.0,12.0,24.0,161.0,24.0
1.761717171717172,3200.0,0.8,577.0056497175141,0.22692720896762816,1185.2083333333333,13.0,14.0,23.0,177.0,24.0
1.761717171717172,3400.0,0.8,568.8689839572193,0.23112318326475179,1272.16,15.0,12.0,23.0,187.0,25.0
1.761717171717172,3600.0,0.76,566.5315533980582,0.22846775991729673,1272.16,16.0,11.0,23.0,206.0,25.0
1.761717171717172,3800.0,0.8,565.6085972850678,0.22672450489530335,1272.16,14.0,14.0,22.0,221.0,25.0
1.761717171717172,4000.0,0.76,556.0357142857143,0.2309812904141244,1373.5,14.0,13.0,23.0,238.0,26.0
1.761717171717172,4200.0,0.78,556.1807228915662,0.23525834634017798,1373.5,14.0,13.0,23.0,249.0,26.0
1.761717171717172,4400.0,0.78,561.9401544401544,0.23460969330873857,1483.4259259259259,15.0,12.0,23.0,259.0,27.0
1.761717171717172,4600.0,0.76,565.8781818181818,0.23448807086534368,1483.4259259259259,16.0,12.0,22.0,275.0,27.0
1.761717171717172,4800.0,0.8,566.1197916666666,0.23432590760748384,1483.4259259259259,13.0,17.0,20.0,288.0,27.0
1.761717171717172,5000.0,0.76,564.0954692556634,0.23495429023169076,1483.4259259259259,11.0,19.0,20.0,309.0,27.0
1.761717171717172,5200.0,0.78,558.0959752321982,0.23635294833073198,1615.6785714285713,14.0,16.0,20.0,323.0,28.0
1.761717171717172,5400.0,0.8,555.5415430267062,0.23493401982445827,1615.6785714285713,14.0,15.0,21.0,337.0,28.0
1.761717171717172,5600.0,0.8,553.4570200573066,0.23460969330873857,1615.6785714285713,14.0,17.0,19.0,349.0,28.0
1.761717171717172,5800.0,0.72,553.7479564032698,0.23351509131818457,1615.6785714285713,15.0,16.0,19.0,367.0,28.0
1.761717171717172,6000.0,0.8,550.3214285714286,0.23104210163582187,1766.2586206896551,13.0,17.0,20.0,378.0,29.0
1.761717171717172,6200.0,0.8,553.4666666666667,0.23124480570814668,1766.2586206896551,12.0,18.0,20.0,390.0,29.0
1.761717171717172,6400.0,0.78,554.5420792079208,0.23298806073014006,1919.8666666666666,14.0,16.0,20.0,404.0,30.0
1.761717171717172,6600.0,0.8,558.0839416058394,0.23527861674741046,1919.8666666666666,14.0,17.0,19.0,411.0,30.0
1.761717171717172,6800.0,0.8,563.8186046511628,0.23002858127419779,1919.8666666666666,12.0,18.0,20.0,430.0,30.0
1.761717171717172,7000.0,0.78,566.8378378378378,0.22998804045973284,1919.8666666666666,11.0,20.0,19.0,444.0,30.0
1.761717171717172,7200.0,0.8,561.0938864628821,0.2289542496908763,1919.8666666666666,11.0,20.0,19.0,458.0,30.0
1.761717171717172,7400.0,0.8,559.581223628692,0.22879208643301643,2253.203125,12.0,19.0,19.0,474.0,32.0
1.761717171717172,7600.0,0.8,556.5826530612245,0.2366570044392192,2253.203125,14.0,17.0,19.0,490.0,32.0
1.761717171717172,7800.0,0.78,557.096421471173,0.23837998905398008,2421.1666666666665,13.0,18.0,19.0,503.0,33.0
1.761717171717172,8000.0,0.78,553.944550669216,0.23756917276468084,2421.1666666666665,12.0,19.0,19.0,523.0,33.0
1.761717171717172,8200.0,0.8,549.5479704797048,0.23025155575375508,2421.1666666666665,14.0,17.0,19.0,542.0,33.0
1.761717171717172,8400.0,0.76,545.2868561278863,0.22544746923965703,2421.1666666666665,15.0,16.0,19.0,563.0,33.0
1.761717171717172,8600.0,0.78,543.2889667250438,0.227089372225488,2421.1666666666665,16.0,14.0,20.0,571.0,33.0
1.761717171717172,8800.0,0.78,546.3918228279387,0.23158940263109887,2608.485294117647,18.0,11.0,21.0,587.0,34.0
1.761717171717172,9000.0,0.78,547.0648918469218,0.23844080027567754,2608.485294117647,12.0,18.0,20.0,601.0,34.0
1.761717171717172,9200.0,0.76,547.402755267423,0.24133946850992236,2608.485294117647,13.0,16.0,21.0,617.0,34.0
1.761717171717172,9400.0,0.76,542.891065830721,0.24462327448158433,2802.442857142857,15.0,14.0,21.0,638.0,35.0
1.761717171717172,9600.0,0.8,541.8201550387597,0.24527192751302374,2802.442857142857,13.0,16.0,21.0,645.0,35.0
1.761717171717172,9800.0,0.76,546.0465648854962,0.24237325927877892,2993.0135135135133,14.0,16.0,20.0,655.0,37.0
1.761717171717172,10000.0,0.8,545.6567607726597,0.2412989276954574,2941.157894736842,14.0,16.0,20.0,673.0,38.0
1.761717171717172,10200.0,0.76,546.3553779069767,0.240102973668741,2941.157894736842,13.0,18.0,19.0,688.0,38.0
1.761717171717172,10400.0,0.78,548.25106685633,0.23951513185899906,2941.157894736842,12.0,18.0,20.0,703.0,38.0
1.761717171717172,10600.0,0.78,543.5013717421125,0.2395759430806965,3036.269230769231,15.0,17.0,18.0,729.0,39.0
1.761717171717172,10800.0,0.76,538.9538152610442,0.24144082054608476,3036.269230769231,15.0,17.0,18.0,747.0,39.0
1.761717171717172,11000.0,0.78,535.8427260812582,0.2450084122190015,3036.269230769231,16.0,15.0,19.0,763.0,39.0
1.761717171717172,11200.0,0.8,535.0777634961439,0.24046784099892568,3036.269230769231,14.0,17.0,19.0,778.0,39.0
1.761717171717172,11400.0,0.76,530.828947368421,0.23732592787789106,3036.269230769231,14.0,16.0,20.0,798.0,39.0
1.761717171717172,11600.0,0.76,530.9747536945813,0.22844748951006424,3036.269230769231,13.0,16.0,21.0,812.0,39.0
1.761717171717172,11800.0,0.76,532.1446731234867,0.22192041838120527,3036.269230769231,13.0,16.0,21.0,826.0,39.0
1.761717171717172,12000.0,0.78,529.7567886658795,0.2150690207366266,3036.269230769231,14.0,16.0,20.0,847.0,39.0
1.761717171717172,12200.0,0.8,526.0075231481482,0.215717673768066,3036.269230769231,14.0,18.0,18.0,864.0,39.0
1.761717171717172,12400.0,0.78,525.2662116040956,0.21468388299920946,3036.269230769231,12.0,20.0,18.0,879.0,39.0
1.761717171717172,12600.0,0.78,522.5016703786191,0.21038655666592343,3036.269230769231,11.0,20.0,19.0,898.0,39.0
1.761717171717172,12800.0,0.78,523.6007667031763,0.2152919952161839,3036.269230769231,12.0,19.0,19.0,913.0,39.0
1.761717171717172,13000.0,0.8,522.8739316239316,0.22198122960290273,3281.075,14.0,18.0,18.0,936.0,40.0
1.761717171717172,13200.0,0.8,519.5587923728814,0.2328461678795127,3281.075,15.0,17.0,18.0,944.0,40.0
1.761717171717172,13400.0,0.8,520.8933402705516,0.2337177953905094,3304.621951219512,15.0,17.0,18.0,961.0,41.0
1.761717171717172,13600.0,0.78,517.3569246435845,0.22816370380880951,3304.621951219512,14.0,17.0,19.0,982.0,41.0
1.761717171717172,13800.0,0.76,517.4469469469469,0.22200150001013522,3304.621951219512,15.0,16.0,19.0,999.0,41.0
1.761717171717172,14000.0,0.78,516.6810598626104,0.2192852654409827,3304.621951219512,15.0,16.0,19.0,1019.0,41.0
1.761717171717172,14200.0,0.8,515.418918918919,0.2200758113230495,3285.9523809523807,14.0,17.0,19.0,1036.0,42.0
1.761717171717172,14400.0,0.78,511.16998106060606,0.22011635213751443,3285.9523809523807,12.0,19.0,19.0,1056.0,42.0
1.761717171717172,14600.0,0.76,510.48880597014926,0.21841363792998603,3285.9523809523807,12.0,19.0,19.0,1072.0,42.0
1.761717171717172,14800.0,0.78,509.17676767676767,0.21437982689072224,3285.9523809523807,12.0,19.0,19.0,1089.0,42.0
1.761717171717172,15000.0,0.8,508.22072072072075,0.21391360752437516,3285.9523809523807,9.0,21.0,20.0,1110.0,42.0
1.761717171717172,15200.0,0.8,507.25822222222223,0.215717673768066,3319.220930232558,12.0,17.0,21.0,1125.0,43.0
1.761717171717172,15400.0,0.76,502.28620988725066,0.21731903593943203,3319.220930232558,11.0,18.0,21.0,1153.0,43.0
1.761717171717172,15600.0,0.76,503.07948717948716,0.21806904100703384,3319.220930232558,12.0,19.0,19.0,1170.0,43.0
1.761717171717172,15800.0,0.72,502.2169890664424,0.22250826019094724,3319.220930232558,11.0,20.0,19.0,1189.0,43.0
1.761717171717172,16000.0,0.8,501.53117206982546,0.2204001378387692,3319.220930232558,10.0,21.0,19.0,1203.0,43.0
1.7919191919191921,0.0,0.0,nan,0.015202805424360975,nan,0.0,0.0,50.0,0.0,0.0
1.7919191919191921,200.0,0.32,160.0,0.04043946242880019,nan,0.0,15.0,35.0,1.0,0.0
1.7919191919191921,400.0,0.68,77.08333333333333,0.08343299616889303,nan,0.0,19.0,31.0,6.0,0.0
1.7919191919191921,600.0,0.8,77.08333333333333,0.12699410131149536,537.5,1.0,20.0,29.0,6.0,1.0
1.7919191919191921,800.0,0.8,214.2,0.16236596193217523,695.7857142857143,7.0,15.0,28.0,10.0,7.0
1.7919191919191921,1000.0,0.78,389.8181818181818,0.1848255731457645,762.75,12.0,11.0,27.0,22.0,12.0
1.7919191919191921,1200.0,0.78,490.51724137931035,0.20059594997263494,762.75,12.0,11.0,27.0,29.0,12.0
1.7919191919191921,1400.0,0.8,570.527027027027,0.2150690207366266,797.6923076923077,12.0,11.0,27.0,37.0,13.0
1.7919191919191921,1600.0,0.76,620.6274509803922,0.22682585693146576,1017.421052631579,17.0,6.0,27.0,51.0,19.0
1.7919191919191921,1800.0,0.78,617.4375,0.23408266272069406,1077.1190476190477,16.0,7.0,27.0,64.0,21.0
1.7919191919191921,2000.0,0.76,644.725,0.23584618814991992,1077.1190476190477,15.0,8.0,27.0,80.0,21.0
1.7919191919191921,2200.0,0.76,643.8578947368421,0.2367380860681491,1077.1190476190477,15.0,7.0,28.0,95.0,21.0
1.7919191919191921,2400.0,0.8,641.4811320754717,0.22986641801633795,1077.1190476190477,15.0,7.0,28.0,106.0,21.0
1.7919191919191921,2600.0,0.8,625.7268907563025,0.22477854580098514,1077.1190476190477,14.0,8.0,28.0,119.0,21.0
1.7919191919191921,2800.0,0.76,623.4148148148148,0.22305556118622424,1077.1190476190477,14.0,9.0,27.0,135.0,21.0
1.7919191919191921,3000.0,0.76,619.5202702702703,0.21987310725072468,1161.1818181818182,13.0,10.0,27.0,148.0,22.0
1.7919191919191921,3200.0,0.78,609.8,0.2156163217319036,1161.1818181818182,12.0,11.0,27.0,160.0,22.0
1.7919191919191921,3400.0,0.78,604.1903409090909,0.21640686761397038,1254.5,14.0,9.0,27.0,176.0,23.0
1.7919191919191921,3600.0,0.78,611.5,0.21762309204791924,1254.5,14.0,9.0,27.0,184.0,23.0
1.7919191919191921,3800.0,0.74,614.45,0.21129872499138508,1254.5,14.0,9.0,27.0,200.0,23.0
1.7919191919191921,4000.0,0.8,617.941037735849,0.20438651612510894,1254.5,17.0,6.0,27.0,212.0,23.0
1.7919191919191921,4200.0,0.74,615.2854077253219,0.20608923033263737,1254.5,15.0,8.0,27.0,233.0,23.0
1.7919191919191921,4400.0,0.74,618.0661157024794,0.21695416860924735,1254.5,17.0,7.0,26.0,242.0,23.0
1.7919191919191921,4600.0,0.8,603.3888888888889,0.2234001581091764,1254.5,16.0,8.0,26.0,261.0,23.0
1.7919191919191921,4800.0,0.8,598.8550724637681,0.22496097946607746,1254.5,14.0,11.0,25.0,276.0,23.0
1.7919191919191921,5000.0,0.72,596.8745704467354,0.21946769910607505,1254.5,13.0,12.0,25.0,291.0,23.0
1.7919191919191921,5200.0,0.76,590.3377049180328,0.2151501023655565,1254.5,13.0,13.0,24.0,305.0,23.0
1.7919191919191921,5400.0,0.8,585.6482649842271,0.2188595868891006,1254.5,10.0,16.0,24.0,317.0,23.0
1.7919191919191921,5600.0,0.8,583.8856707317074,0.22153528064378814,1427.6458333333333,12.0,15.0,23.0,328.0,24.0
1.7919191919191921,5800.0,0.78,587.4454022988506,0.2278596477003223,1427.6458333333333,12.0,16.0,22.0,348.0,24.0
1.7919191919191921,6000.0,0.78,571.6621253405995,0.23513672389678308,1773.4038461538462,12.0,16.0,22.0,367.0,26.0
1.7919191919191921,6200.0,0.8,573.6494708994709,0.23268400462165284,1933.6666666666667,10.0,18.0,22.0,378.0,27.0
1.7919191919191921,6400.0,0.8,572.076726342711,0.2328664382867452,1933.6666666666667,11.0,18.0,21.0,391.0,27.0
1.7919191919191921,6600.0,0.8,575.9814356435644,0.2265623416374435,1933.6666666666667,10.0,19.0,21.0,404.0,27.0
1.7919191919191921,6800.0,0.8,572.7955082742317,0.22725153548334787,2088.896551724138,12.0,18.0,20.0,423.0,29.0
1.7919191919191921,7000.0,0.78,568.7136363636364,0.2279609997364847,2248.866666666667,11.0,19.0,20.0,440.0,30.0
1.7919191919191921,7200.0,0.8,566.9692307692308,0.22694747937486065,2248.866666666667,9.0,21.0,20.0,455.0,30.0
1.7919191919191921,7400.0,0.78,567.9956989247312,0.22354205095980378,2248.866666666667,10.0,20.0,20.0,465.0,30.0
1.7919191919191921,7600.0,0.76,570.6137787056367,0.2232785356657815,2420.548387096774,10.0,20.0,20.0,479.0,31.0
1.7919191919191921,7800.0,0.78,564.092555331992,0.2241704335840107,2420.548387096774,12.0,18.0,20.0,497.0,31.0
1.7919191919191921,8000.0,0.8,564.5807086614174,0.2186366124095433,2420.548387096774,11.0,19.0,20.0,508.0,31.0
1.7919191919191921,8200.0,0.8,560.2685009487666,0.21800822978533638,2420.548387096774,13.0,17.0,20.0,527.0,31.0
1.7919191919191921,8400.0,0.8,558.5340699815838,0.22013662254474692,2420.548387096774,13.0,17.0,20.0,543.0,31.0
1.7919191919191921,8600.0,0.78,554.9644128113879,0.22301502037175927,2420.548387096774,12.0,18.0,20.0,562.0,31.0
1.7919191919191921,8800.0,0.8,553.5295652173913,0.22524476516733222,2420.548387096774,12.0,19.0,19.0,575.0,31.0
1.7919191919191921,9000.0,0.76,552.906408094435,0.22303529077899176,2420.548387096774,13.0,18.0,19.0,593.0,31.0
1.7919191919191921,9200.0,0.76,554.1177924217463,0.22029878580260678,2420.548387096774,12.0,20.0,18.0,607.0,31.0
1.7919191919191921,9400.0,0.8,552.7897271268058,0.22216366326799505,2636.359375,12.0,21.0,17.0,623.0,32.0
1.7919191919191921,9600.0,0.78,549.91484375,0.22745423955567268,2636.359375,13.0,20.0,17.0,640.0,32.0
1.7919191919191921,9800.0,0.78,548.0713190184049,0.22573125494091176,2636.359375,12.0,21.0,17.0,652.0,32.0
1.7919191919191921,10000.0,0.8,547.3583208395802,0.22792045892201973,2636.359375,13.0,19.0,18.0,667.0,32.0
1.7919191919191921,10200.0,0.78,545.4588235294118,0.2314475097804715,2861.939393939394,13.0,17.0,20.0,680.0,33.0
1.7919191919191921,10400.0,0.78,542.9505730659026,0.22877181602578395,2834.1029411764707,13.0,17.0,20.0,698.0,34.0
1.7919191919191921,10600.0,0.8,547.7708628005657,0.22609612227109643,3051.8571428571427,15.0,15.0,20.0,707.0,35.0
1.7919191919191921,10800.0,0.76,551.7134986225896,0.22234609693308738,3051.8571428571427,12.0,16.0,22.0,726.0,35.0
1.7919191919191921,11000.0,0.78,547.1056527590848,0.21725822471773457,3051.8571428571427,11.0,17.0,22.0,743.0,35.0
1.7919191919191921,11200.0,0.78,548.1976127320955,0.21427847485455984,3051.8571428571427,12.0,15.0,23.0,754.0,35.0
1.7919191919191921,11400.0,0.8,546.3564935064935,0.21008250055743619,3051.8571428571427,11.0,17.0,22.0,770.0,35.0
1.7919191919191921,11600.0,0.8,544.984076433121,0.21427847485455984,3289.1388888888887,11.0,19.0,20.0,785.0,36.0
1.7919191919191921,11800.0,0.8,546.1136934673367,0.22390691828998843,3289.1388888888887,14.0,17.0,19.0,796.0,36.0
1.7919191919191921,12000.0,0.78,546.8693251533742,0.22502179068777492,3289.1388888888887,13.0,19.0,18.0,815.0,36.0
1.7919191919191921,12200.0,0.8,545.9055354993983,0.22378529584659357,3289.1388888888887,10.0,23.0,17.0,831.0,36.0
1.7919191919191921,12400.0,0.78,545.7366548042704,0.22672450489530335,3289.1388888888887,9.0,24.0,17.0,843.0,36.0
1.7919191919191921,12600.0,0.78,545.6521486643438,0.22579206616260922,3289.1388888888887,11.0,21.0,18.0,861.0,36.0
1.7919191919191921,12800.0,0.78,545.3304696449027,0.23290697910121014,3786.5,12.0,21.0,17.0,873.0,38.0
1.7919191919191921,13000.0,0.78,545.1896942242356,0.23803539213102792,3766.8846153846152,15.0,17.0,18.0,883.0,39.0
1.7919191919191921,13200.0,0.78,545.5251396648044,0.24038675936999573,3766.8846153846152,14.0,18.0,18.0,895.0,39.0
1.7919191919191921,13400.0,0.78,547.3431693989071,0.23779214724423814,3766.8846153846152,12.0,19.0,19.0,915.0,39.0
1.7919191919191921,13600.0,0.76,545.6298283261802,0.23473131575213346,3766.8846153846152,10.0,21.0,19.0,932.0,39.0
1.7919191919191921,13800.0,0.78,544.5247108307045,0.23300833113737254,3766.8846153846152,10.0,21.0,19.0,951.0,39.0
1.7919191919191921,14000.0,0.78,540.3045501551189,0.23191372914681857,3768.875,13.0,18.0,19.0,967.0,40.0
1.7919191919191921,14200.0,0.76,540.0325865580448,0.2333934688747897,3768.875,12.0,19.0,19.0,982.0,40.0
1.7919191919191921,14400.0,0.76,537.036,0.23310968317353495,3768.875,11.0,19.0,20.0,1000.0,40.0
1.7919191919191921,14600.0,0.78,537.594674556213,0.22812316299434457,3768.875,11.0,19.0,20.0,1014.0,40.0
1.7919191919191921,14800.0,0.78,538.4451988360814,0.22662315285914095,3768.875,8.0,22.0,20.0,1031.0,40.0
1.7919191919191921,15000.0,0.8,539.5501912045889,0.2244136784708005,4068.2738095238096,12.0,18.0,20.0,1046.0,42.0
1.7919191919191921,15200.0,0.8,538.4415645617343,0.22163663267995054,4068.2738095238096,11.0,20.0,19.0,1061.0,42.0
1.7919191919191921,15400.0,0.8,535.9818941504178,0.2230961020006892,4068.2738095238096,11.0,19.0,20.0,1077.0,42.0
1.7919191919191921,15600.0,0.76,533.7034358047016,0.22325826525854905,4589.306818181818,14.0,17.0,19.0,1106.0,44.0
1.7919191919191921,15800.0,0.76,531.1347864768683,0.22496097946607746,4589.306818181818,11.0,20.0,19.0,1124.0,44.0
1.7919191919191921,16000.0,0.8,528.5995614035088,0.22380556625382603,4589.306818181818,12.0,17.0,21.0,1140.0,44.0
1.8221212121212123,0.0,0.0,nan,0.015202805424360975,nan,0.0,0.0,50.0,0.0,0.0
1.8221212121212123,200.0,0.32,160.0,0.04043946242880019,nan,0.0,15.0,35.0,1.0,0.0
1.8221212121212123,400.0,0.76,133.0,0.08424381245819229,nan,0.0,19.0,31.0,4.0,0.0
1.8221212121212123,600.0,0.78,135.5625,0.1240143514483206,592.5,1.0,18.0,31.0,8.0,1.0
1.8221212121212123,800.0,0.78,270.27272727272725,0.155534834694829,700.625,7.0,12.0,31.0,11.0,8.0
1.8221212121212123,1000.0,0.8,361.3333333333333,0.1765755174021446,800.2333333333333,14.0,5.0,31.0,15.0,15.0
1.8221212121212123,1200.0,0.8,462.3421052631579,0.19656213893337118,846.7222222222222,17.0,2.0,31.0,19.0,18.0
1.8221212121212123,1400.0,0.76,593.2307692307693,0.2084608679788377,846.7222222222222,17.0,3.0,30.0,26.0,18.0
1.8221212121212123,1600.0,0.8,732.0526315789474,0.21243386779640402,846.7222222222222,15.0,7.0,28.0,38.0,18.0
1.8221212121212123,1800.0,0.8,733.3474576271186,0.22214339286076257,888.0526315789474,16.0,7.0,27.0,59.0,19.0
1.8221212121212123,2000.0,0.78,713.2215189873418,0.2210487908702086,935.125,17.0,6.0,27.0,79.0,20.0
1.8221212121212123,2200.0,0.8,700.7670454545455,0.22143392860762573,935.125,15.0,8.0,27.0,88.0,20.0
1.8221212121212123,2400.0,0.78,678.3177570093458,0.21470415340644194,996.5952380952381,15.0,8.0,27.0,107.0,21.0
1.8221212121212123,2600.0,0.78,660.0042372881356,0.21330549530740073,1061.4545454545455,16.0,8.0,26.0,118.0,22.0
1.8221212121212123,2800.0,0.78,650.0610687022901,0.2147244238136744,1061.4545454545455,16.0,8.0,26.0,131.0,22.0
1.8221212121212123,3000.0,0.8,642.9391891891892,0.21630551557780797,1061.4545454545455,16.0,9.0,25.0,148.0,22.0
1.8221212121212123,3200.0,0.8,636.6572327044025,0.21510956155109157,1061.4545454545455,15.0,10.0,25.0,159.0,22.0
1.8221212121212123,3400.0,0.76,631.2471910112359,0.21742038797559443,1249.9166666666667,17.0,10.0,23.0,178.0,24.0
1.8221212121212123,3600.0,0.8,615.4358974358975,0.22692720896762816,1249.9166666666667,13.0,15.0,22.0,195.0,24.0
1.8221212121212123,3800.0,0.8,600.8894230769231,0.23181237711065616,1346.04,15.0,13.0,22.0,208.0,25.0
1.8221212121212123,4000.0,0.78,601.4128440366973,0.23615024425840714,1535.1851851851852,17.0,11.0,22.0,218.0,27.0
1.8221212121212123,4200.0,0.76,591.0189075630252,0.23063669349117225,1535.1851851851852,16.0,12.0,22.0,238.0,27.0
1.8221212121212123,4400.0,0.8,587.1428571428571,0.22577179575537673,1535.1851851851852,15.0,14.0,21.0,252.0,27.0
1.8221212121212123,4600.0,0.8,585.4354243542435,0.22123122453530092,1535.1851851851852,12.0,18.0,20.0,271.0,27.0
1.8221212121212123,4800.0,0.76,574.8048780487804,0.21365009223035292,1535.1851851851852,12.0,18.0,20.0,287.0,27.0
1.8221212121212123,5000.0,0.78,568.4884105960265,0.21194737802282448,1535.1851851851852,12.0,18.0,20.0,302.0,27.0
1.8221212121212123,5200.0,0.78,564.5895061728395,0.21407577078223503,1528.5714285714287,10.0,22.0,18.0,324.0,28.0
1.8221212121212123,5400.0,0.78,561.1507246376812,0.21727849512496705,1528.5714285714287,11.0,20.0,19.0,345.0,28.0
1.8221212121212123,5600.0,0.78,553.4553072625698,0.21979202562179473,1790.4666666666667,14.0,17.0,19.0,358.0,30.0
1.8221212121212123,5800.0,0.78,545.6403743315508,0.2231771836296191,1790.4666666666667,12.0,19.0,19.0,374.0,30.0
1.8221212121212123,6000.0,0.78,545.1765463917526,0.22607585186386395,1922.3548387096773,14.0,18.0,18.0,388.0,31.0
1.8221212121212123,6200.0,0.78,545.907268170426,0.23298806073014006,2050.984375,15.0,17.0,18.0,399.0,32.0
1.8221212121212123,6400.0,0.78,543.9546568627451,0.23846107068291003,2050.984375,14.0,18.0,18.0,408.0,32.0
1.8221212121212123,6600.0,0.78,546.8791079812206,0.24079216751464536,2050.984375,15.0,17.0,18.0,426.0,32.0
1.8221212121212123,6800.0,0.78,550.0751708428246,0.24342732045486795,2192.3636363636365,14.0,18.0,18.0,439.0,33.0
1.8221212121212123,7000.0,0.8,551.3920704845815,0.2431435347536132,2192.3636363636365,15.0,16.0,19.0,454.0,33.0
1.8221212121212123,7200.0,0.8,549.136460554371,0.24701518253501714,2192.3636363636365,15.0,15.0,20.0,469.0,33.0
1.8221212121212123,7400.0,0.8,546.4918367346938,0.2487989783714755,2192.3636363636365,16.0,14.0,20.0,490.0,33.0
1.8221212121212123,7600.0,0.78,542.1428571428571,0.24502868262623395,2346.735294117647,15.0,15.0,20.0,504.0,34.0
1.8221212121212123,7800.0,0.78,542.825,0.24221109602091906,2346.735294117647,17.0,12.0,21.0,520.0,34.0
1.8221212121212123,8000.0,0.76,546.2915094339622,0.23390022905560173,2346.735294117647,13.0,16.0,21.0,530.0,34.0
1.8221212121212123,8200.0,0.8,544.4373848987109,0.22402854073338332,2346.735294117647,14.0,14.0,22.0,543.0,34.0
1.8221212121212123,8400.0,0.76,544.2021466905188,0.21780552571301157,2346.735294117647,13.0,16.0,21.0,559.0,34.0
1.8221212121212123,8600.0,0.74,544.2262521588947,0.21133926580585005,2346.735294117647,11.0,19.0,20.0,579.0,34.0
1.8221212121212123,8800.0,0.78,541.0243697478992,0.21490685747876676,2346.735294117647,10.0,21.0,19.0,595.0,34.0
1.8221212121212123,9000.0,0.8,537.8319672131148,0.2199541888796546,2346.735294117647,9.0,22.0,19.0,610.0,34.0
1.8221212121212123,9200.0,0.8,538.8451043338683,0.2240488111406158,2321.5833333333335,15.0,16.0,19.0,623.0,36.0
1.8221212121212123,9400.0,0.76,540.5423197492163,0.2294812802789208,2321.5833333333335,15.0,15.0,20.0,638.0,36.0
1.8221212121212123,9600.0,0.78,536.8232169954476,0.23402185149899662,2321.5833333333335,15.0,15.0,20.0,659.0,36.0
1.8221212121212123,9800.0,0.78,537.4329359165424,0.23019074453205765,2321.5833333333335,16.0,15.0,19.0,671.0,36.0
1.8221212121212123,10000.0,0.78,537.3216885007278,0.2286096527679241,2321.5833333333335,14.0,17.0,19.0,687.0,36.0
1.8221212121212123,10200.0,0.78,535.3311965811965,0.2324002189203981,2321.5833333333335,14.0,16.0,20.0,702.0,36.0
1.8221212121212123,10400.0,0.78,535.3552447552447,0.23736646869235603,2744.8552631578946,16.0,13.0,21.0,715.0,38.0
1.8221212121212123,10600.0,0.8,537.6239612188366,0.23878539719862973,2744.8552631578946,16.0,13.0,21.0,722.0,38.0
1.8221212121212123,10800.0,0.8,538.225237449118,0.2332718464313948,2744.8552631578946,15.0,14.0,21.0,737.0,38.0
1.8221212121212123,11000.0,0.8,539.362977602108,0.2288528976547139,2744.8552631578946,15.0,15.0,20.0,759.0,38.0
1.8221212121212123,11200.0,0.8,537.8381014304291,0.2280623517726471,2744.8552631578946,13.0,17.0,20.0,769.0,38.0
1.8221212121212123,11400.0,0.76,537.7996183206106,0.2265623416374435,2744.8552631578946,14.0,16.0,20.0,786.0,38.0
1.8221212121212123,11600.0,0.76,536.5640547263681,0.23205562199744592,2744.8552631578946,15.0,15.0,20.0,804.0,38.0
1.8221212121212123,11800.0,0.78,536.160736196319,0.22968398435124562,2744.8552631578946,15.0,15.0,20.0,815.0,38.0
1.8221212121212123,12000.0,0.78,536.406962785114,0.2271907242616504,2744.8552631578946,13.0,16.0,21.0,833.0,38.0
1.8221212121212123,12200.0,0.78,535.934628975265,0.23017047412482516,2744.8552631578946,13.0,16.0,21.0,849.0,38.0
1.8221212121212123,12400.0,0.76,534.1518987341772,0.23246103014209554,2744.8552631578946,14.0,14.0,22.0,869.0,38.0
1.8221212121212123,12600.0,0.8,533.6238584474886,0.22978533638740803,2993.858974358974,12.0,16.0,22.0,876.0,39.0
1.8221212121212123,12800.0,0.78,532.3282828282828,0.22611639267832892,2993.858974358974,12.0,17.0,21.0,891.0,39.0
1.8221212121212123,13000.0,0.76,532.0693989071038,0.22627855593618876,2993.858974358974,14.0,15.0,21.0,915.0,39.0
1.8221212121212123,13200.0,0.8,530.1506996770721,0.22984614760910546,2993.858974358974,14.0,14.0,22.0,929.0,39.0
1.8221212121212123,13400.0,0.76,529.7857142857143,0.22747450996290516,2993.858974358974,14.0,15.0,21.0,945.0,39.0
1.8221212121212123,13600.0,0.78,529.941787941788,0.22966371394401314,2993.858974358974,11.0,18.0,21.0,962.0,39.0
1.8221212121212123,13800.0,0.78,527.7684426229508,0.2317718362961912,2993.858974358974,9.0,21.0,20.0,976.0,39.0
1.8221212121212123,14000.0,0.8,529.7921291624622,0.2373056574706586,2993.858974358974,11.0,19.0,20.0,991.0,39.0
1.8221212121212123,14200.0,0.78,530.0989010989011,0.243893539821215,3068.025,14.0,16.0,20.0,1001.0,40.0
1.8221212121212123,14400.0,0.78,528.7132352941177,0.24273812660896357,3087.3414634146343,14.0,16.0,20.0,1020.0,41.0
1.8221212121212123,14600.0,0.78,527.9990347490348,0.2398799991891837,3087.3414634146343,13.0,16.0,21.0,1036.0,41.0
1.8221212121212123,14800.0,0.78,530.279257849667,0.23850161149737498,3087.3414634146343,13.0,15.0,22.0,1051.0,41.0
1.8221212121212123,15000.0,0.8,530.3424270931326,0.232521841363793,3087.3414634146343,11.0,17.0,22.0,1063.0,41.0
1.8221212121212123,15200.0,0.8,530.3767377201112,0.22453530091419538,3373.654761904762,12.0,16.0,22.0,1079.0,42.0
1.8221212121212123,15400.0,0.8,529.5229779411765,0.22230555611862243,3373.654761904762,12.0,16.0,22.0,1088.0,42.0
1.8221212121212123,15600.0,0.78,530.231884057971,0.21802850019256886,3373.654761904762,11.0,19.0,20.0,1104.0,42.0
1.8221212121212123,15800.0,0.76,531.4834525939177,0.2147244238136744,3373.654761904762,10.0,20.0,20.0,1118.0,42.0
1.8221212121212123,16000.0,0.8,531.1111599297012,0.22056230109662903,3373.654761904762,14.0,16.0,20.0,1138.0,42.0
1.8523232323232326,0.0,0.0,nan,0.015202805424360975,nan,0.0,0.0,50.0,0.0,0.0
1.8523232323232326,200.0,0.32,160.0,0.040540814464962605,nan,0.0,15.0,35.0,1.0,0.0
1.8523232323232326,400.0,0.66,148.16666666666666,0.08353434820505544,nan,0.0,21.0,29.0,6.0,0.0
1.8523232323232326,600.0,0.8,149.625,0.12261569334927938,nan,0.0,22.0,28.0,8.0,0.0
1.8523232323232326,800.0,0.78,232.04166666666666,0.15326454908479112,698.7142857142857,6.0,15.0,29.0,12.0,7.0
1.8523232323232326,1000.0,0.76,339.21875,0.17454847667889647,748.8181818181819,11.0,10.0,29.0,16.0,11.0
1.8523232323232326,1200.0,0.78,397.04545454545456,0.19001479739727972,774.625,12.0,9.0,29.0,22.0,12.0
1.8523232323232326,1400.0,0.78,546.9354838709677,0.1955486185717471,819.8846153846154,12.0,10.0,28.0,31.0,13.0
1.8523232323232326,1600.0,0.78,659.0909090909091,0.1990351286157339,914.0,12.0,10.0,28.0,44.0,15.0
1.8523232323232326,1800.0,0.78,694.8,0.20805545983418808,1004.8235294117648,12.0,11.0,27.0,60.0,17.0
1.8523232323232326,2000.0,0.76,706.6518987341772,0.21358928100865546,1056.861111111111,10.0,13.0,27.0,79.0,18.0
1.8523232323232326,2200.0,0.76,674.8406593406594,0.21665011250076013,1156.525,12.0,12.0,26.0,91.0,20.0
1.8523232323232326,2400.0,0.76,684.87,0.22224474489692497,1208.7619047619048,13.0,11.0,26.0,100.0,21.0
1.8523232323232326,2600.0,0.78,642.591304347826,0.2242717856201731,1208.7619047619048,12.0,12.0,26.0,115.0,21.0
1.8523232323232326,2800.0,0.78,625.4541984732824,0.22682585693146576,1208.7619047619048,13.0,11.0,26.0,131.0,21.0
1.8523232323232326,3000.0,0.8,611.8482758620689,0.23053534145500984,1288.2954545454545,14.0,11.0,25.0,145.0,22.0
1.8523232323232326,3200.0,0.8,604.4254658385094,0.23379887701943933,1367.391304347826,15.0,10.0,25.0,161.0,23.0
1.8523232323232326,3400.0,0.8,593.9265536723163,0.24079216751464536,1367.391304347826,15.0,10.0,25.0,177.0,23.0
1.8523232323232326,3600.0,0.8,611.0718085106383,0.24223136642815155,1459.2083333333333,15.0,10.0,25.0,188.0,24.0
1.8523232323232326,3800.0,0.8,616.4725,0.23949486145176657,1546.28,16.0,9.0,25.0,200.0,25.0
1.8523232323232326,4000.0,0.74,615.3679245283018,0.232521841363793,1546.28,15.0,10.0,25.0,212.0,25.0
1.8523232323232326,4200.0,0.78,607.780269058296,0.22968398435124562,1546.28,13.0,12.0,25.0,223.0,25.0
1.8523232323232326,4400.0,0.78,620.7625,0.2297042547584781,1546.28,14.0,11.0,25.0,240.0,25.0
1.8523232323232326,4600.0,0.78,618.5119521912351,0.2321975148480733,1546.28,14.0,12.0,24.0,251.0,25.0
1.8523232323232326,4800.0,0.76,607.2435424354244,0.22992722923803538,1546.28,14.0,12.0,24.0,271.0,25.0
1.8523232323232326,5000.0,0.78,602.0734265734266,0.2317515658889587,1546.28,14.0,13.0,23.0,286.0,25.0
1.8523232323232326,5200.0,0.8,599.0824915824916,0.2322177852553058,1546.28,13.0,15.0,22.0,297.0,25.0
1.8523232323232326,5400.0,0.78,591.6847133757962,0.23193399955405103,1692.8846153846155,15.0,13.0,22.0,314.0,26.0
1.8523232323232326,5600.0,0.8,590.6456456456457,0.2331704943952324,1692.8846153846155,11.0,17.0,22.0,333.0,26.0
1.8523232323232326,5800.0,0.8,583.2893982808023,0.2275150507773701,1843.851851851852,11.0,18.0,21.0,349.0,27.0
1.8523232323232326,6000.0,0.8,579.840782122905,0.22246771937648227,1843.851851851852,11.0,18.0,21.0,358.0,27.0
1.8523232323232326,6200.0,0.74,580.6723684210526,0.22179879593781038,2135.9137931034484,13.0,16.0,21.0,380.0,29.0
1.8523232323232326,6400.0,0.78,574.2405063291139,0.21898120933249549,2135.9137931034484,12.0,17.0,21.0,395.0,29.0
1.8523232323232326,6600.0,0.8,571.9063260340632,0.21411631159669997,2135.9137931034484,10.0,20.0,20.0,411.0,29.0
1.8523232323232326,6800.0,0.78,565.6087470449172,0.2106298015527132,2135.9137931034484,12.0,18.0,20.0,423.0,29.0
1.8523232323232326,7000.0,0.78,561.061797752809,0.20706220987979648,2135.9137931034484,12.0,18.0,20.0,445.0,29.0
1.8523232323232326,7200.0,0.74,557.9763440860215,0.2072446435448888,2135.9137931034484,9.0,21.0,20.0,465.0,29.0
1.8523232323232326,7400.0,0.8,554.9242738589212,0.2185352603733809,2135.9137931034484,10.0,21.0,19.0,482.0,29.0
1.8523232323232326,7600.0,0.8,550.4556451612904,0.22723126507611538,2135.9137931034484,11.0,19.0,20.0,496.0,29.0
1.8523232323232326,7800.0,0.78,548.1741682974559,0.23047453023331238,2318.733333333333,12.0,18.0,20.0,511.0,30.0
1.8523232323232326,8000.0,0.78,545.1141509433962,0.2285285711389942,2496.0806451612902,11.0,20.0,19.0,530.0,31.0
1.8523232323232326,8200.0,0.8,541.3415300546449,0.2273123467050453,2496.0806451612902,11.0,22.0,17.0,549.0,31.0
1.8523232323232326,8400.0,0.74,541.8639575971731,0.22510287231670484,2496.0806451612902,10.0,22.0,18.0,566.0,31.0
1.8523232323232326,8600.0,0.8,536.5867697594501,0.2216771734944155,2684.4375,9.0,24.0,17.0,582.0,32.0
1.8523232323232326,8800.0,0.8,536.563025210084,0.22052176028216408,2684.4375,10.0,22.0,18.0,595.0,32.0
1.8523232323232326,9000.0,0.76,536.3346774193549,0.22267042344880708,3051.5,13.0,19.0,18.0,620.0,34.0
1.8523232323232326,9200.0,0.76,532.18359375,0.22814343340157703,3051.5,12.0,21.0,17.0,640.0,34.0
1.8523232323232326,9400.0,0.76,527.4961656441718,0.2307785863417996,3051.5,13.0,20.0,17.0,652.0,34.0
1.8523232323232326,9600.0,0.76,524.1519461077844,0.22952182109338576,3051.5,13.0,18.0,19.0,668.0,34.0
1.8523232323232326,9800.0,0.8,520.5507982583455,0.22901506091257373,3051.5,13.0,19.0,18.0,689.0,34.0
1.8523232323232326,10000.0,0.8,520.2482219061167,0.22538665801795957,3051.5,14.0,18.0,18.0,703.0,34.0
1.8523232323232326,10200.0,0.78,521.2110027855153,0.22333934688747897,3051.5,12.0,20.0,18.0,718.0,34.0
1.8523232323232326,10400.0,0.78,520.1380243572395,0.22155555105102062,3022.3285714285716,13.0,19.0,18.0,739.0,35.0
1.8523232323232326,10600.0,0.78,516.4083665338645,0.22226501530415746,3022.3285714285716,13.0,19.0,18.0,753.0,35.0
1.8523232323232326,10800.0,0.76,516.1471354166666,0.22052176028216408,3022.3285714285716,11.0,20.0,19.0,768.0,35.0
1.8523232323232326,11000.0,0.8,515.4294790343075,0.21833255630105608,3022.3285714285716,12.0,19.0,19.0,787.0,35.0
1.8523232323232326,11200.0,0.74,512.9771322620519,0.21808931141426632,3022.3285714285716,13.0,20.0,17.0,809.0,35.0
1.8523232323232326,11400.0,0.78,512.0796139927623,0.21667038290799262,3022.3285714285716,12.0,21.0,17.0,829.0,35.0
1.8523232323232326,11600.0,0.76,508.91843971631204,0.21859607159507835,3022.3285714285716,14.0,18.0,18.0,846.0,35.0
1.8523232323232326,11800.0,0.78,504.16857798165137,0.22214339286076257,3264.9583333333335,12.0,20.0,18.0,872.0,36.0
1.8523232323232326,12000.0,0.8,502.0461192350956,0.2200758113230495,3264.9583333333335,13.0,19.0,18.0,889.0,36.0
1.8523232323232326,12200.0,0.76,500.1467991169978,0.21541361765957878,3264.9583333333335,13.0,19.0,18.0,906.0,36.0
1.8523232323232326,12400.0,0.8,500.65815217391304,0.21255549023979892,3264.9583333333335,13.0,17.0,20.0,920.0,36.0
1.8523232323232326,12600.0,0.8,500.00748663101604,0.21308252082784343,3264.9583333333335,12.0,20.0,18.0,935.0,36.0
1.8523232323232326,12800.0,0.78,499.231822971549,0.20700139865809905,3264.9583333333335,9.0,23.0,18.0,949.0,36.0
1.8523232323232326,13000.0,0.72,496.5061791967044,0.20420408246001662,3264.9583333333335,8.0,22.0,20.0,971.0,36.0
1.8523232323232326,13200.0,0.8,497.0101419878296,0.20819735268481543,3264.9583333333335,9.0,21.0,20.0,986.0,36.0
1.8523232323232326,13400.0,0.78,497.85664335664336,0.21448117892688465,3264.9583333333335,11.0,20.0,19.0,1001.0,36.0
1.8523232323232326,13600.0,0.74,498.78937007874015,0.22046094906046662,3280.2702702702704,13.0,18.0,19.0,1016.0,37.0
1.8523232323232326,13800.0,0.78,496.2192642787996,0.22321772444408408,3280.2702702702704,13.0,18.0,19.0,1033.0,37.0
1.8523232323232326,14000.0,0.74,497.10076045627375,0.2250623315022399,3280.2702702702704,13.0,17.0,20.0,1052.0,37.0
1.8523232323232326,14200.0,0.8,496.0422535211268,0.22923803539213103,3566.9736842105262,15.0,16.0,19.0,1065.0,38.0
1.8523232323232326,14400.0,0.78,494.54205175600737,0.23465023412320354,3599.8076923076924,15.0,16.0,19.0,1082.0,39.0
1.8523232323232326,14600.0,0.78,494.07706255666363,0.24002189203981109,3599.8076923076924,13.0,21.0,16.0,1103.0,39.0
1.8523232323232326,14800.0,0.78,494.18206278026906,0.23981918796748627,3599.8076923076924,12.0,22.0,16.0,1115.0,39.0
1.8523232323232326,15000.0,0.78,494.7192749778957,0.23700160136217135,3599.8076923076924,12.0,21.0,17.0,1131.0,39.0
1.8523232323232326,15200.0,0.72,494.9300087489064,0.237407009506821,3886.2,14.0,19.0,17.0,1143.0,40.0
1.8523232323232326,15400.0,0.76,492.9845094664372,0.23896783086372206,4163.951219512195,13.0,20.0,17.0,1162.0,41.0
1.8523232323232326,15600.0,0.8,492.04131534569984,0.23823809620335273,4163.951219512195,13.0,18.0,19.0,1186.0,41.0
1.8523232323232326,15800.0,0.78,492.2178631051753,0.2349948310461557,4163.951219512195,13.0,18.0,19.0,1198.0,41.0
1.8523232323232326,16000.0,0.8,492.320987654321,0.2311029128575193,4133.309523809524,16.0,15.0,19.0,1215.0,42.0
1.8825252525252527,0.0,0.0,nan,0.015202805424360975,nan,0.0,0.0,50.0,0.0,0.0
1.8825252525252527,200.0,0.36,nan,0.03952729410333854,nan,0.0,14.0,36.0,0.0,0.0
1.8825252525252527,400.0,0.72,166.0,0.07810187906675045,nan,0.0,16.0,34.0,1.0,0.0
1.8825252525252527,600.0,0.76,182.25,0.11177102547990189,549.625,4.0,12.0,34.0,4.0,4.0
1.8825252525252527,800.0,0.78,347.27777777777777,0.1389536415786593,617.5,8.0,9.0,33.0,9.0,8.0
1.8825252525252527,1000.0,0.8,431.77272727272725,0.1596902681774877,674.0,10.0,9.0,31.0,11.0,10.0
1.8825252525252527,1200.0,0.8,531.8214285714286,0.1770417367684917,743.875,12.0,7.0,31.0,14.0,12.0
1.8825252525252527,1400.0,0.78,714.9038461538462,0.18212960898384448,788.1923076923077,13.0,6.0,31.0,26.0,13.0
1.8825252525252527,1600.0,0.78,868.9431818181819,0.1879674862667991,835.1071428571429,13.0,7.0,30.0,44.0,14.0
1.8825252525252527,1800.0,0.78,801.9473684210526,0.19915675105912878,950.0,14.0,6.0,30.0,57.0,16.0
1.8825252525252527,2000.0,0.76,749.5416666666666,0.20687977621470416,950.0,13.0,7.0,30.0,72.0,16.0
1.8825252525252527,2200.0,0.78,748.7727272727273,0.20886627612348732,1086.0277777777778,14.0,6.0,30.0,77.0,18.0
1.8825252525252527,2400.0,0.8,738.7558139534884,0.20679869458577424,1152.0,17.0,3.0,30.0,86.0,19.0
1.8825252525252527,2600.0,0.76,739.88,0.20527841404333813,1152.0,15.0,5.0,30.0,100.0,19.0
1.8825252525252527,2800.0,0.78,736.4449541284404,0.20550138852289543,1225.35,15.0,5.0,30.0,109.0,20.0
1.8825252525252527,3000.0,0.78,735.9795081967213,0.20193379684997873,1225.35,14.0,6.0,30.0,122.0,20.0
1.8825252525252527,3200.0,0.74,739.8629629629629,0.202704072324813,1225.35,12.0,9.0,29.0,135.0,20.0
1.8825252525252527,3400.0,0.8,727.1038961038961,0.20892708734518475,1225.35,16.0,6.0,28.0,154.0,20.0
1.8825252525252527,3600.0,0.78,692.1715976331361,0.2106095311454807,1225.35,16.0,6.0,28.0,169.0,20.0
1.8825252525252527,3800.0,0.8,679.1126373626373,0.21091358725396794,1225.35,12.0,10.0,28.0,182.0,20.0
1.8825252525252527,4000.0,0.78,675.8629441624365,0.2082581639065129,1225.35,12.0,10.0,28.0,197.0,20.0
1.8825252525252527,4200.0,0.78,651.6822429906542,0.20544057730119797,1364.6904761904761,12.0,10.0,28.0,214.0,21.0
1.8825252525252527,4400.0,0.76,640.3376623376623,0.21421766363286238,1364.6904761904761,13.0,9.0,28.0,231.0,21.0
1.8825252525252527,4600.0,0.76,636.4375,0.21575821458253097,1364.6904761904761,15.0,7.0,28.0,240.0,21.0
1.8825252525252527,4800.0,0.8,638.8486055776892,0.21338657693633065,1364.6904761904761,13.0,9.0,28.0,251.0,21.0
1.8825252525252527,5000.0,0.76,645.4003831417624,0.208136541463118,1525.7272727272727,14.0,8.0,28.0,261.0,22.0
1.8825252525252527,5200.0,0.76,639.6209964412811,0.19846755721322443,1525.7272727272727,15.0,7.0,28.0,281.0,22.0
1.8825252525252527,5400.0,0.78,631.6739130434783,0.1938256339569862,1525.7272727272727,10.0,13.0,27.0,299.0,22.0
1.8825252525252527,5600.0,0.78,625.0721153846154,0.1960959195670241,1525.7272727272727,8.0,16.0,26.0,312.0,22.0
1.8825252525252527,5800.0,0.8,622.3941717791411,0.19694727667078832,1705.0,10.0,14.0,26.0,326.0,23.0
1.8825252525252527,6000.0,0.8,618.1700879765395,0.20371759268643708,1877.3333333333333,10.0,14.0,26.0,341.0,24.0
1.8825252525252527,6200.0,0.8,614.1901408450705,0.2050959803782458,1877.3333333333333,11.0,13.0,26.0,355.0,24.0
1.8825252525252527,6400.0,0.78,608.4318181818181,0.20359597024304218,1877.3333333333333,13.0,11.0,26.0,374.0,24.0
1.8825252525252527,6600.0,0.78,605.4035989717223,0.2024810978452557,1877.3333333333333,14.0,10.0,26.0,389.0,24.0
1.8825252525252527,6800.0,0.78,597.0492610837439,0.2106095311454807,2070.16,14.0,11.0,25.0,406.0,25.0
1.8825252525252527,7000.0,0.8,593.2655502392345,0.2182109338576612,2070.16,13.0,13.0,24.0,418.0,25.0
1.8825252525252527,7200.0,0.78,592.560465116279,0.21800822978533638,2070.16,15.0,11.0,24.0,430.0,25.0
1.8825252525252527,7400.0,0.78,589.0546875,0.2156974033608335,2070.16,13.0,13.0,24.0,448.0,25.0
1.8825252525252527,7600.0,0.78,586.2677419354839,0.2129000871627511,2070.16,13.0,13.0,24.0,465.0,25.0
1.8825252525252527,7800.0,0.76,586.2867647058823,0.21369063304481786,2078.980769230769,13.0,13.0,24.0,476.0,26.0
1.8825252525252527,8000.0,0.8,583.380612244898,0.21287981675551862,2083.185185185185,14.0,10.0,26.0,490.0,27.0
1.8825252525252527,8200.0,0.8,581.8296812749004,0.21825147467212616,2083.185185185185,13.0,11.0,26.0,502.0,27.0
1.8825252525252527,8400.0,0.76,581.6515444015444,0.22262988263434214,2083.185185185185,14.0,11.0,25.0,518.0,27.0
1.8825252525252527,8600.0,0.76,578.373595505618,0.21944742869884257,2309.8214285714284,10.0,16.0,24.0,534.0,28.0
1.8825252525252527,8800.0,0.8,578.6114130434783,0.21417712281839743,2309.8214285714284,8.0,19.0,23.0,552.0,28.0
1.8825252525252527,9000.0,0.8,576.9206349206349,0.20860276082946505,2309.8214285714284,10.0,17.0,23.0,567.0,28.0
1.8825252525252527,9200.0,0.8,574.6660929432014,0.20917033223197454,2309.8214285714284,12.0,16.0,22.0,581.0,28.0
1.8825252525252527,9400.0,0.78,570.3689482470785,0.21330549530740073,2309.8214285714284,9.0,19.0,22.0,599.0,28.0
1.8825252525252527,9600.0,0.74,570.3454692556634,0.21673119412969005,2285.344827586207,9.0,20.0,21.0,618.0,29.0
1.8825252525252527,9800.0,0.76,564.8684627575277,0.21450144933411713,2285.344827586207,11.0,18.0,21.0,631.0,29.0
1.8825252525252527,10000.0,0.78,566.6107692307693,0.21294062797721605,2537.866666666667,10.0,18.0,22.0,650.0,30.0
1.8825252525252527,10200.0,0.76,561.8045112781955,0.21365009223035292,2537.866666666667,11.0,17.0,22.0,665.0,30.0
1.8825252525252527,10400.0,0.8,561.3154411764706,0.21417712281839743,2791.2258064516127,12.0,16.0,22.0,680.0,31.0
1.8825252525252527,10600.0,0.76,559.7323741007194,0.22054203068939654,2791.2258064516127,14.0,15.0,21.0,695.0,31.0
1.8825252525252527,10800.0,0.8,557.2935393258427,0.220602841911094,2791.2258064516127,11.0,18.0,21.0,712.0,31.0
1.8825252525252527,11000.0,0.78,554.3445205479452,0.21510956155109157,3045.984375,10.0,18.0,22.0,730.0,32.0
1.8825252525252527,11200.0,0.78,554.7744966442953,0.2191636429975878,3292.7727272727275,11.0,17.0,22.0,745.0,33.0
1.8825252525252527,11400.0,0.8,552.2838370565046,0.2241704335840107,3292.7727272727275,11.0,18.0,21.0,761.0,33.0
1.8825252525252527,11600.0,0.76,549.2867268041238,0.22844748951006424,3292.7727272727275,13.0,15.0,22.0,776.0,33.0
1.8825252525252527,11800.0,0.8,550.3598484848485,0.22540692842519205,3292.7727272727275,13.0,17.0,20.0,792.0,33.0
1.8825252525252527,12000.0,0.8,550.9327521793275,0.2255893620902844,3292.7727272727275,12.0,19.0,19.0,803.0,33.0
1.8825252525252527,12200.0,0.78,550.591075794621,0.22143392860762573,3292.7727272727275,12.0,18.0,20.0,818.0,33.0
1.8825252525252527,12400.0,0.8,550.5766908212561,0.22181906634504286,3560.014705882353,11.0,18.0,21.0,828.0,34.0
1.8825252525252527,12600.0,0.76,548.1172985781991,0.22194068878843776,3813.614285714286,12.0,15.0,23.0,844.0,35.0
1.8825252525252527,12800.0,0.74,549.9420625724218,0.2194879695133075,3813.614285714286,10.0,17.0,23.0,863.0,35.0
1.8825252525252527,13000.0,0.8,553.2372304199773,0.21476496462813938,3813.614285714286,9.0,19.0,22.0,881.0,35.0
1.8825252525252527,13200.0,0.76,548.2066666666667,0.20720410273042386,3813.614285714286,11.0,18.0,21.0,900.0,35.0
1.8825252525252527,13400.0,0.76,543.6868191721132,0.20981898526341394,3813.614285714286,11.0,16.0,23.0,918.0,35.0
1.8825252525252527,13600.0,0.78,543.6120597652081,0.2078122149473983,3813.614285714286,10.0,17.0,23.0,937.0,35.0
1.8825252525252527,13800.0,0.8,541.3301886792453,0.2074676180244461,3813.614285714286,11.0,17.0,22.0,954.0,35.0
1.8825252525252527,14000.0,0.8,539.7188465499485,0.213021709606146,3813.614285714286,12.0,16.0,22.0,971.0,35.0
1.8825252525252527,14200.0,0.78,537.7593340060545,0.2118054851721971,3813.614285714286,14.0,14.0,22.0,991.0,35.0
1.8825252525252527,14400.0,0.76,535.9476570289132,0.20848113838607019,3813.614285714286,13.0,13.0,24.0,1003.0,35.0
1.8825252525252527,14600.0,0.76,533.4396467124632,0.2041027304238542,3753.902777777778,11.0,16.0,23.0,1019.0,36.0
1.8825252525252527,14800.0,0.74,532.5323671497584,0.1987918837289441,3753.902777777778,12.0,15.0,23.0,1035.0,36.0
1.8825252525252527,15000.0,0.8,533.8982889733841,0.2028256947682079,3753.902777777778,11.0,17.0,22.0,1052.0,36.0
1.8825252525252527,15200.0,0.8,533.9295112781955,0.2041230008310867,3753.902777777778,10.0,17.0,23.0,1064.0,36.0
1.8825252525252527,15400.0,0.78,533.7265552460539,0.20594733748201002,4031.8026315789475,13.0,13.0,24.0,1077.0,38.0
1.8825252525252527,15600.0,0.8,535.4655963302753,0.2080149190197231,4031.8026315789475,11.0,16.0,23.0,1090.0,38.0
1.8825252525252527,15800.0,0.8,535.9611562782294,0.21140007702754748,4031.8026315789475,12.0,16.0,22.0,1107.0,38.0
1.8825252525252527,16000.0,0.78,534.5787366548043,0.21535280643788135,4031.8026315789475,13.0,15.0,22.0,1124.0,38.0
1.912727272727273,0.0,0.0,nan,0.015202805424360975,nan,0.0,0.0,50.0,0.0,0.0
1.912727272727273,200.0,0.36,nan,0.03952729410333854,nan,0.0,14.0,36.0,0.0,0.0
1.912727272727273,400.0,0.64,156.16666666666666,0.07950053716579165,nan,0.0,17.0,33.0,3.0,0.0
1.912727272727273,600.0,0.8,141.0,0.12089270873451848,500.25,2.0,18.0,30.0,6.0,2.0
1.912727272727273,800.0,0.78,240.2,0.15362941641497577,677.25,10.0,10.0,30.0,10.0,10.0
1.912727272727273,1000.0,0.8,404.20588235294116,0.17408225731254942,710.3333333333334,12.0,8.0,30.0,17.0,12.0
1.912727272727273,1200.0,0.8,491.5238095238095,0.1922040013783877,794.0,15.0,6.0,29.0,21.0,15.0
1.912727272727273,1400.0,0.8,653.2575757575758,0.20363651105750716,829.125,14.0,8.0,28.0,33.0,16.0
1.912727272727273,1600.0,0.78,738.0784313725491,0.2121500820951493,874.4705882352941,15.0,8.0,27.0,51.0,17.0
1.912727272727273,1800.0,0.78,694.9112903225806,0.2207041939472564,960.3947368421053,17.0,7.0,26.0,62.0,19.0
1.912727272727273,2000.0,0.8,714.0,0.22583260697707416,1007.7,15.0,11.0,24.0,76.0,20.0
1.912727272727273,2200.0,0.8,702.2289156626506,0.22550828046135446,1007.7,14.0,12.0,24.0,83.0,20.0
1.912727272727273,2400.0,0.8,677.319587628866,0.22725153548334787,1065.904761904762,15.0,11.0,24.0,97.0,21.0
1.912727272727273,2600.0,0.8,672.8093220338983,0.2236231325887337,1065.904761904762,15.0,11.0,24.0,118.0,21.0
1.912727272727273,2800.0,0.8,666.7713178294574,0.22358259177426876,1138.1818181818182,15.0,11.0,24.0,129.0,22.0
1.912727272727273,3000.0,0.8,640.3636363636364,0.2246163825431253,1217.108695652174,15.0,11.0,24.0,143.0,23.0
1.912727272727273,3200.0,0.78,634.5955414012739,0.22433259684187054,1217.108695652174,14.0,12.0,24.0,157.0,23.0
1.912727272727273,3400.0,0.8,635.5718562874251,0.2313258873370766,1217.108695652174,14.0,13.0,23.0,167.0,23.0
1.912727272727273,3600.0,0.78,642.6312849162011,0.2361907850728721,1217.108695652174,13.0,14.0,23.0,179.0,23.0
1.912727272727273,3800.0,0.78,636.4639175257732,0.2404475705916932,1317.875,16.0,12.0,22.0,194.0,24.0
1.912727272727273,4000.0,0.74,626.5934579439253,0.2404273001844607,1418.96,18.0,9.0,23.0,214.0,25.0
1.912727272727273,4200.0,0.8,613.0,0.24263677457280117,1525.1538461538462,17.0,12.0,21.0,231.0,26.0
1.912727272727273,4400.0,0.76,603.748987854251,0.23906918289988446,1525.1538461538462,15.0,15.0,20.0,247.0,26.0
1.912727272727273,4600.0,0.8,593.963601532567,0.2403462185555308,1525.1538461538462,16.0,14.0,20.0,261.0,26.0
1.912727272727273,4800.0,0.8,595.8791821561339,0.23580564733545498,1525.1538461538462,15.0,15.0,20.0,269.0,26.0
1.912727272727273,5000.0,0.78,590.1197183098592,0.23428536679301887,1647.9074074074074,16.0,13.0,21.0,284.0,27.0
1.912727272727273,5200.0,0.8,586.1767676767677,0.2360083514077798,1647.9074074074074,15.0,13.0,22.0,297.0,27.0
1.912727272727273,5400.0,0.8,588.5608974358975,0.2367380860681491,1780.25,16.0,12.0,22.0,312.0,28.0
1.912727272727273,5600.0,0.8,581.959090909091,0.23704214217663633,1905.448275862069,17.0,12.0,21.0,330.0,29.0
1.912727272727273,5800.0,0.76,575.4014084507043,0.23529888715464295,1905.448275862069,16.0,13.0,21.0,355.0,29.0
1.912727272727273,6000.0,0.78,576.0241286863271,0.23690024932600895,1905.448275862069,14.0,15.0,21.0,373.0,29.0
1.912727272727273,6200.0,0.78,565.4858974358974,0.23357590253988203,1905.448275862069,13.0,16.0,21.0,390.0,29.0
1.912727272727273,6400.0,0.8,561.7256857855361,0.2349948310461557,1905.448275862069,14.0,16.0,20.0,401.0,29.0
1.912727272727273,6600.0,0.8,559.4228915662651,0.2358664585571524,1905.448275862069,13.0,16.0,21.0,415.0,29.0
1.912727272727273,6800.0,0.8,558.4988425925926,0.23288670869397765,1905.448275862069,14.0,15.0,21.0,432.0,29.0
1.912727272727273,7000.0,0.78,559.1394557823129,0.2278393772930898,1905.448275862069,13.0,16.0,21.0,441.0,29.0
1.912727272727273,7200.0,0.78,560.1310043668122,0.22745423955567268,2077.5666666666666,12.0,17.0,21.0,458.0,30.0
1.912727272727273,7400.0,0.78,552.6268343815514,0.22865019358238908,2246.5806451612902,13.0,15.0,22.0,477.0,31.0
1.912727272727273,7600.0,0.72,557.5663265306123,0.22966371394401314,2246.5806451612902,12.0,16.0,22.0,490.0,31.0
1.912727272727273,7800.0,0.8,557.034860557769,0.22392718869722092,2246.5806451612902,12.0,17.0,21.0,502.0,31.0
1.912727272727273,8000.0,0.8,555.9226305609284,0.21997445928688708,2246.5806451612902,12.0,17.0,21.0,517.0,31.0
1.912727272727273,8200.0,0.76,555.829268292683,0.22123122453530092,2246.5806451612902,10.0,19.0,21.0,533.0,31.0
1.912727272727273,8400.0,0.78,558.199268738574,0.22518395394563476,2246.5806451612902,11.0,18.0,21.0,547.0,31.0
1.912727272727273,8600.0,0.8,560.2508992805756,0.22291366833559687,2246.5806451612902,10.0,17.0,23.0,556.0,31.0
1.912727272727273,8800.0,0.76,562.152705061082,0.21717714308880465,2449.1875,10.0,18.0,22.0,573.0,32.0
1.912727272727273,9000.0,0.76,553.935294117647,0.20963655159832162,2449.1875,11.0,16.0,23.0,595.0,32.0
1.912727272727273,9200.0,0.76,550.0991869918699,0.21577848498976343,2449.1875,9.0,18.0,23.0,615.0,32.0
1.912727272727273,9400.0,0.74,546.4263074484944,0.21296089838444854,2449.1875,11.0,15.0,24.0,631.0,32.0
1.912727272727273,9600.0,0.74,543.8953488372093,0.20448786816127135,2449.1875,10.0,16.0,24.0,645.0,32.0
1.912727272727273,9800.0,0.76,544.1148648648649,0.20653517929175197,2449.1875,10.0,17.0,23.0,666.0,32.0
1.912727272727273,10000.0,0.8,543.9384272997032,0.21249467901810148,2449.1875,11.0,15.0,24.0,674.0,32.0
1.912727272727273,10200.0,0.78,543.488388969521,0.21555551051020616,2449.1875,9.0,17.0,24.0,689.0,32.0
1.912727272727273,10400.0,0.8,540.8399715504979,0.21656903087183021,2449.1875,10.0,17.0,23.0,703.0,32.0
1.912727272727273,10600.0,0.8,541.4336099585062,0.21338657693633065,2449.1875,9.0,17.0,24.0,723.0,32.0
1.912727272727273,10800.0,0.76,539.6817567567567,0.20850140879330264,2449.1875,9.0,17.0,24.0,740.0,32.0
1.912727272727273,11000.0,0.78,536.0553359683795,0.2060689599254049,2449.1875,10.0,16.0,24.0,759.0,32.0
1.912727272727273,11200.0,0.78,536.8168831168831,0.19952161838931345,2449.1875,10.0,16.0,24.0,770.0,32.0
1.912727272727273,11400.0,0.8,537.3386479591836,0.19368374110635883,2714.9242424242425,9.0,17.0,24.0,784.0,33.0
1.912727272727273,11600.0,0.78,536.5394736842105,0.1916364299758782,2714.9242424242425,7.0,19.0,24.0,798.0,33.0
1.912727272727273,11800.0,0.8,534.5694956949569,0.19309589929661686,2714.9242424242425,9.0,17.0,24.0,813.0,33.0
1.912727272727273,12000.0,0.78,536.7833935018051,0.19445401658119313,2714.9242424242425,9.0,18.0,23.0,831.0,33.0
1.912727272727273,12200.0,0.78,535.3979833926453,0.1971905215575781,2847.6470588235293,8.0,19.0,23.0,843.0,34.0
1.912727272727273,12400.0,0.76,535.4498834498835,0.19909593983743135,2872.842857142857,10.0,17.0,23.0,858.0,35.0
1.912727272727273,12600.0,0.74,537.9091428571429,0.1996837816471733,2872.842857142857,10.0,17.0,23.0,875.0,35.0
1.912727272727273,12800.0,0.74,533.3766741071429,0.20359597024304218,2872.842857142857,10.0,17.0,23.0,896.0,35.0
1.912727272727273,13000.0,0.76,532.1013071895425,0.19763647051669267,2872.842857142857,8.0,19.0,23.0,918.0,35.0
1.912727272727273,13200.0,0.78,527.8862179487179,0.1968661950418584,2872.842857142857,10.0,18.0,22.0,936.0,35.0
1.912727272727273,13400.0,0.7,525.961820083682,0.1991162102446638,2872.842857142857,9.0,19.0,22.0,956.0,35.0
1.912727272727273,13600.0,0.8,525.445652173913,0.1965418685261387,2872.842857142857,9.0,19.0,22.0,966.0,35.0
1.912727272727273,13800.0,0.78,524.8870143149285,0.19712971033588064,3173.7638888888887,10.0,19.0,21.0,978.0,36.0
1.912727272727273,14000.0,0.76,522.45995995996,0.20266353151034805,3173.7638888888887,10.0,19.0,21.0,999.0,36.0
1.912727272727273,14200.0,0.8,521.9793103448276,0.20667707214237935,3173.7638888888887,10.0,17.0,23.0,1015.0,36.0
1.912727272727273,14400.0,0.8,521.8479532163743,0.2088865465307198,3173.7638888888887,10.0,15.0,25.0,1026.0,36.0
1.912727272727273,14600.0,0.78,523.689124157844,0.21129872499138508,3771.3684210526317,12.0,16.0,22.0,1039.0,38.0
1.912727272727273,14800.0,0.78,523.0352716873213,0.21573794417529848,4053.2820512820513,12.0,16.0,22.0,1049.0,39.0
1.912727272727273,15000.0,0.78,524.2753074739829,0.21598118906208827,4324.75,13.0,13.0,24.0,1057.0,40.0
1.912727272727273,15200.0,0.8,527.5675046554935,0.21634605639227292,4324.75,13.0,14.0,23.0,1074.0,40.0
1.912727272727273,15400.0,0.7,527.36645396536,0.2222244744896925,4324.75,13.0,13.0,24.0,1097.0,40.0
1.912727272727273,15600.0,0.8,524.7436936936937,0.21786633693470903,4324.75,13.0,15.0,22.0,1110.0,40.0
1.912727272727273,15800.0,0.78,523.8142605633802,0.2122717045385442,4324.75,12.0,16.0,22.0,1136.0,40.0
1.912727272727273,16000.0,0.76,522.3544194107452,0.20831897512821032,4324.75,14.0,14.0,22.0,1154.0,40.0
1.9429292929292932,0.0,0.0,nan,0.015202805424360975,nan,0.0,0.0,50.0,0.0,0.0
1.9429292929292932,200.0,0.36,nan,0.03952729410333854,nan,0.0,14.0,36.0,0.0,0.0
1.9429292929292932,400.0,0.68,135.0,0.077493766849776,nan,0.0,17.0,33.0,5.0,0.0
1.9429292929292932,600.0,0.7,220.0,0.10941965824093405,565.25,4.0,14.0,32.0,11.0,4.0
1.9429292929292932,800.0,0.78,279.1,0.13607524375164698,617.8333333333334,6.0,14.0,30.0,15.0,6.0
1.9429292929292932,1000.0,0.8,354.0869565217391,0.1627105588551274,720.85,10.0,10.0,30.0,23.0,10.0
1.9429292929292932,1200.0,0.78,449.45,0.18444043540834734,790.4230769230769,13.0,7.0,30.0,30.0,13.0
1.9429292929292932,1400.0,0.8,524.1904761904761,0.19787971540348245,860.3333333333334,15.0,6.0,29.0,42.0,15.0
1.9429292929292932,1600.0,0.8,602.875,0.2081162710558855,942.5882352941177,16.0,5.0,29.0,52.0,17.0
1.9429292929292932,1800.0,0.76,603.9705882352941,0.21283927594105365,1024.0,15.0,6.0,29.0,68.0,19.0
1.9429292929292932,2000.0,0.8,631.8860759493671,0.218960938925263,1024.0,16.0,5.0,29.0,79.0,19.0
1.9429292929292932,2200.0,0.78,634.4368421052632,0.21987310725072468,1081.325,19.0,2.0,29.0,95.0,20.0
1.9429292929292932,2400.0,0.76,611.7787610619469,0.220055540915817,1081.325,17.0,4.0,29.0,113.0,20.0
1.9429292929292932,2600.0,0.78,614.9251968503937,0.22171771430888046,1081.325,17.0,4.0,29.0,127.0,20.0
1.9429292929292932,2800.0,0.78,596.5136054421769,0.2190622909614254,1081.325,17.0,5.0,28.0,147.0,20.0
1.9429292929292932,3000.0,0.8,580.8717948717949,0.21717714308880465,1081.325,17.0,6.0,27.0,156.0,20.0
1.9429292929292932,3200.0,0.8,583.1764705882352,0.21782579612024405,1177.1666666666667,16.0,7.0,27.0,170.0,21.0
1.9429292929292932,3400.0,0.76,576.1758241758242,0.21798795937810392,1277.8636363636363,17.0,6.0,27.0,182.0,22.0
1.9429292929292932,3600.0,0.8,583.6030150753769,0.21904202055419295,1277.8636363636363,16.0,8.0,26.0,199.0,22.0
1.9429292929292932,3800.0,0.8,570.3287037037037,0.22337988770194392,1379.6304347826087,15.0,9.0,26.0,216.0,23.0
1.9429292929292932,4000.0,0.78,568.8648068669528,0.22086635720511624,1486.8333333333333,16.0,8.0,26.0,233.0,24.0
1.9429292929292932,4200.0,0.8,554.62,0.22163663267995054,1486.8333333333333,17.0,8.0,25.0,250.0,24.0
1.9429292929292932,4400.0,0.78,551.9868913857678,0.22090689801958122,1486.8333333333333,15.0,11.0,24.0,267.0,24.0
1.9429292929292932,4600.0,0.8,550.1209386281588,0.22269069385603957,1486.8333333333333,12.0,15.0,23.0,277.0,24.0
1.9429292929292932,4800.0,0.8,549.6666666666666,0.2290556017270387,1486.8333333333333,14.0,13.0,23.0,291.0,24.0
1.9429292929292932,5000.0,0.8,549.3827361563518,0.2268866681531632,1621.7,15.0,12.0,23.0,307.0,25.0
1.9429292929292932,5200.0,0.76,545.368501529052,0.22848803032452922,1753.5576923076924,17.0,10.0,23.0,327.0,26.0
1.9429292929292932,5400.0,0.8,544.7766272189349,0.22954209150061824,1885.111111111111,16.0,12.0,22.0,338.0,27.0
1.9429292929292932,5600.0,0.78,546.1442857142857,0.2322988668842357,1885.111111111111,16.0,13.0,21.0,350.0,27.0
1.9429292929292932,5800.0,0.8,550.9155313351498,0.23667727484645165,1885.111111111111,16.0,13.0,21.0,367.0,27.0
1.9429292929292932,6000.0,0.74,550.8802631578948,0.23450834127257617,1885.111111111111,14.0,14.0,22.0,380.0,27.0
1.9429292929292932,6200.0,0.8,544.5919395465995,0.2345691524942736,1885.111111111111,16.0,12.0,22.0,397.0,27.0
1.9429292929292932,6400.0,0.8,547.5098765432099,0.23373806579774187,2044.75,14.0,14.0,22.0,405.0,28.0
1.9429292929292932,6600.0,0.8,546.8817966903073,0.23235967810593314,2044.75,16.0,12.0,22.0,423.0,28.0
1.9429292929292932,6800.0,0.78,547.3507972665149,0.22901506091257373,2044.75,17.0,10.0,23.0,439.0,28.0
1.9429292929292932,7000.0,0.78,543.7133479212254,0.22216366326799505,2044.75,12.0,16.0,22.0,457.0,28.0
1.9429292929292932,7200.0,0.8,539.8728991596639,0.21628524517057549,2044.75,12.0,16.0,22.0,476.0,28.0
1.9429292929292932,7400.0,0.78,544.2372188139059,0.2111568321407577,2044.75,12.0,15.0,23.0,489.0,28.0
1.9429292929292932,7600.0,0.78,539.5305719921105,0.21022439340806356,2044.75,12.0,15.0,23.0,507.0,28.0
1.9429292929292932,7800.0,0.8,533.3108365019011,0.2110352096973628,2044.75,12.0,14.0,24.0,526.0,28.0
1.9429292929292932,8000.0,0.76,531.3195211786372,0.2167109237224576,2044.75,13.0,13.0,24.0,543.0,28.0
1.9429292929292932,8200.0,0.8,530.6197822141561,0.21681227575862,2044.75,16.0,11.0,23.0,551.0,28.0
1.9429292929292932,8400.0,0.8,531.1872791519435,0.21273792390489124,2044.75,14.0,13.0,23.0,566.0,28.0
1.9429292929292932,8600.0,0.8,533.7646048109966,0.21239332698193908,2268.396551724138,16.0,11.0,23.0,582.0,29.0
1.9429292929292932,8800.0,0.8,534.814381270903,0.2071432915087264,2268.396551724138,13.0,12.0,25.0,598.0,29.0
1.9429292929292932,9000.0,0.78,533.2589576547231,0.20051486834370502,2268.396551724138,14.0,8.0,28.0,614.0,29.0
1.9429292929292932,9200.0,0.76,530.3627760252366,0.19408914925100845,2268.396551724138,13.0,9.0,28.0,634.0,29.0
1.9429292929292932,9400.0,0.78,525.1730474732007,0.19419050128717086,2268.396551724138,12.0,13.0,25.0,653.0,29.0
1.9429292929292932,9600.0,0.78,524.8864661654135,0.19372428192082378,2268.396551724138,11.0,15.0,24.0,665.0,29.0
1.9429292929292932,9800.0,0.78,525.519882179676,0.1889404658139582,2295.4,10.0,15.0,25.0,679.0,30.0
1.9429292929292932,10000.0,0.8,525.2033045977012,0.18979182291772242,2295.4,11.0,14.0,25.0,696.0,30.0
1.9429292929292932,10200.0,0.76,524.2201963534362,0.19548780735004967,2295.4,12.0,12.0,26.0,713.0,30.0
1.9429292929292932,10400.0,0.74,524.267217630854,0.20039324590031013,2262.951612903226,11.0,13.0,26.0,726.0,31.0
1.9429292929292932,10600.0,0.76,525.0587044534414,0.19984594490503313,2262.951612903226,11.0,14.0,25.0,741.0,31.0
1.9429292929292932,10800.0,0.78,527.6664456233422,0.19785944499624997,2262.951612903226,12.0,14.0,24.0,754.0,31.0
1.9429292929292932,11000.0,0.8,523.4646074646074,0.19942026635315102,2262.951612903226,13.0,12.0,25.0,777.0,31.0
1.9429292929292932,11200.0,0.78,521.5799748110832,0.20619058236879978,2262.951612903226,12.0,13.0,25.0,794.0,31.0
1.9429292929292932,11400.0,0.8,520.6918316831683,0.21573794417529848,2547.953125,14.0,12.0,24.0,808.0,32.0
1.9429292929292932,11600.0,0.78,520.6656479217604,0.2191636429975878,2547.953125,13.0,12.0,25.0,818.0,32.0
1.9429292929292932,11800.0,0.76,520.1990407673861,0.2173393063466645,2547.953125,13.0,12.0,25.0,834.0,32.0
1.9429292929292932,12000.0,0.76,520.6515330188679,0.20690004662193665,2547.953125,13.0,12.0,25.0,848.0,32.0
1.9429292929292932,12200.0,0.78,522.4196531791907,0.20059594997263494,2506.409090909091,12.0,13.0,25.0,865.0,33.0
1.9429292929292932,12400.0,0.8,523.4521094640821,0.20079865404495975,2506.409090909091,11.0,13.0,26.0,877.0,33.0
1.9429292929292932,12600.0,0.78,521.7471910112359,0.19848782762045689,2506.409090909091,11.0,13.0,26.0,890.0,33.0
1.9429292929292932,12800.0,0.8,522.4008859357697,0.1962986236393489,2506.409090909091,11.0,13.0,26.0,903.0,33.0
1.9429292929292932,13000.0,0.78,522.3889490790899,0.1965215981189062,2506.409090909091,10.0,14.0,26.0,923.0,33.0
1.9429292929292932,13200.0,0.78,522.7641408751334,0.2083595159426753,2506.409090909091,10.0,15.0,25.0,937.0,33.0
1.9429292929292932,13400.0,0.8,522.473129610116,0.21336630652909816,2506.409090909091,9.0,16.0,25.0,949.0,33.0
1.9429292929292932,13600.0,0.76,523.021265560166,0.20831897512821032,2468.1470588235293,10.0,15.0,25.0,964.0,34.0
1.9429292929292932,13800.0,0.8,522.6850715746422,0.20667707214237935,2616.8285714285716,11.0,14.0,25.0,978.0,35.0
1.9429292929292932,14000.0,0.78,523.548743718593,0.2054203068939655,2616.8285714285716,15.0,10.0,25.0,995.0,35.0
1.9429292929292932,14200.0,0.8,523.2964250248262,0.20621085277603227,2616.8285714285716,14.0,11.0,25.0,1007.0,35.0
1.9429292929292932,14400.0,0.8,524.7309197651664,0.20529868445057062,2616.8285714285716,12.0,13.0,25.0,1022.0,35.0
1.9429292929292932,14600.0,0.8,524.4975868725869,0.20430543449617902,2616.8285714285716,11.0,13.0,26.0,1036.0,35.0
1.9429292929292932,14800.0,0.8,524.5270398481973,0.20059594997263494,2616.8285714285716,12.0,12.0,26.0,1054.0,35.0
1.9429292929292932,15000.0,0.72,522.8706976744186,0.20019054182798532,2616.8285714285716,10.0,16.0,24.0,1075.0,35.0
1.9429292929292932,15200.0,0.74,521.3269054178145,0.2006567611943324,2616.8285714285716,11.0,14.0,25.0,1089.0,35.0
1.9429292929292932,15400.0,0.78,520.00861287398,0.20195406725721118,2616.8285714285716,9.0,17.0,24.0,1103.0,35.0
1.9429292929292932,15600.0,0.74,519.5146927871772,0.19725133277927553,2616.8285714285716,9.0,17.0,24.0,1123.0,35.0
1.9429292929292932,15800.0,0.76,520.4683933274803,0.1986905316927817,2616.8285714285716,9.0,17.0,24.0,1139.0,35.0
1.9429292929292932,16000.0,0.78,519.6359724612737,0.20491354671315345,2616.8285714285716,8.0,18.0,24.0,1162.0,35.0
1.9731313131313133,0.0,0.0,nan,0.015202805424360975,nan,0.0,0.0,50.0,0.0,0.0
1.9731313131313133,200.0,0.4,55.5,0.04080432975898486,nan,0.0,14.0,36.0,1.0,0.0
1.9731313131313133,400.0,0.76,135.25,0.08860195001317576,nan,0.0,21.0,29.0,2.0,0.0
1.9731313131313133,600.0,0.8,217.33333333333334,0.13307522348123973,539.0,3.0,20.0,27.0,6.0,3.0
1.9731313131313133,800.0,0.78,286.95454545454544,0.168001135142805,627.5,8.0,15.0,27.0,11.0,8.0
1.9731313131313133,1000.0,0.8,348.6923076923077,0.191332373867391,686.25,10.0,13.0,27.0,13.0,10.0
1.9731313131313133,1200.0,0.78,522.55,0.20586625585308008,768.4230769230769,12.0,11.0,27.0,20.0,13.0
1.9731313131313133,1400.0,0.78,650.3225806451613,0.20981898526341394,884.71875,13.0,9.0,28.0,31.0,16.0
1.9731313131313133,1600.0,0.74,703.7333333333333,0.21468388299920946,947.25,17.0,5.0,28.0,45.0,18.0
1.9731313131313133,1800.0,0.8,724.1967213114754,0.21383252589544524,1019.325,14.0,8.0,28.0,61.0,20.0
1.9731313131313133,2000.0,0.8,724.02,0.22337988770194392,1019.325,15.0,9.0,26.0,75.0,20.0
1.9731313131313133,2200.0,0.8,699.5348837209302,0.2204812194676991,1073.5238095238096,15.0,9.0,26.0,86.0,21.0
1.9731313131313133,2400.0,0.8,695.9690721649484,0.21620416354164554,1132.590909090909,13.0,11.0,26.0,97.0,22.0
1.9731313131313133,2600.0,0.8,653.978813559322,0.2124541382036365,1188.9347826086957,12.0,12.0,26.0,118.0,23.0
1.9731313131313133,2800.0,0.8,634.0330882352941,0.20925141386090446,1188.9347826086957,12.0,12.0,26.0,136.0,23.0
1.9731313131313133,3000.0,0.8,626.3951048951049,0.20983925567064643,1188.9347826086957,9.0,16.0,25.0,143.0,23.0
1.9731313131313133,3200.0,0.74,626.0987261146497,0.20635274562665964,1346.56,12.0,13.0,25.0,157.0,25.0
1.9731313131313133,3400.0,0.8,626.9461077844311,0.20473111304806113,1346.56,13.0,12.0,25.0,167.0,25.0
1.9731313131313133,3600.0,0.74,624.4411764705883,0.20325137332009,1346.56,14.0,11.0,25.0,187.0,25.0
1.9731313131313133,3800.0,0.8,617.5344827586207,0.20381894472259948,1346.56,16.0,9.0,25.0,203.0,25.0
1.9731313131313133,4000.0,0.78,621.3853211009174,0.2046703018263637,1346.56,14.0,10.0,26.0,218.0,25.0
1.9731313131313133,4200.0,0.78,605.4682203389831,0.2040216487949243,1346.56,13.0,12.0,25.0,236.0,25.0
1.9731313131313133,4400.0,0.8,597.8413654618474,0.21065007195994567,1346.56,14.0,12.0,24.0,249.0,25.0
1.9731313131313133,4600.0,0.8,588.2897727272727,0.21287981675551862,1346.56,14.0,11.0,25.0,264.0,25.0
1.9731313131313133,4800.0,0.78,581.1672597864768,0.21255549023979892,1346.56,12.0,12.0,26.0,281.0,25.0
1.9731313131313133,5000.0,0.76,572.343853820598,0.21077169440334056,1346.56,13.0,11.0,26.0,301.0,25.0
1.9731313131313133,5200.0,0.78,571.55625,0.21383252589544524,1346.56,13.0,12.0,25.0,320.0,25.0
1.9731313131313133,5400.0,0.78,561.3883928571429,0.21563659213913608,1346.56,11.0,14.0,25.0,336.0,25.0
1.9731313131313133,5600.0,0.78,557.7126436781609,0.2211298724991385,1331.5384615384614,14.0,12.0,24.0,348.0,26.0
1.9731313131313133,5800.0,0.8,557.7760989010989,0.2242920560274056,1492.7037037037037,17.0,9.0,24.0,364.0,27.0
1.9731313131313133,6000.0,0.74,552.5989445910291,0.21810958182149878,1492.7037037037037,15.0,12.0,23.0,379.0,27.0
1.9731313131313133,6200.0,0.78,551.8375314861461,0.21277846471935621,1492.7037037037037,13.0,14.0,23.0,397.0,27.0
1.9731313131313133,6400.0,0.78,552.4479418886199,0.20408246001662173,1492.7037037037037,10.0,18.0,22.0,413.0,27.0
1.9731313131313133,6600.0,0.8,549.6612529002321,0.19834593476982953,1492.7037037037037,11.0,18.0,21.0,431.0,27.0
1.9731313131313133,6800.0,0.8,543.2946428571429,0.2005351387509375,1492.7037037037037,11.0,18.0,21.0,448.0,27.0
1.9731313131313133,7000.0,0.78,538.9765458422174,0.2051162507854783,1492.7037037037037,10.0,18.0,22.0,469.0,27.0
1.9731313131313133,7200.0,0.8,535.1265560165975,0.20554192933736037,1492.7037037037037,11.0,16.0,23.0,482.0,27.0
1.9731313131313133,7400.0,0.78,534.765120967742,0.20485273549145602,1492.7037037037037,10.0,17.0,23.0,496.0,27.0
1.9731313131313133,7600.0,0.74,532.3455598455598,0.19860945006385178,1492.7037037037037,9.0,16.0,25.0,518.0,27.0
1.9731313131313133,7800.0,0.78,533.3402255639098,0.2003324346786127,1492.7037037037037,9.0,17.0,24.0,532.0,27.0
1.9731313131313133,8000.0,0.74,527.9808394160584,0.2083595159426753,1492.7037037037037,10.0,16.0,24.0,548.0,27.0
1.9731313131313133,8200.0,0.78,527.728241563055,0.21263657186872884,1492.7037037037037,10.0,16.0,24.0,563.0,27.0
1.9731313131313133,8400.0,0.8,526.2616580310881,0.21687308698031743,1738.8035714285713,11.0,16.0,23.0,579.0,28.0
1.9731313131313133,8600.0,0.8,522.7697478991597,0.22212312245353008,2192.2833333333333,14.0,13.0,23.0,595.0,30.0
1.9731313131313133,8800.0,0.74,522.1918032786886,0.22556909168305192,2192.2833333333333,13.0,14.0,23.0,610.0,30.0
1.9731313131313133,9000.0,0.78,526.4798711755234,0.21910283177589038,2192.2833333333333,13.0,14.0,23.0,621.0,30.0
1.9731313131313133,9200.0,0.78,521.534321372855,0.21397441874607262,2416.6935483870966,13.0,13.0,24.0,641.0,31.0
1.9731313131313133,9400.0,0.78,523.7480798771121,0.20617031196156732,2416.6935483870966,11.0,15.0,24.0,651.0,31.0
1.9731313131313133,9600.0,0.78,524.1113602391629,0.20025135304968278,2416.6935483870966,13.0,14.0,23.0,669.0,31.0
1.9731313131313133,9800.0,0.76,523.8513909224012,0.20189325603551375,2416.6935483870966,13.0,14.0,23.0,683.0,31.0
1.9731313131313133,10000.0,0.72,519.485935302391,0.20448786816127135,2416.6935483870966,12.0,16.0,22.0,711.0,31.0
1.9731313131313133,10200.0,0.78,517.3502051983584,0.2071635619159589,2416.6935483870966,8.0,21.0,21.0,731.0,31.0
1.9731313131313133,10400.0,0.76,517.792732166891,0.21488658707153427,2416.6935483870966,11.0,18.0,21.0,743.0,31.0
1.9731313131313133,10600.0,0.78,515.6342105263158,0.22096770924127865,2416.6935483870966,11.0,18.0,21.0,760.0,31.0
1.9731313131313133,10800.0,0.78,515.1001291989664,0.21770417367684916,2416.6935483870966,12.0,16.0,22.0,774.0,31.0
1.9731313131313133,11000.0,0.78,513.279054916986,0.2127987351265887,2416.6935483870966,11.0,17.0,22.0,783.0,31.0
1.9731313131313133,11200.0,0.8,514.32875,0.20673788336407678,2943.030303030303,13.0,14.0,23.0,800.0,33.0
1.9731313131313133,11400.0,0.76,516.4699017199017,0.20653517929175197,2943.030303030303,10.0,19.0,21.0,814.0,33.0
1.9731313131313133,11600.0,0.78,513.6468824940048,0.20278515395374294,2943.030303030303,8.0,22.0,20.0,834.0,33.0
1.9731313131313133,11800.0,0.8,515.9958823529412,0.21085277603227048,3064.0882352941176,11.0,19.0,20.0,850.0,34.0
1.9731313131313133,12000.0,0.8,516.0865272938444,0.2154946992885087,3317.9142857142856,12.0,18.0,20.0,861.0,35.0
1.9731313131313133,12200.0,0.76,514.9680729760547,0.21067034236717816,3317.9142857142856,12.0,18.0,20.0,877.0,35.0
1.9731313131313133,12400.0,0.8,514.4748883928571,0.20460949060466624,3317.9142857142856,12.0,18.0,20.0,896.0,35.0
1.9731313131313133,12600.0,0.76,513.2765027322405,0.2048730058986885,3317.9142857142856,10.0,21.0,19.0,915.0,35.0
1.9731313131313133,12800.0,0.8,513.1596548004316,0.20945411793322927,3317.9142857142856,10.0,23.0,17.0,927.0,35.0
1.9731313131313133,13000.0,0.76,513.6288441145281,0.2154946992885087,3585.402777777778,11.0,22.0,17.0,943.0,36.0
1.9731313131313133,13200.0,0.76,513.9126569037657,0.210832505625038,3585.402777777778,13.0,20.0,17.0,956.0,36.0
1.9731313131313133,13400.0,0.8,512.0046201232033,0.21032574544422597,3585.402777777778,11.0,20.0,19.0,974.0,36.0
1.9731313131313133,13600.0,0.78,510.83953722334,0.20945411793322927,4110.5921052631575,10.0,19.0,21.0,994.0,38.0
1.9731313131313133,13800.0,0.78,510.86327739387957,0.21198791883728943,4110.5921052631575,10.0,19.0,21.0,1013.0,38.0
1.9731313131313133,14000.0,0.78,508.62109375,0.21620416354164554,4362.346153846154,12.0,18.0,20.0,1024.0,39.0
1.9731313131313133,14200.0,0.78,508.97078544061304,0.21904202055419295,4362.346153846154,13.0,17.0,20.0,1044.0,39.0
1.9731313131313133,14400.0,0.78,506.8589015151515,0.2214744694220907,4612.1125,12.0,17.0,21.0,1056.0,40.0
1.9731313131313133,14600.0,0.76,507.3521983161834,0.21952851032777249,4612.1125,12.0,16.0,22.0,1069.0,40.0
1.9731313131313133,14800.0,0.76,507.25739371534195,0.2147446942209069,4612.1125,12.0,17.0,21.0,1082.0,40.0
1.9731313131313133,15000.0,0.8,511.37887067395263,0.20783248535463078,4612.1125,10.0,18.0,22.0,1098.0,40.0
1.9731313131313133,15200.0,0.78,510.6968609865471,0.20244055703079075,4612.1125,8.0,20.0,22.0,1115.0,40.0
1.9731313131313133,15400.0,0.8,509.4746666666667,0.20527841404333813,4612.1125,10.0,17.0,23.0,1125.0,40.0
1.9731313131313133,15600.0,0.78,510.2782608695652,0.20406218960938927,4612.1125,11.0,17.0,22.0,1150.0,40.0
1.9731313131313133,15800.0,0.76,509.1673801369863,0.21435955648348975,4612.1125,12.0,17.0,21.0,1168.0,40.0
1.9731313131313133,16000.0,0.78,507.3139240506329,0.22129203575699835,4612.1125,13.0,17.0,20.0,1185.0,40.0
2.0033333333333334,0.0,0.0,nan,0.015202805424360975,nan,0.0,0.0,50.0,0.0,0.0
2.0033333333333334,200.0,0.28,42.75,0.035959702430421826,nan,0.0,10.0,40.0,2.0,0.0
2.0033333333333334,400.0,0.64,109.64285714285714,0.07212210893316846,nan,0.0,18.0,32.0,7.0,0.0
2.0033333333333334,600.0,0.76,140.95,0.1120953519956216,476.0,1.0,20.0,29.0,10.0,1.0
2.0033333333333334,800.0,0.8,216.73333333333332,0.14487260049054385,666.6428571428571,6.0,15.0,29.0,15.0,7.0
2.0033333333333334,1000.0,0.8,279.8157894736842,0.17079845134088745,729.9,10.0,12.0,28.0,19.0,10.0
2.0033333333333334,1200.0,0.78,428.14814814814815,0.18693369549794256,789.9166666666666,12.0,11.0,27.0,27.0,12.0
2.0033333333333334,1400.0,0.8,566.8026315789474,0.19601483793809418,861.9642857142857,12.0,11.0,27.0,38.0,14.0
2.0033333333333334,1600.0,0.78,643.0727272727273,0.20096081730281962,861.9642857142857,12.0,12.0,26.0,55.0,14.0
2.0033333333333334,1800.0,0.76,684.2348484848485,0.20274461313927797,956.84375,14.0,9.0,27.0,66.0,16.0
2.0033333333333334,2000.0,0.78,697.2,0.20197433766444367,1007.2647058823529,13.0,10.0,27.0,75.0,17.0
2.0033333333333334,2200.0,0.78,679.9137931034483,0.20469057223359619,1007.2647058823529,13.0,11.0,26.0,87.0,17.0
2.0033333333333334,2400.0,0.74,663.340206185567,0.20598787829647497,1146.342105263158,15.0,9.0,26.0,97.0,19.0
2.0033333333333334,2600.0,0.8,671.0514018691589,0.20821762309204792,1210.15,15.0,8.0,27.0,107.0,20.0
2.0033333333333334,2800.0,0.76,671.8629032258065,0.21164332191433727,1276.595238095238,18.0,5.0,27.0,124.0,21.0
2.0033333333333334,3000.0,0.8,672.3129496402878,0.21004195974297124,1353.9318181818182,15.0,8.0,27.0,139.0,22.0
2.0033333333333334,3200.0,0.8,655.4733333333334,0.20617031196156732,1353.9318181818182,16.0,7.0,27.0,150.0,22.0
2.0033333333333334,3400.0,0.8,640.9672619047619,0.20438651612510894,1353.9318181818182,15.0,8.0,27.0,168.0,22.0
2.0033333333333334,3600.0,0.76,642.0409836065573,0.2094338475259968,1444.804347826087,15.0,9.0,26.0,183.0,23.0
2.0033333333333334,3800.0,0.76,616.7487562189054,0.21194737802282448,1444.804347826087,12.0,12.0,26.0,201.0,23.0
2.0033333333333334,4000.0,0.76,615.2876712328767,0.21825147467212616,1444.804347826087,12.0,13.0,25.0,219.0,23.0
2.0033333333333334,4200.0,0.78,604.8685344827586,0.22108933168467354,1554.8958333333333,14.0,11.0,25.0,232.0,24.0
2.0033333333333334,4400.0,0.78,606.9380165289256,0.21975148480732978,1554.8958333333333,15.0,10.0,25.0,242.0,24.0
2.0033333333333334,4600.0,0.78,602.1941176470589,0.2171366022743397,1554.8958333333333,11.0,15.0,24.0,255.0,24.0
2.0033333333333334,4800.0,0.78,600.8772893772893,0.21579875539699592,1554.8958333333333,12.0,14.0,24.0,273.0,24.0
2.0033333333333334,5000.0,0.8,592.6557093425605,0.22131230616423084,1554.8958333333333,11.0,16.0,23.0,289.0,24.0
2.0033333333333334,5200.0,0.8,573.8762214983714,0.22242717856201732,1692.98,10.0,17.0,23.0,307.0,25.0
2.0033333333333334,5400.0,0.76,568.1504559270517,0.22100825005574362,1692.98,11.0,16.0,23.0,329.0,25.0
2.0033333333333334,5600.0,0.78,564.9825581395348,0.2232785356657815,1839.6153846153845,14.0,13.0,23.0,344.0,26.0
2.0033333333333334,5800.0,0.76,566.542492917847,0.22151501023655565,1839.6153846153845,13.0,14.0,23.0,353.0,26.0
2.0033333333333334,6000.0,0.74,563.8699731903486,0.214623071777512,1839.6153846153845,12.0,15.0,23.0,373.0,26.0
2.0033333333333334,6200.0,0.8,557.2385204081633,0.21448117892688465,1996.6851851851852,11.0,18.0,21.0,392.0,27.0
2.0033333333333334,6400.0,0.78,554.8296296296296,0.21456226055581457,1996.6851851851852,13.0,15.0,22.0,405.0,27.0
2.0033333333333334,6600.0,0.8,553.2775119617224,0.21393387793160765,1996.6851851851852,13.0,16.0,21.0,418.0,27.0
2.0033333333333334,6800.0,0.8,554.7331002331002,0.21263657186872884,2163.6071428571427,10.0,19.0,21.0,429.0,28.0
2.0033333333333334,7000.0,0.72,555.7483296213809,0.21129872499138508,2163.6071428571427,11.0,19.0,20.0,449.0,28.0
2.0033333333333334,7200.0,0.78,551.9333333333333,0.20872438327285994,2163.6071428571427,10.0,21.0,19.0,465.0,28.0
2.0033333333333334,7400.0,0.74,550.8388773388773,0.20608923033263737,2163.6071428571427,9.0,22.0,19.0,481.0,28.0
2.0033333333333334,7600.0,0.8,545.0059760956175,0.2156163217319036,2350.7241379310344,10.0,21.0,19.0,502.0,29.0
2.0033333333333334,7800.0,0.78,541.687984496124,0.2240690815478483,2527.7833333333333,12.0,19.0,19.0,516.0,30.0
2.0033333333333334,8000.0,0.8,542.980879541109,0.22131230616423084,2527.7833333333333,12.0,17.0,21.0,523.0,30.0
2.0033333333333334,8200.0,0.78,545.4526901669759,0.21411631159669997,2527.7833333333333,12.0,16.0,22.0,539.0,30.0
2.0033333333333334,8400.0,0.78,540.8383928571428,0.21121764336245516,2711.8225806451615,12.0,16.0,22.0,560.0,31.0
2.0033333333333334,8600.0,0.78,538.4310344827586,0.20973790363448402,2711.8225806451615,12.0,16.0,22.0,580.0,31.0
2.0033333333333334,8800.0,0.8,538.9131886477462,0.20641355684835708,2711.8225806451615,11.0,18.0,21.0,599.0,31.0
2.0033333333333334,9000.0,0.78,534.3415032679738,0.2116838627288022,3092.5,13.0,16.0,21.0,612.0,33.0
2.0033333333333334,9200.0,0.8,531.3454258675079,0.21296089838444854,3092.5,11.0,19.0,20.0,634.0,33.0
2.0033333333333334,9400.0,0.78,528.3715384615384,0.21018385259359862,3092.5,11.0,19.0,20.0,650.0,33.0
2.0033333333333334,9600.0,0.78,527.994696969697,0.21014331177913365,3092.5,12.0,20.0,18.0,660.0,33.0
2.0033333333333334,9800.0,0.8,528.6543574593796,0.2127987351265887,3092.5,12.0,19.0,19.0,677.0,33.0
2.0033333333333334,10000.0,0.8,523.0881088825215,0.21184602598666208,3092.5,12.0,18.0,20.0,698.0,33.0
2.0033333333333334,10200.0,0.8,523.1188811188811,0.21210954128068432,3092.5,9.0,22.0,19.0,715.0,33.0
2.0033333333333334,10400.0,0.8,523.1538461538462,0.21174467395049967,3062.720588235294,11.0,19.0,20.0,728.0,34.0
2.0033333333333334,10600.0,0.8,519.2442645074224,0.21667038290799262,3272.657142857143,12.0,19.0,19.0,741.0,35.0
2.0033333333333334,10800.0,0.8,520.0164690382081,0.21673119412969005,3272.657142857143,10.0,20.0,20.0,759.0,35.0
2.0033333333333334,11000.0,0.8,520.663252240717,0.21780552571301157,3272.657142857143,12.0,20.0,18.0,781.0,35.0
2.0033333333333334,11200.0,0.78,517.373125,0.20854194960776762,3491.902777777778,9.0,24.0,17.0,800.0,36.0
2.0033333333333334,11400.0,0.74,514.1763636363636,0.20904870978857965,3702.662162162162,10.0,21.0,19.0,825.0,37.0
2.0033333333333334,11600.0,0.8,512.2476190476191,0.21121764336245516,3702.662162162162,12.0,19.0,19.0,840.0,37.0
2.0033333333333334,11800.0,0.78,511.4049008168028,0.2112784545841526,3702.662162162162,11.0,19.0,20.0,857.0,37.0
2.0033333333333334,12000.0,0.8,508.33580387685294,0.21144061784201246,3702.662162162162,9.0,23.0,18.0,877.0,37.0
2.0033333333333334,12200.0,0.76,505.49056603773585,0.2080149190197231,3702.662162162162,9.0,23.0,18.0,901.0,37.0
2.0033333333333334,12400.0,0.74,502.0883947939262,0.20807573024142054,3702.662162162162,11.0,22.0,17.0,922.0,37.0
2.0033333333333334,12600.0,0.8,499.53201707577375,0.21065007195994567,3702.662162162162,9.0,24.0,17.0,937.0,37.0
2.0033333333333334,12800.0,0.74,497.44334719334717,0.21069061277441065,3726.3289473684213,12.0,20.0,18.0,962.0,38.0
2.0033333333333334,13000.0,0.76,496.4330265848671,0.21336630652909816,3726.3289473684213,7.0,24.0,19.0,978.0,38.0
2.0033333333333334,13200.0,0.76,493.34719438877755,0.20752842924614356,3967.75641025641,10.0,21.0,19.0,998.0,39.0
2.0033333333333334,13400.0,0.76,491.89426877470356,0.21253521983256643,4202.4,13.0,18.0,19.0,1012.0,40.0
2.0033333333333334,13600.0,0.76,494.1353456669912,0.2122717045385442,4428.963414634146,12.0,19.0,19.0,1027.0,41.0
2.0033333333333334,13800.0,0.8,492.9518589132507,0.20777167413293332,4428.963414634146,6.0,25.0,19.0,1049.0,41.0
2.0033333333333334,14000.0,0.78,493.043661971831,0.21075142399610808,4345.785714285715,9.0,22.0,19.0,1065.0,42.0
2.0033333333333334,14200.0,0.76,492.6385542168675,0.2071432915087264,4345.785714285715,9.0,22.0,19.0,1079.0,42.0
2.0033333333333334,14400.0,0.8,491.1105550500455,0.21018385259359862,4345.785714285715,9.0,22.0,19.0,1099.0,42.0
2.0033333333333334,14600.0,0.8,490.39372197309416,0.2151501023655565,4345.785714285715,10.0,20.0,20.0,1115.0,42.0
2.0033333333333334,14800.0,0.8,488.4505300353357,0.2166095716862952,4345.785714285715,12.0,16.0,22.0,1132.0,42.0
2.0033333333333334,15000.0,0.78,486.09774109470027,0.21683254616585249,4345.785714285715,12.0,19.0,19.0,1151.0,42.0
2.0033333333333334,15200.0,0.8,485.9995715509854,0.21922445421928527,4345.785714285715,10.0,22.0,18.0,1167.0,42.0
2.0033333333333334,15400.0,0.74,488.3591905564924,0.21792714815640646,4345.785714285715,9.0,21.0,20.0,1186.0,42.0
2.0033333333333334,15600.0,0.78,486.60735171261484,0.2122311637240792,4345.785714285715,10.0,21.0,19.0,1197.0,42.0
2.0033333333333334,15800.0,0.76,484.3792962356792,0.2105081791093183,4345.785714285715,9.0,24.0,17.0,1222.0,42.0
2.0033333333333334,16000.0,0.7,483.3499597747385,0.2111771025479902,4345.785714285715,12.0,19.0,19.0,1243.0,42.0
2.0335353535353535,0.0,0.0,nan,0.015202805424360975,nan,0.0,0.0,50.0,0.0,0.0
2.0335353535353535,200.0,0.32,1.0,0.036405651389536414,nan,0.0,10.0,40.0,1.0,0.0
2.0335353535353535,400.0,0.62,43.75,0.07147345590172907,nan,0.0,15.0,35.0,6.0,0.0
2.0335353535353535,600.0,0.76,104.22222222222223,0.1055885512739951,537.8333333333334,3.0,13.0,34.0,9.0,3.0
2.0335353535353535,800.0,0.78,186.83333333333334,0.12865627470455882,662.8125,7.0,9.0,34.0,12.0,8.0
2.0335353535353535,1000.0,0.8,273.2,0.1453793606713559,739.6818181818181,10.0,6.0,34.0,15.0,11.0
2.0335353535353535,1200.0,0.78,414.8095238095238,0.15792674274826182,789.6153846153846,13.0,3.0,34.0,21.0,13.0
2.0335353535353535,1400.0,0.76,563.5,0.1678187014777127,824.5,13.0,3.0,34.0,31.0,14.0
2.0335353535353535,1600.0,0.74,718.9673913043479,0.17651470618044718,824.5,13.0,4.0,33.0,46.0,14.0
2.0335353535353535,1800.0,0.78,723.1315789473684,0.1841769201143251,824.5,12.0,6.0,32.0,57.0,14.0
2.0335353535353535,2000.0,0.8,694.0514705882352,0.18837289441144872,1013.3529411764706,14.0,4.0,32.0,68.0,17.0
2.0335353535353535,2200.0,0.76,675.6204819277109,0.190237771876837,1013.3529411764706,14.0,4.0,32.0,83.0,17.0
2.0335353535353535,2400.0,0.72,669.6831683168317,0.19607564915979162,1013.3529411764706,15.0,4.0,31.0,101.0,17.0
2.0335353535353535,2600.0,0.78,641.304347826087,0.19702835829971824,1013.3529411764706,15.0,4.0,31.0,115.0,17.0
2.0335353535353535,2800.0,0.78,633.23828125,0.1985891796566193,1013.3529411764706,13.0,8.0,29.0,128.0,17.0
2.0335353535353535,3000.0,0.76,626.6979166666666,0.19648105730444124,1013.3529411764706,11.0,10.0,29.0,144.0,17.0
2.0335353535353535,3200.0,0.8,627.75,0.192426975857945,1125.888888888889,12.0,9.0,29.0,156.0,18.0
2.0335353535353535,3400.0,0.8,631.8192771084338,0.19313644011108183,1238.578947368421,11.0,11.0,28.0,166.0,19.0
2.0335353535353535,3600.0,0.78,630.542372881356,0.1890620882573531,1238.578947368421,10.0,12.0,28.0,177.0,19.0
2.0335353535353535,3800.0,0.8,623.468085106383,0.1910891289806012,1238.578947368421,9.0,13.0,28.0,188.0,19.0
2.0335353535353535,4000.0,0.8,627.0,0.19429185332333326,1597.4545454545455,12.0,10.0,28.0,195.0,22.0
2.0335353535353535,4200.0,0.8,627.3086124401914,0.19725133277927553,1597.4545454545455,11.0,12.0,27.0,209.0,22.0
2.0335353535353535,4400.0,0.76,628.0755555555555,0.19311616970384934,1597.4545454545455,11.0,12.0,27.0,225.0,22.0
2.0335353535353535,4600.0,0.78,624.3805668016195,0.18875803214886588,1597.4545454545455,11.0,12.0,27.0,247.0,22.0
2.0335353535353535,4800.0,0.78,614.7622641509435,0.19617700119595402,1597.4545454545455,14.0,9.0,27.0,265.0,22.0
2.0335353535353535,5000.0,0.8,620.6259124087592,0.20586625585308008,1597.4545454545455,15.0,8.0,27.0,274.0,22.0
2.0335353535353535,5200.0,0.8,620.8402777777778,0.20985952607787892,1753.4565217391305,15.0,9.0,26.0,288.0,23.0
2.0335353535353535,5400.0,0.74,613.609634551495,0.2133460361218657,1753.4565217391305,14.0,10.0,26.0,301.0,23.0
2.0335353535353535,5600.0,0.78,611.6923076923077,0.2137717146737478,1753.4565217391305,14.0,10.0,26.0,312.0,23.0
2.0335353535353535,5800.0,0.78,608.1594427244582,0.20987979648511138,1753.4565217391305,13.0,10.0,27.0,323.0,23.0
2.0335353535353535,6000.0,0.78,612.9613095238095,0.2047919242697586,1753.4565217391305,12.0,11.0,27.0,336.0,23.0
2.0335353535353535,6200.0,0.74,614.5327635327635,0.20690004662193665,1753.4565217391305,13.0,10.0,27.0,351.0,23.0
2.0335353535353535,6400.0,0.8,608.3498622589532,0.2053189548578031,1753.4565217391305,12.0,10.0,28.0,363.0,23.0
2.0335353535353535,6600.0,0.78,609.3002645502645,0.20211623051507105,1753.4565217391305,12.0,10.0,28.0,378.0,23.0
2.0335353535353535,6800.0,0.78,607.5741687979539,0.19862972047108426,1753.4565217391305,11.0,12.0,27.0,391.0,23.0
2.0335353535353535,7000.0,0.8,611.1315789473684,0.19496077676200516,1753.4565217391305,12.0,11.0,27.0,399.0,23.0
2.0335353535353535,7200.0,0.8,610.3260869565217,0.19516348083432997,1753.4565217391305,11.0,13.0,26.0,414.0,23.0
2.0335353535353535,7400.0,0.78,609.0290023201857,0.19445401658119313,1753.4565217391305,13.0,11.0,26.0,431.0,23.0
2.0335353535353535,7600.0,0.76,603.0977777777778,0.1960959195670241,1753.4565217391305,14.0,10.0,26.0,450.0,23.0
2.0335353535353535,7800.0,0.74,605.2608225108225,0.20491354671315345,1753.4565217391305,15.0,8.0,27.0,462.0,23.0
2.0335353535353535,8000.0,0.78,604.6175847457627,0.21012304137190116,1753.4565217391305,12.0,11.0,27.0,472.0,23.0
2.0335353535353535,8200.0,0.8,602.5446058091286,0.21000141892850627,2263.1,13.0,10.0,27.0,482.0,25.0
2.0335353535353535,8400.0,0.76,599.3544176706828,0.21229197494577667,2263.1,15.0,7.0,28.0,498.0,25.0
2.0335353535353535,8600.0,0.78,593.98046875,0.21164332191433727,2263.1,15.0,8.0,27.0,512.0,25.0
2.0335353535353535,8800.0,0.78,598.0710227272727,0.212474408610869,2263.1,12.0,12.0,26.0,528.0,25.0
2.0335353535353535,9000.0,0.76,600.9526022304833,0.20935276589706686,2263.1,12.0,12.0,26.0,538.0,25.0
2.0335353535353535,9200.0,0.76,594.9043321299639,0.20959601078385665,2263.1,12.0,13.0,25.0,554.0,25.0
2.0335353535353535,9400.0,0.76,593.7539404553415,0.2054203068939655,2263.1,12.0,13.0,25.0,571.0,25.0
2.0335353535353535,9600.0,0.8,587.7048903878583,0.20187298562828127,2263.1,12.0,13.0,25.0,593.0,25.0
2.0335353535353535,9800.0,0.78,586.1346469622332,0.19830539395536456,2812.759259259259,13.0,12.0,25.0,609.0,27.0
2.0335353535353535,10000.0,0.8,583.568,0.1892850627369104,2812.759259259259,11.0,13.0,26.0,625.0,27.0
2.0335353535353535,10200.0,0.72,580.9906976744186,0.18865668011270345,2812.759259259259,10.0,14.0,26.0,645.0,27.0
2.0335353535353535,10400.0,0.8,578.1382978723404,0.19581213386576937,2812.759259259259,9.0,15.0,26.0,658.0,27.0
2.0335353535353535,10600.0,0.76,577.643175074184,0.20199460807167616,3086.9821428571427,11.0,14.0,25.0,674.0,28.0
2.0335353535353535,10800.0,0.8,576.978102189781,0.20169055196318894,3086.9821428571427,10.0,15.0,25.0,685.0,28.0
2.0335353535353535,11000.0,0.78,576.7752489331436,0.1995824296110109,3086.9821428571427,10.0,14.0,26.0,703.0,28.0
2.0335353535353535,11200.0,0.8,574.4944134078212,0.201102710153447,3086.9821428571427,11.0,13.0,26.0,716.0,28.0
2.0335353535353535,11400.0,0.78,574.6827586206897,0.20167028155595645,3086.9821428571427,10.0,14.0,26.0,725.0,28.0
2.0335353535353535,11600.0,0.8,572.8072776280324,0.196764843005696,3086.9821428571427,8.0,17.0,25.0,742.0,28.0
2.0335353535353535,11800.0,0.8,568.9663143989432,0.19271076155919972,3384.2586206896553,10.0,15.0,25.0,757.0,29.0
2.0335353535353535,12000.0,0.78,572.6435006435006,0.1965215981189062,3384.2586206896553,11.0,14.0,25.0,777.0,29.0
2.0335353535353535,12200.0,0.78,571.3259773013872,0.19702835829971824,3384.2586206896553,10.0,15.0,25.0,793.0,29.0
2.0335353535353535,12400.0,0.78,569.0851851851852,0.1967445725984635,3682.133333333333,12.0,12.0,26.0,810.0,30.0
2.0335353535353535,12600.0,0.8,565.2348668280872,0.19224454219285264,3682.133333333333,9.0,16.0,25.0,826.0,30.0
2.0335353535353535,12800.0,0.76,563.8817966903073,0.19112966979506618,3682.133333333333,10.0,15.0,25.0,846.0,30.0
2.0335353535353535,13000.0,0.76,562.6722737819025,0.19571078182960697,3682.133333333333,9.0,16.0,25.0,862.0,30.0
2.0335353535353535,13200.0,0.8,562.4266055045872,0.1930553584821519,3682.133333333333,8.0,17.0,25.0,872.0,30.0
2.0335353535353535,13400.0,0.78,562.1111111111111,0.18608233839417834,3682.133333333333,8.0,15.0,27.0,882.0,30.0
2.0335353535353535,13600.0,0.76,560.6587125416204,0.18069041007033831,3682.133333333333,8.0,14.0,28.0,901.0,30.0
2.0335353535353535,13800.0,0.8,558.8879781420765,0.17633227251535483,3682.133333333333,7.0,16.0,27.0,915.0,30.0
2.0335353535353535,14000.0,0.76,556.2972103004291,0.17542010418989318,3682.133333333333,7.0,16.0,27.0,932.0,30.0
2.0335353535353535,14200.0,0.78,555.5396405919662,0.18221069061277442,3682.133333333333,7.0,16.0,27.0,946.0,30.0
2.0335353535353535,14400.0,0.78,557.5640083945435,0.18727829242089475,4023.8548387096776,8.0,16.0,26.0,953.0,31.0
2.0335353535353535,14600.0,0.74,557.3996913580247,0.18543368536273894,4023.8548387096776,9.0,14.0,27.0,972.0,31.0
2.0335353535353535,14800.0,0.78,557.9411167512691,0.18814991993189142,4023.8548387096776,9.0,15.0,26.0,985.0,31.0
2.0335353535353535,15000.0,0.76,558.3552894211576,0.1911904810167636,4023.8548387096776,11.0,13.0,26.0,1002.0,31.0
2.0335353535353535,15200.0,0.78,555.5971400394477,0.19417023087993837,4371.171875,12.0,12.0,26.0,1014.0,32.0
2.0335353535353535,15400.0,0.78,555.3926852743023,0.19333914418340664,4371.171875,10.0,13.0,27.0,1039.0,32.0
2.0335353535353535,15600.0,0.78,556.7311725452812,0.1924067054507125,4708.075757575758,11.0,13.0,26.0,1049.0,33.0
2.0335353535353535,15800.0,0.78,554.7469368520264,0.1906634504287191,4708.075757575758,11.0,13.0,26.0,1061.0,33.0
2.0335353535353535,16000.0,0.76,553.6328996282527,0.18423773133602253,4708.075757575758,10.0,14.0,26.0,1076.0,33.0
2.0637373737373736,0.0,0.0,nan,0.015202805424360975,nan,0.0,0.0,50.0,0.0,0.0
2.0637373737373736,200.0,0.32,1.0,0.036405651389536414,nan,0.0,10.0,40.0,1.0,0.0
2.0637373737373736,400.0,0.58,99.5,0.06689234386718829,nan,0.0,15.0,35.0,2.0,0.0
2.0637373737373736,600.0,0.78,229.5,0.10491962783532321,501.8333333333333,3.0,15.0,32.0,4.0,3.0
2.0637373737373736,800.0,0.8,299.2,0.13544686112744006,617.3333333333334,6.0,12.0,32.0,10.0,6.0
2.0637373737373736,1000.0,0.78,342.6666666666667,0.15671051831431293,750.6363636363636,11.0,7.0,32.0,15.0,11.0
2.0637373737373736,1200.0,0.78,478.14285714285717,0.17055520645409766,806.0769230769231,13.0,5.0,32.0,21.0,13.0
2.0637373737373736,1400.0,0.8,603.7586206896551,0.18160257839579996,806.0769230769231,13.0,5.0,32.0,29.0,13.0
2.0637373737373736,1600.0,0.78,717.5,0.19104858816613626,973.5294117647059,17.0,1.0,32.0,37.0,17.0
2.0637373737373736,1800.0,0.74,754.9166666666666,0.1930756288893844,973.5294117647059,14.0,4.0,32.0,54.0,17.0
2.0637373737373736,2000.0,0.78,749.78125,0.1970891695214157,973.5294117647059,12.0,7.0,31.0,64.0,17.0
2.0637373737373736,2200.0,0.76,705.93125,0.1925283278941074,1040.638888888889,12.0,7.0,31.0,80.0,18.0
2.0637373737373736,2400.0,0.76,698.0520833333334,0.1878661342306367,1040.638888888889,13.0,7.0,30.0,96.0,18.0
2.0637373737373736,2600.0,0.76,679.4601769911504,0.19269049115196724,1040.638888888889,14.0,7.0,29.0,113.0,18.0
2.0637373737373736,2800.0,0.76,654.4806201550388,0.19939999594591856,1132.7894736842106,15.0,7.0,28.0,129.0,19.0
2.0637373737373736,3000.0,0.78,647.1048951048951,0.20775140372570086,1132.7894736842106,13.0,10.0,27.0,143.0,19.0
2.0637373737373736,3200.0,0.78,627.0382165605096,0.2121298116879168,1324.904761904762,14.0,9.0,27.0,157.0,21.0
2.0637373737373736,3400.0,0.8,607.7126436781609,0.21142034743477997,1418.7045454545455,15.0,8.0,27.0,174.0,22.0
2.0637373737373736,3600.0,0.76,608.3529411764706,0.2127987351265887,1511.1739130434783,17.0,6.0,27.0,187.0,23.0
2.0637373737373736,3800.0,0.78,599.4108910891089,0.21243386779640402,1511.1739130434783,17.0,7.0,26.0,202.0,23.0
2.0637373737373736,4000.0,0.78,594.1168224299065,0.21500820951492916,1511.1739130434783,16.0,8.0,26.0,214.0,23.0
2.0637373737373736,4200.0,0.78,595.1551724137931,0.21979202562179473,1511.1739130434783,16.0,9.0,25.0,232.0,23.0
2.0637373737373736,4400.0,0.74,601.2317073170732,0.21934607666268016,1511.1739130434783,15.0,10.0,25.0,246.0,23.0
2.0637373737373736,4600.0,0.78,589.6660231660231,0.21405550037500254,1511.1739130434783,12.0,14.0,24.0,259.0,23.0
2.0637373737373736,4800.0,0.78,580.5602189781022,0.21519064318002148,1511.1739130434783,12.0,15.0,23.0,274.0,23.0
2.0637373737373736,5000.0,0.78,572.6793103448276,0.2096568220055541,1648.5625,13.0,14.0,23.0,290.0,24.0
2.0637373737373736,5200.0,0.8,583.2236842105264,0.2083392455354428,1648.5625,11.0,17.0,22.0,304.0,24.0
2.0637373737373736,5400.0,0.78,580.5395569620254,0.20566355178075527,1798.38,9.0,19.0,22.0,316.0,25.0
2.0637373737373736,5600.0,0.76,586.5395136778116,0.21091358725396794,2072.722222222222,13.0,15.0,22.0,329.0,27.0
2.0637373737373736,5800.0,0.78,584.7085798816568,0.21308252082784343,2072.722222222222,13.0,16.0,21.0,338.0,27.0
2.0637373737373736,6000.0,0.78,584.1359773371105,0.21265684227596132,2208.339285714286,12.0,17.0,21.0,353.0,28.0
2.0637373737373736,6200.0,0.76,580.3226666666667,0.21352846978695803,2340.4655172413795,12.0,19.0,19.0,375.0,29.0
2.0637373737373736,6400.0,0.78,577.6428571428571,0.22190014797397278,2340.4655172413795,11.0,20.0,19.0,392.0,29.0
2.0637373737373736,6600.0,0.78,573.5086419753086,0.2272920762978128,2340.4655172413795,11.0,19.0,20.0,405.0,29.0
2.0637373737373736,6800.0,0.8,567.5444711538462,0.2290758721342712,2340.4655172413795,11.0,19.0,20.0,416.0,29.0
2.0637373737373736,7000.0,0.72,566.3665893271461,0.2250623315022399,2340.4655172413795,13.0,18.0,19.0,431.0,29.0
2.0637373737373736,7200.0,0.76,561.4095982142857,0.22550828046135446,2500.133333333333,14.0,16.0,20.0,448.0,30.0
2.0637373737373736,7400.0,0.8,560.4642082429501,0.22388664788275597,2500.133333333333,12.0,18.0,20.0,461.0,30.0
2.0637373737373736,7600.0,0.78,562.48125,0.2204812194676991,2500.133333333333,11.0,20.0,19.0,480.0,30.0
2.0637373737373736,7800.0,0.8,565.9818913480885,0.22155555105102062,2668.3225806451615,11.0,21.0,18.0,497.0,31.0
2.0637373737373736,8000.0,0.76,562.0185185185185,0.22680558652423327,2832.0625,11.0,21.0,18.0,513.0,32.0
2.0637373737373736,8200.0,0.76,559.3964218455744,0.2277380252569274,2832.0625,12.0,19.0,19.0,531.0,32.0
2.0637373737373736,8400.0,0.76,554.3125,0.22392718869722092,2999.8333333333335,12.0,19.0,19.0,552.0,33.0
2.0637373737373736,8600.0,0.76,547.987676056338,0.218960938925263,2999.8333333333335,11.0,22.0,17.0,568.0,33.0
2.0637373737373736,8800.0,0.8,545.4134948096886,0.21665011250076013,3165.220588235294,10.0,22.0,18.0,578.0,34.0
2.0637373737373736,9000.0,0.8,544.1567796610169,0.21277846471935621,3165.220588235294,9.0,24.0,17.0,590.0,34.0
2.0637373737373736,9200.0,0.78,544.8871499176277,0.21283927594105365,3165.220588235294,11.0,22.0,17.0,607.0,34.0
2.0637373737373736,9400.0,0.78,548.2145135566188,0.2202785153953743,3154.0,10.0,23.0,17.0,627.0,35.0
2.0637373737373736,9600.0,0.76,547.0267295597484,0.22869073439685403,3154.0,9.0,22.0,19.0,636.0,35.0
2.0637373737373736,9800.0,0.78,545.0440494590417,0.22194068878843776,3511.1486486486488,12.0,18.0,20.0,647.0,37.0
2.0637373737373736,10000.0,0.76,545.0574886535552,0.21413658200393246,3511.1486486486488,11.0,19.0,20.0,661.0,37.0
2.0637373737373736,10200.0,0.78,546.250744047619,0.21737984716112946,3511.1486486486488,10.0,19.0,21.0,672.0,37.0
2.0637373737373736,10400.0,0.76,551.3868613138686,0.21681227575862,3438.25,9.0,20.0,21.0,685.0,38.0
2.0637373737373736,10600.0,0.78,553.8097281831188,0.2201568929519794,3438.25,10.0,19.0,21.0,699.0,38.0
2.0637373737373736,10800.0,0.74,552.8162692847125,0.22562990290474935,3438.25,10.0,20.0,20.0,713.0,38.0
2.0637373737373736,11000.0,0.8,552.461432506887,0.2268866681531632,3386.3076923076924,13.0,18.0,19.0,726.0,39.0
2.0637373737373736,11200.0,0.78,550.8047297297297,0.22700829059655808,3386.3076923076924,12.0,20.0,18.0,740.0,39.0
2.0637373737373736,11400.0,0.76,556.3974867724868,0.23270427502888533,3581.675,13.0,16.0,21.0,756.0,40.0
2.0637373737373736,11600.0,0.8,555.2664941785252,0.231427239373239,3533.560975609756,13.0,17.0,20.0,773.0,41.0
2.0637373737373736,11800.0,0.78,552.7303797468354,0.23169075466726127,3533.560975609756,13.0,18.0,19.0,790.0,41.0
2.0637373737373736,12000.0,0.76,551.4214463840399,0.22792045892201973,3533.560975609756,14.0,17.0,19.0,802.0,41.0
2.0637373737373736,12200.0,0.8,545.7050970873786,0.22289339792836438,3533.560975609756,10.0,19.0,21.0,824.0,41.0
2.0637373737373736,12400.0,0.8,546.3151010701546,0.2193055358482152,3474.3333333333335,9.0,20.0,21.0,841.0,42.0
2.0637373737373736,12600.0,0.72,544.7016317016318,0.22165690308718303,3686.1511627906975,11.0,19.0,20.0,858.0,43.0
2.0637373737373736,12800.0,0.74,541.9589041095891,0.22615693349279387,3892.3863636363635,13.0,17.0,20.0,876.0,44.0
2.0637373737373736,13000.0,0.78,542.0044843049327,0.22455557132142784,3910.5666666666666,11.0,19.0,20.0,892.0,45.0
2.0637373737373736,13200.0,0.8,540.3054024255788,0.21991364806518962,3910.5666666666666,12.0,18.0,20.0,907.0,45.0
2.0637373737373736,13400.0,0.8,536.513440860215,0.21815012263596376,3910.5666666666666,10.0,20.0,20.0,930.0,45.0
2.0637373737373736,13600.0,0.78,535.1487341772151,0.21894066851803054,3910.5666666666666,12.0,19.0,19.0,948.0,45.0
2.0637373737373736,13800.0,0.76,530.9575569358178,0.21810958182149878,3908.5978260869565,14.0,18.0,18.0,966.0,46.0
2.0637373737373736,14000.0,0.78,530.8987792472025,0.21902175014696046,3908.5978260869565,12.0,19.0,19.0,983.0,46.0
2.0637373737373736,14200.0,0.74,529.146,0.21766363286238422,3908.5978260869565,10.0,21.0,19.0,1000.0,46.0
2.0637373737373736,14400.0,0.8,530.100495049505,0.2150487503293941,3908.5978260869565,12.0,19.0,19.0,1010.0,46.0
2.0637373737373736,14600.0,0.7,528.5458937198067,0.21774471449131413,3908.5978260869565,12.0,18.0,20.0,1035.0,46.0
2.0637373737373736,14800.0,0.78,527.2998084291188,0.21829201548659113,4137.106382978724,14.0,14.0,22.0,1044.0,47.0
2.0637373737373736,15000.0,0.78,527.1815616180621,0.21348792897249305,4125.708333333333,13.0,15.0,22.0,1063.0,48.0
2.0637373737373736,15200.0,0.8,528.4484679665738,0.21478523503537186,4125.708333333333,10.0,18.0,22.0,1077.0,48.0
2.0637373737373736,15400.0,0.78,528.4270642201835,0.21273792390489124,4125.708333333333,10.0,20.0,20.0,1090.0,48.0
2.0637373737373736,15600.0,0.8,526.9773550724638,0.21577848498976343,4356.897959183673,13.0,18.0,19.0,1104.0,49.0
2.0637373737373736,15800.0,0.74,525.8611357586512,0.2161433523199481,4356.897959183673,9.0,21.0,20.0,1127.0,49.0
2.0637373737373736,16000.0,0.8,524.4864154250657,0.21255549023979892,4586.46,11.0,19.0,20.0,1141.0,50.0
2.0939393939393938,0.0,0.0,nan,0.015202805424360975,nan,0.0,0.0,50.0,0.0,0.0
2.0939393939393938,200.0,0.32,1.0,0.036405651389536414,nan,0.0,10.0,40.0,1.0,0.0
2.0939393939393938,400.0,0.66,108.3,0.06636531327914377,nan,0.0,14.0,36.0,5.0,0.0
2.0939393939393938,600.0,0.76,235.45833333333334,0.10443313806174366,531.8333333333334,3.0,15.0,32.0,12.0,3.0
2.0939393939393938,800.0,0.76,263.46666666666664,0.13798066203150022,646.7857142857143,7.0,11.0,32.0,15.0,7.0
2.0939393939393938,1000.0,0.8,370.6578947368421,0.16583220156892953,733.6363636363636,11.0,7.0,32.0,19.0,11.0
2.0939393939393938,1200.0,0.8,415.4318181818182,0.1839539456347678,820.8928571428571,14.0,5.0,31.0,22.0,14.0
2.0939393939393938,1400.0,0.78,519.8620689655172,0.19390671558591613,820.8928571428571,14.0,5.0,31.0,29.0,14.0
2.0939393939393938,1600.0,0.8,615.8555555555556,0.19747430725883283,904.09375,16.0,3.0,31.0,45.0,16.0
2.0939393939393938,1800.0,0.78,752.4051724137931,0.20329191413455497,950.5,14.0,5.0,31.0,58.0,17.0
2.0939393939393938,2000.0,0.76,717.7133333333334,0.19917702146636126,998.6111111111111,14.0,5.0,31.0,75.0,18.0
2.0939393939393938,2200.0,0.8,669.1179775280899,0.19899458780126894,998.6111111111111,15.0,4.0,31.0,89.0,18.0
2.0939393939393938,2400.0,0.78,679.3673469387755,0.20189325603551375,1069.421052631579,16.0,3.0,31.0,98.0,19.0
2.0939393939393938,2600.0,0.78,671.8603603603603,0.20167028155595645,1069.421052631579,12.0,8.0,30.0,111.0,19.0
2.0939393939393938,2800.0,0.78,667.7991803278688,0.19984594490503313,1069.421052631579,15.0,5.0,30.0,122.0,19.0
2.0939393939393938,3000.0,0.8,667.8625954198474,0.20015000101352037,1069.421052631579,16.0,4.0,30.0,131.0,19.0
2.0939393939393938,3200.0,0.74,670.7013422818792,0.20339326617071737,1069.421052631579,16.0,4.0,30.0,149.0,19.0
2.0939393939393938,3400.0,0.76,653.060975609756,0.20515679159994324,1069.421052631579,15.0,4.0,31.0,164.0,19.0
2.0939393939393938,3600.0,0.8,643.2881355932203,0.2022783937729309,1069.421052631579,15.0,6.0,29.0,177.0,19.0
2.0939393939393938,3800.0,0.78,644.3196721311475,0.20284596517544037,1069.421052631579,14.0,8.0,28.0,183.0,19.0
2.0939393939393938,4000.0,0.76,630.891959798995,0.20333245494901991,1069.421052631579,14.0,8.0,28.0,199.0,19.0
2.0939393939393938,4200.0,0.78,638.3891509433962,0.1996635112399408,1069.421052631579,11.0,11.0,28.0,212.0,19.0
2.0939393939393938,4400.0,0.76,635.0969827586207,0.19258913911580483,1069.421052631579,10.0,12.0,28.0,232.0,19.0
2.0939393939393938,4600.0,0.8,625.9274193548387,0.1936026594774289,1069.421052631579,11.0,13.0,26.0,248.0,19.0
2.0939393939393938,4800.0,0.74,607.5339622641509,0.19767701133115764,1411.7619047619048,13.0,11.0,26.0,265.0,21.0
2.0939393939393938,5000.0,0.78,607.2285714285714,0.19765674092392516,1411.7619047619048,13.0,11.0,26.0,280.0,21.0
2.0939393939393938,5200.0,0.8,605.7406143344709,0.20223785295846594,1411.7619047619048,13.0,12.0,25.0,293.0,21.0
2.0939393939393938,5400.0,0.8,600.1009933774834,0.19662295015506862,1411.7619047619048,13.0,12.0,25.0,302.0,21.0
2.0939393939393938,5600.0,0.78,602.2602523659306,0.1932783329617092,1411.7619047619048,12.0,13.0,25.0,317.0,21.0
2.0939393939393938,5800.0,0.8,609.8905775075988,0.19084588409381145,1604.5454545454545,11.0,13.0,26.0,329.0,22.0
2.0939393939393938,6000.0,0.76,608.4853372434018,0.19494050635477267,1961.125,13.0,11.0,26.0,341.0,24.0
2.0939393939393938,6200.0,0.78,601.8480662983426,0.20079865404495975,1961.125,12.0,13.0,25.0,362.0,24.0
2.0939393939393938,6400.0,0.76,598.6848404255319,0.20430543449617902,1961.125,10.0,16.0,24.0,376.0,24.0
2.0939393939393938,6600.0,0.8,592.5805626598466,0.20485273549145602,1961.125,11.0,16.0,23.0,391.0,24.0
2.0939393939393938,6800.0,0.78,592.375,0.20298785802606775,2153.94,10.0,17.0,23.0,404.0,25.0
2.0939393939393938,7000.0,0.76,585.9485981308411,0.20142703666916667,2336.3846153846152,10.0,18.0,22.0,428.0,26.0
2.0939393939393938,7200.0,0.8,584.895881006865,0.20371759268643708,2336.3846153846152,10.0,18.0,22.0,437.0,26.0
2.0939393939393938,7400.0,0.8,582.9945054945055,0.20146757748363164,2518.185185185185,11.0,17.0,22.0,455.0,27.0
2.0939393939393938,7600.0,0.76,575.0850840336135,0.2023797458090933,2518.185185185185,11.0,17.0,22.0,476.0,27.0
2.0939393939393938,7800.0,0.78,568.7150101419878,0.20576490381691767,2518.185185185185,10.0,19.0,21.0,493.0,27.0
2.0939393939393938,8000.0,0.8,562.0178217821782,0.20631220481219467,2710.339285714286,11.0,18.0,21.0,505.0,28.0
2.0939393939393938,8200.0,0.8,563.6245247148289,0.20821762309204792,2710.339285714286,12.0,20.0,18.0,526.0,28.0
2.0939393939393938,8400.0,0.8,557.4301470588235,0.2116027810998723,2710.339285714286,13.0,19.0,18.0,544.0,28.0
2.0939393939393938,8600.0,0.8,555.4522522522523,0.20959601078385665,2911.2586206896553,11.0,21.0,18.0,555.0,29.0
2.0939393939393938,8800.0,0.76,552.4226713532513,0.2033527253562524,2911.2586206896553,7.0,25.0,18.0,569.0,29.0
2.0939393939393938,9000.0,0.76,550.7628424657535,0.19986621531226562,2911.2586206896553,8.0,22.0,20.0,584.0,29.0
2.0939393939393938,9200.0,0.8,550.9338358458962,0.20722437313765635,3311.3225806451615,11.0,20.0,19.0,597.0,31.0
2.0939393939393938,9400.0,0.8,548.1756097560975,0.217359576753897,3311.3225806451615,11.0,21.0,18.0,615.0,31.0
2.0939393939393938,9600.0,0.78,551.9011075949367,0.22088662761234873,3311.3225806451615,10.0,21.0,19.0,632.0,31.0
2.0939393939393938,9800.0,0.8,551.7746913580247,0.22190014797397278,3511.4375,9.0,24.0,17.0,648.0,32.0
2.0939393939393938,10000.0,0.8,550.8273001508296,0.22031905620983924,3705.651515151515,9.0,24.0,17.0,663.0,33.0
2.0939393939393938,10200.0,0.76,547.1137370753323,0.22234609693308738,3705.651515151515,11.0,23.0,16.0,677.0,33.0
2.0939393939393938,10400.0,0.78,545.4113832853026,0.22390691828998843,3900.1470588235293,13.0,21.0,16.0,694.0,34.0
2.0939393939393938,10600.0,0.74,547.3408450704226,0.2269880201893256,3900.1470588235293,11.0,21.0,18.0,710.0,34.0
2.0939393939393938,10800.0,0.76,543.7465277777778,0.22534611720349462,3900.1470588235293,10.0,20.0,20.0,720.0,34.0
2.0939393939393938,11000.0,0.74,545.9708276797829,0.22354205095980378,4100.457142857143,12.0,18.0,20.0,737.0,35.0
2.0939393939393938,11200.0,0.74,546.1517976031957,0.22230555611862243,4297.388888888889,12.0,18.0,20.0,751.0,36.0
2.0939393939393938,11400.0,0.8,543.6801040312093,0.21774471449131413,4297.388888888889,10.0,19.0,21.0,769.0,36.0
2.0939393939393938,11600.0,0.8,540.0982367758187,0.2169338982020149,4297.388888888889,10.0,21.0,19.0,794.0,36.0
2.0939393939393938,11800.0,0.8,537.8281829419036,0.2124541382036365,4297.388888888889,9.0,22.0,19.0,809.0,36.0
2.0939393939393938,12000.0,0.78,538.2958937198067,0.21362982182312043,4263.581081081081,10.0,20.0,20.0,828.0,37.0
2.0939393939393938,12200.0,0.8,534.7919621749409,0.2130014391989135,4263.581081081081,11.0,18.0,21.0,846.0,37.0
2.0939393939393938,12400.0,0.78,533.495939675174,0.21579875539699592,4263.581081081081,14.0,16.0,20.0,862.0,37.0
2.0939393939393938,12600.0,0.74,528.6498868778281,0.21206900046621938,4263.581081081081,13.0,17.0,20.0,884.0,37.0
2.0939393939393938,12800.0,0.78,526.0060975609756,0.21058926073824824,4263.581081081081,10.0,19.0,21.0,902.0,37.0
2.0939393939393938,13000.0,0.8,522.750812567714,0.2082378934992804,4263.581081081081,8.0,21.0,21.0,923.0,37.0
2.0939393939393938,13200.0,0.78,521.8443145589798,0.2127987351265887,4263.581081081081,12.0,18.0,20.0,941.0,37.0
2.0939393939393938,13400.0,0.78,519.4578125,0.21835282670828857,4263.581081081081,12.0,17.0,21.0,960.0,37.0
2.0939393939393938,13600.0,0.78,517.2674897119341,0.21681227575862,4263.581081081081,13.0,15.0,22.0,972.0,37.0
2.0939393939393938,13800.0,0.76,516.8957489878543,0.2130014391989135,4263.581081081081,12.0,14.0,24.0,988.0,37.0
2.0939393939393938,14000.0,0.78,517.371756487026,0.21261630146149635,4263.581081081081,12.0,17.0,21.0,1002.0,37.0
2.0939393939393938,14200.0,0.8,515.9533856722277,0.2118054851721971,4263.581081081081,9.0,19.0,22.0,1019.0,37.0
2.0939393939393938,14400.0,0.8,517.2391513982642,0.2188393164818681,4263.581081081081,10.0,18.0,22.0,1037.0,37.0
2.0939393939393938,14600.0,0.78,517.9985754985755,0.2202582449881418,4448.705128205128,14.0,14.0,22.0,1053.0,39.0
2.0939393939393938,14800.0,0.8,516.2537593984962,0.22500152028054243,4707.0,12.0,16.0,22.0,1064.0,40.0
2.0939393939393938,15000.0,0.8,515.7555865921788,0.22400827032615087,4621.9390243902435,16.0,12.0,22.0,1074.0,41.0
2.0939393939393938,15200.0,0.8,517.5794306703398,0.2155149696957412,4621.9390243902435,15.0,13.0,22.0,1089.0,41.0
2.0939393939393938,15400.0,0.8,516.3147644927536,0.2084405975716052,4621.9390243902435,11.0,16.0,23.0,1104.0,41.0
2.0939393939393938,15600.0,0.76,517.934046345811,0.20722437313765635,4621.9390243902435,12.0,15.0,23.0,1122.0,41.0
2.0939393939393938,15800.0,0.8,518.3508771929825,0.21198791883728943,4621.9390243902435,12.0,15.0,23.0,1140.0,41.0
2.0939393939393938,16000.0,0.78,518.7363162467419,0.20949465874769424,4621.9390243902435,12.0,15.0,23.0,1151.0,41.0
2.1241414141414143,0.0,0.0,nan,0.015202805424360975,nan,0.0,0.0,50.0,0.0,0.0
2.1241414141414143,200.0,0.34,1.0,0.036527273832931306,nan,0.0,10.0,40.0,1.0,0.0
2.1241414141414143,400.0,0.76,98.0,0.0740477976202542,nan,0.0,16.0,34.0,2.0,0.0
2.1241414141414143,600.0,0.78,212.28571428571428,0.11106156122676504,497.0,1.0,18.0,31.0,7.0,1.0
2.1241414141414143,800.0,0.78,312.59090909090907,0.13891310076419436,667.2142857142857,7.0,11.0,32.0,11.0,7.0
2.1241414141414143,1000.0,0.8,424.6521739130435,0.15407536537409036,699.6111111111111,8.0,10.0,32.0,23.0,9.0
2.1241414141414143,1200.0,0.74,454.8103448275862,0.16613625767741674,742.3,10.0,8.0,32.0,29.0,10.0
2.1241414141414143,1400.0,0.8,536.6891891891892,0.1768998439178643,788.6818181818181,10.0,9.0,31.0,37.0,11.0
2.1241414141414143,1600.0,0.76,645.1979166666666,0.1810350069932905,894.6153846153846,11.0,8.0,31.0,48.0,13.0
2.1241414141414143,1800.0,0.76,719.34375,0.18411610889262764,1046.40625,12.0,8.0,30.0,64.0,16.0
2.1241414141414143,2000.0,0.8,712.1056338028169,0.18606206798694586,1046.40625,12.0,7.0,31.0,71.0,16.0
2.1241414141414143,2200.0,0.76,718.3953488372093,0.18683234346178015,1046.40625,11.0,8.0,31.0,86.0,16.0
2.1241414141414143,2400.0,0.8,698.0051546391752,0.184845843552997,1125.2941176470588,12.0,7.0,31.0,97.0,17.0
2.1241414141414143,2600.0,0.76,684.4220183486239,0.18646747613159548,1125.2941176470588,11.0,8.0,31.0,109.0,17.0
2.1241414141414143,2800.0,0.78,678.588,0.190785072872114,1212.7777777777778,13.0,6.0,31.0,125.0,18.0
2.1241414141414143,3000.0,0.8,655.3453237410072,0.1994405367603835,1212.7777777777778,12.0,8.0,30.0,139.0,18.0
2.1241414141414143,3200.0,0.72,640.1354838709677,0.1952040216487949,1212.7777777777778,12.0,8.0,30.0,155.0,18.0
2.1241414141414143,3400.0,0.8,649.4136904761905,0.1961972716031865,1318.0,14.0,6.0,30.0,168.0,19.0
2.1241414141414143,3600.0,0.8,639.3111111111111,0.19601483793809418,1318.0,14.0,6.0,30.0,180.0,19.0
2.1241414141414143,3800.0,0.8,629.7905759162304,0.19485942472584275,1318.0,14.0,6.0,30.0,191.0,19.0
2.1241414141414143,4000.0,0.78,624.8918269230769,0.19346076662680153,1318.0,14.0,6.0,30.0,208.0,19.0
2.1241414141414143,4200.0,0.8,633.3445945945946,0.19058236879978918,1318.0,13.0,7.0,30.0,222.0,19.0
2.1241414141414143,4400.0,0.8,631.993670886076,0.1886161392982385,1318.0,12.0,8.0,30.0,237.0,19.0
2.1241414141414143,4600.0,0.78,624.8472222222222,0.18954857803093264,1479.125,14.0,6.0,30.0,252.0,20.0
2.1241414141414143,4800.0,0.78,612.0111940298508,0.1913121034601585,1479.125,12.0,8.0,30.0,268.0,20.0
2.1241414141414143,5000.0,0.8,614.8574007220217,0.18960938925263007,1646.1904761904761,11.0,9.0,30.0,277.0,21.0
2.1241414141414143,5200.0,0.76,604.5808080808081,0.18825127196805383,1646.1904761904761,11.0,10.0,29.0,297.0,21.0
2.1241414141414143,5400.0,0.78,598.0032051282051,0.18598098635801594,1646.1904761904761,12.0,10.0,28.0,312.0,21.0
2.1241414141414143,5600.0,0.78,596.641975308642,0.18750126690045202,1646.1904761904761,12.0,11.0,27.0,324.0,21.0
2.1241414141414143,5800.0,0.72,600.8872403560831,0.18723775160642978,1829.659090909091,12.0,10.0,28.0,337.0,22.0
2.1241414141414143,6000.0,0.78,591.1980056980057,0.18669045061115278,1829.659090909091,11.0,11.0,28.0,351.0,22.0
2.1241414141414143,6200.0,0.8,591.9214876033058,0.1851701700687167,2012.8260869565217,10.0,13.0,27.0,363.0,23.0
2.1241414141414143,6400.0,0.8,597.4226666666667,0.18934587395860783,2012.8260869565217,10.0,12.0,28.0,375.0,23.0
2.1241414141414143,6600.0,0.78,594.7764857881137,0.18782559341617172,2012.8260869565217,10.0,12.0,28.0,387.0,23.0
2.1241414141414143,6800.0,0.76,591.7137592137592,0.18618369043034075,2012.8260869565217,10.0,13.0,27.0,407.0,23.0
2.1241414141414143,7000.0,0.76,586.9522673031026,0.19035939432023188,2012.8260869565217,11.0,12.0,27.0,419.0,23.0
2.1241414141414143,7200.0,0.8,589.0297482837528,0.19117021060953115,2012.8260869565217,11.0,12.0,27.0,437.0,23.0
2.1241414141414143,7400.0,0.74,586.249445676275,0.18950803721646767,2441.12,13.0,10.0,27.0,451.0,25.0
2.1241414141414143,7600.0,0.78,587.8143776824035,0.18701477712687248,2441.12,10.0,14.0,26.0,466.0,25.0
2.1241414141414143,7800.0,0.78,578.4444444444445,0.18760261893661442,2441.12,8.0,16.0,26.0,477.0,25.0
2.1241414141414143,8000.0,0.8,578.0230460921844,0.1877647821944743,2654.076923076923,9.0,16.0,25.0,499.0,26.0
2.1241414141414143,8200.0,0.76,572.5377176015473,0.19725133277927553,2654.076923076923,11.0,15.0,24.0,517.0,26.0
2.1241414141414143,8400.0,0.8,567.375236294896,0.2044675977540389,2654.076923076923,11.0,15.0,24.0,529.0,26.0
2.1241414141414143,8600.0,0.72,572.3937153419594,0.20495408752761843,2654.076923076923,13.0,13.0,24.0,541.0,26.0
2.1241414141414143,8800.0,0.8,574.7259528130671,0.20278515395374294,2878.222222222222,14.0,11.0,25.0,551.0,27.0
2.1241414141414143,9000.0,0.76,572.7874779541446,0.20568382218798775,3096.464285714286,16.0,8.0,26.0,567.0,28.0
2.1241414141414143,9200.0,0.8,574.3919382504288,0.20343380698518232,3096.464285714286,12.0,11.0,27.0,583.0,28.0
2.1241414141414143,9400.0,0.8,573.3107202680067,0.2009810877100521,3096.464285714286,10.0,13.0,27.0,597.0,28.0
2.1241414141414143,9600.0,0.78,571.3658536585366,0.20069730200879735,3096.464285714286,10.0,13.0,27.0,615.0,28.0
2.1241414141414143,9800.0,0.76,572.5317965023847,0.20134595504023675,3096.464285714286,13.0,11.0,26.0,629.0,28.0
2.1241414141414143,10000.0,0.8,567.2740683229814,0.2009810877100521,3328.1724137931033,14.0,10.0,26.0,644.0,29.0
2.1241414141414143,10200.0,0.74,565.7595129375951,0.19897431739403645,3328.1724137931033,15.0,8.0,27.0,657.0,29.0
2.1241414141414143,10400.0,0.8,567.1123511904761,0.19147426671801837,3328.1724137931033,13.0,10.0,27.0,672.0,29.0
2.1241414141414143,10600.0,0.78,562.9245689655172,0.18952830762370015,3328.1724137931033,12.0,13.0,25.0,696.0,29.0
2.1241414141414143,10800.0,0.78,557.0482517482518,0.18865668011270345,3576.45,13.0,13.0,24.0,715.0,30.0
2.1241414141414143,11000.0,0.78,555.6087551299589,0.18985263413941986,3813.1290322580644,10.0,16.0,24.0,731.0,31.0
2.1241414141414143,11200.0,0.8,552.4593333333333,0.19192021567713297,3813.1290322580644,11.0,17.0,22.0,750.0,31.0
2.1241414141414143,11400.0,0.76,552.3267716535433,0.19660267974783613,3857.265625,11.0,16.0,23.0,762.0,32.0
2.1241414141414143,11600.0,0.8,551.1793548387096,0.1991364806518963,4090.3030303030305,12.0,16.0,22.0,775.0,33.0
2.1241414141414143,11800.0,0.78,552.6575949367088,0.20629193440496219,4524.414285714286,15.0,13.0,22.0,790.0,35.0
2.1241414141414143,12000.0,0.78,550.1158612143743,0.21200818924452192,4524.414285714286,13.0,13.0,24.0,807.0,35.0
2.1241414141414143,12200.0,0.78,546.4123020706455,0.21553524010297367,4524.414285714286,12.0,14.0,24.0,821.0,35.0
2.1241414141414143,12400.0,0.76,543.6041420118344,0.2105081791093183,4524.414285714286,11.0,15.0,24.0,845.0,35.0
2.1241414141414143,12600.0,0.78,545.2482476635514,0.2129000871627511,4482.125,14.0,13.0,23.0,856.0,36.0
2.1241414141414143,12800.0,0.76,542.8890160183066,0.21140007702754748,4482.125,11.0,19.0,20.0,874.0,36.0
2.1241414141414143,13000.0,0.8,542.307735426009,0.2111568321407577,4482.125,11.0,21.0,18.0,892.0,36.0
2.1241414141414143,13200.0,0.76,541.8048511576626,0.21271765349765878,4713.189189189189,10.0,21.0,19.0,907.0,37.0
2.1241414141414143,13400.0,0.76,542.3995633187773,0.21650821965013278,4941.5,12.0,18.0,20.0,916.0,38.0
2.1241414141414143,13600.0,0.74,541.3052294557098,0.21810958182149878,4941.5,11.0,20.0,19.0,937.0,38.0
2.1241414141414143,13800.0,0.78,541.968387776607,0.22035959702430422,5377.725,11.0,21.0,18.0,949.0,40.0
2.1241414141414143,14000.0,0.78,542.6521739130435,0.21902175014696046,5377.725,12.0,19.0,19.0,966.0,40.0
2.1241414141414143,14200.0,0.8,542.9810256410257,0.22323799485131657,5589.512195121952,11.0,19.0,20.0,975.0,41.0
2.1241414141414143,14400.0,0.8,542.2266260162602,0.22244744896924978,5795.464285714285,10.0,21.0,19.0,984.0,42.0
2.1241414141414143,14600.0,0.76,544.1029850746269,0.22216366326799505,5795.464285714285,12.0,19.0,19.0,1005.0,42.0
2.1241414141414143,14800.0,0.8,542.5762045231072,0.22242717856201732,5677.802325581395,14.0,17.0,19.0,1017.0,43.0
2.1241414141414143,15000.0,0.8,542.7886847195358,0.22366367340319868,5677.802325581395,14.0,17.0,19.0,1034.0,43.0
2.1241414141414143,15200.0,0.8,542.7365900383141,0.22190014797397278,5890.181818181818,12.0,17.0,21.0,1044.0,44.0
2.1241414141414143,15400.0,0.8,543.457507082153,0.21689335738754992,5890.181818181818,12.0,16.0,22.0,1059.0,44.0
2.1241414141414143,15600.0,0.72,541.9023148148148,0.21502847992216165,5851.522222222222,12.0,16.0,22.0,1080.0,45.0
2.1241414141414143,15800.0,0.8,540.8648401826484,0.21989337765795716,5851.522222222222,13.0,17.0,20.0,1095.0,45.0
2.1241414141414143,16000.0,0.78,542.2757220216606,0.21934607666268016,5851.522222222222,10.0,20.0,20.0,1108.0,45.0
2.1543434343434344,0.0,0.0,nan,0.015202805424360975,nan,0.0,0.0,50.0,0.0,0.0
2.1543434343434344,200.0,0.34,1.0,0.036527273832931306,nan,0.0,10.0,40.0,1.0,0.0
2.1543434343434344,400.0,0.74,98.0,0.07374374151176698,nan,0.0,16.0,34.0,2.0,0.0
2.1543434343434344,600.0,0.76,263.42857142857144,0.10899397968905196,562.5,3.0,14.0,33.0,7.0,3.0
2.1543434343434344,800.0,0.78,348.1666666666667,0.13163602456773357,618.9166666666666,6.0,13.0,31.0,15.0,6.0
2.1543434343434344,1000.0,0.78,398.80555555555554,0.15703484483003263,669.0,7.0,13.0,30.0,18.0,7.0
2.1543434343434344,1200.0,0.8,542.34,0.1689133034682667,779.95,10.0,10.0,30.0,25.0,10.0
2.1543434343434344,1400.0,0.74,640.8088235294117,0.18139987432347515,866.875,11.0,9.0,30.0,34.0,12.0
2.1543434343434344,1600.0,0.78,738.8936170212766,0.18646747613159548,959.3214285714286,11.0,9.0,30.0,47.0,14.0
2.1543434343434344,1800.0,0.74,730.9545454545455,0.19011614943344213,1049.0,9.0,12.0,29.0,66.0,16.0
2.1543434343434344,2000.0,0.8,720.3466666666667,0.19773782255285507,1100.4705882352941,12.0,9.0,29.0,75.0,17.0
2.1543434343434344,2200.0,0.76,681.7359550561798,0.19915675105912878,1100.4705882352941,10.0,11.0,29.0,89.0,17.0
2.1543434343434344,2400.0,0.8,661.3415841584158,0.1951026696126325,1100.4705882352941,11.0,10.0,29.0,101.0,17.0
2.1543434343434344,2600.0,0.8,667.1086956521739,0.19745403685160035,1179.9722222222222,10.0,12.0,28.0,115.0,18.0
2.1543434343434344,2800.0,0.78,657.0787401574803,0.20304866924776518,1264.1315789473683,11.0,12.0,27.0,127.0,19.0
2.1543434343434344,3000.0,0.76,651.5178571428571,0.20623112318326475,1264.1315789473683,12.0,12.0,26.0,140.0,19.0
2.1543434343434344,3200.0,0.78,639.2566666666667,0.212474408610869,1264.1315789473683,11.0,13.0,26.0,150.0,19.0
2.1543434343434344,3400.0,0.76,635.185975609756,0.2169136277947824,1458.047619047619,14.0,10.0,26.0,164.0,21.0
2.1543434343434344,3600.0,0.8,651.7412790697674,0.21675146453692254,1633.6304347826087,17.0,7.0,26.0,172.0,23.0
2.1543434343434344,3800.0,0.74,650.186170212766,0.21413658200393246,1719.2291666666667,16.0,8.0,26.0,188.0,24.0
2.1543434343434344,4000.0,0.8,654.8358208955224,0.2094338475259968,1719.2291666666667,14.0,10.0,26.0,201.0,24.0
2.1543434343434344,4200.0,0.76,649.2883720930232,0.20610950073986986,1719.2291666666667,12.0,13.0,25.0,215.0,24.0
2.1543434343434344,4400.0,0.8,644.6206140350877,0.20882573530902235,1719.2291666666667,14.0,10.0,26.0,228.0,24.0
2.1543434343434344,4600.0,0.8,632.646694214876,0.20710275069426146,1719.2291666666667,13.0,11.0,26.0,242.0,24.0
2.1543434343434344,4800.0,0.76,627.7706766917294,0.2068189649930067,1719.2291666666667,11.0,14.0,25.0,266.0,24.0
2.1543434343434344,5000.0,0.8,621.1368613138686,0.20617031196156732,1719.2291666666667,11.0,13.0,26.0,274.0,24.0
2.1543434343434344,5200.0,0.78,619.0313588850174,0.21091358725396794,1852.16,12.0,12.0,26.0,287.0,25.0
2.1543434343434344,5400.0,0.8,613.3029801324503,0.2043257049034115,1982.5,13.0,11.0,26.0,302.0,26.0
2.1543434343434344,5600.0,0.76,597.807210031348,0.19627835323211643,1982.5,11.0,13.0,26.0,319.0,26.0
2.1543434343434344,5800.0,0.8,602.3761194029851,0.1982648531408996,1982.5,11.0,15.0,24.0,335.0,26.0
2.1543434343434344,6000.0,0.78,597.4206798866855,0.20029189386414772,1982.5,13.0,13.0,24.0,353.0,26.0
2.1543434343434344,6200.0,0.78,594.9782016348773,0.200008108162893,1982.5,10.0,17.0,23.0,367.0,26.0
2.1543434343434344,6400.0,0.8,592.3151041666666,0.2006364907870999,1982.5,7.0,20.0,23.0,384.0,26.0
2.1543434343434344,6600.0,0.8,586.20875,0.2029270468043703,2146.1666666666665,9.0,18.0,23.0,400.0,27.0
2.1543434343434344,6800.0,0.72,582.774154589372,0.2016297407414915,2146.1666666666665,7.0,20.0,23.0,414.0,27.0
2.1543434343434344,7000.0,0.72,579.3604651162791,0.19579186345853689,2467.8275862068967,10.0,17.0,23.0,430.0,29.0
2.1543434343434344,7200.0,0.76,580.0203619909503,0.1912107514239961,2467.8275862068967,9.0,18.0,23.0,442.0,29.0
2.1543434343434344,7400.0,0.78,572.8347732181426,0.1944742869884256,2467.8275862068967,9.0,17.0,24.0,463.0,29.0
2.1543434343434344,7600.0,0.72,566.0485537190083,0.19429185332333326,2467.8275862068967,11.0,15.0,24.0,484.0,29.0
2.1543434343434344,7800.0,0.78,560.2872763419483,0.19528510327772486,2467.8275862068967,9.0,18.0,23.0,503.0,29.0
2.1543434343434344,8000.0,0.78,555.426245210728,0.19639997567551132,2467.8275862068967,10.0,17.0,23.0,522.0,29.0
2.1543434343434344,8200.0,0.78,551.642723880597,0.19717025115034562,2467.8275862068967,10.0,16.0,24.0,536.0,29.0
2.1543434343434344,8400.0,0.8,550.5490909090909,0.2010824397462145,2467.8275862068967,11.0,15.0,24.0,550.0,29.0
2.1543434343434344,8600.0,0.78,547.5141093474426,0.2010013581172846,2671.2166666666667,9.0,19.0,22.0,567.0,30.0
2.1543434343434344,8800.0,0.78,547.3120689655173,0.2040216487949243,2671.2166666666667,11.0,17.0,22.0,580.0,30.0
2.1543434343434344,9000.0,0.76,546.10183639399,0.20821762309204792,2671.2166666666667,13.0,15.0,22.0,599.0,30.0
2.1543434343434344,9200.0,0.76,547.2291325695581,0.20673788336407678,2671.2166666666667,13.0,15.0,22.0,611.0,30.0
2.1543434343434344,9400.0,0.78,544.1751592356688,0.20742707720998116,2887.8387096774195,12.0,14.0,24.0,628.0,31.0
2.1543434343434344,9600.0,0.78,542.5109034267913,0.20462976101189873,2887.8387096774195,8.0,19.0,23.0,642.0,31.0
2.1543434343434344,9800.0,0.74,539.9358778625955,0.20544057730119797,3300.212121212121,11.0,15.0,24.0,655.0,33.0
2.1543434343434344,10000.0,0.76,541.0044510385757,0.19927837350252367,3300.212121212121,9.0,18.0,23.0,674.0,33.0
2.1543434343434344,10200.0,0.8,542.4832605531295,0.19660267974783613,3300.212121212121,9.0,21.0,20.0,687.0,33.0
2.1543434343434344,10400.0,0.8,541.0228245363766,0.202704072324813,3508.455882352941,9.0,21.0,20.0,701.0,34.0
2.1543434343434344,10600.0,0.8,540.0383008356546,0.20229866418016337,3508.455882352941,8.0,22.0,20.0,718.0,34.0
2.1543434343434344,10800.0,0.8,537.4761904761905,0.20481219467699105,3589.657142857143,9.0,21.0,20.0,735.0,35.0
2.1543434343434344,11000.0,0.76,536.8203434610303,0.20128514381853932,3589.657142857143,11.0,20.0,19.0,757.0,35.0
2.1543434343434344,11200.0,0.8,534.5684754521964,0.20471084264082864,3589.657142857143,10.0,21.0,19.0,774.0,35.0
2.1543434343434344,11400.0,0.78,531.0682680151707,0.2085824904222326,3801.7361111111113,10.0,19.0,21.0,791.0,36.0
2.1543434343434344,11600.0,0.78,531.9448574969022,0.21500820951492916,3934.5131578947367,13.0,16.0,21.0,807.0,38.0
2.1543434343434344,11800.0,0.74,532.0292326431181,0.21573794417529848,4133.089743589743,14.0,15.0,21.0,821.0,39.0
2.1543434343434344,12000.0,0.8,531.6979665071771,0.21261630146149635,4133.089743589743,13.0,16.0,21.0,836.0,39.0
2.1543434343434344,12200.0,0.8,530.8260613207547,0.20600814870370746,4133.089743589743,11.0,17.0,22.0,848.0,39.0
2.1543434343434344,12400.0,0.76,531.6081395348838,0.20586625585308008,4133.089743589743,10.0,19.0,21.0,860.0,39.0
2.1543434343434344,12600.0,0.78,530.5632839224629,0.2067176129568443,4158.5625,12.0,16.0,22.0,877.0,40.0
2.1543434343434344,12800.0,0.8,530.3042505592841,0.2078932965763282,4158.5625,11.0,17.0,22.0,894.0,40.0
2.1543434343434344,13000.0,0.74,530.7648351648352,0.20787302616909573,4373.756097560976,11.0,18.0,21.0,910.0,41.0
2.1543434343434344,13200.0,0.8,530.1734913793103,0.20939330671153183,4426.476190476191,12.0,17.0,21.0,928.0,42.0
2.1543434343434344,13400.0,0.8,530.0169851380042,0.20288650598990535,4631.825581395349,11.0,18.0,21.0,942.0,43.0
2.1543434343434344,13600.0,0.76,528.3152400835073,0.20296758761883527,4631.825581395349,12.0,19.0,19.0,958.0,43.0
2.1543434343434344,13800.0,0.8,526.915306122449,0.19494050635477267,4631.825581395349,11.0,19.0,20.0,980.0,43.0
2.1543434343434344,14000.0,0.8,525.5640120967741,0.1905620983925567,4631.825581395349,8.0,22.0,20.0,992.0,43.0
2.1543434343434344,14200.0,0.78,525.3836978131212,0.19569051142237448,4631.825581395349,9.0,20.0,21.0,1006.0,43.0
2.1543434343434344,14400.0,0.78,525.4770058708415,0.19455536861735553,4665.340909090909,9.0,21.0,20.0,1022.0,44.0
2.1543434343434344,14600.0,0.76,523.341018251681,0.1929540064459895,4665.340909090909,7.0,22.0,21.0,1041.0,44.0
2.1543434343434344,14800.0,0.76,522.7927289896129,0.19530537368495732,4665.340909090909,9.0,19.0,22.0,1059.0,44.0
2.1543434343434344,15000.0,0.78,521.5888888888888,0.1954472665355847,4665.340909090909,8.0,22.0,20.0,1080.0,44.0
2.1543434343434344,15200.0,0.76,520.5902841429881,0.19546753694281718,4665.340909090909,8.0,21.0,21.0,1091.0,44.0
2.1543434343434344,15400.0,0.76,519.1171735241503,0.19796079703241237,4665.340909090909,9.0,20.0,21.0,1118.0,44.0
2.1543434343434344,15600.0,0.78,516.0948200175593,0.19429185332333326,4665.340909090909,8.0,21.0,21.0,1139.0,44.0
2.1543434343434344,15800.0,0.76,512.5060711188205,0.1922040013783877,4960.315217391304,9.0,20.0,21.0,1153.0,46.0
2.1543434343434344,16000.0,0.78,512.7339055793991,0.1932783329617092,4960.315217391304,9.0,19.0,22.0,1165.0,46.0
2.1845454545454546,0.0,0.0,nan,0.015202805424360975,nan,0.0,0.0,50.0,0.0,0.0
2.1845454545454546,200.0,0.34,1.0,0.036527273832931306,nan,0.0,10.0,40.0,1.0,0.0
2.1845454545454546,400.0,0.64,146.66666666666666,0.0724261650416557,nan,0.0,16.0,34.0,3.0,0.0
2.1845454545454546,600.0,0.76,197.3125,0.10445340846897615,557.5,4.0,13.0,33.0,8.0,4.0
2.1845454545454546,800.0,0.76,303.61538461538464,0.12318326475178887,591.8333333333334,6.0,11.0,33.0,13.0,6.0
2.1845454545454546,1000.0,0.8,412.42105263157896,0.14199420266353152,664.5625,8.0,7.0,35.0,19.0,8.0
2.1845454545454546,1200.0,0.76,485.0192307692308,0.15679159994324285,829.8461538461538,13.0,2.0,35.0,26.0,13.0
2.1845454545454546,1400.0,0.8,551.5806451612904,0.17059574726856264,887.3666666666667,15.0,0.0,35.0,31.0,15.0
2.1845454545454546,1600.0,0.78,747.5116279069767,0.17387955324022458,887.3666666666667,13.0,4.0,33.0,43.0,15.0
2.1845454545454546,1800.0,0.8,752.9736842105264,0.1792714815640646,887.3666666666667,13.0,5.0,32.0,57.0,15.0
2.1845454545454546,2000.0,0.76,741.8285714285714,0.18480530273853202,887.3666666666667,14.0,4.0,32.0,70.0,15.0
2.1845454545454546,2200.0,0.76,697.5833333333334,0.1846025986662072,887.3666666666667,13.0,6.0,31.0,84.0,15.0
2.1845454545454546,2400.0,0.78,694.7113402061856,0.1848255731457645,887.3666666666667,14.0,5.0,31.0,97.0,15.0
2.1845454545454546,2600.0,0.74,698.8097345132743,0.18358907830458313,989.5,14.0,5.0,31.0,113.0,16.0
2.1845454545454546,2800.0,0.8,678.3253968253969,0.18166338961749742,989.5,13.0,6.0,31.0,126.0,16.0
2.1845454545454546,3000.0,0.76,660.9928057553957,0.18200798654044958,989.5,11.0,8.0,31.0,139.0,16.0
2.1845454545454546,3200.0,0.78,650.9628378378378,0.18178501206089231,989.5,9.0,10.0,31.0,148.0,16.0
2.1845454545454546,3400.0,0.78,641.1697530864197,0.1813593335090102,1351.9473684210527,12.0,7.0,31.0,162.0,19.0
2.1845454545454546,3600.0,0.8,649.3362068965517,0.18476476192406704,1351.9473684210527,13.0,6.0,31.0,174.0,19.0
2.1845454545454546,3800.0,0.76,652.2420212765958,0.19137291468185597,1351.9473684210527,13.0,6.0,31.0,188.0,19.0
2.1845454545454546,4000.0,0.72,626.0308056872038,0.19313644011108183,1351.9473684210527,15.0,4.0,31.0,211.0,19.0
2.1845454545454546,4200.0,0.76,616.0224215246636,0.18944722599477024,1351.9473684210527,13.0,6.0,31.0,223.0,19.0
2.1845454545454546,4400.0,0.8,606.5857740585774,0.18344718545395577,1351.9473684210527,13.0,6.0,31.0,239.0,19.0
2.1845454545454546,4600.0,0.78,596.3813229571984,0.1796160784870168,1351.9473684210527,12.0,8.0,30.0,257.0,19.0
2.1845454545454546,4800.0,0.76,595.25,0.1773457928769789,1523.75,11.0,9.0,30.0,276.0,20.0
2.1845454545454546,5000.0,0.76,590.2654109589041,0.17813633875904566,1523.75,11.0,11.0,28.0,292.0,20.0
2.1845454545454546,5200.0,0.76,577.5222929936306,0.1854742261772039,1523.75,11.0,11.0,28.0,314.0,20.0
2.1845454545454546,5400.0,0.74,570.8841463414634,0.1927513023736647,1523.75,10.0,12.0,28.0,328.0,20.0
2.1845454545454546,5600.0,0.78,566.4853372434018,0.20179190399935135,1710.547619047619,12.0,11.0,27.0,341.0,21.0
2.1845454545454546,5800.0,0.78,564.7478632478633,0.20252163865972067,1891.8181818181818,14.0,9.0,27.0,351.0,22.0
2.1845454545454546,6000.0,0.8,564.3067567567567,0.1967445725984635,1891.8181818181818,13.0,10.0,27.0,370.0,22.0
2.1845454545454546,6200.0,0.8,567.7238219895288,0.18964993006709505,1891.8181818181818,12.0,11.0,27.0,382.0,22.0
2.1845454545454546,6400.0,0.78,566.0880102040817,0.18950803721646767,1891.8181818181818,11.0,13.0,26.0,392.0,22.0
2.1845454545454546,6600.0,0.8,565.7378640776699,0.19161615956864572,1891.8181818181818,11.0,13.0,26.0,412.0,22.0
2.1845454545454546,6800.0,0.76,561.3650234741784,0.19579186345853689,2293.9375,11.0,13.0,26.0,426.0,24.0
2.1845454545454546,7000.0,0.8,553.8954545454545,0.19712971033588064,2293.9375,11.0,13.0,26.0,440.0,24.0
2.1845454545454546,7200.0,0.76,552.0468409586057,0.19814323069750472,2293.9375,11.0,13.0,26.0,459.0,24.0
2.1845454545454546,7400.0,0.76,550.8611691022965,0.19700808789248575,2293.9375,11.0,14.0,25.0,479.0,24.0
2.1845454545454546,7600.0,0.8,550.1547861507129,0.19518375124156245,2293.9375,12.0,12.0,26.0,491.0,24.0
2.1845454545454546,7800.0,0.76,552.213,0.19226481260008513,2512.28,14.0,10.0,26.0,500.0,25.0
2.1845454545454546,8000.0,0.74,549.4971428571429,0.19435266454503072,2512.28,11.0,16.0,23.0,525.0,25.0
2.1845454545454546,8200.0,0.78,545.7916666666666,0.19648105730444124,2512.28,10.0,17.0,23.0,540.0,25.0
2.1845454545454546,8400.0,0.74,543.0053859964094,0.1922040013783877,2512.28,13.0,13.0,24.0,557.0,25.0
2.1845454545454546,8600.0,0.74,538.0859375,0.18908235866458556,2512.28,11.0,17.0,22.0,576.0,25.0
2.1845454545454546,8800.0,0.78,535.887668918919,0.18973101169602496,2746.673076923077,10.0,17.0,23.0,592.0,26.0
2.1845454545454546,9000.0,0.76,534.8665568369028,0.18642693531713053,2746.673076923077,11.0,17.0,22.0,607.0,26.0
2.1845454545454546,9200.0,0.76,534.2158908507223,0.18865668011270345,2746.673076923077,10.0,17.0,23.0,623.0,26.0
2.1845454545454546,9400.0,0.8,536.8467614533965,0.19925810309529118,2746.673076923077,10.0,16.0,24.0,633.0,26.0
2.1845454545454546,9600.0,0.8,534.3202160493827,0.2045486793829688,2995.740740740741,10.0,16.0,24.0,648.0,27.0
2.1845454545454546,9800.0,0.78,532.2753403933434,0.20225812336569843,2995.740740740741,8.0,19.0,23.0,661.0,27.0
2.1845454545454546,10000.0,0.76,532.2113402061856,0.19765674092392516,3239.8214285714284,10.0,19.0,21.0,679.0,28.0
2.1845454545454546,10200.0,0.74,532.4020172910663,0.20041351630754262,3239.8214285714284,10.0,19.0,21.0,694.0,28.0
2.1845454545454546,10400.0,0.78,532.3009845288326,0.19804187866134232,3709.883333333333,9.0,19.0,22.0,711.0,30.0
2.1845454545454546,10600.0,0.78,535.9123287671233,0.1973932256299029,3709.883333333333,9.0,20.0,21.0,730.0,30.0
2.1845454545454546,10800.0,0.78,531.4328859060403,0.1997851336833357,3935.3064516129034,10.0,19.0,21.0,745.0,31.0
2.1845454545454546,11000.0,0.76,530.1750330250991,0.20201487847890864,3935.3064516129034,10.0,20.0,20.0,757.0,31.0
2.1845454545454546,11200.0,0.76,528.7496749024707,0.1974134960371354,3935.3064516129034,10.0,20.0,20.0,769.0,31.0
2.1845454545454546,11400.0,0.72,531.0316455696203,0.2002310826424503,3935.3064516129034,10.0,19.0,21.0,790.0,31.0
2.1845454545454546,11600.0,0.78,529.4077306733167,0.20298785802606775,3935.3064516129034,8.0,20.0,22.0,802.0,31.0
2.1845454545454546,11800.0,0.78,527.6246943765282,0.19937972553868608,4176.828125,9.0,19.0,22.0,818.0,32.0
2.1845454545454546,12000.0,0.78,528.1022864019254,0.20229866418016337,4412.409090909091,12.0,19.0,19.0,831.0,33.0
2.1845454545454546,12200.0,0.8,525.4340400471143,0.20240001621632578,4412.409090909091,12.0,18.0,20.0,849.0,33.0
2.1845454545454546,12400.0,0.78,530.5676300578035,0.19775809296008756,4412.409090909091,10.0,19.0,21.0,865.0,33.0
2.1845454545454546,12600.0,0.8,530.2088100686499,0.19694727667078832,4651.60294117647,12.0,16.0,22.0,874.0,34.0
2.1845454545454546,12800.0,0.8,528.6578354002255,0.19463645024628545,4651.60294117647,12.0,15.0,23.0,887.0,34.0
2.1845454545454546,13000.0,0.74,528.1213808463252,0.1898120933249549,4651.60294117647,11.0,15.0,24.0,898.0,34.0
2.1845454545454546,13200.0,0.76,528.7202643171806,0.18506881803255426,4651.60294117647,11.0,13.0,26.0,908.0,34.0
2.1845454545454546,13400.0,0.76,532.3255939524838,0.1815823079885675,4651.60294117647,7.0,19.0,24.0,926.0,34.0
2.1845454545454546,13600.0,0.76,530.7264050901379,0.175075507266941,4903.757142857143,9.0,17.0,24.0,943.0,35.0
2.1845454545454546,13800.0,0.76,533.5875,0.1764944357732147,4903.757142857143,8.0,17.0,25.0,960.0,35.0
2.1845454545454546,14000.0,0.76,531.6173155737705,0.18281880282974886,4903.757142857143,8.0,16.0,26.0,976.0,35.0
2.1845454545454546,14200.0,0.76,531.0889227642276,0.18879857296333083,4783.305555555556,11.0,11.0,28.0,984.0,36.0
2.1845454545454546,14400.0,0.78,529.8904522613066,0.18289988445867877,4783.305555555556,10.0,12.0,28.0,995.0,36.0
2.1845454545454546,14600.0,0.8,530.7182817182817,0.18154176717410253,4783.305555555556,9.0,11.0,30.0,1001.0,36.0
2.1845454545454546,14800.0,0.78,534.1554787759131,0.17685930310339934,4783.305555555556,7.0,15.0,28.0,1013.0,36.0
2.1845454545454546,15000.0,0.78,537.6926829268293,0.17418360934871183,4703.216216216216,8.0,16.0,26.0,1025.0,37.0
2.1845454545454546,15200.0,0.78,541.2877041306436,0.17736606328421137,4703.216216216216,8.0,16.0,26.0,1041.0,37.0
2.1845454545454546,15400.0,0.78,541.8151140684411,0.1792917519712971,4703.216216216216,7.0,17.0,26.0,1052.0,37.0
2.1845454545454546,15600.0,0.74,542.140243902439,0.18354853749011818,4703.216216216216,7.0,17.0,26.0,1066.0,37.0
2.1845454545454546,15800.0,0.8,542.5366759517177,0.1911093993878337,4917.205128205128,9.0,16.0,25.0,1077.0,39.0
2.1845454545454546,16000.0,0.76,544.441796516957,0.1924067054507125,4917.205128205128,8.0,18.0,24.0,1091.0,39.0
2.2147474747474747,0.0,0.0,nan,0.015202805424360975,nan,0.0,0.0,50.0,0.0,0.0
2.2147474747474747,200.0,0.36,179.0,0.03822998804045973,nan,0.0,11.0,39.0,1.0,0.0
2.2147474747474747,400.0,0.7,165.75,0.08246001662173393,nan,0.0,19.0,31.0,2.0,0.0
2.2147474747474747,600.0,0.8,245.75,0.11852107108831816,534.75,2.0,17.0,31.0,4.0,2.0
2.2147474747474747,800.0,0.78,391.0,0.14248069243711106,648.0,8.0,11.0,31.0,8.0,8.0
2.2147474747474747,1000.0,0.76,530.8846153846154,0.16114973749822634,666.6111111111111,9.0,12.0,29.0,13.0,9.0
2.2147474747474747,1200.0,0.78,584.825,0.17606875722133258,740.7272727272727,11.0,10.0,29.0,20.0,11.0
2.2147474747474747,1400.0,0.78,679.1428571428571,0.18529179251211156,819.3846153846154,12.0,9.0,29.0,28.0,13.0
2.2147474747474747,1600.0,0.78,759.5243902439024,0.19064318002148664,1005.8611111111111,14.0,7.0,29.0,41.0,18.0
2.2147474747474747,1800.0,0.78,798.6909090909091,0.19475807268968034,1005.8611111111111,12.0,9.0,29.0,55.0,18.0
2.2147474747474747,2000.0,0.78,812.71875,0.18985263413941986,1052.8947368421052,10.0,10.0,30.0,64.0,19.0
2.2147474747474747,2200.0,0.8,780.2866666666666,0.18281880282974886,1052.8947368421052,9.0,13.0,28.0,75.0,19.0
2.2147474747474747,2400.0,0.8,772.3444444444444,0.18064986925587334,1052.8947368421052,8.0,16.0,26.0,90.0,19.0
2.2147474747474747,2600.0,0.76,748.2452830188679,0.18154176717410253,1052.8947368421052,11.0,14.0,25.0,106.0,19.0
2.2147474747474747,2800.0,0.78,707.9471544715448,0.18314312934546856,1216.095238095238,13.0,12.0,25.0,123.0,21.0
2.2147474747474747,3000.0,0.76,682.3321167883212,0.18900127703565564,1216.095238095238,12.0,12.0,26.0,137.0,21.0
2.2147474747474747,3200.0,0.74,657.7064516129033,0.19344049621956905,1216.095238095238,11.0,14.0,25.0,155.0,21.0
2.2147474747474747,3400.0,0.8,657.8005952380952,0.19299454726045445,1216.095238095238,13.0,12.0,25.0,168.0,21.0
2.2147474747474747,3600.0,0.8,644.8333333333334,0.19779863377455253,1216.095238095238,12.0,15.0,23.0,183.0,21.0
2.2147474747474747,3800.0,0.8,622.1507537688442,0.20294731721160278,1216.095238095238,11.0,16.0,23.0,199.0,21.0
2.2147474747474747,4000.0,0.76,607.1139534883721,0.20485273549145602,1444.4782608695652,13.0,14.0,23.0,215.0,23.0
2.2147474747474747,4200.0,0.76,606.9126637554585,0.20513652119271075,1651.68,14.0,14.0,22.0,229.0,25.0
2.2147474747474747,4400.0,0.8,605.4877049180328,0.20244055703079075,1651.68,11.0,18.0,21.0,244.0,25.0
2.2147474747474747,4600.0,0.8,599.7942307692308,0.20148784789086413,1651.68,8.0,23.0,19.0,260.0,25.0
2.2147474747474747,4800.0,0.78,590.8781362007169,0.19917702146636126,1651.68,8.0,23.0,19.0,279.0,25.0
2.2147474747474747,5000.0,0.76,583.656146179402,0.19678511341292845,1777.923076923077,7.0,23.0,20.0,301.0,26.0
2.2147474747474747,5200.0,0.78,561.9371165644171,0.19354184825573145,1898.9444444444443,8.0,21.0,21.0,326.0,27.0
2.2147474747474747,5400.0,0.78,554.1626865671642,0.19506212879816756,1898.9444444444443,10.0,20.0,20.0,335.0,27.0
2.2147474747474747,5600.0,0.76,554.5596590909091,0.19615673078872153,2030.517857142857,10.0,21.0,19.0,352.0,28.0
2.2147474747474747,5800.0,0.78,553.0733695652174,0.19828512354813208,2272.1666666666665,9.0,22.0,19.0,368.0,30.0
2.2147474747474747,6000.0,0.78,544.3208762886597,0.19897431739403645,2272.1666666666665,12.0,18.0,20.0,388.0,30.0
2.2147474747474747,6200.0,0.78,541.5674019607843,0.19538645531388726,2272.1666666666665,9.0,22.0,19.0,408.0,30.0
2.2147474747474747,6400.0,0.8,538.1481042654028,0.1955486185717471,2272.1666666666665,10.0,22.0,18.0,422.0,30.0
2.2147474747474747,6600.0,0.74,531.6362612612612,0.19637970526827883,2272.1666666666665,9.0,23.0,18.0,444.0,30.0
2.2147474747474747,6800.0,0.78,531.5010869565217,0.20055540915817,2272.1666666666665,10.0,22.0,18.0,460.0,30.0
2.2147474747474747,7000.0,0.78,525.0512552301255,0.20560274055905783,2272.1666666666665,10.0,20.0,20.0,478.0,30.0
2.2147474747474747,7200.0,0.76,520.7883064516129,0.2072649139521213,2387.578125,11.0,19.0,20.0,496.0,32.0
2.2147474747474747,7400.0,0.76,516.2403100775193,0.209231143453672,2387.578125,10.0,22.0,18.0,516.0,32.0
2.2147474747474747,7600.0,0.8,514.3445692883895,0.21164332191433727,2540.6060606060605,7.0,25.0,18.0,534.0,33.0
2.2147474747474747,7800.0,0.78,513.4347426470588,0.20700139865809905,2540.6060606060605,6.0,25.0,19.0,544.0,33.0
2.2147474747474747,8000.0,0.78,514.3818827708703,0.20126487341130683,2683.285714285714,9.0,21.0,20.0,563.0,35.0
2.2147474747474747,8200.0,0.78,504.44188034188033,0.19733241440820545,2832.7361111111113,10.0,20.0,20.0,585.0,36.0
2.2147474747474747,8400.0,0.76,503.22361809045225,0.1951026696126325,2832.7361111111113,9.0,20.0,21.0,597.0,36.0
2.2147474747474747,8600.0,0.76,505.42926829268293,0.19072426165041656,2832.7361111111113,10.0,19.0,21.0,615.0,36.0
2.2147474747474747,8800.0,0.78,507.276295133438,0.19528510327772486,2832.7361111111113,10.0,17.0,23.0,637.0,36.0
2.2147474747474747,9000.0,0.72,507.65687789799074,0.19759592970222772,2832.7361111111113,10.0,17.0,23.0,647.0,36.0
2.2147474747474747,9200.0,0.76,504.59253731343284,0.19745403685160035,2769.2432432432433,11.0,16.0,23.0,670.0,37.0
2.2147474747474747,9400.0,0.8,504.8964757709251,0.1987918837289441,2769.2432432432433,12.0,16.0,22.0,681.0,37.0
2.2147474747474747,9600.0,0.78,506.06709956709955,0.19862972047108426,2769.2432432432433,12.0,14.0,24.0,693.0,37.0
2.2147474747474747,9800.0,0.8,502.54347826086956,0.1963188940465814,2769.2432432432433,10.0,16.0,24.0,713.0,37.0
2.2147474747474747,10000.0,0.78,502.76886145404666,0.19311616970384934,2956.3947368421054,13.0,12.0,25.0,729.0,38.0
2.2147474747474747,10200.0,0.78,499.36764705882354,0.1887174913344009,2956.3947368421054,11.0,13.0,26.0,748.0,38.0
2.2147474747474747,10400.0,0.8,498.93250327654,0.18821073115358888,2956.3947368421054,9.0,16.0,25.0,763.0,38.0
2.2147474747474747,10600.0,0.7,497.93591370558374,0.1881701903391239,2956.3947368421054,7.0,19.0,24.0,788.0,38.0
2.2147474747474747,10800.0,0.76,496.5702634880803,0.18964993006709505,3156.9102564102564,10.0,16.0,24.0,797.0,39.0
2.2147474747474747,11000.0,0.78,496.0332512315271,0.19021750146960453,3156.9102564102564,12.0,14.0,24.0,812.0,39.0
2.2147474747474747,11200.0,0.76,494.984375,0.18673099142561775,3156.9102564102564,12.0,12.0,26.0,832.0,39.0
2.2147474747474747,11400.0,0.74,495.8170588235294,0.18227150183447186,3156.9102564102564,11.0,13.0,26.0,850.0,39.0
2.2147474747474747,11600.0,0.78,497.3667820069204,0.18610260880141083,3156.9102564102564,11.0,14.0,25.0,867.0,39.0
2.2147474747474747,11800.0,0.8,496.7031782065834,0.19084588409381145,3156.9102564102564,11.0,14.0,25.0,881.0,39.0
2.2147474747474747,12000.0,0.78,496.68212290502794,0.19601483793809418,3156.9102564102564,12.0,14.0,24.0,895.0,39.0
2.2147474747474747,12200.0,0.78,493.61597374179433,0.19402833802931102,3164.2875,12.0,14.0,24.0,914.0,40.0
2.2147474747474747,12400.0,0.76,492.2497331910352,0.18975128210325745,3164.2875,10.0,16.0,24.0,937.0,40.0
2.2147474747474747,12600.0,0.76,491.57869884575024,0.1836093487118156,3164.2875,11.0,16.0,23.0,953.0,40.0
2.2147474747474747,12800.0,0.78,490.4436401240951,0.1828593436442138,3164.2875,11.0,16.0,23.0,967.0,40.0
2.2147474747474747,13000.0,0.78,490.0071355759429,0.18087284373543064,3164.2875,8.0,17.0,25.0,981.0,40.0
2.2147474747474747,13200.0,0.76,492.72160804020103,0.18085257332819815,3408.0365853658536,9.0,15.0,26.0,995.0,41.0
2.2147474747474747,13400.0,0.76,491.90572556762095,0.18241339468509923,3408.0365853658536,9.0,18.0,23.0,1013.0,41.0
2.2147474747474747,13600.0,0.76,492.9046692607004,0.1802850019256887,3408.0365853658536,7.0,22.0,21.0,1028.0,41.0
2.2147474747474747,13800.0,0.74,491.4866156787763,0.181055277400523,3408.0365853658536,7.0,23.0,20.0,1046.0,41.0
2.2147474747474747,14000.0,0.8,490.44924812030075,0.18251474672126164,3659.9523809523807,8.0,23.0,19.0,1064.0,42.0
2.2147474747474747,14200.0,0.76,489.36703601108036,0.18302150690207367,3659.9523809523807,9.0,20.0,21.0,1083.0,42.0
2.2147474747474747,14400.0,0.76,488.59664246823957,0.1835079966756532,3659.9523809523807,9.0,19.0,22.0,1102.0,42.0
2.2147474747474747,14600.0,0.78,486.38382484361034,0.18604179757971337,3760.453488372093,8.0,20.0,22.0,1119.0,43.0
2.2147474747474747,14800.0,0.78,484.94614711033273,0.18502827721808932,3760.453488372093,9.0,21.0,20.0,1142.0,43.0
2.2147474747474747,15000.0,0.78,483.4336778639104,0.183203940567166,4013.590909090909,10.0,20.0,20.0,1161.0,44.0
2.2147474747474747,15200.0,0.76,481.60330228619813,0.18267690997912148,4013.590909090909,9.0,22.0,19.0,1181.0,44.0
2.2147474747474747,15400.0,0.8,481.8305298570227,0.18825127196805383,4077.3,7.0,23.0,20.0,1189.0,45.0
2.2147474747474747,15600.0,0.78,481.29197684036393,0.19129183305292605,4077.3,7.0,24.0,19.0,1209.0,45.0
2.2147474747474747,15800.0,0.8,480.1092985318108,0.19281211359536213,4328.478260869565,6.0,24.0,20.0,1226.0,46.0
2.2147474747474747,16000.0,0.8,481.38418079096044,0.19506212879816756,4339.552083333333,9.0,22.0,19.0,1239.0,48.0
2.244949494949495,0.0,0.0,nan,0.015202805424360975,nan,0.0,0.0,50.0,0.0,0.0
2.244949494949495,200.0,0.38,23.5,0.03942594206717613,nan,0.0,12.0,38.0,1.0,0.0
2.244949494949495,400.0,0.7,49.3,0.08880465408550058,nan,0.0,21.0,29.0,5.0,0.0
2.244949494949495,600.0,0.8,129.07142857142858,0.12721707579105265,535.0,2.0,21.0,27.0,7.0,2.0
2.244949494949495,800.0,0.78,246.54545454545453,0.1570956560517301,649.0714285714286,7.0,16.0,27.0,11.0,7.0
2.244949494949495,1000.0,0.8,301.5357142857143,0.17933229278576207,709.0,9.0,13.0,28.0,14.0,9.0
2.244949494949495,1200.0,0.78,427.3333333333333,0.19417023087993837,825.1923076923077,12.0,10.0,28.0,21.0,13.0
2.244949494949495,1400.0,0.76,658.7205882352941,0.20331218454178746,884.8,13.0,9.0,28.0,34.0,15.0
2.244949494949495,1600.0,0.76,786.2395833333334,0.2085622200150001,1005.8421052631579,16.0,6.0,28.0,48.0,19.0
2.244949494949495,1800.0,0.78,750.2741935483871,0.2085824904222326,1005.8421052631579,14.0,8.0,28.0,62.0,19.0
2.244949494949495,2000.0,0.78,747.7215189873418,0.20651490888451948,1053.35,16.0,8.0,26.0,79.0,20.0
2.244949494949495,2200.0,0.8,699.554945054945,0.20069730200879735,1104.857142857143,15.0,8.0,27.0,91.0,21.0
2.244949494949495,2400.0,0.8,642.8333333333334,0.19897431739403645,1104.857142857143,13.0,11.0,26.0,105.0,21.0
2.244949494949495,2600.0,0.8,643.6260869565217,0.19927837350252367,1104.857142857143,12.0,12.0,26.0,115.0,21.0
2.244949494949495,2800.0,0.76,651.95,0.1995621592037784,1174.840909090909,13.0,12.0,25.0,130.0,22.0
2.244949494949495,3000.0,0.8,653.6145833333334,0.2041230008310867,1174.840909090909,11.0,14.0,25.0,144.0,22.0
2.244949494949495,3200.0,0.78,642.7484276729559,0.20732572517381875,1174.840909090909,11.0,14.0,25.0,159.0,22.0
2.244949494949495,3400.0,0.78,638.7130177514792,0.20608923033263737,1269.8695652173913,12.0,13.0,25.0,169.0,23.0
2.244949494949495,3600.0,0.78,640.1648351648352,0.20061622037986743,1269.8695652173913,13.0,12.0,25.0,182.0,23.0
2.244949494949495,3800.0,0.78,630.1218274111675,0.19104858816613626,1269.8695652173913,9.0,16.0,25.0,197.0,23.0
2.244949494949495,4000.0,0.78,626.6706161137441,0.18989317495388483,1269.8695652173913,9.0,15.0,26.0,211.0,23.0
2.244949494949495,4200.0,0.74,611.7077922077922,0.19007560861897715,1269.8695652173913,10.0,14.0,26.0,231.0,23.0
2.244949494949495,4400.0,0.78,609.3979591836735,0.19044047594916183,1515.52,10.0,13.0,27.0,245.0,25.0
2.244949494949495,4600.0,0.8,602.2614503816794,0.19167697079034318,1515.52,11.0,12.0,27.0,262.0,25.0
2.244949494949495,4800.0,0.78,592.152329749104,0.19064318002148664,1515.52,12.0,11.0,27.0,279.0,25.0
2.244949494949495,5000.0,0.76,592.2823129251701,0.1885147872620761,1515.52,10.0,14.0,26.0,294.0,25.0
2.244949494949495,5200.0,0.78,579.6166134185304,0.19015669024790707,1515.52,8.0,16.0,26.0,313.0,25.0
2.244949494949495,5400.0,0.78,579.063829787234,0.19159588916141326,1515.52,9.0,16.0,25.0,329.0,25.0
2.244949494949495,5600.0,0.8,571.3411078717202,0.19291346563152453,1515.52,9.0,15.0,26.0,343.0,25.0
2.244949494949495,5800.0,0.8,565.7389502762431,0.18922425151521294,1515.52,9.0,15.0,26.0,362.0,25.0
2.244949494949495,6000.0,0.8,565.4614361702128,0.19149453712525086,1515.52,8.0,16.0,26.0,376.0,25.0
2.244949494949495,6200.0,0.8,557.9408740359897,0.19003506780451218,1515.52,9.0,14.0,27.0,389.0,25.0
2.244949494949495,6400.0,0.8,554.1732673267327,0.19410941965824094,1869.611111111111,12.0,11.0,27.0,404.0,27.0
2.244949494949495,6600.0,0.78,557.2245145631068,0.19062290961425415,1869.611111111111,12.0,11.0,27.0,412.0,27.0
2.244949494949495,6800.0,0.8,557.4100467289719,0.1871972107919648,1869.611111111111,12.0,10.0,28.0,428.0,27.0
2.244949494949495,7000.0,0.78,561.124145785877,0.1871972107919648,1869.611111111111,14.0,7.0,29.0,439.0,27.0
2.244949494949495,7200.0,0.8,562.3577777777778,0.1867715322400827,1869.611111111111,11.0,11.0,28.0,450.0,27.0
2.244949494949495,7400.0,0.72,565.6106382978724,0.18865668011270345,1869.611111111111,11.0,11.0,28.0,470.0,27.0
2.244949494949495,7600.0,0.78,569.7644628099174,0.18725802201366226,1869.611111111111,10.0,13.0,27.0,484.0,27.0
2.244949494949495,7800.0,0.74,563.7241035856574,0.18512962925425172,1869.611111111111,10.0,13.0,27.0,502.0,27.0
2.244949494949495,8000.0,0.78,565.4990215264188,0.18606206798694586,2081.6428571428573,11.0,12.0,27.0,511.0,28.0
2.244949494949495,8200.0,0.8,564.7318702290077,0.18652828735329294,2081.6428571428573,10.0,14.0,26.0,524.0,28.0
2.244949494949495,8400.0,0.8,559.7343173431734,0.18778505260170678,2069.189655172414,11.0,13.0,26.0,542.0,29.0
2.244949494949495,8600.0,0.8,556.3857142857142,0.18746072608598707,2069.189655172414,10.0,13.0,27.0,560.0,29.0
2.244949494949495,8800.0,0.8,558.0429071803853,0.19224454219285264,2069.189655172414,8.0,16.0,26.0,571.0,29.0
2.244949494949495,9000.0,0.78,558.9533898305085,0.19311616970384934,2069.189655172414,9.0,16.0,25.0,590.0,29.0
2.244949494949495,9200.0,0.8,554.3239202657808,0.1944742869884256,2069.189655172414,10.0,16.0,24.0,602.0,29.0
2.244949494949495,9400.0,0.78,551.1524879614767,0.198366205177062,2069.189655172414,10.0,16.0,24.0,623.0,29.0
2.244949494949495,9600.0,0.78,555.4417322834646,0.2053189548578031,2069.189655172414,9.0,17.0,24.0,635.0,29.0
2.244949494949495,9800.0,0.72,555.1574074074074,0.21004195974297124,2190.4666666666667,10.0,16.0,24.0,648.0,30.0
2.244949494949495,10000.0,0.74,554.2974397590361,0.20625139359049724,2436.1774193548385,12.0,13.0,25.0,664.0,31.0
2.244949494949495,10200.0,0.8,553.3805637982196,0.20175136318488637,2675.859375,13.0,12.0,25.0,674.0,32.0
2.244949494949495,10400.0,0.78,551.1669085631349,0.19737295522267043,2675.859375,11.0,14.0,25.0,689.0,32.0
2.244949494949495,10600.0,0.8,551.9065620542083,0.19311616970384934,2912.348484848485,11.0,13.0,26.0,701.0,33.0
2.244949494949495,10800.0,0.78,552.576551724138,0.1924067054507125,2912.348484848485,12.0,12.0,26.0,725.0,33.0
2.244949494949495,11000.0,0.78,549.4634641407307,0.1923256238217826,2912.348484848485,13.0,12.0,25.0,739.0,33.0
2.244949494949495,11200.0,0.78,548.0900131406045,0.19161615956864572,2912.348484848485,11.0,15.0,24.0,761.0,33.0
2.244949494949495,11400.0,0.8,539.8770806658131,0.18977155251048994,2912.348484848485,10.0,15.0,25.0,781.0,33.0
2.244949494949495,11600.0,0.8,540.370253164557,0.1904607463563943,2912.348484848485,12.0,12.0,26.0,790.0,33.0
2.244949494949495,11800.0,0.78,541.8475836431227,0.19104858816613626,2912.348484848485,12.0,10.0,28.0,807.0,33.0
2.244949494949495,12000.0,0.78,540.7777101096224,0.19348103703403402,3174.1911764705883,13.0,12.0,25.0,821.0,34.0
2.244949494949495,12200.0,0.78,542.6742243436754,0.19419050128717086,3430.442857142857,12.0,15.0,23.0,838.0,35.0
2.244949494949495,12400.0,0.8,543.0605700712589,0.2004337867147751,3430.442857142857,12.0,15.0,23.0,842.0,35.0
2.244949494949495,12600.0,0.78,542.3449883449883,0.1970688991141832,3514.4583333333335,10.0,16.0,24.0,858.0,36.0
2.244949494949495,12800.0,0.76,542.8373287671233,0.1966432205623011,3997.4210526315787,11.0,16.0,23.0,876.0,38.0
2.244949494949495,13000.0,0.78,542.2297752808988,0.2036973222792046,3997.4210526315787,11.0,18.0,21.0,890.0,38.0
2.244949494949495,13200.0,0.76,541.4020902090209,0.2079135669835607,3997.4210526315787,10.0,19.0,21.0,909.0,38.0
2.244949494949495,13400.0,0.78,538.632972972973,0.21277846471935621,3997.4210526315787,10.0,21.0,19.0,925.0,38.0
2.244949494949495,13600.0,0.78,540.2449521785335,0.2115825106926398,4240.910256410257,11.0,20.0,19.0,941.0,39.0
2.244949494949495,13800.0,0.8,540.0414046121593,0.20687977621470416,4417.073170731707,13.0,18.0,19.0,954.0,41.0
2.244949494949495,14000.0,0.78,540.7747933884298,0.2077108629112359,4417.073170731707,10.0,20.0,20.0,968.0,41.0
2.244949494949495,14200.0,0.8,539.8197969543147,0.21373117385928284,4417.073170731707,10.0,20.0,20.0,985.0,41.0
2.244949494949495,14400.0,0.8,539.2507522567703,0.21665011250076013,4654.380952380952,10.0,21.0,19.0,997.0,42.0
2.244949494949495,14600.0,0.8,539.8056102362204,0.21721768390326962,4654.380952380952,11.0,20.0,19.0,1016.0,42.0
2.244949494949495,14800.0,0.76,536.2896518375242,0.21847444915168346,4886.918604651163,10.0,21.0,19.0,1034.0,43.0
2.244949494949495,15000.0,0.72,537.3384321223709,0.21774471449131413,4886.918604651163,11.0,20.0,19.0,1046.0,43.0
2.244949494949495,15200.0,0.72,534.7431924882629,0.2088865465307198,4886.918604651163,8.0,24.0,18.0,1065.0,43.0
2.244949494949495,15400.0,0.76,532.9652777777778,0.20600814870370746,4886.918604651163,8.0,24.0,18.0,1080.0,43.0
2.244949494949495,15600.0,0.76,534.0470749542961,0.20015000101352037,4869.386363636364,7.0,24.0,19.0,1094.0,44.0
2.244949494949495,15800.0,0.8,531.0094424460432,0.19414996047270588,4869.386363636364,8.0,25.0,17.0,1112.0,44.0
2.244949494949495,16000.0,0.76,534.226590106007,0.19364320029189386,4869.386363636364,8.0,25.0,17.0,1132.0,44.0
2.2751515151515154,0.0,0.0,nan,0.015202805424360975,nan,0.0,0.0,50.0,0.0,0.0
2.2751515151515154,200.0,0.38,23.5,0.03942594206717613,nan,0.0,12.0,38.0,1.0,0.0
2.2751515151515154,400.0,0.66,96.75,0.08381813390631018,nan,0.0,20.0,30.0,4.0,0.0
2.2751515151515154,600.0,0.78,238.6818181818182,0.11627105588551274,556.25,2.0,18.0,30.0,11.0,2.0
2.2751515151515154,800.0,0.76,273.11764705882354,0.14239961080818114,680.0714285714286,7.0,12.0,31.0,17.0,7.0
2.2751515151515154,1000.0,0.78,338.7,0.16583220156892953,740.6111111111111,9.0,11.0,30.0,20.0,9.0
2.2751515151515154,1200.0,0.8,463.15384615384613,0.1838323231913729,827.5416666666666,11.0,10.0,29.0,26.0,12.0
2.2751515151515154,1400.0,0.8,581.3181818181819,0.19246751667240994,896.1785714285714,12.0,9.0,29.0,33.0,14.0
2.2751515151515154,1600.0,0.74,698.8777777777777,0.19905539902296637,975.75,13.0,9.0,28.0,45.0,16.0
2.2751515151515154,1800.0,0.8,700.6639344262295,0.20219731214400097,1020.5882352941177,13.0,9.0,28.0,61.0,17.0
2.2751515151515154,2000.0,0.78,709.8846153846154,0.198366205177062,1020.5882352941177,12.0,11.0,27.0,78.0,17.0
2.2751515151515154,2200.0,0.8,679.2473684210527,0.19781890418178502,1020.5882352941177,10.0,13.0,27.0,95.0,17.0
2.2751515151515154,2400.0,0.8,637.3125,0.19717025115034562,1094.2222222222222,11.0,13.0,26.0,112.0,18.0
2.2751515151515154,2600.0,0.78,628.239837398374,0.19637970526827883,1163.8947368421052,13.0,10.0,27.0,123.0,19.0
2.2751515151515154,2800.0,0.78,616.6678832116788,0.2001297306062879,1372.1136363636363,15.0,8.0,27.0,137.0,22.0
2.2751515151515154,3000.0,0.78,617.445205479452,0.20268380191758054,1372.1136363636363,13.0,11.0,26.0,146.0,22.0
2.2751515151515154,3200.0,0.78,623.5723270440252,0.2008594652666572,1372.1136363636363,13.0,11.0,26.0,159.0,22.0
2.2751515151515154,3400.0,0.8,609.8888888888889,0.19331887377617415,1372.1136363636363,11.0,14.0,25.0,180.0,22.0
2.2751515151515154,3600.0,0.78,593.9046391752578,0.194575639024588,1464.4130434782608,9.0,16.0,25.0,194.0,23.0
2.2751515151515154,3800.0,0.76,603.6105769230769,0.19605537875255913,1559.8333333333333,10.0,14.0,26.0,208.0,24.0
2.2751515151515154,4000.0,0.76,599.5045248868778,0.19745403685160035,1559.8333333333333,10.0,14.0,26.0,221.0,24.0
2.2751515151515154,4200.0,0.76,598.9592274678112,0.19822431232643464,1559.8333333333333,10.0,15.0,25.0,233.0,24.0
2.2751515151515154,4400.0,0.8,593.0425101214574,0.2001297306062879,1559.8333333333333,13.0,12.0,25.0,247.0,24.0
2.2751515151515154,4600.0,0.8,594.8003875968992,0.20037297549307764,1559.8333333333333,12.0,12.0,26.0,258.0,24.0
2.2751515151515154,4800.0,0.8,591.92700729927,0.198913506172339,1685.24,12.0,12.0,26.0,274.0,25.0
2.2751515151515154,5000.0,0.8,596.854609929078,0.1955688889789796,1685.24,11.0,14.0,25.0,282.0,25.0
2.2751515151515154,5200.0,0.76,597.5643564356436,0.19948107757484848,1685.24,12.0,13.0,25.0,303.0,25.0
2.2751515151515154,5400.0,0.78,592.435331230284,0.19704862870695072,1685.24,10.0,15.0,25.0,317.0,25.0
2.2751515151515154,5600.0,0.78,588.9414414414415,0.1971905215575781,1685.24,10.0,15.0,25.0,333.0,25.0
2.2751515151515154,5800.0,0.78,590.1308139534884,0.19909593983743135,1840.8076923076924,11.0,14.0,25.0,344.0,26.0
2.2751515151515154,6000.0,0.8,589.8236111111111,0.19536618490665478,1993.7037037037037,12.0,13.0,25.0,360.0,27.0
2.2751515151515154,6200.0,0.76,586.9336043360433,0.19625808282488394,1993.7037037037037,13.0,11.0,26.0,369.0,27.0
2.2751515151515154,6400.0,0.74,581.7108585858585,0.19433239413779824,1993.7037037037037,11.0,15.0,24.0,396.0,27.0
2.2751515151515154,6600.0,0.78,572.3317191283293,0.1930756288893844,1993.7037037037037,8.0,19.0,23.0,413.0,27.0
2.2751515151515154,6800.0,0.78,569.6941176470589,0.19216346056392272,1993.7037037037037,9.0,18.0,23.0,425.0,27.0
2.2751515151515154,7000.0,0.8,567.7734553775744,0.18985263413941986,2245.310344827586,9.0,18.0,23.0,437.0,29.0
2.2751515151515154,7200.0,0.8,572.8168859649123,0.19117021060953115,2245.310344827586,10.0,14.0,26.0,456.0,29.0
2.2751515151515154,7400.0,0.76,567.5817409766454,0.19074453205764905,2245.310344827586,11.0,14.0,25.0,471.0,29.0
2.2751515151515154,7600.0,0.78,566.5300829875519,0.1922040013783877,2245.310344827586,10.0,15.0,25.0,482.0,29.0
2.2751515151515154,7800.0,0.8,561.0518962075848,0.19346076662680153,2245.310344827586,10.0,16.0,24.0,501.0,29.0
2.2751515151515154,8000.0,0.76,551.9502868068834,0.18835262400421623,2245.310344827586,8.0,17.0,25.0,523.0,29.0
2.2751515151515154,8200.0,0.76,549.9276437847866,0.18859586889100602,2245.310344827586,9.0,17.0,24.0,539.0,29.0
2.2751515151515154,8400.0,0.8,552.865036231884,0.19167697079034318,2445.133333333333,11.0,15.0,24.0,552.0,30.0
2.2751515151515154,8600.0,0.8,547.7054195804196,0.1912107514239961,2641.6290322580644,8.0,18.0,24.0,572.0,31.0
2.2751515151515154,8800.0,0.8,543.8600337268128,0.1955486185717471,2641.6290322580644,10.0,18.0,22.0,593.0,31.0
2.2751515151515154,9000.0,0.74,538.6731707317073,0.19925810309529118,2641.6290322580644,10.0,17.0,23.0,615.0,31.0
2.2751515151515154,9200.0,0.8,530.4779179810726,0.1996635112399408,2641.6290322580644,12.0,15.0,23.0,634.0,31.0
2.2751515151515154,9400.0,0.78,526.2776923076923,0.20189325603551375,2847.21875,12.0,16.0,22.0,650.0,32.0
2.2751515151515154,9600.0,0.78,527.8864661654135,0.20181217440658383,3049.348484848485,8.0,20.0,22.0,665.0,33.0
2.2751515151515154,9800.0,0.78,521.9854439592431,0.2006770316015649,3049.348484848485,8.0,20.0,22.0,687.0,33.0
2.2751515151515154,10000.0,0.76,520.677304964539,0.19897431739403645,3049.348484848485,9.0,20.0,21.0,705.0,33.0
2.2751515151515154,10200.0,0.78,518.9456824512534,0.20179190399935135,3257.426470588235,10.0,19.0,21.0,718.0,34.0
2.2751515151515154,10400.0,0.74,518.1299052774019,0.2049946283420834,3456.557142857143,8.0,22.0,20.0,739.0,35.0
2.2751515151515154,10600.0,0.78,519.3388814913449,0.20700139865809905,3456.557142857143,11.0,19.0,20.0,751.0,35.0
2.2751515151515154,10800.0,0.76,520.4540682414698,0.2036770518719721,3414.375,13.0,17.0,20.0,762.0,36.0
2.2751515151515154,11000.0,0.78,520.4903100775193,0.20144730707639916,3414.375,12.0,17.0,21.0,774.0,36.0
2.2751515151515154,11200.0,0.8,520.406010230179,0.19623781241765148,3414.375,12.0,15.0,23.0,782.0,36.0
2.2751515151515154,11400.0,0.8,523.6603773584906,0.1923053534145501,3414.375,10.0,16.0,24.0,795.0,36.0
2.2751515151515154,11600.0,0.8,526.9196538936959,0.19001479739727972,3414.375,11.0,14.0,25.0,809.0,36.0
2.2751515151515154,11800.0,0.76,527.6678832116788,0.1911093993878337,3414.375,10.0,15.0,25.0,822.0,36.0
2.2751515151515154,12000.0,0.8,528.9347568208779,0.19037966472746437,3414.375,12.0,13.0,25.0,843.0,36.0
2.2751515151515154,12200.0,0.78,528.8589894242068,0.18956884843816513,3414.375,12.0,14.0,24.0,851.0,36.0
2.2751515151515154,12400.0,0.74,528.7058823529412,0.19033912391299943,3653.864864864865,11.0,15.0,24.0,867.0,37.0
2.2751515151515154,12600.0,0.78,530.5153234960272,0.1930553584821519,3653.864864864865,11.0,15.0,24.0,881.0,37.0
2.2751515151515154,12800.0,0.74,530.9488320355952,0.19378509314252124,3653.864864864865,11.0,15.0,24.0,899.0,37.0
2.2751515151515154,13000.0,0.76,528.5382096069869,0.1923053534145501,3894.9605263157896,12.0,14.0,24.0,916.0,38.0
2.2751515151515154,13200.0,0.78,529.328125,0.19200129730606288,3894.9605263157896,11.0,16.0,23.0,928.0,38.0
2.2751515151515154,13400.0,0.76,530.5397245762712,0.19192021567713297,3818.4358974358975,12.0,14.0,24.0,944.0,39.0
2.2751515151515154,13600.0,0.78,528.8675703858186,0.18962965965986256,4059.1875,12.0,14.0,24.0,959.0,40.0
2.2751515151515154,13800.0,0.8,528.8685831622176,0.1877647821944743,4294.975609756098,11.0,13.0,26.0,974.0,41.0
2.2751515151515154,14000.0,0.78,527.1926559356136,0.18142014473070764,4294.975609756098,11.0,13.0,26.0,994.0,41.0
2.2751515151515154,14200.0,0.78,527.3392857142857,0.18490665477469442,4294.975609756098,10.0,14.0,26.0,1008.0,41.0
2.2751515151515154,14400.0,0.74,527.3130520117762,0.18847424644761113,4294.975609756098,10.0,14.0,26.0,1019.0,41.0
2.2751515151515154,14600.0,0.8,528.601752677702,0.19096750653720634,4294.975609756098,10.0,14.0,26.0,1027.0,41.0
2.2751515151515154,14800.0,0.78,528.2325358851674,0.18772424138000932,4212.738095238095,11.0,13.0,26.0,1045.0,42.0
2.2751515151515154,15000.0,0.76,528.2017873941675,0.18638639450266556,4186.279069767442,11.0,11.0,28.0,1063.0,43.0
2.2751515151515154,15200.0,0.78,527.9669151910531,0.18594044554355096,4186.279069767442,12.0,10.0,28.0,1073.0,43.0
2.2751515151515154,15400.0,0.76,526.3158614402917,0.17629173170088988,4186.279069767442,9.0,13.0,28.0,1097.0,43.0
2.2751515151515154,15600.0,0.76,524.5107142857142,0.1727849512496706,4186.279069767442,8.0,14.0,28.0,1120.0,43.0
2.2751515151515154,15800.0,0.8,523.6139575971731,0.17043358401070277,4186.279069767442,8.0,15.0,27.0,1132.0,43.0
2.2751515151515154,16000.0,0.76,522.9433797909408,0.17156872681572172,4186.279069767442,8.0,18.0,24.0,1148.0,43.0
2.3053535353535355,0.0,0.0,nan,0.015202805424360975,nan,0.0,0.0,50.0,0.0,0.0
2.3053535353535355,200.0,0.38,23.5,0.03942594206717613,nan,0.0,12.0,38.0,1.0,0.0
2.3053535353535355,400.0,0.78,116.83333333333333,0.08452759815944702,nan,0.0,20.0,30.0,3.0,0.0
2.3053535353535355,600.0,0.78,269.1666666666667,0.12160217298765533,583.0,1.0,19.0,30.0,6.0,1.0
2.3053535353535355,800.0,0.8,228.0,0.15137940121217036,668.25,6.0,15.0,29.0,10.0,6.0
2.3053535353535355,1000.0,0.8,395.76666666666665,0.1725822471773458,722.0,9.0,12.0,29.0,15.0,9.0
2.3053535353535355,1200.0,0.8,494.07894736842104,0.18703504753410496,806.0416666666666,12.0,9.0,29.0,19.0,12.0
2.3053535353535355,1400.0,0.78,664.9054054054054,0.19412969006547343,845.7692307692307,11.0,10.0,29.0,37.0,13.0
2.3053535353535355,1600.0,0.8,741.1630434782609,0.19354184825573145,931.7333333333333,11.0,10.0,29.0,46.0,15.0
2.3053535353535355,1800.0,0.76,782.4473684210526,0.19755538888776275,1020.9411764705883,14.0,7.0,29.0,57.0,17.0
2.3053535353535355,2000.0,0.78,748.5352112676056,0.19526483287049237,1070.7222222222222,8.0,14.0,28.0,71.0,18.0
2.3053535353535355,2200.0,0.74,730.5344827586207,0.1987918837289441,1171.75,11.0,12.0,27.0,87.0,20.0
2.3053535353535355,2400.0,0.78,711.89898989899,0.2023797458090933,1171.75,11.0,14.0,25.0,99.0,20.0
2.3053535353535355,2600.0,0.76,699.9826086956522,0.20365678146473962,1171.75,12.0,13.0,25.0,115.0,20.0
2.3053535353535355,2800.0,0.78,689.959349593496,0.20912979141750956,1171.75,11.0,15.0,24.0,123.0,20.0
2.3053535353535355,3000.0,0.78,678.0634328358209,0.2111365617335252,1255.8095238095239,11.0,15.0,24.0,134.0,21.0
2.3053535353535355,3200.0,0.78,653.4705882352941,0.21352846978695803,1336.7954545454545,11.0,15.0,24.0,153.0,22.0
2.3053535353535355,3400.0,0.78,644.7134502923976,0.21314333204954086,1419.2608695652175,11.0,15.0,24.0,171.0,23.0
2.3053535353535355,3600.0,0.78,641.3904494382023,0.2117041331360347,1419.2608695652175,14.0,11.0,25.0,178.0,23.0
2.3053535353535355,3800.0,0.78,639.4132653061224,0.2097581740417165,1419.2608695652175,12.0,13.0,25.0,196.0,23.0
2.3053535353535355,4000.0,0.78,632.6309523809524,0.20365678146473962,1419.2608695652175,12.0,13.0,25.0,210.0,23.0
2.3053535353535355,4200.0,0.78,620.5907079646017,0.1962986236393489,1419.2608695652175,11.0,14.0,25.0,226.0,23.0
2.3053535353535355,4400.0,0.8,620.3305084745763,0.19514321042709748,1419.2608695652175,10.0,14.0,26.0,236.0,23.0
2.3053535353535355,4600.0,0.7,620.5486381322958,0.18920398110798045,1544.3958333333333,8.0,17.0,25.0,257.0,24.0
2.3053535353535355,4800.0,0.78,612.7730627306273,0.1875215373076845,1544.3958333333333,9.0,16.0,25.0,271.0,24.0
2.3053535353535355,5000.0,0.78,602.3321799307959,0.19096750653720634,1544.3958333333333,10.0,15.0,25.0,289.0,24.0
2.3053535353535355,5200.0,0.76,597.0656565656566,0.19455536861735553,1544.3958333333333,11.0,14.0,25.0,297.0,24.0
2.3053535353535355,5400.0,0.78,596.0144230769231,0.19279184318812964,1833.7692307692307,11.0,14.0,25.0,312.0,26.0
2.3053535353535355,5600.0,0.76,600.9954128440367,0.18999452699004724,1833.7692307692307,9.0,16.0,25.0,327.0,26.0
2.3053535353535355,5800.0,0.78,594.1357142857142,0.1849471955891594,1823.2592592592594,10.0,15.0,25.0,350.0,27.0
2.3053535353535355,6000.0,0.8,589.267217630854,0.1881904607463564,1823.2592592592594,10.0,15.0,25.0,363.0,27.0
2.3053535353535355,6200.0,0.78,578.056135770235,0.19348103703403402,1823.2592592592594,8.0,18.0,24.0,383.0,27.0
2.3053535353535355,6400.0,0.76,573.256345177665,0.19356211866296394,1823.2592592592594,8.0,18.0,24.0,394.0,27.0
2.3053535353535355,6600.0,0.78,573.2090464547678,0.19161615956864572,1823.2592592592594,8.0,18.0,24.0,409.0,27.0
2.3053535353535355,6800.0,0.8,563.2798594847775,0.18616342002310826,1823.2592592592594,8.0,19.0,23.0,427.0,27.0
2.3053535353535355,7000.0,0.78,561.3427601809955,0.18095392536436056,1810.4285714285713,10.0,15.0,25.0,442.0,28.0
2.3053535353535355,7200.0,0.76,563.2227074235808,0.17610929803579753,1810.4285714285713,9.0,16.0,25.0,458.0,28.0
2.3053535353535355,7400.0,0.78,562.0942796610169,0.17663632862384204,1810.4285714285713,7.0,19.0,24.0,472.0,28.0
2.3053535353535355,7600.0,0.8,566.2701863354038,0.18358907830458313,1810.4285714285713,8.0,16.0,26.0,483.0,28.0
2.3053535353535355,7800.0,0.78,559.998997995992,0.19171751160480813,1810.4285714285713,9.0,15.0,26.0,499.0,28.0
2.3053535353535355,8000.0,0.8,558.4476744186046,0.19335941459063913,1810.4285714285713,8.0,16.0,26.0,516.0,28.0
2.3053535353535355,8200.0,0.78,557.2990566037736,0.1883120831897513,1810.4285714285713,8.0,16.0,26.0,530.0,28.0
2.3053535353535355,8400.0,0.72,559.2224264705883,0.17921067034236718,1810.4285714285713,8.0,15.0,27.0,544.0,28.0
2.3053535353535355,8600.0,0.72,558.0730837789662,0.17087953296981737,1810.4285714285713,6.0,17.0,27.0,561.0,28.0
2.3053535353535355,8800.0,0.78,557.1782608695652,0.16828492084405977,1810.4285714285713,6.0,16.0,28.0,575.0,28.0
2.3053535353535355,9000.0,0.76,551.8530405405405,0.1757241602983804,2055.551724137931,8.0,15.0,27.0,592.0,29.0
2.3053535353535355,9200.0,0.78,552.8473597359736,0.17685930310339934,2055.551724137931,8.0,15.0,27.0,606.0,29.0
2.3053535353535355,9400.0,0.72,550.10303514377,0.17775120102162853,2055.551724137931,8.0,15.0,27.0,626.0,29.0
2.3053535353535355,9600.0,0.76,549.793934681182,0.17829850201690553,2055.551724137931,7.0,18.0,25.0,643.0,29.0
2.3053535353535355,9800.0,0.78,546.3837386018237,0.1798187825593416,2308.95,9.0,16.0,25.0,658.0,30.0
2.3053535353535355,10000.0,0.76,545.893175074184,0.17829850201690553,2308.95,8.0,17.0,25.0,674.0,30.0
2.3053535353535355,10200.0,0.78,543.6233766233767,0.17758903776376866,2308.95,6.0,21.0,23.0,693.0,30.0
2.3053535353535355,10400.0,0.8,540.4289732770745,0.18042689477631604,2308.95,5.0,23.0,22.0,711.0,30.0
2.3053535353535355,10600.0,0.78,536.1748971193416,0.17943364482192448,2571.435483870968,5.0,21.0,24.0,729.0,31.0
2.3053535353535355,10800.0,0.74,532.9731543624162,0.18257555794295907,2670.296875,8.0,19.0,23.0,745.0,32.0
2.3053535353535355,11000.0,0.72,533.4107142857143,0.18535260373380902,2670.296875,7.0,20.0,23.0,756.0,32.0
2.3053535353535355,11200.0,0.78,533.0142487046633,0.1824336650923317,2670.296875,8.0,18.0,24.0,772.0,32.0
2.3053535353535355,11400.0,0.78,533.078443877551,0.17687957351063183,2705.5757575757575,9.0,16.0,25.0,784.0,33.0
2.3053535353535355,11600.0,0.72,533.0529265255293,0.17566334907668296,2705.5757575757575,8.0,16.0,26.0,803.0,33.0
2.3053535353535355,11800.0,0.74,532.4208282582217,0.17558226744775302,2967.6029411764707,7.0,18.0,25.0,821.0,34.0
2.3053535353535355,12000.0,0.74,531.6135005973715,0.1799404050027365,2967.6029411764707,6.0,19.0,25.0,837.0,34.0
2.3053535353535355,12200.0,0.74,530.6802120141343,0.1808120325137332,2977.5,7.0,19.0,24.0,849.0,35.0
2.3053535353535355,12400.0,0.78,531.7424768518518,0.1857985526929236,2977.5,8.0,18.0,24.0,864.0,35.0
2.3053535353535355,12600.0,0.76,530.0551763367463,0.18735937404982467,3239.277777777778,8.0,18.0,24.0,879.0,36.0
2.3053535353535355,12800.0,0.8,531.7185061315496,0.19001479739727972,3239.277777777778,7.0,18.0,25.0,897.0,36.0
2.3053535353535355,13000.0,0.8,528.8388157894736,0.1880688383029615,3239.277777777778,11.0,12.0,27.0,912.0,36.0
2.3053535353535355,13200.0,0.8,528.2851772287862,0.1893864147730728,3504.5945945945946,12.0,12.0,26.0,931.0,37.0
2.3053535353535355,13400.0,0.8,527.6885593220339,0.18679180264731518,3504.5945945945946,9.0,17.0,24.0,944.0,37.0
2.3053535353535355,13600.0,0.76,528.2622523461939,0.18508908843978675,3504.5945945945946,7.0,18.0,25.0,959.0,37.0
2.3053535353535355,13800.0,0.8,526.5781893004115,0.18559584862059877,3504.5945945945946,8.0,18.0,24.0,972.0,37.0
2.3053535353535355,14000.0,0.8,527.4773185483871,0.18121744065838283,3470.8947368421054,10.0,16.0,24.0,992.0,38.0
2.3053535353535355,14200.0,0.78,524.0009852216749,0.1795147264508544,3470.8947368421054,9.0,18.0,23.0,1015.0,38.0
2.3053535353535355,14400.0,0.74,521.6663452266152,0.1828593436442138,3747.525641025641,10.0,15.0,25.0,1037.0,39.0
2.3053535353535355,14600.0,0.72,519.0653625954199,0.18889992499949324,3747.525641025641,10.0,15.0,25.0,1048.0,39.0
2.3053535353535355,14800.0,0.76,519.9430320150659,0.1910891289806012,4021.8,11.0,14.0,25.0,1062.0,40.0
2.3053535353535355,15000.0,0.8,518.8513388734996,0.18969047088156002,4021.8,9.0,17.0,24.0,1083.0,40.0
2.3053535353535355,15200.0,0.76,518.1745454545454,0.18952830762370015,4551.714285714285,10.0,15.0,25.0,1100.0,42.0
2.3053535353535355,15400.0,0.76,517.0224014336918,0.187541807714917,4504.011627906977,10.0,15.0,25.0,1116.0,43.0
2.3053535353535355,15600.0,0.8,515.5106007067138,0.18624450165203818,4504.011627906977,10.0,15.0,25.0,1132.0,43.0
2.3053535353535355,15800.0,0.76,512.2595486111111,0.1846228690734397,4504.011627906977,8.0,17.0,25.0,1152.0,43.0
2.3053535353535355,16000.0,0.76,512.2717948717949,0.17955526726531937,4504.011627906977,8.0,18.0,24.0,1170.0,43.0
2.3355555555555556,0.0,0.0,nan,0.015202805424360975,nan,0.0,0.0,50.0,0.0,0.0
2.3355555555555556,200.0,0.38,23.5,0.03942594206717613,nan,0.0,12.0,38.0,1.0,0.0
2.3355555555555556,400.0,0.68,113.0,0.0856424705572335,nan,0.0,20.0,30.0,3.0,0.0
2.3355555555555556,600.0,0.8,184.66666666666666,0.12373056574706585,536.75,2.0,21.0,27.0,6.0,2.0
2.3355555555555556,800.0,0.8,293.9,0.147953702389881,652.8,5.0,18.0,27.0,15.0,5.0
2.3355555555555556,1000.0,0.78,359.825,0.16569030871830215,774.7777777777778,8.0,14.0,28.0,20.0,9.0
2.3355555555555556,1200.0,0.76,494.8103448275862,0.17655524699491212,909.4333333333333,12.0,11.0,27.0,29.0,15.0
2.3355555555555556,1400.0,0.8,586.8026315789474,0.1835079966756532,929.875,12.0,11.0,27.0,38.0,16.0
2.3355555555555556,1600.0,0.76,696.2857142857143,0.19145399631078588,967.2647058823529,12.0,12.0,26.0,49.0,17.0
2.3355555555555556,1800.0,0.8,694.5363636363636,0.1982648531408996,967.2647058823529,12.0,12.0,26.0,55.0,17.0
2.3355555555555556,2000.0,0.78,710.6343283582089,0.19994729694119553,1017.8611111111111,13.0,12.0,25.0,67.0,18.0
2.3355555555555556,2200.0,0.78,727.2215189873418,0.20572436300245273,1070.078947368421,13.0,11.0,26.0,79.0,19.0
2.3355555555555556,2400.0,0.78,747.9619565217391,0.20523787322887316,1179.3333333333333,12.0,12.0,26.0,92.0,21.0
2.3355555555555556,2600.0,0.78,710.7857142857143,0.20793383739079319,1179.3333333333333,13.0,11.0,26.0,105.0,21.0
2.3355555555555556,2800.0,0.74,707.3760330578513,0.2040013783876918,1317.5652173913043,13.0,11.0,26.0,121.0,23.0
2.3355555555555556,3000.0,0.8,705.8527131782946,0.20408246001662173,1317.5652173913043,12.0,12.0,26.0,129.0,23.0
2.3355555555555556,3200.0,0.8,705.2535211267606,0.20544057730119797,1317.5652173913043,12.0,12.0,26.0,142.0,23.0
2.3355555555555556,3400.0,0.8,698.1850649350649,0.20529868445057062,1396.4375,12.0,12.0,26.0,154.0,24.0
2.3355555555555556,3600.0,0.78,689.792899408284,0.19700808789248575,1396.4375,13.0,11.0,26.0,169.0,24.0
2.3355555555555556,3800.0,0.8,673.1675824175824,0.1917783228265056,1396.4375,9.0,15.0,26.0,182.0,24.0
2.3355555555555556,4000.0,0.78,659.5076530612245,0.1924067054507125,1396.4375,9.0,16.0,25.0,196.0,24.0
2.3355555555555556,4200.0,0.76,661.3018433179724,0.19001479739727972,1396.4375,10.0,15.0,25.0,217.0,24.0
2.3355555555555556,4400.0,0.8,649.0991379310345,0.18922425151521294,1396.4375,8.0,17.0,25.0,232.0,24.0
2.3355555555555556,4600.0,0.76,636.389344262295,0.19072426165041656,1396.4375,10.0,13.0,27.0,244.0,24.0
2.3355555555555556,4800.0,0.78,627.7529182879377,0.19149453712525086,1396.4375,13.0,9.0,28.0,257.0,24.0
2.3355555555555556,5000.0,0.74,630.6162361623616,0.1872174811991973,1539.72,13.0,9.0,28.0,271.0,25.0
2.3355555555555556,5200.0,0.74,613.1455479452055,0.18401475685646523,1539.72,12.0,10.0,28.0,292.0,25.0
2.3355555555555556,5400.0,0.8,610.4290322580645,0.18261609875742404,1539.72,10.0,13.0,27.0,310.0,25.0
2.3355555555555556,5600.0,0.74,604.6104294478528,0.18367015993351307,1539.72,10.0,13.0,27.0,326.0,25.0
2.3355555555555556,5800.0,0.8,591.801749271137,0.18381205278414042,1539.72,11.0,9.0,30.0,343.0,25.0
2.3355555555555556,6000.0,0.74,581.1287671232876,0.17764984898546612,1539.72,10.0,10.0,30.0,365.0,25.0
2.3355555555555556,6200.0,0.78,575.3664921465969,0.18737964445705715,1712.1538461538462,13.0,9.0,28.0,382.0,26.0
2.3355555555555556,6400.0,0.8,570.9185750636133,0.1953459144994223,1712.1538461538462,14.0,8.0,28.0,393.0,26.0
2.3355555555555556,6600.0,0.76,573.6381418092909,0.19591348590193178,1712.1538461538462,12.0,13.0,25.0,409.0,26.0
2.3355555555555556,6800.0,0.78,569.295294117647,0.19427158291610078,1712.1538461538462,10.0,15.0,25.0,425.0,26.0
2.3355555555555556,7000.0,0.78,562.6067415730337,0.19212291974945778,1712.1538461538462,10.0,16.0,24.0,445.0,26.0
2.3355555555555556,7200.0,0.8,564.9801324503311,0.19179859323373807,1910.0185185185185,10.0,15.0,25.0,453.0,27.0
2.3355555555555556,7400.0,0.74,566.8279914529915,0.1888593841850283,2102.5714285714284,12.0,14.0,24.0,468.0,28.0
2.3355555555555556,7600.0,0.78,565.8336776859504,0.19031885350576694,2291.9655172413795,12.0,15.0,23.0,484.0,29.0
2.3355555555555556,7800.0,0.76,566.9348697394789,0.1938256339569862,2291.9655172413795,12.0,14.0,24.0,499.0,29.0
2.3355555555555556,8000.0,0.76,560.3614341085271,0.19386617477145116,2321.45,11.0,14.0,25.0,516.0,30.0
2.3355555555555556,8200.0,0.78,559.0235404896422,0.18748099649321956,2505.1129032258063,11.0,13.0,26.0,531.0,31.0
2.3355555555555556,8400.0,0.8,556.1036363636364,0.18585936391462105,2505.1129032258063,12.0,12.0,26.0,550.0,31.0
2.3355555555555556,8600.0,0.8,551.0765845070423,0.1849471955891594,2505.1129032258063,11.0,14.0,25.0,568.0,31.0
2.3355555555555556,8800.0,0.76,548.5394511149228,0.19102831775890378,2505.1129032258063,11.0,15.0,24.0,583.0,31.0
2.3355555555555556,9000.0,0.78,550.3386287625418,0.1951026696126325,2702.984375,14.0,10.0,26.0,598.0,32.0
2.3355555555555556,9200.0,0.76,546.1143790849674,0.19733241440820545,2896.712121212121,16.0,7.0,27.0,612.0,33.0
2.3355555555555556,9400.0,0.78,544.7901430842608,0.19271076155919972,2896.712121212121,16.0,7.0,27.0,629.0,33.0
2.3355555555555556,9600.0,0.78,544.8966049382716,0.18448097622281232,2896.712121212121,14.0,9.0,27.0,648.0,33.0
2.3355555555555556,9800.0,0.76,541.3463855421687,0.1846228690734397,2896.712121212121,12.0,12.0,26.0,664.0,33.0
2.3355555555555556,10000.0,0.78,540.1383601756954,0.1861228792086433,2896.712121212121,10.0,15.0,25.0,683.0,33.0
2.3355555555555556,10200.0,0.78,534.9223646723647,0.18354853749011818,2896.712121212121,8.0,16.0,26.0,702.0,33.0
2.3355555555555556,10400.0,0.8,529.941585535466,0.17815660916627815,2896.712121212121,10.0,15.0,25.0,719.0,33.0
2.3355555555555556,10600.0,0.78,528.3042291950886,0.17383901242575964,3120.573529411765,10.0,15.0,25.0,733.0,34.0
2.3355555555555556,10800.0,0.74,528.4727393617021,0.1694403340563112,3335.214285714286,9.0,16.0,25.0,752.0,35.0
2.3355555555555556,11000.0,0.74,525.6506493506494,0.16925790039121885,3335.214285714286,9.0,15.0,26.0,770.0,35.0
2.3355555555555556,11200.0,0.74,526.2611181702669,0.16893357387549915,3335.214285714286,8.0,14.0,28.0,787.0,35.0
2.3355555555555556,11400.0,0.72,523.7153465346535,0.16396732410354123,3335.214285714286,9.0,14.0,27.0,808.0,35.0
2.3355555555555556,11600.0,0.8,521.8075517661389,0.1678187014777127,3335.214285714286,9.0,14.0,27.0,821.0,35.0
2.3355555555555556,11800.0,0.76,521.10225921522,0.17371738998236474,3335.214285714286,10.0,15.0,25.0,841.0,35.0
2.3355555555555556,12000.0,0.8,517.0209059233449,0.18277826201528388,3335.214285714286,9.0,17.0,24.0,861.0,35.0
2.3355555555555556,12200.0,0.78,514.7084765177549,0.18267690997912148,3335.214285714286,9.0,17.0,24.0,873.0,35.0
2.3355555555555556,12400.0,0.74,512.6629213483146,0.18425800174325502,3335.214285714286,10.0,17.0,23.0,890.0,35.0
2.3355555555555556,12600.0,0.78,512.1136114160264,0.18827154237528632,3373.054054054054,13.0,14.0,23.0,911.0,37.0
2.3355555555555556,12800.0,0.76,510.14324034334766,0.19481888391137778,3373.054054054054,12.0,15.0,23.0,932.0,37.0
2.3355555555555556,13000.0,0.78,508.28180862250264,0.1927513023736647,3373.054054054054,13.0,13.0,24.0,951.0,37.0
2.3355555555555556,13200.0,0.74,507.75,0.19354184825573145,3373.054054054054,11.0,15.0,24.0,966.0,37.0
2.3355555555555556,13400.0,0.74,507.1793699186992,0.19009587902620964,3373.054054054054,10.0,15.0,25.0,984.0,37.0
2.3355555555555556,13600.0,0.76,505.97439759036143,0.18468368029513713,3373.054054054054,11.0,15.0,24.0,996.0,37.0
2.3355555555555556,13800.0,0.74,504.9469548133595,0.1746295583078264,3373.054054054054,10.0,17.0,23.0,1018.0,37.0
2.3355555555555556,14000.0,0.76,503.8404050144648,0.1757241602983804,3373.054054054054,10.0,17.0,23.0,1037.0,37.0
2.3355555555555556,14200.0,0.8,502.55781990521325,0.1836093487118156,3373.054054054054,10.0,18.0,22.0,1055.0,37.0
2.3355555555555556,14400.0,0.78,501.53427230046947,0.18892019540672572,3373.054054054054,12.0,17.0,21.0,1065.0,37.0
2.3355555555555556,14600.0,0.78,501.3342618384401,0.18792694545233413,3941.897435897436,10.0,19.0,21.0,1077.0,39.0
2.3355555555555556,14800.0,0.8,502.2255707762557,0.19179859323373807,3941.897435897436,10.0,18.0,22.0,1095.0,39.0
2.3355555555555556,15000.0,0.78,505.26012601260123,0.19694727667078832,4218.0,12.0,17.0,21.0,1111.0,40.0
2.3355555555555556,15200.0,0.78,504.7551111111111,0.19700808789248575,4218.0,11.0,17.0,22.0,1125.0,40.0
2.3355555555555556,15400.0,0.8,503.3286713286713,0.19390671558591613,4218.0,10.0,19.0,21.0,1144.0,40.0
2.3355555555555556,15600.0,0.8,503.73894189071984,0.1887174913344009,4155.012195121952,11.0,18.0,21.0,1153.0,41.0
2.3355555555555556,15800.0,0.76,504.11902730375425,0.1894877668092352,4155.012195121952,11.0,17.0,22.0,1172.0,41.0
2.3355555555555556,16000.0,0.78,504.1590717299578,0.18930533314414286,4155.012195121952,9.0,19.0,22.0,1185.0,41.0
2.3657575757575757,0.0,0.0,nan,0.015202805424360975,nan,0.0,0.0,50.0,0.0,0.0
2.3657575757575757,200.0,0.38,137.75,0.03768268704518274,nan,0.0,11.0,39.0,2.0,0.0
2.3657575757575757,400.0,0.68,132.0,0.0732775221454199,nan,0.0,15.0,35.0,4.0,0.0
2.3657575757575757,600.0,0.78,151.71428571428572,0.10889262765288954,549.5,3.0,14.0,33.0,7.0,3.0
2.3657575757575757,800.0,0.8,273.0,0.13021709606145987,640.5833333333334,6.0,11.0,33.0,11.0,6.0
2.3657575757575757,1000.0,0.8,356.42857142857144,0.14621044736788763,685.8125,8.0,9.0,33.0,14.0,8.0
2.3657575757575757,1200.0,0.8,466.39473684210526,0.1572983601240549,791.9545454545455,11.0,6.0,33.0,19.0,11.0
2.3657575757575757,1400.0,0.78,637.8387096774194,0.16473759957837553,869.6153846153846,13.0,4.0,33.0,31.0,13.0
2.3657575757575757,1600.0,0.76,745.4777777777778,0.16761599740538788,869.6153846153846,10.0,7.0,33.0,45.0,13.0
2.3657575757575757,1800.0,0.78,736.1639344262295,0.1749538848235461,979.3,13.0,4.0,33.0,61.0,15.0
2.3657575757575757,2000.0,0.78,742.5416666666666,0.18223096102000688,979.3,13.0,4.0,33.0,72.0,15.0
2.3657575757575757,2200.0,0.78,715.1627906976744,0.17957553767255185,979.3,12.0,5.0,33.0,86.0,15.0
2.3657575757575757,2400.0,0.8,709.5842105263158,0.17835931323860296,979.3,11.0,6.0,33.0,95.0,15.0
2.3657575757575757,2600.0,0.78,703.1409090909091,0.17444712464273407,1079.75,13.0,4.0,33.0,110.0,16.0
2.3657575757575757,2800.0,0.78,685.7479674796748,0.17254170636288083,1079.75,14.0,3.0,33.0,123.0,16.0
2.3657575757575757,3000.0,0.8,675.75,0.17150791559402428,1079.75,12.0,5.0,33.0,136.0,16.0
2.3657575757575757,3200.0,0.76,651.2727272727273,0.1709403441915148,1079.75,11.0,6.0,33.0,154.0,16.0
2.3657575757575757,3400.0,0.78,651.8343195266273,0.16978493097926337,1079.75,12.0,6.0,32.0,169.0,16.0
2.3657575757575757,3600.0,0.74,617.468085106383,0.1705146656396327,1079.75,12.0,6.0,32.0,188.0,16.0
2.3657575757575757,3800.0,0.76,612.5123152709359,0.17643362455151723,1232.9411764705883,10.0,10.0,30.0,203.0,17.0
2.3657575757575757,4000.0,0.78,612.4794520547945,0.17314981857985526,1382.1666666666667,10.0,10.0,30.0,219.0,18.0
2.3657575757575757,4200.0,0.78,600.931330472103,0.16982547179372834,1382.1666666666667,9.0,12.0,29.0,233.0,18.0
2.3657575757575757,4400.0,0.74,596.7570281124498,0.1708187217481199,1672.075,10.0,11.0,29.0,249.0,20.0
2.3657575757575757,4600.0,0.78,583.5357142857143,0.17017006871668053,1672.075,8.0,13.0,29.0,266.0,20.0
2.3657575757575757,4800.0,0.78,577.8120567375887,0.17314981857985526,1672.075,10.0,11.0,29.0,282.0,20.0
2.3657575757575757,5000.0,0.8,575.546511627907,0.17442685423550158,1821.4761904761904,11.0,10.0,29.0,301.0,21.0
2.3657575757575757,5200.0,0.78,566.7310126582279,0.17442685423550158,1821.4761904761904,9.0,12.0,29.0,316.0,21.0
2.3657575757575757,5400.0,0.8,559.5823353293413,0.17799444590841831,1821.4761904761904,10.0,11.0,29.0,334.0,21.0
2.3657575757575757,5600.0,0.76,560.135446685879,0.1762511908864249,1821.4761904761904,11.0,10.0,29.0,347.0,21.0
2.3657575757575757,5800.0,0.78,555.7771587743732,0.16820383921512982,1821.4761904761904,10.0,11.0,29.0,359.0,21.0
2.3657575757575757,6000.0,0.8,548.7271505376344,0.1623862323394077,1821.4761904761904,10.0,11.0,29.0,372.0,21.0
2.3657575757575757,6200.0,0.74,551.029792746114,0.15855512537246874,1821.4761904761904,9.0,13.0,28.0,386.0,21.0
2.3657575757575757,6400.0,0.8,557.6169154228855,0.1632375894431719,1821.4761904761904,10.0,13.0,27.0,402.0,21.0
2.3657575757575757,6600.0,0.78,554.8628841607565,0.17023087993837796,1821.4761904761904,8.0,15.0,27.0,423.0,21.0
2.3657575757575757,6800.0,0.78,551.8787185354691,0.175075507266941,1821.4761904761904,9.0,15.0,26.0,437.0,21.0
2.3657575757575757,7000.0,0.76,551.4809843400448,0.17698092554679423,2261.521739130435,11.0,12.0,27.0,447.0,23.0
2.3657575757575757,7200.0,0.8,550.1609071274298,0.18010256826059637,2261.521739130435,11.0,12.0,27.0,463.0,23.0
2.3657575757575757,7400.0,0.8,545.6814345991561,0.1871972107919648,2261.521739130435,10.0,14.0,26.0,474.0,23.0
2.3657575757575757,7600.0,0.72,548.0080971659919,0.18606206798694586,2478.8541666666665,10.0,14.0,26.0,494.0,24.0
2.3657575757575757,7800.0,0.78,550.9950690335306,0.18316339975270104,2478.8541666666665,9.0,15.0,26.0,507.0,24.0
2.3657575757575757,8000.0,0.78,546.2461832061068,0.1842782721504875,2693.62,12.0,10.0,28.0,524.0,25.0
2.3657575757575757,8200.0,0.76,548.2809611829945,0.18008229785336388,2693.62,10.0,12.0,28.0,541.0,25.0
2.3657575757575757,8400.0,0.78,545.1370967741935,0.1758255123345428,2693.62,10.0,13.0,27.0,558.0,25.0
2.3657575757575757,8600.0,0.72,541.3582608695652,0.17696065513956175,2693.62,9.0,15.0,26.0,575.0,25.0
2.3657575757575757,8800.0,0.74,537.1050420168067,0.1787444509760201,2923.326923076923,10.0,15.0,25.0,595.0,26.0
2.3657575757575757,9000.0,0.8,533.4680327868853,0.17687957351063183,2923.326923076923,11.0,14.0,25.0,610.0,26.0
2.3657575757575757,9200.0,0.78,534.2403846153846,0.17479172156568626,2923.326923076923,10.0,15.0,25.0,624.0,26.0
2.3657575757575757,9400.0,0.78,534.390015600624,0.17535929296819572,2923.326923076923,9.0,17.0,24.0,641.0,26.0
2.3657575757575757,9600.0,0.72,530.5060606060606,0.17953499685808688,2923.326923076923,9.0,16.0,25.0,660.0,26.0
2.3657575757575757,9800.0,0.8,529.6412721893491,0.18662963938945534,3176.0555555555557,11.0,14.0,25.0,676.0,27.0
2.3657575757575757,10000.0,0.8,532.2295321637426,0.1918594044554355,3176.0555555555557,10.0,15.0,25.0,684.0,27.0
2.3657575757575757,10200.0,0.78,531.6465149359886,0.19283238400259461,3176.0555555555557,10.0,15.0,25.0,703.0,27.0
2.3657575757575757,10400.0,0.76,529.0736111111111,0.19404860843654348,3666.2586206896553,11.0,15.0,24.0,720.0,29.0
2.3657575757575757,10600.0,0.78,530.2912687585266,0.19633916445381389,3666.2586206896553,12.0,14.0,24.0,733.0,29.0
2.3657575757575757,10800.0,0.76,529.7643524699599,0.19396752680761356,3666.2586206896553,12.0,15.0,23.0,749.0,29.0
2.3657575757575757,11000.0,0.76,526.5723598435463,0.19680538382016094,3666.2586206896553,13.0,14.0,23.0,767.0,29.0
2.3657575757575757,11200.0,0.78,527.0992317541613,0.19465672065351794,3666.2586206896553,11.0,15.0,24.0,781.0,29.0
2.3657575757575757,11400.0,0.76,525.99121706399,0.1930553584821519,3666.2586206896553,12.0,15.0,23.0,797.0,29.0
2.3657575757575757,11600.0,0.78,525.2985257985258,0.18630531287373564,3666.2586206896553,12.0,15.0,23.0,814.0,29.0
2.3657575757575757,11800.0,0.74,523.2107487922706,0.1898120933249549,3666.2586206896553,14.0,15.0,21.0,828.0,29.0
2.3657575757575757,12000.0,0.74,523.6152941176471,0.19358238907019643,3666.2586206896553,12.0,15.0,23.0,850.0,29.0
2.3657575757575757,12200.0,0.8,522.2056778679026,0.1938256339569862,3948.5333333333333,13.0,14.0,23.0,863.0,30.0
2.3657575757575757,12400.0,0.8,521.4714285714285,0.18952830762370015,3948.5333333333333,12.0,14.0,24.0,875.0,30.0
2.3657575757575757,12600.0,0.78,522.6544943820224,0.18389313441307037,3948.5333333333333,13.0,13.0,24.0,890.0,30.0
2.3657575757575757,12800.0,0.8,521.2985651214128,0.17805525713011575,3948.5333333333333,13.0,12.0,25.0,906.0,30.0
2.3657575757575757,13000.0,0.8,520.6316359696641,0.1802850019256887,3948.5333333333333,11.0,12.0,27.0,923.0,30.0
2.3657575757575757,13200.0,0.78,520.4983991462113,0.1868728842762451,3948.5333333333333,11.0,13.0,26.0,937.0,30.0
2.3657575757575757,13400.0,0.8,519.7426624737946,0.18833235359698378,3948.5333333333333,12.0,13.0,25.0,954.0,30.0
2.3657575757575757,13600.0,0.8,518.7427835051546,0.18610260880141083,4258.145161290323,10.0,16.0,24.0,970.0,31.0
2.3657575757575757,13800.0,0.8,518.6760847628658,0.18413637929986013,4185.8125,12.0,15.0,23.0,991.0,32.0
2.3657575757575757,14000.0,0.76,516.5722772277228,0.1807309508848033,4185.8125,10.0,17.0,23.0,1010.0,32.0
2.3657575757575757,14200.0,0.78,514.143064985451,0.18231204264893683,4185.8125,9.0,18.0,23.0,1031.0,32.0
2.3657575757575757,14400.0,0.78,513.2528680688337,0.18810937911742648,4420.941176470588,11.0,16.0,23.0,1046.0,34.0
2.3657575757575757,14600.0,0.76,512.5823917137476,0.18577828228569113,4710.328571428571,13.0,13.0,24.0,1062.0,35.0
2.3657575757575757,14800.0,0.74,511.3427382053654,0.18279853242251637,4710.328571428571,11.0,15.0,24.0,1081.0,35.0
2.3657575757575757,15000.0,0.8,511.7763519706691,0.18097419577159304,4995.847222222223,10.0,16.0,24.0,1091.0,36.0
2.3657575757575757,15200.0,0.78,511.07129963898916,0.1806093284414084,4995.847222222223,11.0,15.0,24.0,1108.0,36.0
2.3657575757575757,15400.0,0.78,511.1830796777081,0.18616342002310826,4995.847222222223,10.0,16.0,24.0,1117.0,36.0
2.3657575757575757,15600.0,0.8,508.99735682819386,0.18543368536273894,4995.847222222223,7.0,19.0,24.0,1135.0,36.0
2.3657575757575757,15800.0,0.76,508.8733681462141,0.18172420083919485,5286.959459459459,8.0,16.0,26.0,1149.0,37.0
2.3657575757575757,16000.0,0.78,512.0235849056604,0.17892688464111245,5286.959459459459,10.0,17.0,23.0,1166.0,37.0
2.395959595959596,0.0,0.0,nan,0.015202805424360975,nan,0.0,0.0,50.0,0.0,0.0
2.395959595959596,200.0,0.38,nan,0.03841242170555206,nan,0.0,11.0,39.0,0.0,0.0
2.395959595959596,400.0,0.68,166.0,0.08128433300225002,nan,0.0,20.0,30.0,2.0,0.0
2.395959595959596,600.0,0.8,205.66666666666666,0.12081162710558856,537.1666666666666,3.0,17.0,30.0,3.0,3.0
2.395959595959596,800.0,0.78,348.4166666666667,0.14746721261630147,580.625,4.0,16.0,30.0,6.0,4.0
2.395959595959596,1000.0,0.8,517.7777777777778,0.16581193116169704,753.8333333333334,8.0,13.0,29.0,9.0,9.0
2.395959595959596,1200.0,0.8,634.0333333333333,0.17718362961911904,812.5,10.0,11.0,29.0,15.0,11.0
2.395959595959596,1400.0,0.8,772.1666666666666,0.1837309711552105,941.5,12.0,9.0,29.0,27.0,15.0
2.395959595959596,1600.0,0.8,762.3604651162791,0.18991344536111732,974.90625,13.0,8.0,29.0,43.0,16.0
2.395959595959596,1800.0,0.8,704.3644067796611,0.19228508300731761,1015.6470588235294,12.0,9.0,29.0,59.0,17.0
2.395959595959596,2000.0,0.78,771.8972602739726,0.19445401658119313,1070.0277777777778,14.0,8.0,28.0,73.0,18.0
2.395959595959596,2200.0,0.76,709.2722222222222,0.203798674315367,1127.2631578947369,15.0,8.0,27.0,90.0,19.0
2.395959595959596,2400.0,0.8,689.35,0.20556219974459286,1184.125,14.0,10.0,26.0,100.0,20.0
2.395959595959596,2600.0,0.8,675.6981981981982,0.20173109277765391,1184.125,12.0,12.0,26.0,111.0,20.0
2.395959595959596,2800.0,0.8,643.0538461538462,0.20181217440658383,1252.0714285714287,12.0,13.0,25.0,130.0,21.0
2.395959595959596,3000.0,0.8,655.6276595744681,0.2039202967587619,1391.0434782608695,13.0,12.0,25.0,141.0,23.0
2.395959595959596,3200.0,0.76,668.9313725490196,0.2036770518719721,1463.2708333333333,14.0,11.0,25.0,153.0,24.0
2.395959595959596,3400.0,0.76,649.2307692307693,0.2013054142257718,1463.2708333333333,11.0,14.0,25.0,169.0,24.0
2.395959595959596,3600.0,0.76,635.0432432432433,0.19822431232643464,1463.2708333333333,11.0,14.0,25.0,185.0,24.0
2.395959595959596,3800.0,0.78,621.4215686274509,0.19637970526827883,1548.98,13.0,12.0,25.0,204.0,25.0
2.395959595959596,4000.0,0.76,608.8266666666667,0.18717694038473232,1548.98,12.0,13.0,25.0,225.0,25.0
2.395959595959596,4200.0,0.72,586.0,0.18508908843978675,1548.98,12.0,13.0,25.0,247.0,25.0
2.395959595959596,4400.0,0.78,575.8648648648649,0.19090669531550888,1548.98,11.0,15.0,24.0,259.0,25.0
2.395959595959596,4600.0,0.8,577.762962962963,0.18924452192244542,1548.98,9.0,17.0,24.0,270.0,25.0
2.395959595959596,4800.0,0.74,567.5255972696245,0.18887965459226075,1670.576923076923,11.0,15.0,24.0,293.0,26.0
2.395959595959596,5000.0,0.78,561.8118971061093,0.18628504246650315,1670.576923076923,11.0,15.0,24.0,311.0,26.0
2.395959595959596,5200.0,0.8,552.4754601226994,0.18833235359698378,1670.576923076923,11.0,17.0,22.0,326.0,26.0
2.395959595959596,5400.0,0.78,555.0058997050147,0.19192021567713297,1670.576923076923,9.0,18.0,23.0,339.0,26.0
2.395959595959596,5600.0,0.8,551.7028169014085,0.1918594044554355,1670.576923076923,10.0,17.0,23.0,355.0,26.0
2.395959595959596,5800.0,0.78,548.0656836461126,0.19516348083432997,1670.576923076923,10.0,19.0,21.0,373.0,26.0
2.395959595959596,6000.0,0.78,538.7005076142132,0.1961161899742566,1827.8333333333333,8.0,22.0,20.0,394.0,27.0
2.395959595959596,6200.0,0.76,539.1265206812652,0.20167028155595645,1827.8333333333333,8.0,23.0,19.0,411.0,27.0
2.395959595959596,6400.0,0.8,536.280429594272,0.20148784789086413,1984.375,8.0,22.0,20.0,419.0,28.0
2.395959595959596,6600.0,0.8,535.6527777777778,0.20258244988141813,1984.375,8.0,22.0,20.0,432.0,28.0
2.395959595959596,6800.0,0.76,532.9671772428884,0.19862972047108426,1984.375,9.0,22.0,19.0,457.0,28.0
2.395959595959596,7000.0,0.8,528.8646934460888,0.2016297407414915,2465.3548387096776,8.0,22.0,20.0,473.0,31.0
2.395959595959596,7200.0,0.76,529.1837782340863,0.20610950073986986,2465.3548387096776,10.0,20.0,20.0,487.0,31.0
2.395959595959596,7400.0,0.78,527.011,0.20586625585308008,2616.4375,11.0,19.0,20.0,500.0,32.0
2.395959595959596,7600.0,0.8,526.02734375,0.19919729187359375,2616.4375,10.0,20.0,20.0,512.0,32.0
2.395959595959596,7800.0,0.8,528.249527410208,0.19585267468023432,2616.4375,9.0,19.0,22.0,529.0,32.0
2.395959595959596,8000.0,0.78,530.3869485294117,0.19003506780451218,2616.4375,8.0,22.0,20.0,544.0,32.0
2.395959595959596,8200.0,0.8,529.2482206405693,0.192426975857945,2616.4375,9.0,21.0,20.0,562.0,32.0
2.395959595959596,8400.0,0.78,528.651832460733,0.19498104716923764,2616.4375,9.0,19.0,22.0,573.0,32.0
2.395959595959596,8600.0,0.76,530.8952299829642,0.1953256440921898,2616.4375,11.0,17.0,22.0,587.0,32.0
2.395959595959596,8800.0,0.76,529.8269867549669,0.19358238907019643,2616.4375,10.0,17.0,23.0,604.0,32.0
2.395959595959596,9000.0,0.78,530.3001618122977,0.18788640463786918,2616.4375,8.0,19.0,23.0,618.0,32.0
2.395959595959596,9200.0,0.74,527.3971742543171,0.178318772424138,2616.4375,9.0,16.0,25.0,637.0,32.0
2.395959595959596,9400.0,0.78,529.199074074074,0.17710254799018912,2616.4375,10.0,16.0,24.0,648.0,32.0
2.395959595959596,9600.0,0.72,525.0358744394618,0.18097419577159304,2616.4375,10.0,17.0,23.0,669.0,32.0
2.395959595959596,9800.0,0.76,524.399416909621,0.18444043540834734,2616.4375,9.0,18.0,23.0,686.0,32.0
2.395959595959596,10000.0,0.8,524.1797432239657,0.19362292988466137,2580.5757575757575,10.0,17.0,23.0,701.0,33.0
2.395959595959596,10200.0,0.8,522.4412587412587,0.19875134291447916,2580.5757575757575,10.0,17.0,23.0,715.0,33.0
2.395959595959596,10400.0,0.76,522.4550408719346,0.19321752174001175,2799.722222222222,12.0,16.0,22.0,734.0,36.0
2.395959595959596,10600.0,0.8,518.25,0.18912289947905053,2799.722222222222,9.0,19.0,22.0,754.0,36.0
2.395959595959596,10800.0,0.78,514.9896640826873,0.19246751667240994,2799.722222222222,10.0,18.0,22.0,774.0,36.0
2.395959595959596,11000.0,0.8,516.3837357052097,0.19423104210163583,2807.8783783783783,11.0,15.0,24.0,787.0,37.0
2.395959595959596,11200.0,0.78,513.6623134328358,0.19374455232805626,2807.8783783783783,13.0,14.0,23.0,804.0,37.0
2.395959595959596,11400.0,0.76,513.2414425427872,0.188636409705471,2807.8783783783783,11.0,15.0,24.0,818.0,37.0
2.395959595959596,11600.0,0.8,515.0822328931573,0.1917580524192731,3039.0526315789475,11.0,12.0,27.0,833.0,38.0
2.395959595959596,11800.0,0.8,516.7069575471698,0.19524456246325989,3039.0526315789475,13.0,11.0,26.0,848.0,38.0
2.395959595959596,12000.0,0.76,513.0824682814302,0.19414996047270588,3039.0526315789475,10.0,16.0,24.0,867.0,38.0
2.395959595959596,12200.0,0.76,511.0169683257919,0.1919607564915979,3039.0526315789475,11.0,14.0,25.0,884.0,38.0
2.395959595959596,12400.0,0.78,509.9661111111111,0.19064318002148664,3039.0526315789475,11.0,13.0,26.0,900.0,38.0
2.395959595959596,12600.0,0.76,509.41166848418754,0.18389313441307037,3039.0526315789475,9.0,13.0,28.0,917.0,38.0
2.395959595959596,12800.0,0.76,509.1702241195304,0.18255528753572658,3039.0526315789475,9.0,14.0,27.0,937.0,38.0
2.395959595959596,13000.0,0.8,508.3314136125654,0.18431881296495248,3039.0526315789475,11.0,13.0,26.0,955.0,38.0
2.395959595959596,13200.0,0.78,506.2886597938144,0.18715666997749986,3132.153846153846,10.0,15.0,25.0,970.0,39.0
2.395959595959596,13400.0,0.74,506.47058823529414,0.1837309711552105,3132.153846153846,10.0,14.0,26.0,986.0,39.0
2.395959595959596,13600.0,0.76,505.49750996015933,0.1796363488942493,3106.8,9.0,14.0,27.0,1004.0,40.0
2.395959595959596,13800.0,0.78,502.88321884200195,0.18251474672126164,3365.1463414634145,11.0,11.0,28.0,1019.0,41.0
2.395959595959596,14000.0,0.8,503.7878495660559,0.1879674862667991,3365.1463414634145,12.0,10.0,28.0,1037.0,41.0
2.395959595959596,14200.0,0.74,502.84028436018957,0.18847424644761113,3365.1463414634145,11.0,11.0,28.0,1055.0,41.0
2.395959595959596,14400.0,0.8,503.8319288389513,0.1877445117872418,3365.1463414634145,12.0,10.0,28.0,1068.0,41.0
2.395959595959596,14600.0,0.72,500.994014732965,0.18506881803255426,3365.1463414634145,11.0,12.0,27.0,1086.0,41.0
2.395959595959596,14800.0,0.78,499.303457688808,0.1776701193926986,3365.1463414634145,10.0,13.0,27.0,1099.0,41.0
2.395959595959596,15000.0,0.7,500.9265890778872,0.17377820120406218,3638.4285714285716,10.0,13.0,27.0,1117.0,42.0
2.395959595959596,15200.0,0.78,502.9286343612335,0.17825796120244056,3906.0232558139537,10.0,15.0,25.0,1135.0,43.0
2.395959595959596,15400.0,0.78,501.84578627280627,0.18144041513794013,3906.0232558139537,12.0,13.0,25.0,1151.0,43.0
2.395959595959596,15600.0,0.76,499.3931914893617,0.18338637423225831,3906.0232558139537,10.0,14.0,26.0,1175.0,43.0
2.395959595959596,15800.0,0.74,498.3447986577181,0.18543368536273894,3906.0232558139537,10.0,15.0,25.0,1192.0,43.0
2.395959595959596,16000.0,0.72,496.92821576763487,0.1889607362211907,3906.0232558139537,9.0,17.0,24.0,1205.0,43.0
2.4261616161616164,0.0,0.0,nan,0.015202805424360975,nan,0.0,0.0,50.0,0.0,0.0
2.4261616161616164,200.0,0.38,nan,0.03841242170555206,nan,0.0,11.0,39.0,0.0,0.0
2.4261616161616164,400.0,0.66,204.5,0.07767620051486834,nan,0.0,19.0,31.0,2.0,0.0
2.4261616161616164,600.0,0.76,347.8,0.11781160683518131,559.5,3.0,17.0,30.0,5.0,3.0
2.4261616161616164,800.0,0.78,376.0,0.14055500375002533,653.9166666666666,5.0,15.0,30.0,9.0,6.0
2.4261616161616164,1000.0,0.78,464.1666666666667,0.15952810491962782,725.1111111111111,9.0,10.0,31.0,12.0,9.0
2.4261616161616164,1200.0,0.76,594.625,0.17112277785660715,837.5384615384615,13.0,7.0,30.0,20.0,13.0
2.4261616161616164,1400.0,0.74,619.939393939394,0.17858228771816026,874.9285714285714,13.0,6.0,31.0,33.0,14.0
2.4261616161616164,1600.0,0.78,752.6304347826087,0.18857559848377353,916.6,15.0,4.0,31.0,46.0,15.0
2.4261616161616164,1800.0,0.76,729.2118644067797,0.19082561368657897,916.6,15.0,4.0,31.0,59.0,15.0
2.4261616161616164,2000.0,0.76,740.95,0.1836093487118156,916.6,13.0,5.0,32.0,70.0,15.0
2.4261616161616164,2200.0,0.78,698.7732558139535,0.18131879269454523,986.75,13.0,5.0,32.0,86.0,16.0
2.4261616161616164,2400.0,0.74,675.2596153846154,0.18231204264893683,986.75,13.0,5.0,32.0,104.0,16.0
2.4261616161616164,2600.0,0.78,640.8861788617886,0.18652828735329294,1080.0,12.0,8.0,30.0,123.0,17.0
2.4261616161616164,2800.0,0.76,630.2631578947369,0.18675126183285023,1080.0,12.0,8.0,30.0,133.0,17.0
2.4261616161616164,3000.0,0.78,623.3194444444445,0.18608233839417834,1181.9722222222222,11.0,10.0,29.0,144.0,18.0
2.4261616161616164,3200.0,0.8,632.7105263157895,0.18393367522753531,1181.9722222222222,10.0,11.0,29.0,152.0,18.0
2.4261616161616164,3400.0,0.76,621.8524096385543,0.17673768066000445,1181.9722222222222,9.0,12.0,29.0,166.0,18.0
2.4261616161616164,3600.0,0.8,620.0446927374302,0.17740660409867634,1181.9722222222222,9.0,11.0,30.0,179.0,18.0
2.4261616161616164,3800.0,0.76,631.828125,0.178866073419415,1181.9722222222222,9.0,11.0,30.0,192.0,18.0
2.4261616161616164,4000.0,0.78,637.524154589372,0.18553503739890134,1181.9722222222222,9.0,12.0,29.0,207.0,18.0
2.4261616161616164,4200.0,0.8,626.8125,0.1872985628281272,1181.9722222222222,9.0,12.0,29.0,224.0,18.0
2.4261616161616164,4400.0,0.78,618.5543933054394,0.18212960898384448,1342.421052631579,10.0,11.0,29.0,239.0,19.0
2.4261616161616164,4600.0,0.72,599.918918918919,0.1749538848235461,1342.421052631579,11.0,10.0,29.0,259.0,19.0
2.4261616161616164,4800.0,0.78,596.4054545454545,0.17862282853262523,1342.421052631579,10.0,12.0,28.0,275.0,19.0
2.4261616161616164,5000.0,0.78,587.9658703071673,0.18162284880303245,1342.421052631579,10.0,15.0,25.0,293.0,19.0
2.4261616161616164,5200.0,0.74,576.2845659163987,0.18600125676524842,1692.7380952380952,10.0,16.0,24.0,311.0,21.0
2.4261616161616164,5400.0,0.78,571.0365853658536,0.18969047088156002,1857.0681818181818,10.0,18.0,22.0,328.0,22.0
2.4261616161616164,5600.0,0.78,566.3848396501458,0.19625808282488394,1857.0681818181818,8.0,20.0,22.0,343.0,22.0
2.4261616161616164,5800.0,0.78,559.8875,0.19875134291447916,2181.25,10.0,19.0,21.0,360.0,24.0
2.4261616161616164,6000.0,0.72,558.6155913978495,0.20625139359049724,2181.25,9.0,20.0,21.0,372.0,24.0
2.4261616161616164,6200.0,0.8,558.1891534391534,0.20738653639551619,2480.326923076923,11.0,18.0,21.0,378.0,26.0
2.4261616161616164,6400.0,0.8,561.8816793893129,0.20396083757322683,2618.4074074074074,11.0,18.0,21.0,393.0,27.0
2.4261616161616164,6600.0,0.78,565.8080684596576,0.20244055703079075,2889.155172413793,10.0,19.0,21.0,409.0,29.0
2.4261616161616164,6800.0,0.8,562.916864608076,0.20286623558267286,2889.155172413793,11.0,17.0,22.0,421.0,29.0
2.4261616161616164,7000.0,0.76,564.9272727272727,0.19895404698680397,3021.866666666667,9.0,20.0,21.0,440.0,30.0
2.4261616161616164,7200.0,0.8,562.9522222222222,0.20211623051507105,3151.3064516129034,9.0,20.0,21.0,450.0,31.0
2.4261616161616164,7400.0,0.78,565.7483731019523,0.19763647051669267,3151.3064516129034,12.0,18.0,20.0,461.0,31.0
2.4261616161616164,7600.0,0.78,567.2505285412262,0.19246751667240994,3151.3064516129034,8.0,22.0,20.0,473.0,31.0
2.4261616161616164,7800.0,0.78,571.224593495935,0.18756207812214948,3151.3064516129034,8.0,20.0,22.0,492.0,31.0
2.4261616161616164,8000.0,0.8,568.655753968254,0.18448097622281232,3151.3064516129034,7.0,20.0,23.0,504.0,31.0
2.4261616161616164,8200.0,0.8,565.3443579766537,0.1887174913344009,3264.0,9.0,18.0,23.0,514.0,33.0
2.4261616161616164,8400.0,0.76,564.4074766355141,0.1919607564915979,3190.0,10.0,19.0,21.0,535.0,34.0
2.4261616161616164,8600.0,0.76,565.2012750455374,0.19212291974945778,3190.0,10.0,20.0,20.0,549.0,34.0
2.4261616161616164,8800.0,0.76,565.3089788732394,0.19309589929661686,3190.0,6.0,24.0,20.0,568.0,34.0
2.4261616161616164,9000.0,0.8,559.8943781942079,0.1912310218312286,3190.0,9.0,21.0,20.0,587.0,34.0
2.4261616161616164,9200.0,0.74,556.6196013289036,0.19421077169440334,3190.0,9.0,21.0,20.0,602.0,34.0
2.4261616161616164,9400.0,0.76,553.1594551282051,0.19504185839093507,3190.0,8.0,21.0,21.0,624.0,34.0
2.4261616161616164,9600.0,0.8,552.2055118110236,0.19925810309529118,3190.0,11.0,19.0,20.0,635.0,34.0
2.4261616161616164,9800.0,0.78,547.752688172043,0.20193379684997873,3190.0,10.0,20.0,20.0,651.0,34.0
2.4261616161616164,10000.0,0.8,544.5741301059002,0.2006364907870999,3190.0,8.0,21.0,21.0,661.0,34.0
2.4261616161616164,10200.0,0.78,546.1644542772862,0.20039324590031013,3389.7571428571428,9.0,20.0,21.0,678.0,35.0
2.4261616161616164,10400.0,0.74,550.9971346704871,0.2010013581172846,3580.5555555555557,9.0,21.0,20.0,698.0,36.0
2.4261616161616164,10600.0,0.8,550.8314527503526,0.19747430725883283,3766.0675675675675,12.0,18.0,20.0,709.0,37.0
2.4261616161616164,10800.0,0.8,550.4972144846797,0.19443374617396064,3766.0675675675675,8.0,21.0,21.0,718.0,37.0
2.4261616161616164,11000.0,0.8,549.551440329218,0.1944742869884256,3766.0675675675675,9.0,18.0,23.0,729.0,37.0
2.4261616161616164,11200.0,0.78,550.7122641509434,0.18971074128879248,3766.0675675675675,9.0,15.0,26.0,742.0,37.0
2.4261616161616164,11400.0,0.76,548.6627140974967,0.1867715322400827,3766.0675675675675,7.0,18.0,25.0,759.0,37.0
2.4261616161616164,11600.0,0.8,550.0420439844761,0.18206879776214704,3766.0675675675675,7.0,17.0,26.0,773.0,37.0
2.4261616161616164,11800.0,0.78,548.9689086294417,0.18079176210650072,3975.2763157894738,7.0,16.0,27.0,788.0,38.0
2.4261616161616164,12000.0,0.78,548.9591584158416,0.18150122635963756,3975.2763157894738,8.0,17.0,25.0,808.0,38.0
2.4261616161616164,12200.0,0.76,543.5390625,0.18202825694768207,3975.2763157894738,9.0,17.0,24.0,832.0,38.0
2.4261616161616164,12400.0,0.78,541.1951934349355,0.18531206291934404,3975.2763157894738,7.0,19.0,24.0,853.0,38.0
2.4261616161616164,12600.0,0.74,535.9183908045977,0.18164311921026494,3975.2763157894738,9.0,17.0,24.0,870.0,38.0
2.4261616161616164,12800.0,0.78,533.7404063205418,0.1802647315184562,3975.2763157894738,10.0,16.0,24.0,886.0,38.0
2.4261616161616164,13000.0,0.72,533.0618784530387,0.17404171649808445,3975.2763157894738,8.0,16.0,26.0,905.0,38.0
2.4261616161616164,13200.0,0.74,531.5969664138678,0.17304846654369285,3968.4102564102564,10.0,13.0,27.0,923.0,39.0
2.4261616161616164,13400.0,0.78,530.1876332622601,0.170190339123913,3968.4102564102564,9.0,13.0,28.0,938.0,39.0
2.4261616161616164,13600.0,0.8,527.5219665271967,0.16956195649970607,3968.4102564102564,9.0,15.0,26.0,956.0,39.0
2.4261616161616164,13800.0,0.74,528.3706365503081,0.17250116554841588,3968.4102564102564,8.0,16.0,26.0,974.0,39.0
2.4261616161616164,14000.0,0.76,527.3682877406281,0.1796363488942493,3887.55,9.0,15.0,26.0,987.0,40.0
2.4261616161616164,14200.0,0.76,525.5651093439363,0.18121744065838283,4137.207317073171,11.0,12.0,27.0,1006.0,41.0
2.4261616161616164,14400.0,0.78,522.2609756097561,0.17643362455151723,4137.207317073171,9.0,16.0,25.0,1025.0,41.0
2.4261616161616164,14600.0,0.76,520.3654214559386,0.17308900735815783,4137.207317073171,9.0,16.0,25.0,1044.0,41.0
2.4261616161616164,14800.0,0.78,520.6618062088429,0.17596740518517018,4137.207317073171,9.0,17.0,24.0,1063.0,41.0
2.4261616161616164,15000.0,0.78,519.1451762523191,0.18269718038635396,4137.207317073171,10.0,16.0,24.0,1078.0,41.0
2.4261616161616164,15200.0,0.78,519.2291857273559,0.18012283866782883,4254.583333333333,9.0,16.0,25.0,1093.0,42.0
2.4261616161616164,15400.0,0.8,517.6939693969397,0.18196744572598464,4254.583333333333,11.0,15.0,24.0,1111.0,42.0
2.4261616161616164,15600.0,0.78,516.2577777777777,0.1842782721504875,4283.7558139534885,10.0,16.0,24.0,1125.0,43.0
2.4261616161616164,15800.0,0.72,516.3996509598604,0.1835079966756532,4299.681818181818,9.0,17.0,24.0,1146.0,44.0
2.4261616161616164,16000.0,0.76,516.0081967213115,0.18543368536273894,4399.855555555556,10.0,15.0,25.0,1159.0,45.0
2.4563636363636365,0.0,0.0,nan,0.015202805424360975,nan,0.0,0.0,50.0,0.0,0.0
2.4563636363636365,200.0,0.36,nan,0.038371880891087104,nan,0.0,12.0,38.0,0.0,0.0
2.4563636363636365,400.0,0.7,66.5,0.08209514929154926,nan,0.0,21.0,29.0,1.0,0.0
2.4563636363636365,600.0,0.78,290.0,0.12446030040743518,518.75,2.0,20.0,28.0,7.0,2.0
2.4563636363636365,800.0,0.8,397.25,0.14627125858958506,648.8571428571429,7.0,15.0,28.0,14.0,7.0
2.4563636363636365,1000.0,0.8,444.2368421052632,0.1588997222954209,725.3333333333334,9.0,13.0,28.0,19.0,9.0
2.4563636363636365,1200.0,0.8,503.1136363636364,0.1673524821113656,753.05,10.0,13.0,27.0,22.0,10.0
2.4563636363636365,1400.0,0.8,618.4137931034483,0.1714876451867918,834.1666666666666,11.0,11.0,28.0,29.0,12.0
2.4563636363636365,1600.0,0.76,666.2763157894736,0.1747309103439888,882.5769230769231,9.0,11.0,30.0,38.0,13.0
2.4563636363636365,1800.0,0.8,766.824074074074,0.178866073419415,986.6666666666666,11.0,9.0,30.0,54.0,15.0
2.4563636363636365,2000.0,0.8,732.8239436619718,0.18946749640200272,986.6666666666666,11.0,10.0,29.0,71.0,15.0
2.4563636363636365,2200.0,0.8,733.1046511627907,0.195122940019865,1114.0,15.0,6.0,29.0,86.0,17.0
2.4563636363636365,2400.0,0.78,683.7745098039215,0.1995418887965459,1177.2777777777778,14.0,7.0,29.0,102.0,18.0
2.4563636363636365,2600.0,0.78,672.9913793103449,0.1964405164899763,1177.2777777777778,11.0,12.0,27.0,116.0,18.0
2.4563636363636365,2800.0,0.78,658.9108527131783,0.19459590943182048,1338.275,14.0,9.0,27.0,129.0,20.0
2.4563636363636365,3000.0,0.78,628.96,0.1924067054507125,1338.275,11.0,12.0,27.0,150.0,20.0
2.4563636363636365,3200.0,0.8,622.2592592592592,0.19802160825410983,1338.275,11.0,12.0,27.0,162.0,20.0
2.4563636363636365,3400.0,0.76,618.7752808988764,0.20090000608112216,1338.275,13.0,10.0,27.0,178.0,20.0
2.4563636363636365,3600.0,0.8,606.2539267015707,0.2036770518719721,1338.275,14.0,11.0,25.0,191.0,20.0
2.4563636363636365,3800.0,0.8,600.8990147783251,0.19875134291447916,1338.275,11.0,15.0,24.0,203.0,20.0
2.4563636363636365,4000.0,0.78,596.1353211009174,0.1966432205623011,1338.275,10.0,16.0,24.0,218.0,20.0
2.4563636363636365,4200.0,0.76,589.5253164556962,0.19656213893337118,1472.904761904762,12.0,15.0,23.0,237.0,21.0
2.4563636363636365,4400.0,0.8,582.938,0.19733241440820545,1472.904761904762,9.0,18.0,23.0,250.0,21.0
2.4563636363636365,4600.0,0.76,588.2453183520599,0.19419050128717086,1472.904761904762,8.0,19.0,23.0,267.0,21.0
2.4563636363636365,4800.0,0.8,587.3321554770318,0.19145399631078588,1472.904761904762,5.0,21.0,24.0,283.0,21.0
2.4563636363636365,5000.0,0.76,585.2840136054422,0.19147426671801837,1765.608695652174,8.0,18.0,24.0,294.0,23.0
2.4563636363636365,5200.0,0.76,580.1596091205212,0.1877647821944743,1765.608695652174,7.0,19.0,24.0,307.0,23.0
2.4563636363636365,5400.0,0.8,582.8639240506329,0.19406887884377597,1911.625,12.0,12.0,26.0,316.0,24.0
2.4563636363636365,5600.0,0.78,579.1159638554217,0.18821073115358888,1911.625,10.0,14.0,26.0,332.0,24.0
2.4563636363636365,5800.0,0.8,583.0598290598291,0.18263636916465653,1911.625,10.0,14.0,26.0,351.0,24.0
2.4563636363636365,6000.0,0.78,583.017808219178,0.17590659396347272,1911.625,8.0,17.0,25.0,365.0,24.0
2.4563636363636365,6200.0,0.76,577.7139107611548,0.1731295481726228,2082.26,8.0,19.0,23.0,381.0,25.0
2.4563636363636365,6400.0,0.78,570.4346733668342,0.1764741653659822,2246.846153846154,9.0,17.0,24.0,398.0,26.0
2.4563636363636365,6600.0,0.78,565.3824940047962,0.18200798654044958,2246.846153846154,8.0,18.0,24.0,417.0,26.0
2.4563636363636365,6800.0,0.76,562.2419724770642,0.18529179251211156,2568.285714285714,11.0,15.0,24.0,436.0,28.0
2.4563636363636365,7000.0,0.8,557.6726057906459,0.18585936391462105,2720.7586206896553,10.0,17.0,23.0,449.0,29.0
2.4563636363636365,7200.0,0.78,555.5972222222222,0.18620396083757323,2720.7586206896553,9.0,19.0,22.0,468.0,29.0
2.4563636363636365,7400.0,0.8,555.3100208768267,0.19216346056392272,2720.7586206896553,10.0,19.0,21.0,479.0,29.0
2.4563636363636365,7600.0,0.76,552.4949596774194,0.1913121034601585,2720.7586206896553,11.0,17.0,22.0,496.0,29.0
2.4563636363636365,7800.0,0.76,543.2355212355212,0.19313644011108183,2720.7586206896553,10.0,17.0,23.0,518.0,29.0
2.4563636363636365,8000.0,0.8,540.4745762711865,0.19072426165041656,2895.0,10.0,18.0,22.0,531.0,30.0
2.4563636363636365,8200.0,0.76,539.851548269581,0.18993371576834978,2895.0,8.0,20.0,22.0,549.0,30.0
2.4563636363636365,8400.0,0.76,540.0649122807017,0.1866701802039203,2895.0,8.0,19.0,23.0,570.0,30.0
2.4563636363636365,8600.0,0.8,536.3156089193825,0.18630531287373564,3074.1129032258063,9.0,19.0,22.0,583.0,31.0
2.4563636363636365,8800.0,0.76,532.6683333333333,0.187541807714917,3249.546875,8.0,21.0,21.0,600.0,32.0
2.4563636363636365,9000.0,0.78,530.719512195122,0.19029858309853445,3577.970588235294,9.0,19.0,22.0,615.0,34.0
2.4563636363636365,9200.0,0.76,528.932753164557,0.19423104210163583,3577.970588235294,9.0,21.0,20.0,632.0,34.0
2.4563636363636365,9400.0,0.8,529.6124807395994,0.18973101169602496,3577.970588235294,8.0,22.0,20.0,649.0,34.0
2.4563636363636365,9600.0,0.74,528.1193353474321,0.1849471955891594,3577.970588235294,9.0,19.0,22.0,662.0,34.0
2.4563636363636365,9800.0,0.78,524.344395280236,0.18300123649484118,3577.970588235294,8.0,21.0,21.0,678.0,34.0
2.4563636363636365,10000.0,0.76,523.3612716763006,0.17876472138325258,3577.970588235294,9.0,19.0,22.0,692.0,34.0
2.4563636363636365,10200.0,0.78,526.1137640449438,0.17965661930148177,3941.0138888888887,8.0,19.0,23.0,712.0,36.0
2.4563636363636365,10400.0,0.78,524.3987603305785,0.18478503233129953,4115.175675675676,12.0,14.0,24.0,726.0,37.0
2.4563636363636365,10600.0,0.78,525.3335597826087,0.18827154237528632,4282.263157894737,13.0,12.0,25.0,736.0,38.0
2.4563636363636365,10800.0,0.74,524.2964190981432,0.1873188332353597,4282.263157894737,12.0,13.0,25.0,754.0,38.0
2.4563636363636365,11000.0,0.76,525.6621271076524,0.18575801187845864,4282.263157894737,10.0,15.0,25.0,771.0,38.0
2.4563636363636365,11200.0,0.78,523.2509433962264,0.17902823667727485,4282.263157894737,8.0,17.0,25.0,795.0,38.0
2.4563636363636365,11400.0,0.74,523.0651105651106,0.1770214663612592,4282.263157894737,8.0,18.0,24.0,814.0,38.0
2.4563636363636365,11600.0,0.8,520.4897466827503,0.18190663450428718,4282.263157894737,8.0,18.0,24.0,829.0,38.0
2.4563636363636365,11800.0,0.78,517.0615384615385,0.18519044047594915,4472.884615384615,10.0,16.0,24.0,845.0,39.0
2.4563636363636365,12000.0,0.76,516.4551282051282,0.19035939432023188,4472.884615384615,10.0,18.0,22.0,858.0,39.0
2.4563636363636365,12200.0,0.76,516.3945267958951,0.1906634504287191,4390.5875,11.0,16.0,23.0,877.0,40.0
2.4563636363636365,12400.0,0.8,514.67225950783,0.19435266454503072,4390.5875,10.0,18.0,22.0,894.0,40.0
2.4563636363636365,12600.0,0.78,512.4901315789474,0.1954269961283522,4333.292682926829,11.0,17.0,22.0,912.0,41.0
2.4563636363636365,12800.0,0.76,510.1850858369099,0.1882918127825188,4333.292682926829,11.0,17.0,22.0,932.0,41.0
2.4563636363636365,13000.0,0.8,511.12829989440337,0.18693369549794256,4537.214285714285,11.0,16.0,23.0,947.0,42.0
2.4563636363636365,13200.0,0.78,511.63108808290156,0.18245393549956418,4537.214285714285,10.0,16.0,24.0,965.0,42.0
2.4563636363636365,13400.0,0.76,510.39785495403476,0.18559584862059877,4537.214285714285,8.0,17.0,25.0,979.0,42.0
2.4563636363636365,13600.0,0.78,509.30811623246495,0.18123771106561531,4537.214285714285,9.0,16.0,25.0,998.0,42.0
2.4563636363636365,13800.0,0.8,511.0327056491576,0.1760282164068676,4537.214285714285,9.0,16.0,25.0,1009.0,42.0
2.4563636363636365,14000.0,0.78,509.42143549951504,0.1764944357732147,4638.863636363636,9.0,16.0,25.0,1031.0,44.0
2.4563636363636365,14200.0,0.76,507.42175572519085,0.17645389495874972,4638.863636363636,10.0,16.0,24.0,1048.0,44.0
2.4563636363636365,14400.0,0.8,506.3999060150376,0.1790687774917398,5057.891304347826,12.0,14.0,24.0,1064.0,46.0
2.4563636363636365,14600.0,0.74,505.5746061167748,0.17775120102162853,5057.891304347826,11.0,15.0,24.0,1079.0,46.0
2.4563636363636365,14800.0,0.8,505.64031078610606,0.1790687774917398,5057.891304347826,10.0,16.0,24.0,1094.0,46.0
2.4563636363636365,15000.0,0.74,507.51124100719426,0.18032554274015364,5268.18085106383,9.0,17.0,24.0,1112.0,47.0
2.4563636363636365,15200.0,0.78,505.1453333333333,0.17965661930148177,5268.18085106383,11.0,16.0,23.0,1125.0,47.0
2.4563636363636365,15400.0,0.76,503.6187554776512,0.17760930817100115,5268.18085106383,10.0,16.0,24.0,1141.0,47.0
2.4563636363636365,15600.0,0.78,506.00172265288546,0.1769201143250968,5270.010416666667,10.0,18.0,22.0,1161.0,48.0
2.4563636363636365,15800.0,0.8,505.0857508532423,0.17860255812539275,5270.010416666667,10.0,17.0,23.0,1172.0,48.0
2.4563636363636365,16000.0,0.76,505.3558178752108,0.17943364482192448,5270.010416666667,9.0,17.0,24.0,1186.0,48.0
2.4865656565656566,0.0,0.0,nan,0.015202805424360975,nan,0.0,0.0,50.0,0.0,0.0
2.4865656565656566,200.0,0.36,nan,0.038371880891087104,nan,0.0,12.0,38.0,0.0,0.0
2.4865656565656566,400.0,0.7,236.5,0.07909512902114203,nan,0.0,18.0,32.0,1.0,0.0
2.4865656565656566,600.0,0.76,225.0,0.11511564267326131,497.0,2.0,16.0,32.0,4.0,2.0
2.4865656565656566,800.0,0.8,270.64285714285717,0.14089960067297752,653.375,8.0,11.0,31.0,7.0,8.0
2.4865656565656566,1000.0,0.78,448.125,0.15754160501084466,679.8888888888889,9.0,10.0,31.0,12.0,9.0
2.4865656565656566,1200.0,0.78,550.8913043478261,0.1648997628362354,815.6153846153846,11.0,9.0,30.0,23.0,13.0
2.4865656565656566,1400.0,0.8,675.9305555555555,0.16773761984878277,815.6153846153846,12.0,8.0,30.0,36.0,13.0
2.4865656565656566,1600.0,0.78,759.1122448979592,0.17438631342103664,901.3333333333334,12.0,10.0,28.0,49.0,15.0
2.4865656565656566,1800.0,0.78,740.2105263157895,0.18067013966310583,950.0,13.0,10.0,27.0,57.0,16.0
2.4865656565656566,2000.0,0.76,742.4718309859155,0.18604179757971337,1003.0882352941177,13.0,10.0,27.0,71.0,17.0
2.4865656565656566,2200.0,0.8,709.3465909090909,0.18567693024952872,1067.25,13.0,10.0,27.0,88.0,18.0
2.4865656565656566,2400.0,0.8,706.9639175257732,0.1882918127825188,1067.25,13.0,9.0,28.0,97.0,18.0
2.4865656565656566,2600.0,0.8,700.4629629629629,0.1876431597510794,1141.7368421052631,11.0,11.0,28.0,108.0,19.0
2.4865656565656566,2800.0,0.8,683.6209677419355,0.18344718545395577,1222.15,13.0,9.0,28.0,124.0,20.0
2.4865656565656566,3000.0,0.78,656.7769784172662,0.19021750146960453,1222.15,13.0,9.0,28.0,139.0,20.0
2.4865656565656566,3200.0,0.78,648.7105263157895,0.18750126690045202,1222.15,12.0,10.0,28.0,152.0,20.0
2.4865656565656566,3400.0,0.78,648.7363636363636,0.17835931323860296,1222.15,11.0,11.0,28.0,165.0,20.0
2.4865656565656566,3600.0,0.74,639.4946808510638,0.1772444408408165,1222.15,9.0,14.0,27.0,188.0,20.0
2.4865656565656566,3800.0,0.72,624.4014778325123,0.17710254799018912,1222.15,10.0,14.0,26.0,203.0,20.0
2.4865656565656566,4000.0,0.74,613.9477272727273,0.17556199704052056,1222.15,10.0,15.0,25.0,220.0,20.0
2.4865656565656566,4200.0,0.76,609.8397435897435,0.1752579409320333,1222.15,11.0,14.0,25.0,234.0,20.0
2.4865656565656566,4400.0,0.78,598.2378048780488,0.17586605314900777,1222.15,11.0,14.0,25.0,246.0,20.0
2.4865656565656566,4600.0,0.76,593.3721374045801,0.17870391016155515,1376.642857142857,13.0,11.0,26.0,262.0,21.0
2.4865656565656566,4800.0,0.76,590.5981818181818,0.18095392536436056,1376.642857142857,10.0,14.0,26.0,275.0,21.0
2.4865656565656566,5000.0,0.76,589.4616724738676,0.18512962925425172,1376.642857142857,11.0,13.0,26.0,287.0,21.0
2.4865656565656566,5200.0,0.78,592.1560402684564,0.1871972107919648,1376.642857142857,9.0,15.0,26.0,298.0,21.0
2.4865656565656566,5400.0,0.8,591.186119873817,0.18725802201366226,1552.5,11.0,15.0,24.0,317.0,22.0
2.4865656565656566,5600.0,0.78,591.2966360856269,0.1915553483469483,1552.5,13.0,13.0,24.0,327.0,22.0
2.4865656565656566,5800.0,0.76,588.7289855072464,0.19321752174001175,1729.6739130434783,12.0,17.0,21.0,345.0,23.0
2.4865656565656566,6000.0,0.78,582.8642659279778,0.18967020047432753,1729.6739130434783,10.0,20.0,20.0,361.0,23.0
2.4865656565656566,6200.0,0.8,581.5521390374331,0.19787971540348245,1729.6739130434783,10.0,19.0,21.0,374.0,23.0
2.4865656565656566,6400.0,0.8,578.6653846153846,0.1985891796566193,1729.6739130434783,7.0,22.0,21.0,390.0,23.0
2.4865656565656566,6600.0,0.74,580.2931034482758,0.20029189386414772,1929.0,8.0,20.0,22.0,406.0,24.0
2.4865656565656566,6800.0,0.76,575.3649289099526,0.20256217947418564,2119.48,11.0,18.0,21.0,422.0,25.0
2.4865656565656566,7000.0,0.78,573.493119266055,0.20623112318326475,2299.653846153846,12.0,17.0,21.0,436.0,26.0
2.4865656565656566,7200.0,0.76,568.6711111111111,0.20420408246001662,2299.653846153846,13.0,16.0,21.0,450.0,26.0
2.4865656565656566,7400.0,0.72,568.8372844827586,0.20189325603551375,2484.759259259259,13.0,16.0,21.0,464.0,27.0
2.4865656565656566,7600.0,0.76,568.2095435684647,0.19824458273366713,2827.137931034483,11.0,18.0,21.0,482.0,29.0
2.4865656565656566,7800.0,0.8,563.1386639676114,0.192426975857945,2827.137931034483,10.0,18.0,22.0,494.0,29.0
2.4865656565656566,8000.0,0.78,562.1734892787524,0.18214987939107696,2827.137931034483,11.0,16.0,23.0,513.0,29.0
2.4865656565656566,8200.0,0.8,559.5094339622641,0.1831836701599335,2827.137931034483,10.0,18.0,22.0,530.0,29.0
2.4865656565656566,8400.0,0.8,554.7952029520295,0.18042689477631604,2827.137931034483,11.0,17.0,22.0,542.0,29.0
2.4865656565656566,8600.0,0.74,557.0602836879433,0.17762957857823364,2827.137931034483,9.0,19.0,22.0,564.0,29.0
2.4865656565656566,8800.0,0.8,553.9957044673539,0.1790890478989723,2827.137931034483,9.0,19.0,22.0,582.0,29.0
2.4865656565656566,9000.0,0.74,551.2374581939799,0.17904850708450734,2827.137931034483,8.0,20.0,22.0,598.0,29.0
2.4865656565656566,9200.0,0.78,548.5089285714286,0.17860255812539275,2827.137931034483,8.0,21.0,21.0,616.0,29.0
2.4865656565656566,9400.0,0.74,544.1406003159558,0.17969716011594672,2827.137931034483,8.0,21.0,21.0,633.0,29.0
2.4865656565656566,9600.0,0.76,540.5146604938271,0.17969716011594672,2827.137931034483,8.0,20.0,22.0,648.0,29.0
2.4865656565656566,9800.0,0.74,537.622754491018,0.17464982871505888,3058.35,8.0,19.0,23.0,668.0,30.0
2.4865656565656566,10000.0,0.78,536.6730205278592,0.1790687774917398,3058.35,8.0,18.0,24.0,682.0,30.0
2.4865656565656566,10200.0,0.74,537.4221428571428,0.183203940567166,3058.35,9.0,18.0,23.0,700.0,30.0
2.4865656565656566,10400.0,0.78,533.9741258741259,0.18387286400583788,3058.35,8.0,21.0,21.0,715.0,30.0
2.4865656565656566,10600.0,0.74,531.9065040650406,0.18241339468509923,3139.7096774193546,8.0,21.0,21.0,738.0,31.0
2.4865656565656566,10800.0,0.76,528.787798408488,0.18231204264893683,3139.7096774193546,10.0,19.0,21.0,754.0,31.0
2.4865656565656566,11000.0,0.74,527.9032467532468,0.18000121622443394,3141.203125,11.0,18.0,21.0,770.0,32.0
2.4865656565656566,11200.0,0.8,527.2618135376756,0.17651470618044718,3141.203125,7.0,21.0,22.0,783.0,32.0
2.4865656565656566,11400.0,0.8,524.1164383561644,0.17047412482516774,3141.203125,7.0,22.0,21.0,803.0,32.0
2.4865656565656566,11600.0,0.8,518.3790810157195,0.16913627794782396,3397.3030303030305,7.0,22.0,21.0,827.0,33.0
2.4865656565656566,11800.0,0.8,517.2657926102503,0.17162953803741918,3397.3030303030305,7.0,21.0,22.0,839.0,33.0
2.4865656565656566,12000.0,0.78,515.483606557377,0.17655524699491212,3646.720588235294,8.0,21.0,21.0,854.0,34.0
2.4865656565656566,12200.0,0.8,516.4609195402298,0.1798187825593416,3888.557142857143,8.0,23.0,19.0,870.0,35.0
2.4865656565656566,12400.0,0.78,516.4983146067416,0.1836093487118156,3888.557142857143,9.0,22.0,19.0,890.0,35.0
2.4865656565656566,12600.0,0.8,515.9794444444444,0.18930533314414286,3888.557142857143,7.0,23.0,20.0,900.0,35.0
2.4865656565656566,12800.0,0.8,515.1528835690968,0.18792694545233413,3888.557142857143,9.0,21.0,20.0,919.0,35.0
2.4865656565656566,13000.0,0.78,513.4256900212314,0.18089311414266313,3888.557142857143,9.0,21.0,20.0,942.0,35.0
2.4865656565656566,13200.0,0.78,510.10239085239084,0.1746295583078264,4144.722222222223,9.0,20.0,21.0,962.0,36.0
2.4865656565656566,13400.0,0.8,512.1976506639428,0.1743052317921067,4393.8378378378375,10.0,18.0,22.0,979.0,37.0
2.4865656565656566,13600.0,0.78,511.43087790110997,0.17663632862384204,4393.8378378378375,10.0,17.0,23.0,991.0,37.0
2.4865656565656566,13800.0,0.78,508.7765113974232,0.17726471124804896,4393.8378378378375,9.0,17.0,24.0,1009.0,37.0
2.4865656565656566,14000.0,0.74,508.2043010752688,0.17892688464111245,4393.8378378378375,10.0,15.0,25.0,1023.0,37.0
2.4865656565656566,14200.0,0.76,508.65225744476464,0.17467009912229137,4650.723684210527,13.0,12.0,25.0,1041.0,38.0
2.4865656565656566,14400.0,0.78,506.8708609271523,0.17523767052480085,4650.723684210527,13.0,11.0,26.0,1057.0,38.0
2.4865656565656566,14600.0,0.78,506.4920337394564,0.1698660126081933,4650.723684210527,9.0,15.0,26.0,1067.0,38.0
2.4865656565656566,14800.0,0.78,507.3602941176471,0.17055520645409766,4650.723684210527,8.0,17.0,25.0,1088.0,38.0
2.4865656565656566,15000.0,0.76,507.5302346570397,0.17631200210812234,4650.723684210527,10.0,15.0,25.0,1108.0,38.0
2.4865656565656566,15200.0,0.78,504.732332155477,0.17969716011594672,4650.723684210527,9.0,17.0,24.0,1132.0,38.0
2.4865656565656566,15400.0,0.8,502.930506993007,0.18046743559078102,4650.723684210527,9.0,18.0,23.0,1144.0,38.0
2.4865656565656566,15600.0,0.78,501.40940465918897,0.17663632862384204,4650.723684210527,8.0,18.0,24.0,1159.0,38.0
2.4865656565656566,15800.0,0.8,501.1609735269001,0.17552145622605558,4931.692307692308,8.0,18.0,24.0,1171.0,39.0
2.4865656565656566,16000.0,0.72,502.4535864978903,0.17454847667889647,4826.1875,10.0,16.0,24.0,1185.0,40.0
2.5167676767676768,0.0,0.0,nan,0.015202805424360975,nan,0.0,0.0,50.0,0.0,0.0
2.5167676767676768,200.0,0.36,nan,0.03831106966938966,nan,0.0,11.0,39.0,0.0,0.0
2.5167676767676768,400.0,0.6,248.0,0.07937891472239678,nan,0.0,20.0,30.0,3.0,0.0
2.5167676767676768,600.0,0.78,272.2142857142857,0.11908864249082764,538.5,1.0,20.0,29.0,7.0,1.0
2.5167676767676768,800.0,0.78,406.61538461538464,0.1454807127075183,617.0,4.0,17.0,29.0,13.0,4.0
2.5167676767676768,1000.0,0.8,463.34375,0.16100784464759896,797.05,9.0,12.0,29.0,16.0,10.0
2.5167676767676768,1200.0,0.8,557.6666666666666,0.16972411975756593,854.75,11.0,9.0,30.0,24.0,12.0
2.5167676767676768,1400.0,0.78,617.0757575757576,0.17833904283137048,854.75,11.0,9.0,30.0,33.0,12.0
2.5167676767676768,1600.0,0.8,647.1382978723404,0.1811363590294529,954.6785714285714,11.0,9.0,30.0,47.0,14.0
2.5167676767676768,1800.0,0.8,690.6140350877193,0.18314312934546856,954.6785714285714,11.0,10.0,29.0,57.0,14.0
2.5167676767676768,2000.0,0.78,715.85,0.18608233839417834,1017.5333333333333,10.0,12.0,28.0,70.0,15.0
2.5167676767676768,2200.0,0.8,680.922619047619,0.1870958587558024,1146.9117647058824,12.0,11.0,27.0,84.0,17.0
2.5167676767676768,2400.0,0.76,685.6730769230769,0.18685261386901264,1146.9117647058824,10.0,13.0,27.0,104.0,17.0
2.5167676767676768,2600.0,0.78,638.1652892561983,0.18977155251048994,1218.4166666666667,10.0,13.0,27.0,121.0,18.0
2.5167676767676768,2800.0,0.78,639.3097014925373,0.18999452699004724,1218.4166666666667,10.0,13.0,27.0,134.0,18.0
2.5167676767676768,3000.0,0.8,617.2244897959183,0.18837289441144872,1390.975,9.0,14.0,27.0,147.0,20.0
2.5167676767676768,3200.0,0.76,616.2561728395061,0.18131879269454523,1390.975,8.0,14.0,28.0,162.0,20.0
2.5167676767676768,3400.0,0.8,610.0738636363636,0.17633227251535483,1479.9761904761904,10.0,12.0,28.0,176.0,21.0
2.5167676767676768,3600.0,0.76,608.1623711340206,0.1708187217481199,1479.9761904761904,10.0,13.0,27.0,194.0,21.0
2.5167676767676768,3800.0,0.8,588.941037735849,0.17211602781099872,1479.9761904761904,8.0,15.0,27.0,212.0,21.0
2.5167676767676768,4000.0,0.8,582.7057522123894,0.1720349461820688,1479.9761904761904,9.0,14.0,27.0,226.0,21.0
2.5167676767676768,4200.0,0.78,578.8958333333334,0.17643362455151723,1479.9761904761904,8.0,14.0,28.0,240.0,21.0
2.5167676767676768,4400.0,0.76,570.3615384615384,0.17933229278576207,1479.9761904761904,8.0,15.0,27.0,260.0,21.0
2.5167676767676768,4600.0,0.78,560.1589285714285,0.17708227758295664,1479.9761904761904,9.0,14.0,27.0,280.0,21.0
2.5167676767676768,4800.0,0.8,561.5137931034483,0.17754849694930372,1479.9761904761904,8.0,15.0,27.0,290.0,21.0
2.5167676767676768,5000.0,0.74,555.1205211726384,0.18206879776214704,1479.9761904761904,7.0,18.0,25.0,307.0,21.0
2.5167676767676768,5200.0,0.78,550.4708588957055,0.18557557821336632,1642.3181818181818,9.0,16.0,25.0,326.0,22.0
2.5167676767676768,5400.0,0.8,547.7906976744187,0.18618369043034075,1774.0,9.0,16.0,25.0,344.0,24.0
2.5167676767676768,5600.0,0.74,540.8296398891966,0.18847424644761113,1774.0,9.0,16.0,25.0,361.0,24.0
2.5167676767676768,5800.0,0.76,537.0227272727273,0.18401475685646523,1774.0,8.0,18.0,24.0,374.0,24.0
2.5167676767676768,6000.0,0.74,535.9744897959183,0.18030527233292118,1774.0,7.0,20.0,23.0,392.0,24.0
2.5167676767676768,6200.0,0.78,537.6145320197045,0.17856201731092777,1947.62,8.0,19.0,23.0,406.0,25.0
2.5167676767676768,6400.0,0.8,530.968085106383,0.1771228183974216,2115.9615384615386,10.0,17.0,23.0,423.0,26.0
2.5167676767676768,6600.0,0.8,535.0567129629629,0.17827823160967304,2115.9615384615386,9.0,18.0,23.0,432.0,26.0
2.5167676767676768,6800.0,0.76,535.3579295154185,0.1792714815640646,2115.9615384615386,10.0,15.0,25.0,454.0,26.0
2.5167676767676768,7000.0,0.78,535.3583690987125,0.18658909857499037,2115.9615384615386,12.0,13.0,25.0,466.0,26.0
2.5167676767676768,7200.0,0.78,529.5680412371134,0.18715666997749986,2115.9615384615386,11.0,14.0,25.0,485.0,26.0
2.5167676767676768,7400.0,0.76,521.5776031434185,0.18800802708126407,2307.203703703704,10.0,16.0,24.0,509.0,27.0
2.5167676767676768,7600.0,0.78,517.1807692307692,0.19005533821174467,2307.203703703704,10.0,16.0,24.0,520.0,27.0
2.5167676767676768,7800.0,0.76,518.600553505535,0.19031885350576694,2307.203703703704,9.0,17.0,24.0,542.0,27.0
2.5167676767676768,8000.0,0.8,516.124772313297,0.18598098635801594,2307.203703703704,9.0,15.0,26.0,549.0,27.0
2.5167676767676768,8200.0,0.76,516.8148148148148,0.18148095595240507,2307.203703703704,9.0,15.0,26.0,567.0,27.0
2.5167676767676768,8400.0,0.76,517.6364421416234,0.18127825188008026,2718.2413793103447,10.0,14.0,26.0,579.0,29.0
2.5167676767676768,8600.0,0.76,520.947723440135,0.18020392029675877,2718.2413793103447,10.0,14.0,26.0,593.0,29.0
2.5167676767676768,8800.0,0.8,522.1083743842364,0.1830620477165386,2718.2413793103447,9.0,15.0,26.0,609.0,29.0
2.5167676767676768,9000.0,0.78,522.4258373205741,0.18208906816937953,2696.9666666666667,10.0,14.0,26.0,627.0,30.0
2.5167676767676768,9200.0,0.72,518.901397515528,0.17904850708450734,2696.9666666666667,10.0,14.0,26.0,644.0,30.0
2.5167676767676768,9400.0,0.76,517.8272171253823,0.1788458030121825,2696.9666666666667,10.0,13.0,27.0,654.0,30.0
2.5167676767676768,9600.0,0.8,520.5165662650602,0.17710254799018912,2696.9666666666667,9.0,13.0,28.0,664.0,30.0
2.5167676767676768,9800.0,0.76,522.9450222882615,0.17308900735815783,2696.9666666666667,10.0,10.0,30.0,673.0,30.0
2.5167676767676768,10000.0,0.78,527.7631195335277,0.1710619666349097,2696.9666666666667,9.0,10.0,31.0,686.0,30.0
2.5167676767676768,10200.0,0.8,530.8145506419401,0.1686700585814769,2717.435483870968,10.0,11.0,29.0,701.0,31.0
2.5167676767676768,10400.0,0.78,529.783426183844,0.16929844120568383,2717.435483870968,8.0,12.0,30.0,718.0,31.0
2.5167676767676768,10600.0,0.78,529.4699863574352,0.17039304319623783,2717.435483870968,10.0,11.0,29.0,733.0,31.0
2.5167676767676768,10800.0,0.74,531.4229222520107,0.17523767052480085,2717.435483870968,11.0,10.0,29.0,746.0,31.0
2.5167676767676768,11000.0,0.76,526.9399477806788,0.18251474672126164,2717.435483870968,7.0,17.0,26.0,766.0,31.0
2.5167676767676768,11200.0,0.78,527.1494178525227,0.19129183305292605,2717.435483870968,6.0,20.0,24.0,773.0,31.0
2.5167676767676768,11400.0,0.78,530.7512787723786,0.1954269961283522,2983.125,7.0,20.0,23.0,782.0,32.0
2.5167676767676768,11600.0,0.8,528.6610275689223,0.19670403178399853,3489.514705882353,9.0,19.0,22.0,798.0,34.0
2.5167676767676768,11800.0,0.8,529.7773006134969,0.20019054182798532,3946.1944444444443,9.0,19.0,22.0,815.0,36.0
2.5167676767676768,12000.0,0.8,530.6854741896759,0.20116352137514443,4161.7972972972975,10.0,17.0,23.0,833.0,37.0
2.5167676767676768,12200.0,0.78,528.7655699177438,0.19804187866134232,4569.025641025641,8.0,20.0,22.0,851.0,39.0
2.5167676767676768,12400.0,0.8,530.2312138728323,0.20262299069588308,4778.548780487805,9.0,20.0,21.0,865.0,41.0
2.5167676767676768,12600.0,0.8,530.748291571754,0.20527841404333813,4962.976190476191,10.0,19.0,21.0,878.0,42.0
2.5167676767676768,12800.0,0.74,531.2133258678612,0.2033527253562524,4962.976190476191,10.0,19.0,21.0,893.0,42.0
2.5167676767676768,13000.0,0.8,529.5837927232635,0.19842701639875945,4859.174418604651,9.0,21.0,20.0,907.0,43.0
2.5167676767676768,13200.0,0.78,529.716304347826,0.19633916445381389,5047.102272727273,10.0,21.0,19.0,920.0,44.0
2.5167676767676768,13400.0,0.76,527.406083244397,0.1925080574868749,5047.102272727273,10.0,19.0,21.0,937.0,44.0
2.5167676767676768,13600.0,0.78,529.7797681770285,0.19202156771329537,5047.102272727273,11.0,17.0,22.0,949.0,44.0
2.5167676767676768,13800.0,0.78,532.2135470527404,0.1851701700687167,5020.844444444445,12.0,14.0,24.0,967.0,45.0
2.5167676767676768,14000.0,0.8,531.0554425228892,0.18652828735329294,5020.844444444445,10.0,18.0,22.0,983.0,45.0
2.5167676767676768,14200.0,0.78,529.2957042957042,0.18825127196805383,5020.844444444445,9.0,21.0,20.0,1001.0,45.0
2.5167676767676768,14400.0,0.78,526.8919449901769,0.18598098635801594,4995.978260869565,8.0,22.0,20.0,1018.0,46.0
2.5167676767676768,14600.0,0.74,526.5679190751445,0.1854742261772039,4995.978260869565,8.0,22.0,20.0,1038.0,46.0
2.5167676767676768,14800.0,0.8,525.0066539923954,0.18289988445867877,5018.276595744681,8.0,22.0,20.0,1052.0,47.0
2.5167676767676768,15000.0,0.78,523.2249766136576,0.18616342002310826,5224.333333333333,9.0,22.0,19.0,1069.0,48.0
2.5167676767676768,15200.0,0.8,522.6344383057091,0.18958911884539761,5224.333333333333,10.0,20.0,20.0,1086.0,48.0
2.5167676767676768,15400.0,0.78,521.6242067089755,0.18387286400583788,5224.333333333333,8.0,21.0,21.0,1103.0,48.0
2.5167676767676768,15600.0,0.78,521.3263765541741,0.18020392029675877,5224.333333333333,7.0,21.0,22.0,1126.0,48.0
2.5167676767676768,15800.0,0.78,518.1446099912357,0.17835931323860296,5224.333333333333,8.0,21.0,21.0,1141.0,48.0
2.5167676767676768,16000.0,0.76,518.1159860990443,0.17807552753734823,5224.333333333333,8.0,20.0,22.0,1151.0,48.0
2.546969696969697,0.0,0.0,nan,0.015202805424360975,nan,0.0,0.0,50.0,0.0,0.0
2.546969696969697,200.0,0.36,nan,0.03847323292724951,nan,0.0,11.0,39.0,0.0,0.0
2.546969696969697,400.0,0.7,260.0,0.07556807816269029,nan,0.0,17.0,33.0,1.0,0.0
2.546969696969697,600.0,0.74,237.5,0.10595341860417976,519.5,1.0,16.0,33.0,7.0,1.0
2.546969696969697,800.0,0.8,357.9642857142857,0.12762248393570227,645.625,4.0,14.0,32.0,14.0,4.0
2.546969696969697,1000.0,0.8,402.78125,0.14791316157541606,752.3571428571429,6.0,13.0,31.0,16.0,7.0
2.546969696969697,1200.0,0.76,518.4130434782609,0.1585956661869337,827.7222222222222,9.0,11.0,30.0,23.0,9.0
2.546969696969697,1400.0,0.8,634.796875,0.16646058419313645,956.7083333333334,9.0,12.0,29.0,32.0,12.0
2.546969696969697,1600.0,0.8,731.4166666666666,0.1771228183974216,1039.392857142857,10.0,11.0,29.0,48.0,14.0
2.546969696969697,1800.0,0.78,707.0762711864406,0.18369043034074556,1122.65625,11.0,11.0,28.0,59.0,16.0
2.546969696969697,2000.0,0.8,695.5073529411765,0.18859586889100602,1122.65625,7.0,15.0,28.0,68.0,16.0
2.546969696969697,2200.0,0.8,718.6052631578947,0.18419719052155759,1228.138888888889,8.0,14.0,28.0,76.0,18.0
2.546969696969697,2400.0,0.78,754.304347826087,0.18561611902783126,1382.4285714285713,12.0,10.0,28.0,92.0,21.0
2.546969696969697,2600.0,0.76,736.2451923076923,0.18695396590517505,1382.4285714285713,10.0,13.0,27.0,104.0,21.0
2.546969696969697,2800.0,0.78,691.3790322580645,0.19092696572274137,1382.4285714285713,10.0,13.0,27.0,124.0,21.0
2.546969696969697,3000.0,0.78,666.0248226950355,0.192974276853222,1382.4285714285713,13.0,11.0,26.0,141.0,21.0
2.546969696969697,3200.0,0.7,668.0230263157895,0.19137291468185597,1382.4285714285713,14.0,10.0,26.0,152.0,21.0
2.546969696969697,3400.0,0.8,648.8102409638554,0.1906634504287191,1382.4285714285713,12.0,11.0,27.0,166.0,21.0
2.546969696969697,3600.0,0.8,642.04,0.18780532300893926,1478.3863636363637,12.0,12.0,26.0,175.0,22.0
2.546969696969697,3800.0,0.78,644.1328125,0.1874404556787546,1478.3863636363637,13.0,11.0,26.0,192.0,22.0
2.546969696969697,4000.0,0.8,625.4420289855072,0.18889992499949324,1478.3863636363637,10.0,12.0,28.0,207.0,22.0
2.546969696969697,4200.0,0.76,614.2755555555556,0.1889607362211907,1443.2826086956522,11.0,11.0,28.0,225.0,23.0
2.546969696969697,4400.0,0.78,602.5553278688525,0.1912310218312286,1565.2708333333333,13.0,9.0,28.0,244.0,24.0
2.546969696969697,4600.0,0.8,591.1608527131783,0.1857985526929236,1565.2708333333333,10.0,13.0,27.0,258.0,24.0
2.546969696969697,4800.0,0.78,582.9821428571429,0.18577828228569113,1565.2708333333333,10.0,13.0,27.0,280.0,24.0
2.546969696969697,5000.0,0.76,574.8634812286689,0.18277826201528388,1565.2708333333333,10.0,14.0,26.0,293.0,24.0
2.546969696969697,5200.0,0.8,573.6388888888889,0.17775120102162853,1565.2708333333333,8.0,16.0,26.0,306.0,24.0
2.546969696969697,5400.0,0.76,565.1076923076923,0.1790687774917398,1565.2708333333333,7.0,18.0,25.0,325.0,24.0
2.546969696969697,5600.0,0.8,568.6661721068249,0.187541807714917,1723.92,8.0,18.0,24.0,337.0,25.0
2.546969696969697,5800.0,0.8,572.0828571428572,0.1925283278941074,1877.8076923076924,10.0,15.0,25.0,350.0,26.0
2.546969696969697,6000.0,0.8,571.4793388429752,0.19183913404820302,2166.9464285714284,12.0,12.0,26.0,363.0,28.0
2.546969696969697,6200.0,0.78,577.0965608465608,0.18952830762370015,2166.9464285714284,11.0,13.0,26.0,378.0,28.0
2.546969696969697,6400.0,0.8,572.5797468354431,0.1879674862667991,2166.9464285714284,11.0,14.0,25.0,395.0,28.0
2.546969696969697,6600.0,0.8,570.2717121588089,0.18529179251211156,2166.9464285714284,8.0,15.0,27.0,403.0,28.0
2.546969696969697,6800.0,0.8,570.743961352657,0.18279853242251637,2166.9464285714284,11.0,12.0,27.0,414.0,28.0
2.546969696969697,7000.0,0.8,575.5070588235294,0.1760484868141001,2166.9464285714284,11.0,13.0,26.0,425.0,28.0
2.546969696969697,7200.0,0.8,576.7093821510298,0.16729167088966818,2166.9464285714284,7.0,18.0,25.0,437.0,28.0
2.546969696969697,7400.0,0.78,578.343956043956,0.16084568138973912,2166.9464285714284,5.0,21.0,24.0,455.0,28.0
2.546969696969697,7600.0,0.78,577.714135021097,0.16571057912553463,2166.9464285714284,6.0,22.0,22.0,474.0,28.0
2.546969696969697,7800.0,0.8,573.593237704918,0.16968357894310096,2400.6833333333334,9.0,15.0,26.0,488.0,30.0
2.546969696969697,8000.0,0.8,572.4525252525252,0.16960249731417104,2579.548387096774,10.0,15.0,25.0,495.0,31.0
2.546969696969697,8200.0,0.78,571.3722986247544,0.17221737984716112,2752.75,10.0,15.0,25.0,509.0,32.0
2.546969696969697,8400.0,0.78,571.3809980806142,0.17469036952952385,2752.75,10.0,15.0,25.0,521.0,32.0
2.546969696969697,8600.0,0.74,573.2807339449541,0.1784201244603004,2752.75,9.0,17.0,24.0,545.0,32.0
2.546969696969697,8800.0,0.8,574.3453237410072,0.18131879269454523,3101.8382352941176,10.0,17.0,23.0,556.0,34.0
2.546969696969697,9000.0,0.8,575.030701754386,0.18691342509071007,3101.8382352941176,11.0,13.0,26.0,570.0,34.0
2.546969696969697,9200.0,0.78,573.1457975986278,0.18918371070074796,3101.8382352941176,11.0,13.0,26.0,583.0,34.0
2.546969696969697,9400.0,0.78,568.1226890756302,0.19169724119757567,3101.8382352941176,11.0,16.0,23.0,595.0,34.0
2.546969696969697,9600.0,0.78,568.5295081967213,0.19007560861897715,3080.9857142857145,12.0,15.0,23.0,610.0,35.0
2.546969696969697,9800.0,0.78,565.6344,0.18737964445705715,3333.9054054054054,11.0,15.0,24.0,625.0,37.0
2.546969696969697,10000.0,0.74,564.9,0.18646747613159548,3333.9054054054054,9.0,18.0,23.0,640.0,37.0
2.546969696969697,10200.0,0.78,567.2480857580398,0.18770397097277686,3510.5789473684213,11.0,16.0,23.0,653.0,38.0
2.546969696969697,10400.0,0.78,568.5111940298508,0.18652828735329294,3510.5789473684213,11.0,17.0,22.0,670.0,38.0
2.546969696969697,10600.0,0.78,562.6867732558139,0.18598098635801594,3510.5789473684213,11.0,15.0,24.0,688.0,38.0
2.546969696969697,10800.0,0.8,562.5503546099291,0.18523098129041413,3510.5789473684213,9.0,17.0,24.0,705.0,38.0
2.546969696969697,11000.0,0.8,560.7130013831259,0.186447205724363,3483.2051282051284,9.0,17.0,24.0,723.0,39.0
2.546969696969697,11200.0,0.8,558.0323886639676,0.1832850221960959,3673.175,12.0,14.0,24.0,741.0,40.0
2.546969696969697,11400.0,0.76,555.8013157894737,0.18304177730930615,3861.0365853658536,11.0,16.0,23.0,760.0,41.0
2.546969696969697,11600.0,0.72,553.594315245478,0.18486611396022945,3861.0365853658536,13.0,13.0,24.0,774.0,41.0
2.546969696969697,11800.0,0.8,552.2623261694058,0.18403502726369772,3861.0365853658536,10.0,14.0,26.0,791.0,41.0
2.546969696969697,12000.0,0.78,547.2539975399754,0.18480530273853202,3861.0365853658536,12.0,12.0,26.0,813.0,41.0
2.546969696969697,12200.0,0.8,545.9062877871826,0.1791903999351347,3861.0365853658536,12.0,12.0,26.0,827.0,41.0
2.546969696969697,12400.0,0.8,544.9815256257449,0.1721362982182312,3861.0365853658536,10.0,14.0,26.0,839.0,41.0
2.546969696969697,12600.0,0.78,545.240675990676,0.16646058419313645,3861.0365853658536,10.0,15.0,25.0,858.0,41.0
2.546969696969697,12800.0,0.76,545.2442791762014,0.16603490564125434,3861.0365853658536,10.0,12.0,28.0,874.0,41.0
2.546969696969697,13000.0,0.74,544.1439820022497,0.1713862931506294,3861.0365853658536,8.0,15.0,27.0,889.0,41.0
2.546969696969697,13200.0,0.76,540.1815181518152,0.17286603287860053,3861.0365853658536,9.0,16.0,25.0,909.0,41.0
2.546969696969697,13400.0,0.76,538.73022751896,0.17769038979993107,4049.639534883721,9.0,19.0,22.0,923.0,43.0
2.546969696969697,13600.0,0.8,537.756914893617,0.1727038696207407,4049.639534883721,10.0,17.0,23.0,940.0,43.0
2.546969696969697,13800.0,0.72,537.2700312174818,0.17023087993837796,4049.639534883721,13.0,15.0,22.0,961.0,43.0
2.546969696969697,14000.0,0.78,530.8469387755102,0.16806194636450247,4049.639534883721,10.0,15.0,25.0,980.0,43.0
2.546969696969697,14200.0,0.76,529.9402010050251,0.17118358907830458,4150.397727272727,7.0,19.0,24.0,995.0,44.0
2.546969696969697,14400.0,0.7,529.0562130177515,0.16885249224656923,4150.397727272727,7.0,17.0,26.0,1014.0,44.0
2.546969696969697,14600.0,0.8,527.8161978661494,0.1647781403928405,4150.397727272727,7.0,17.0,26.0,1031.0,44.0
2.546969696969697,14800.0,0.78,524.8635931558936,0.16828492084405977,4150.397727272727,5.0,22.0,23.0,1052.0,44.0
2.546969696969697,15000.0,0.76,522.7455648926237,0.17304846654369285,4194.044444444445,6.0,22.0,22.0,1071.0,45.0
2.546969696969697,15200.0,0.76,519.6839449541285,0.1750552368597085,4239.326086956522,7.0,20.0,23.0,1090.0,46.0
2.546969696969697,15400.0,0.76,518.49095840868,0.1753795633754282,4239.326086956522,9.0,18.0,23.0,1106.0,46.0
2.546969696969697,15600.0,0.76,517.8957409050577,0.17329171143048264,4391.170212765957,8.0,20.0,22.0,1127.0,47.0
2.546969696969697,15800.0,0.8,516.3102992957746,0.17250116554841588,4391.170212765957,7.0,18.0,25.0,1136.0,47.0
2.546969696969697,16000.0,0.76,515.6830008673027,0.1689943850971966,4629.46875,6.0,20.0,24.0,1153.0,48.0
2.5771717171717174,0.0,0.0,nan,0.015202805424360975,nan,0.0,0.0,50.0,0.0,0.0
2.5771717171717174,200.0,0.36,nan,0.038716477814039287,nan,0.0,11.0,39.0,0.0,0.0
2.5771717171717174,400.0,0.7,147.0,0.07789917499442564,nan,0.0,19.0,31.0,2.0,0.0
2.5771717171717174,600.0,0.78,278.1,0.11592645896256056,517.75,2.0,19.0,29.0,5.0,2.0
2.5771717171717174,800.0,0.8,283.1666666666667,0.14250096284434355,617.5,5.0,16.0,29.0,6.0,5.0
2.5771717171717174,1000.0,0.78,437.45,0.16202136500922304,754.8636363636364,11.0,11.0,28.0,10.0,11.0
2.5771717171717174,1200.0,0.78,651.952380952381,0.17408225731254942,801.8076923076923,10.0,11.0,29.0,21.0,13.0
2.5771717171717174,1400.0,0.78,672.6851851851852,0.18107554780775545,842.9285714285714,10.0,11.0,29.0,27.0,14.0
2.5771717171717174,1600.0,0.74,853.8205128205128,0.1852512516976466,887.2666666666667,11.0,10.0,29.0,39.0,15.0
2.5771717171717174,1800.0,0.78,784.2307692307693,0.1835282670828857,934.375,11.0,10.0,29.0,52.0,16.0
2.5771717171717174,2000.0,0.8,822.4621212121212,0.18431881296495248,1041.388888888889,12.0,10.0,28.0,66.0,18.0
2.5771717171717174,2200.0,0.8,774.974358974359,0.18596071595078345,1041.388888888889,13.0,9.0,28.0,78.0,18.0
2.5771717171717174,2400.0,0.76,755.3842105263158,0.18954857803093264,1041.388888888889,12.0,10.0,28.0,95.0,18.0
2.5771717171717174,2600.0,0.76,711.7018348623853,0.19301481766768694,1041.388888888889,14.0,8.0,28.0,109.0,18.0
2.5771717171717174,2800.0,0.78,699.0798319327731,0.18912289947905053,1041.388888888889,11.0,10.0,29.0,119.0,18.0
2.5771717171717174,3000.0,0.78,674.6766917293234,0.18310258853100359,1041.388888888889,9.0,12.0,29.0,133.0,18.0
2.5771717171717174,3200.0,0.76,661.4271523178808,0.17805525713011575,1041.388888888889,8.0,14.0,28.0,151.0,18.0
2.5771717171717174,3400.0,0.76,641.8242424242425,0.17683903269616685,1161.5,7.0,15.0,28.0,165.0,19.0
2.5771717171717174,3600.0,0.8,642.1978021978022,0.1765755174021446,1161.5,7.0,15.0,28.0,182.0,19.0
2.5771717171717174,3800.0,0.78,637.4510309278351,0.17556199704052056,1161.5,9.0,13.0,28.0,194.0,19.0
2.5771717171717174,4000.0,0.78,635.1911764705883,0.17335252265218007,1301.775,9.0,13.0,28.0,204.0,20.0
2.5771717171717174,4200.0,0.78,629.2757847533633,0.16929844120568383,1301.775,9.0,14.0,27.0,223.0,20.0
2.5771717171717174,4400.0,0.8,619.1820083682009,0.17217683903269618,1301.775,7.0,17.0,26.0,239.0,20.0
2.5771717171717174,4600.0,0.78,617.4901574803149,0.17696065513956175,1301.775,9.0,15.0,26.0,254.0,20.0
2.5771717171717174,4800.0,0.78,614.0114068441064,0.17823769079520807,1301.775,8.0,16.0,26.0,263.0,20.0
2.5771717171717174,5000.0,0.74,607.1410714285714,0.17655524699491212,1301.775,8.0,16.0,26.0,280.0,20.0
2.5771717171717174,5200.0,0.76,592.6966666666667,0.171832242109744,1301.775,8.0,16.0,26.0,300.0,20.0
2.5771717171717174,5400.0,0.8,583.4889240506329,0.16633896174974155,1824.1739130434783,10.0,13.0,27.0,316.0,23.0
2.5771717171717174,5600.0,0.76,572.2573099415205,0.15768349786147204,1824.1739130434783,8.0,15.0,27.0,342.0,23.0
2.5771717171717174,5800.0,0.78,575.3743016759777,0.16392678328907628,1824.1739130434783,7.0,17.0,26.0,358.0,23.0
2.5771717171717174,6000.0,0.76,568.9005376344086,0.16155514564287596,1824.1739130434783,9.0,15.0,26.0,372.0,23.0
2.5771717171717174,6200.0,0.76,561.7945736434109,0.16548760464597734,2004.5625,11.0,13.0,26.0,387.0,24.0
2.5771717171717174,6400.0,0.78,561.969696969697,0.17067682889749256,2004.5625,8.0,17.0,25.0,396.0,24.0
2.5771717171717174,6600.0,0.76,563.8870192307693,0.16560922708937223,1938.72,7.0,17.0,26.0,416.0,25.0
2.5771717171717174,6800.0,0.8,559.3395784543326,0.17047412482516774,1938.72,8.0,16.0,26.0,427.0,25.0
2.5771717171717174,7000.0,0.72,561.3997747747748,0.17039304319623783,1938.72,9.0,17.0,24.0,444.0,25.0
2.5771717171717174,7200.0,0.78,560.8507625272331,0.17092007378428234,2139.576923076923,8.0,17.0,25.0,459.0,26.0
2.5771717171717174,7400.0,0.78,556.9780793319416,0.17276468084243812,2139.576923076923,6.0,20.0,24.0,479.0,26.0
2.5771717171717174,7600.0,0.76,553.234693877551,0.17619037966472748,2340.796296296296,7.0,18.0,25.0,490.0,27.0
2.5771717171717174,7800.0,0.78,553.0742574257425,0.17509577767417348,2535.1964285714284,10.0,15.0,25.0,505.0,28.0
2.5771717171717174,8000.0,0.8,550.4234496124031,0.1747309103439888,2535.1964285714284,9.0,16.0,25.0,516.0,28.0
2.5771717171717174,8200.0,0.72,549.7364485981309,0.17120385948553707,2729.0862068965516,9.0,16.0,25.0,535.0,29.0
2.5771717171717174,8400.0,0.76,549.2857142857143,0.1706160176757951,2729.0862068965516,9.0,15.0,26.0,553.0,29.0
2.5771717171717174,8600.0,0.8,548.3203539823008,0.17017006871668053,2729.0862068965516,10.0,16.0,24.0,565.0,29.0
2.5771717171717174,8800.0,0.78,544.6609589041096,0.1714673747795593,2729.0862068965516,8.0,16.0,26.0,584.0,29.0
2.5771717171717174,9000.0,0.78,543.0429292929293,0.17371738998236474,2729.0862068965516,8.0,16.0,26.0,594.0,29.0
2.5771717171717174,9200.0,0.78,544.9959150326797,0.17586605314900777,2703.05,8.0,16.0,26.0,612.0,30.0
2.5771717171717174,9400.0,0.74,542.3589540412045,0.17661605821660958,2703.05,8.0,16.0,26.0,631.0,30.0
2.5771717171717174,9600.0,0.76,538.8487654320987,0.17156872681572172,2703.05,7.0,17.0,26.0,648.0,30.0
2.5771717171717174,9800.0,0.74,536.6858006042296,0.17546064500435815,2703.05,9.0,15.0,26.0,662.0,30.0
2.5771717171717174,10000.0,0.78,537.8831360946746,0.1796160784870168,2703.05,11.0,13.0,26.0,676.0,30.0
2.5771717171717174,10200.0,0.8,538.9760522496372,0.17327144102325015,2703.05,8.0,14.0,28.0,689.0,30.0
2.5771717171717174,10400.0,0.74,534.9089615931721,0.16816329840066488,2703.05,10.0,13.0,27.0,703.0,30.0
2.5771717171717174,10600.0,0.78,538.6167832167832,0.16658220663653134,2703.05,9.0,15.0,26.0,715.0,30.0
2.5771717171717174,10800.0,0.78,539.3205479452055,0.16463624754221312,2703.05,9.0,16.0,25.0,730.0,30.0
2.5771717171717174,11000.0,0.74,541.8476510067114,0.16256866600450004,2703.05,7.0,17.0,26.0,745.0,30.0
2.5771717171717174,11200.0,0.78,539.9802371541502,0.16117000790545882,2703.05,7.0,18.0,25.0,759.0,30.0
2.5771717171717174,11400.0,0.74,536.8587933247753,0.16183893134413072,2993.578125,9.0,14.0,27.0,779.0,32.0
2.5771717171717174,11600.0,0.78,534.9641959798995,0.16743356374029555,2993.578125,10.0,12.0,28.0,796.0,32.0
2.5771717171717174,11800.0,0.78,533.9957055214724,0.16860924735977945,2993.578125,11.0,11.0,28.0,815.0,32.0
2.5771717171717174,12000.0,0.8,532.4764207980653,0.17079845134088745,2993.578125,11.0,10.0,29.0,827.0,32.0
2.5771717171717174,12200.0,0.74,532.5889679715302,0.1691160075405915,2993.578125,9.0,12.0,29.0,843.0,32.0
2.5771717171717174,12400.0,0.7,530.2497109826589,0.16935925242738126,3010.212121212121,10.0,12.0,28.0,865.0,33.0
2.5771717171717174,12600.0,0.78,530.6212814645309,0.16567003831106966,3010.212121212121,9.0,12.0,29.0,874.0,33.0
2.5771717171717174,12800.0,0.78,530.5790960451977,0.16680518111608864,3010.212121212121,9.0,11.0,30.0,885.0,33.0
2.5771717171717174,13000.0,0.76,531.6726057906459,0.166399772971439,3303.3823529411766,10.0,12.0,28.0,898.0,34.0
2.5771717171717174,13200.0,0.78,530.4961664841182,0.16558895668213974,3303.3823529411766,9.0,12.0,29.0,913.0,34.0
2.5771717171717174,13400.0,0.78,531.3174006444683,0.166399772971439,3586.4857142857145,10.0,12.0,28.0,931.0,35.0
2.5771717171717174,13600.0,0.8,531.6516264428121,0.1674741045547605,3586.4857142857145,10.0,12.0,28.0,953.0,35.0
2.5771717171717174,13800.0,0.8,529.8113989637305,0.1689943850971966,3868.847222222222,11.0,10.0,29.0,965.0,36.0
2.5771717171717174,14000.0,0.78,530.8144750254842,0.16862951776701193,3868.847222222222,11.0,10.0,29.0,981.0,36.0
2.5771717171717174,14200.0,0.76,530.5256539235412,0.16903492591166155,3868.847222222222,11.0,10.0,29.0,994.0,36.0
2.5771717171717174,14400.0,0.78,528.540594059406,0.16283218129852228,3868.847222222222,10.0,10.0,30.0,1010.0,36.0
2.5771717171717174,14600.0,0.76,527.5117073170732,0.16581193116169704,3868.847222222222,11.0,9.0,30.0,1025.0,36.0
2.5771717171717174,14800.0,0.78,528.1344860710855,0.16461597713498063,3868.847222222222,11.0,10.0,29.0,1041.0,36.0
2.5771717171717174,15000.0,0.8,525.9415954415955,0.1667240994871587,3868.847222222222,9.0,13.0,28.0,1053.0,36.0
2.5771717171717174,15200.0,0.76,527.368691588785,0.16417002817586604,3868.847222222222,8.0,14.0,28.0,1070.0,36.0
2.5771717171717174,15400.0,0.8,527.9885004599817,0.1685687065453145,4175.3378378378375,8.0,15.0,27.0,1087.0,37.0
2.5771717171717174,15600.0,0.72,527.1134301270417,0.17343360428111002,4175.3378378378375,7.0,17.0,26.0,1102.0,37.0
2.5771717171717174,15800.0,0.78,527.2128136200716,0.17878499179048507,4768.128205128205,8.0,18.0,24.0,1116.0,39.0
2.5771717171717174,16000.0,0.76,525.1537102473499,0.18255528753572658,4768.128205128205,8.0,17.0,25.0,1132.0,39.0
2.6073737373737376,0.0,0.0,nan,0.015202805424360975,nan,0.0,0.0,50.0,0.0,0.0
2.6073737373737376,200.0,0.38,nan,0.03867593699957432,nan,0.0,12.0,38.0,0.0,0.0
2.6073737373737376,400.0,0.68,259.75,0.07585186386394503,nan,0.0,18.0,32.0,4.0,0.0
2.6073737373737376,600.0,0.8,243.21428571428572,0.11282508665599092,537.75,2.0,19.0,29.0,7.0,2.0
2.6073737373737376,800.0,0.76,368.25,0.13721038655666593,596.625,4.0,17.0,29.0,12.0,4.0
2.6073737373737376,1000.0,0.8,436.75,0.1519875134291448,745.4375,7.0,14.0,29.0,18.0,8.0
2.6073737373737376,1200.0,0.78,502.3076923076923,0.16652139541483388,783.6111111111111,9.0,11.0,30.0,26.0,9.0
2.6073737373737376,1400.0,0.8,550.060606060606,0.17598767559240266,925.3333333333334,11.0,9.0,30.0,33.0,12.0
2.6073737373737376,1600.0,0.76,701.4468085106383,0.179960675409969,1067.34375,14.0,6.0,30.0,47.0,16.0
2.6073737373737376,1800.0,0.78,735.2213114754098,0.1830823181237711,1067.34375,13.0,7.0,30.0,61.0,16.0
2.6073737373737376,2000.0,0.8,707.6621621621622,0.18600125676524842,1110.764705882353,12.0,9.0,29.0,74.0,17.0
2.6073737373737376,2200.0,0.78,707.0755813953489,0.18391340482030283,1110.764705882353,11.0,11.0,28.0,86.0,17.0
2.6073737373737376,2400.0,0.8,671.68,0.18316339975270104,1110.764705882353,11.0,11.0,28.0,100.0,17.0
2.6073737373737376,2600.0,0.76,669.4521739130435,0.1811363590294529,1110.764705882353,10.0,13.0,27.0,115.0,17.0
2.6073737373737376,2800.0,0.8,655.6889763779527,0.18204852735491456,1203.6944444444443,12.0,10.0,28.0,127.0,18.0
2.6073737373737376,3000.0,0.8,654.7392857142858,0.18369043034074556,1203.6944444444443,11.0,11.0,28.0,140.0,18.0
2.6073737373737376,3200.0,0.78,652.474358974359,0.18008229785336388,1203.6944444444443,11.0,10.0,29.0,156.0,18.0
2.6073737373737376,3400.0,0.8,643.5240963855422,0.1791701295279022,1203.6944444444443,8.0,14.0,28.0,166.0,18.0
2.6073737373737376,3600.0,0.76,646.6797752808989,0.179413374414692,1203.6944444444443,9.0,13.0,28.0,178.0,18.0
2.6073737373737376,3800.0,0.78,638.7046632124352,0.1801836498895263,1203.6944444444443,10.0,12.0,28.0,193.0,18.0
2.6073737373737376,4000.0,0.78,627.9763033175356,0.1827579916080514,1344.0526315789473,11.0,13.0,26.0,211.0,19.0
2.6073737373737376,4200.0,0.78,631.0941704035874,0.18985263413941986,1344.0526315789473,8.0,17.0,25.0,223.0,19.0
2.6073737373737376,4400.0,0.78,620.8523206751055,0.19441347576672816,1344.0526315789473,6.0,19.0,25.0,237.0,19.0
2.6073737373737376,4600.0,0.8,618.87,0.1874404556787546,1506.7,7.0,18.0,25.0,250.0,20.0
2.6073737373737376,4800.0,0.78,614.7247191011236,0.1850485476253218,1662.7142857142858,9.0,17.0,24.0,267.0,21.0
2.6073737373737376,5000.0,0.76,598.801393728223,0.18778505260170678,1813.0454545454545,8.0,19.0,23.0,287.0,22.0
2.6073737373737376,5200.0,0.8,590.2131147540983,0.1889607362211907,1957.304347826087,9.0,18.0,23.0,305.0,23.0
2.6073737373737376,5400.0,0.78,581.7114197530864,0.18289988445867877,1957.304347826087,10.0,17.0,23.0,324.0,23.0
2.6073737373737376,5600.0,0.78,583.1863905325444,0.18000121622443394,1957.304347826087,10.0,17.0,23.0,338.0,23.0
2.6073737373737376,5800.0,0.78,573.0251396648044,0.1803863539618511,2109.5625,10.0,19.0,21.0,358.0,24.0
2.6073737373737376,6000.0,0.78,563.216577540107,0.18476476192406704,2109.5625,9.0,19.0,22.0,374.0,24.0
2.6073737373737376,6200.0,0.76,561.6785714285714,0.1874201852715221,2109.5625,9.0,19.0,22.0,392.0,24.0
2.6073737373737376,6400.0,0.8,551.4118357487922,0.1836093487118156,2430.3846153846152,10.0,19.0,21.0,414.0,26.0
2.6073737373737376,6600.0,0.78,544.7009345794393,0.18435935377941742,2430.3846153846152,8.0,21.0,21.0,428.0,26.0
2.6073737373737376,6800.0,0.8,544.6993087557604,0.18837289441144872,2430.3846153846152,9.0,19.0,22.0,434.0,26.0
2.6073737373737376,7000.0,0.76,546.7832244008714,0.18512962925425172,2430.3846153846152,8.0,21.0,21.0,459.0,26.0
2.6073737373737376,7200.0,0.78,549.0349576271186,0.17876472138325258,2430.3846153846152,7.0,22.0,21.0,472.0,26.0
2.6073737373737376,7400.0,0.78,545.3030927835051,0.17801471631565077,2607.074074074074,7.0,22.0,21.0,485.0,27.0
2.6073737373737376,7600.0,0.8,540.6547619047619,0.17799444590841831,2948.862068965517,8.0,20.0,22.0,504.0,29.0
2.6073737373737376,7800.0,0.76,538.2276190476191,0.17947418563638942,2948.862068965517,6.0,22.0,22.0,525.0,29.0
2.6073737373737376,8000.0,0.76,530.8104395604396,0.18391340482030283,2948.862068965517,6.0,21.0,23.0,546.0,29.0
2.6073737373737376,8200.0,0.78,527.756161971831,0.18502827721808932,2948.862068965517,7.0,21.0,22.0,568.0,29.0
2.6073737373737376,8400.0,0.8,521.9596219931271,0.18914316988628302,2948.862068965517,9.0,20.0,21.0,582.0,29.0
2.6073737373737376,8600.0,0.78,518.9090909090909,0.18768370056554437,2948.862068965517,7.0,22.0,21.0,594.0,29.0
2.6073737373737376,8800.0,0.76,519.0439739413681,0.18133906310177772,2948.862068965517,7.0,20.0,23.0,614.0,29.0
2.6073737373737376,9000.0,0.76,518.6429712460064,0.18024446111122372,3144.0833333333335,8.0,18.0,24.0,626.0,30.0
2.6073737373737376,9200.0,0.78,521.7527386541472,0.17813633875904566,3144.0833333333335,9.0,15.0,26.0,639.0,30.0
2.6073737373737376,9400.0,0.74,521.7344461305007,0.17574443070561288,3144.0833333333335,7.0,17.0,26.0,659.0,30.0
2.6073737373737376,9600.0,0.8,520.2429629629629,0.1801836498895263,3144.0833333333335,8.0,17.0,25.0,675.0,30.0
2.6073737373737376,9800.0,0.76,520.5230547550432,0.18510935884701923,3355.4193548387098,11.0,14.0,25.0,694.0,31.0
2.6073737373737376,10000.0,0.78,517.5426136363636,0.1834066446394908,3355.4193548387098,12.0,13.0,25.0,704.0,31.0
2.6073737373737376,10200.0,0.78,519.1657420249653,0.18219042020554194,3355.4193548387098,11.0,15.0,24.0,721.0,31.0
2.6073737373737376,10400.0,0.78,518.3668918918919,0.17811606835181318,3355.4193548387098,10.0,17.0,23.0,740.0,31.0
2.6073737373737376,10600.0,0.8,515.868700265252,0.17262278799181074,3355.4193548387098,9.0,18.0,23.0,754.0,31.0
2.6073737373737376,10800.0,0.8,515.149544863459,0.17503496645247604,3335.046875,9.0,17.0,24.0,769.0,32.0
2.6073737373737376,11000.0,0.78,516.4904214559386,0.17250116554841588,3335.046875,8.0,17.0,25.0,783.0,32.0
2.6073737373737376,11200.0,0.78,516.4480600750938,0.17069709930472504,3572.681818181818,10.0,15.0,25.0,799.0,33.0
2.6073737373737376,11400.0,0.8,513.7754601226994,0.17477145115845377,3572.681818181818,8.0,20.0,22.0,815.0,33.0
2.6073737373737376,11600.0,0.8,511.74548736462094,0.18042689477631604,3572.681818181818,7.0,19.0,24.0,831.0,33.0
2.6073737373737376,11800.0,0.8,513.033608490566,0.1857985526929236,3738.5714285714284,9.0,18.0,23.0,848.0,35.0
2.6073737373737376,12000.0,0.78,512.4994212962963,0.18711612916303488,3738.5714285714284,8.0,20.0,22.0,864.0,35.0
2.6073737373737376,12200.0,0.8,514.8108571428571,0.18109581821498794,3931.2837837837837,9.0,18.0,23.0,875.0,37.0
2.6073737373737376,12400.0,0.76,514.1290868094701,0.17262278799181074,4150.421052631579,9.0,18.0,23.0,887.0,38.0
2.6073737373737376,12600.0,0.78,514.8062360801782,0.1682241096223623,4364.666666666667,10.0,14.0,26.0,898.0,39.0
2.6073737373737376,12800.0,0.8,515.3983516483516,0.16242677315387266,4364.666666666667,10.0,13.0,27.0,910.0,39.0
2.6073737373737376,13000.0,0.78,517.5347826086957,0.16052135487401942,4364.666666666667,7.0,15.0,28.0,920.0,39.0
2.6073737373737376,13200.0,0.74,517.993085106383,0.1587983702592585,4364.666666666667,7.0,15.0,28.0,940.0,39.0
2.6073737373737376,13400.0,0.76,519.3171875,0.16084568138973912,4364.666666666667,7.0,17.0,26.0,960.0,39.0
2.6073737373737376,13600.0,0.76,517.4558974358974,0.16264974763342996,4364.666666666667,9.0,15.0,26.0,975.0,39.0
2.6073737373737376,13800.0,0.8,517.2857142857143,0.1647781403928405,4364.666666666667,9.0,12.0,29.0,987.0,39.0
2.6073737373737376,14000.0,0.72,518.598703888335,0.16860924735977945,4364.666666666667,9.0,11.0,30.0,1003.0,39.0
2.6073737373737376,14200.0,0.8,517.9614624505929,0.1675754565909229,4337.15,9.0,10.0,31.0,1012.0,40.0
2.6073737373737376,14400.0,0.74,516.7252427184466,0.16755518618369042,4337.15,9.0,10.0,31.0,1030.0,40.0
2.6073737373737376,14600.0,0.74,519.372003835091,0.1678187014777127,4337.15,9.0,9.0,32.0,1043.0,40.0
2.6073737373737376,14800.0,0.78,520.5915958451369,0.1680214055500375,4591.682926829269,9.0,10.0,31.0,1059.0,41.0
2.6073737373737376,15000.0,0.78,521.1162464985995,0.16698761478118096,4591.682926829269,8.0,12.0,30.0,1071.0,41.0
2.6073737373737376,15200.0,0.8,523.5531423290204,0.1708389921553524,4843.309523809524,9.0,11.0,30.0,1082.0,42.0
2.6073737373737376,15400.0,0.78,521.7774223034735,0.1725822471773458,4838.941860465116,8.0,13.0,29.0,1094.0,43.0
2.6073737373737376,15600.0,0.76,522.845701357466,0.16950114527800864,4838.941860465116,9.0,10.0,31.0,1105.0,43.0
2.6073737373737376,15800.0,0.78,525.6223309608541,0.1695416860924736,4838.941860465116,10.0,9.0,31.0,1124.0,43.0
2.6073737373737376,16000.0,0.74,524.8014899211219,0.16808221677173493,4838.941860465116,10.0,9.0,31.0,1141.0,43.0
2.6375757575757577,0.0,0.0,nan,0.015202805424360975,nan,0.0,0.0,50.0,0.0,0.0
2.6375757575757577,200.0,0.38,nan,0.03867593699957432,nan,0.0,12.0,38.0,0.0,0.0
2.6375757575757577,400.0,0.72,168.0,0.08120325137332009,nan,0.0,20.0,30.0,4.0,0.0
2.6375757575757577,600.0,0.78,174.3,0.11752782113392658,554.0,1.0,21.0,28.0,5.0,1.0
2.6375757575757577,800.0,0.8,236.0,0.1438388097216873,676.9166666666666,6.0,16.0,28.0,8.0,6.0
2.6375757575757577,1000.0,0.78,384.40909090909093,0.16104838546206393,726.875,8.0,13.0,29.0,11.0,8.0
2.6375757575757577,1200.0,0.8,494.15625,0.16988628301542577,801.9,9.0,11.0,30.0,16.0,10.0
2.6375757575757577,1400.0,0.8,764.125,0.17862282853262523,902.8076923076923,11.0,10.0,29.0,28.0,13.0
2.6375757575757577,1600.0,0.78,859.3375,0.18622423124480572,975.1,10.0,11.0,29.0,40.0,15.0
2.6375757575757577,1800.0,0.78,806.7142857142857,0.19558915938621207,1020.71875,11.0,13.0,26.0,56.0,16.0
2.6375757575757577,2000.0,0.78,821.2727272727273,0.2003324346786127,1073.9705882352941,11.0,15.0,24.0,66.0,17.0
2.6375757575757577,2200.0,0.8,810.2571428571429,0.19846755721322443,1136.5277777777778,10.0,17.0,23.0,70.0,18.0
2.6375757575757577,2400.0,0.78,773.2619047619048,0.1923053534145501,1136.5277777777778,7.0,20.0,23.0,84.0,18.0
2.6375757575757577,2600.0,0.78,780.1443298969073,0.18934587395860783,1208.657894736842,7.0,20.0,23.0,97.0,19.0
2.6375757575757577,2800.0,0.78,788.9719626168225,0.18958911884539761,1284.05,11.0,16.0,23.0,107.0,20.0
2.6375757575757577,3000.0,0.78,763.1344537815127,0.18575801187845864,1429.25,10.0,15.0,25.0,119.0,22.0
2.6375757575757577,3200.0,0.78,722.6798561151079,0.18139987432347515,1429.25,10.0,15.0,25.0,139.0,22.0
2.6375757575757577,3400.0,0.78,703.3079470198676,0.17531875215373077,1429.25,9.0,16.0,25.0,151.0,22.0
2.6375757575757577,3600.0,0.78,716.840625,0.17361603794620234,1429.25,10.0,15.0,25.0,160.0,22.0
2.6375757575757577,3800.0,0.78,696.8131868131868,0.17351468591003993,1429.25,8.0,19.0,23.0,182.0,22.0
2.6375757575757577,4000.0,0.78,686.6377551020408,0.1794944560436219,1532.9565217391305,8.0,19.0,23.0,196.0,23.0
2.6375757575757577,4200.0,0.8,660.2837209302326,0.17558226744775302,1532.9565217391305,8.0,18.0,24.0,215.0,23.0
2.6375757575757577,4400.0,0.76,651.3092105263158,0.17432550219933918,1848.0,6.0,20.0,24.0,228.0,26.0
2.6375757575757577,4600.0,0.8,636.9176706827309,0.17408225731254942,1815.1296296296296,8.0,19.0,23.0,249.0,27.0
2.6375757575757577,4800.0,0.76,626.5,0.17381874201852715,1815.1296296296296,5.0,23.0,22.0,261.0,27.0
2.6375757575757577,5000.0,0.74,614.3767605633802,0.17244035432671842,1815.1296296296296,5.0,22.0,23.0,284.0,27.0
2.6375757575757577,5200.0,0.76,607.0927152317881,0.17503496645247604,1930.6607142857142,8.0,19.0,23.0,302.0,28.0
2.6375757575757577,5400.0,0.78,595.875,0.17479172156568626,1930.6607142857142,7.0,21.0,22.0,324.0,28.0
2.6375757575757577,5600.0,0.74,584.2184750733138,0.1744065838282691,2052.155172413793,5.0,24.0,21.0,341.0,29.0
2.6375757575757577,5800.0,0.76,562.2534246575342,0.17221737984716112,2052.155172413793,5.0,24.0,21.0,365.0,29.0
2.6375757575757577,6000.0,0.78,559.7025974025973,0.17807552753734823,2082.0666666666666,5.0,25.0,20.0,385.0,30.0
2.6375757575757577,6200.0,0.8,550.5272952853599,0.18636612409543307,2082.0666666666666,7.0,23.0,20.0,403.0,30.0
2.6375757575757577,6400.0,0.7,537.5258823529412,0.18837289441144872,2221.0,6.0,24.0,20.0,425.0,31.0
2.6375757575757577,6600.0,0.76,532.0272727272727,0.19514321042709748,2221.0,7.0,24.0,19.0,440.0,31.0
2.6375757575757577,6800.0,0.78,529.0657894736842,0.1946769910607504,2221.0,9.0,21.0,20.0,456.0,31.0
2.6375757575757577,7000.0,0.8,527.734243697479,0.18936614436584032,2367.703125,8.0,22.0,20.0,476.0,32.0
2.6375757575757577,7200.0,0.8,522.5273279352226,0.18549449658443637,2498.264705882353,6.0,24.0,20.0,494.0,34.0
2.6375757575757577,7400.0,0.78,521.3596837944664,0.18539314454827396,2768.4166666666665,9.0,20.0,21.0,506.0,36.0
2.6375757575757577,7600.0,0.8,526.5712909441233,0.18101473658605802,2768.4166666666665,11.0,17.0,22.0,519.0,36.0
2.6375757575757577,7800.0,0.76,520.1802973977696,0.1798390529665741,2793.6216216216217,10.0,15.0,25.0,538.0,37.0
2.6375757575757577,8000.0,0.78,519.6503623188406,0.1835079966756532,2793.6216216216217,9.0,16.0,25.0,552.0,37.0
2.6375757575757577,8200.0,0.78,522.7093639575971,0.18024446111122372,2793.6216216216217,9.0,16.0,25.0,566.0,37.0
2.6375757575757577,8400.0,0.8,521.4010416666666,0.1830620477165386,2793.6216216216217,8.0,20.0,22.0,576.0,37.0
2.6375757575757577,8600.0,0.78,524.6781512605043,0.17809579794458072,2793.6216216216217,7.0,22.0,21.0,595.0,37.0
2.6375757575757577,8800.0,0.8,522.7736156351791,0.17343360428111002,2793.6216216216217,7.0,21.0,22.0,614.0,37.0
2.6375757575757577,9000.0,0.8,522.1627172195892,0.1711633186710721,2793.6216216216217,5.0,21.0,24.0,633.0,37.0
2.6375757575757577,9200.0,0.74,517.21044546851,0.17156872681572172,2824.0394736842104,6.0,20.0,24.0,651.0,38.0
2.6375757575757577,9400.0,0.78,515.8590704647676,0.17754849694930372,2824.0394736842104,7.0,18.0,25.0,667.0,38.0
2.6375757575757577,9600.0,0.78,514.7019089574155,0.17777147142886102,2824.0394736842104,6.0,21.0,23.0,681.0,38.0
2.6375757575757577,9800.0,0.74,513.4373219373219,0.17645389495874972,2839.846153846154,9.0,17.0,24.0,702.0,39.0
2.6375757575757577,10000.0,0.76,510.84737569060775,0.17092007378428234,2839.846153846154,6.0,20.0,24.0,724.0,39.0
2.6375757575757577,10200.0,0.78,508.2934051144011,0.17231873188332353,2801.05,7.0,20.0,23.0,743.0,40.0
2.6375757575757577,10400.0,0.78,506.2599469496021,0.17144710437232685,2801.05,9.0,17.0,24.0,754.0,40.0
2.6375757575757577,10600.0,0.78,505.0487646293888,0.1725822471773458,2801.05,9.0,17.0,24.0,769.0,40.0
2.6375757575757577,10800.0,0.76,505.60947503201027,0.1681430279934324,2801.05,8.0,16.0,26.0,781.0,40.0
2.6375757575757577,11000.0,0.78,507.1350502512563,0.16463624754221312,2801.05,7.0,18.0,25.0,796.0,40.0
2.6375757575757577,11200.0,0.76,506.0667074663403,0.1681227575861999,2801.05,7.0,17.0,26.0,817.0,40.0
2.6375757575757577,11400.0,0.78,504.99036144578315,0.1698660126081933,2801.05,7.0,18.0,25.0,830.0,40.0
2.6375757575757577,11600.0,0.76,505.859246171967,0.17179170129527901,2801.05,7.0,19.0,24.0,849.0,40.0
2.6375757575757577,11800.0,0.74,502.9349078341014,0.17608902762856507,2801.05,7.0,19.0,24.0,868.0,40.0
2.6375757575757577,12000.0,0.74,502.85535307517085,0.17890661423387996,3021.9756097560976,9.0,16.0,25.0,878.0,41.0
2.6375757575757577,12200.0,0.78,502.73932584269664,0.18257555794295907,3238.25,8.0,17.0,25.0,890.0,42.0
2.6375757575757577,12400.0,0.74,504.45874587458746,0.17700119595402672,3316.8372093023254,9.0,16.0,25.0,909.0,43.0
2.6375757575757577,12600.0,0.78,506.40859630032645,0.17274441043520564,3527.284090909091,11.0,15.0,24.0,919.0,44.0
2.6375757575757577,12800.0,0.78,506.1280814576634,0.17685930310339934,3527.284090909091,8.0,17.0,25.0,933.0,44.0
2.6375757575757577,13000.0,0.8,507.34725158562367,0.17434577260657166,3527.284090909091,8.0,16.0,26.0,946.0,44.0
2.6375757575757577,13200.0,0.76,507.4245577523413,0.17272414002797315,3527.284090909091,8.0,15.0,27.0,961.0,44.0
2.6375757575757577,13400.0,0.76,507.5102354145343,0.16441327306265582,3568.1555555555556,10.0,12.0,28.0,977.0,45.0
2.6375757575757577,13600.0,0.72,505.49246987951807,0.16244704356110515,3571.913043478261,10.0,14.0,26.0,996.0,46.0
2.6375757575757577,13800.0,0.78,508.2881773399015,0.16544706383151236,3571.913043478261,9.0,16.0,25.0,1015.0,46.0
2.6375757575757577,14000.0,0.76,507.54373177842564,0.1713660227433969,3571.913043478261,7.0,18.0,25.0,1029.0,46.0
2.6375757575757577,14200.0,0.76,506.0038387715931,0.17736606328421137,3571.913043478261,6.0,21.0,23.0,1042.0,46.0
2.6375757575757577,14400.0,0.76,505.6439322671684,0.1799404050027365,3571.913043478261,8.0,21.0,21.0,1063.0,46.0
2.6375757575757577,14600.0,0.8,504.3552266419982,0.17623092047919242,3806.351063829787,8.0,21.0,21.0,1081.0,47.0
2.6375757575757577,14800.0,0.74,503.9940693430657,0.17491334400908115,3806.351063829787,8.0,20.0,22.0,1096.0,47.0
2.6375757575757577,15000.0,0.78,502.54541366906477,0.17497415523077858,4037.6458333333335,9.0,20.0,21.0,1112.0,48.0
2.6375757575757577,15200.0,0.78,501.8676991150443,0.1730079257292279,4483.68,12.0,15.0,23.0,1130.0,50.0
2.6375757575757577,15400.0,0.78,502.3388791593695,0.17167007885188412,4483.68,11.0,14.0,25.0,1142.0,50.0
2.6375757575757577,15600.0,0.76,501.8314606741573,0.1724606247339509,4483.68,8.0,16.0,26.0,1157.0,50.0
2.6375757575757577,15800.0,0.78,504.27109974424553,0.1763728133298198,4483.68,8.0,17.0,25.0,1173.0,50.0
2.6375757575757577,16000.0,0.76,503.2038753159225,0.17383901242575964,4499.049019607844,10.0,14.0,26.0,1187.0,51.0
2.667777777777778,0.0,0.0,nan,0.015202805424360975,nan,0.0,0.0,50.0,0.0,0.0
2.667777777777778,200.0,0.36,nan,0.038371880891087104,nan,0.0,12.0,38.0,0.0,0.0
2.667777777777778,400.0,0.64,134.33333333333334,0.08126406259501753,nan,0.0,20.0,30.0,3.0,0.0
2.667777777777778,600.0,0.8,154.6,0.11714268339650943,548.75,2.0,18.0,30.0,5.0,2.0
2.667777777777778,800.0,0.8,190.375,0.14193339144183406,664.1,5.0,15.0,30.0,8.0,5.0
2.667777777777778,1000.0,0.8,409.2142857142857,0.1570753856444976,760.4375,8.0,12.0,30.0,14.0,8.0
2.667777777777778,1200.0,0.8,520.1086956521739,0.16830519125129223,851.6363636363636,9.0,12.0,29.0,23.0,11.0
2.667777777777778,1400.0,0.78,667.7424242424242,0.17162953803741918,851.6363636363636,8.0,13.0,29.0,33.0,11.0
2.667777777777778,1600.0,0.78,715.8888888888889,0.17098088500597977,990.1428571428571,11.0,10.0,29.0,45.0,14.0
2.667777777777778,1800.0,0.78,721.0636363636364,0.17858228771816026,1031.1333333333334,10.0,11.0,29.0,55.0,15.0
2.667777777777778,2000.0,0.8,746.7205882352941,0.18139987432347515,1081.375,12.0,9.0,29.0,68.0,16.0
2.667777777777778,2200.0,0.76,748.30625,0.18024446111122372,1081.375,9.0,12.0,29.0,80.0,16.0
2.667777777777778,2400.0,0.8,728.1989247311828,0.18142014473070764,1325.55,12.0,11.0,27.0,93.0,20.0
2.667777777777778,2600.0,0.76,678.936974789916,0.17533902256096326,1325.55,8.0,15.0,27.0,119.0,20.0
2.667777777777778,2800.0,0.8,655.6153846153846,0.1748322623801512,1325.55,8.0,15.0,27.0,130.0,20.0
2.667777777777778,3000.0,0.76,647.3415492957746,0.17914985912066975,1402.9285714285713,13.0,9.0,28.0,142.0,21.0
2.667777777777778,3200.0,0.8,636.5451612903225,0.18054851721971094,1402.9285714285713,10.0,13.0,27.0,155.0,21.0
2.667777777777778,3400.0,0.78,640.6656626506024,0.1811566294366854,1490.4772727272727,13.0,11.0,26.0,166.0,22.0
2.667777777777778,3600.0,0.76,638.3988764044943,0.18150122635963756,1490.4772727272727,11.0,13.0,26.0,178.0,22.0
2.667777777777778,3800.0,0.76,639.0618556701031,0.1839742160420003,1490.4772727272727,10.0,14.0,26.0,194.0,22.0
2.667777777777778,4000.0,0.76,630.6768867924528,0.1792714815640646,1490.4772727272727,10.0,14.0,26.0,212.0,22.0
2.667777777777778,4200.0,0.78,618.2454954954954,0.17943364482192448,1490.4772727272727,10.0,14.0,26.0,222.0,22.0
2.667777777777778,4400.0,0.76,620.8792372881356,0.17856201731092777,1490.4772727272727,8.0,16.0,26.0,236.0,22.0
2.667777777777778,4600.0,0.72,615.5557768924302,0.17987959378103907,1490.4772727272727,8.0,16.0,26.0,251.0,22.0
2.667777777777778,4800.0,0.8,616.6547169811321,0.17975797133764418,1490.4772727272727,8.0,17.0,25.0,265.0,22.0
2.667777777777778,5000.0,0.76,605.0335689045936,0.1773457928769789,1900.28,9.0,16.0,25.0,283.0,25.0
2.667777777777778,5200.0,0.72,597.3672131147541,0.17489307360184866,2021.8846153846155,9.0,17.0,24.0,305.0,26.0
2.667777777777778,5400.0,0.76,587.5851735015773,0.17073764011919,2098.714285714286,11.0,15.0,24.0,317.0,28.0
2.667777777777778,5600.0,0.8,577.6077844311377,0.16913627794782396,2098.714285714286,8.0,19.0,23.0,334.0,28.0
2.667777777777778,5800.0,0.78,575.4756446991404,0.17387955324022458,2098.714285714286,7.0,17.0,26.0,349.0,28.0
2.667777777777778,6000.0,0.78,581.1338797814208,0.17608902762856507,2098.714285714286,10.0,13.0,27.0,366.0,28.0
2.667777777777778,6200.0,0.76,569.9392764857881,0.17558226744775302,2098.714285714286,10.0,14.0,26.0,387.0,28.0
2.667777777777778,6400.0,0.78,560.216957605985,0.17992013459550402,2098.714285714286,8.0,16.0,26.0,401.0,28.0
2.667777777777778,6600.0,0.76,558.8629807692307,0.17726471124804896,2098.714285714286,9.0,16.0,25.0,416.0,28.0
2.667777777777778,6800.0,0.78,556.7165898617511,0.1792714815640646,2098.714285714286,11.0,14.0,25.0,434.0,28.0
2.667777777777778,7000.0,0.78,554.4397321428571,0.17870391016155515,2263.4655172413795,8.0,18.0,24.0,448.0,29.0
2.667777777777778,7200.0,0.8,548.5771739130435,0.17793363468672085,2263.4655172413795,7.0,19.0,24.0,460.0,29.0
2.667777777777778,7400.0,0.8,545.9215481171548,0.17156872681572172,2263.4655172413795,7.0,20.0,23.0,478.0,29.0
2.667777777777778,7600.0,0.78,545.4634146341464,0.17134575233616442,2439.133333333333,9.0,18.0,23.0,492.0,30.0
2.667777777777778,7800.0,0.76,549.9911417322835,0.1729065736930655,2439.133333333333,8.0,18.0,24.0,508.0,30.0
2.667777777777778,8000.0,0.76,544.1851145038167,0.16917681876228893,2439.133333333333,8.0,17.0,25.0,524.0,30.0
2.667777777777778,8200.0,0.78,542.7592936802974,0.16289299252021974,2439.133333333333,7.0,16.0,27.0,538.0,30.0
2.667777777777778,8400.0,0.78,541.0983899821109,0.15881864066649098,2439.133333333333,7.0,17.0,26.0,559.0,30.0
2.667777777777778,8600.0,0.78,541.2203832752613,0.16171730890073582,2439.133333333333,10.0,15.0,25.0,574.0,30.0
2.667777777777778,8800.0,0.74,539.8397651006711,0.16165649767903836,2439.133333333333,8.0,16.0,26.0,596.0,30.0
2.667777777777778,9000.0,0.8,534.8547854785479,0.1612105487199238,2439.133333333333,9.0,14.0,27.0,606.0,30.0
2.667777777777778,9200.0,0.78,532.7339743589744,0.16212271704538544,2467.8870967741937,9.0,14.0,27.0,624.0,31.0
2.667777777777778,9400.0,0.8,533.99140625,0.17004844627328564,2684.375,9.0,15.0,26.0,640.0,32.0
2.667777777777778,9600.0,0.76,531.7412213740458,0.1720349461820688,2684.375,7.0,17.0,26.0,655.0,32.0
2.667777777777778,9800.0,0.78,530.4562962962963,0.17179170129527901,2896.1666666666665,9.0,14.0,27.0,675.0,33.0
2.667777777777778,10000.0,0.8,531.0072780203784,0.17341333387387753,2896.1666666666665,9.0,15.0,26.0,687.0,33.0
2.667777777777778,10200.0,0.78,530.7618025751073,0.17450793586443153,2896.1666666666665,10.0,14.0,26.0,699.0,33.0
2.667777777777778,10400.0,0.78,528.8758765778401,0.17418360934871183,2896.1666666666665,8.0,15.0,27.0,713.0,33.0
2.667777777777778,10600.0,0.8,527.1822558459422,0.172379543105021,3120.6029411764707,8.0,16.0,26.0,727.0,34.0
2.667777777777778,10800.0,0.78,529.3521505376344,0.1728052216569031,3204.057142857143,9.0,15.0,26.0,744.0,35.0
2.667777777777778,11000.0,0.8,531.4432717678101,0.17250116554841588,3204.057142857143,7.0,17.0,26.0,758.0,35.0
2.667777777777778,11200.0,0.78,527.3868046571798,0.17383901242575964,3627.472972972973,9.0,17.0,24.0,773.0,37.0
2.667777777777778,11400.0,0.74,528.479797979798,0.17598767559240266,3829.9473684210525,7.0,20.0,23.0,792.0,38.0
2.667777777777778,11600.0,0.78,527.934405940594,0.1790890478989723,3829.9473684210525,7.0,19.0,24.0,808.0,38.0
2.667777777777778,11800.0,0.8,524.9643719806763,0.17771066020716356,3829.9473684210525,7.0,19.0,24.0,828.0,38.0
2.667777777777778,12000.0,0.76,522.9185493460167,0.1830823181237711,3829.9473684210525,10.0,17.0,23.0,841.0,38.0
2.667777777777778,12200.0,0.76,522.710128055879,0.18133906310177772,4099.7125,10.0,17.0,23.0,859.0,40.0
2.667777777777778,12400.0,0.76,521.0404328018224,0.17661605821660958,4099.7125,9.0,18.0,23.0,878.0,40.0
2.667777777777778,12600.0,0.76,518.6627516778524,0.17154845640848926,4099.7125,10.0,14.0,26.0,894.0,40.0
2.667777777777778,12800.0,0.8,517.9442604856512,0.16550787505320982,4099.7125,8.0,16.0,26.0,906.0,40.0
2.667777777777778,13000.0,0.74,519.6502702702703,0.16386597206737882,4312.3536585365855,8.0,15.0,27.0,925.0,41.0
2.667777777777778,13200.0,0.8,518.2515889830509,0.16052135487401942,4312.3536585365855,9.0,12.0,29.0,944.0,41.0
2.667777777777778,13400.0,0.78,517.2648902821317,0.161514604828411,4312.3536585365855,10.0,13.0,27.0,957.0,41.0
2.667777777777778,13600.0,0.78,516.4306269270298,0.16664301785822877,4312.3536585365855,9.0,12.0,29.0,973.0,41.0
2.667777777777778,13800.0,0.78,514.8195146612741,0.16524435975918755,4312.3536585365855,7.0,15.0,28.0,989.0,41.0
2.667777777777778,14000.0,0.8,516.7057654075546,0.16717004844627328,4312.3536585365855,8.0,12.0,30.0,1006.0,41.0
2.667777777777778,14200.0,0.74,516.1179060665362,0.1674741045547605,4312.3536585365855,9.0,12.0,29.0,1022.0,41.0
2.667777777777778,14400.0,0.8,515.6663452266152,0.15991324265704498,4312.3536585365855,8.0,12.0,30.0,1037.0,41.0
2.667777777777778,14600.0,0.72,515.9605513307985,0.16155514564287596,4312.3536585365855,7.0,15.0,28.0,1052.0,41.0
2.667777777777778,14800.0,0.78,516.516885553471,0.16250785478280258,4312.3536585365855,7.0,15.0,28.0,1066.0,41.0
2.667777777777778,15000.0,0.78,517.7083720930233,0.17069709930472504,4683.920454545455,9.0,14.0,27.0,1075.0,44.0
2.667777777777778,15200.0,0.78,517.9931129476583,0.1688930330610342,4683.920454545455,9.0,14.0,27.0,1089.0,44.0
2.667777777777778,15400.0,0.76,516.8690369036904,0.16546733423874485,4683.920454545455,6.0,18.0,26.0,1111.0,44.0
2.667777777777778,15600.0,0.76,516.8061946902654,0.16652139541483388,4924.233333333334,7.0,16.0,27.0,1130.0,45.0
2.667777777777778,15800.0,0.78,513.9563318777292,0.16968357894310096,4924.233333333334,9.0,15.0,26.0,1145.0,45.0
2.667777777777778,16000.0,0.78,512.5417024935512,0.17185251251697647,4971.45652173913,10.0,14.0,26.0,1163.0,46.0
2.697979797979798,0.0,0.0,nan,0.015202805424360975,nan,0.0,0.0,50.0,0.0,0.0
2.697979797979798,200.0,0.34,nan,0.0382705288549247,nan,0.0,12.0,38.0,0.0,0.0
2.697979797979798,400.0,0.66,231.0,0.07485861390955344,nan,0.0,17.0,33.0,3.0,0.0
2.697979797979798,600.0,0.8,192.41666666666666,0.11310887235724566,499.0,1.0,19.0,30.0,6.0,1.0
2.697979797979798,800.0,0.8,335.3333333333333,0.13980499868242352,634.2,5.0,16.0,29.0,12.0,5.0
2.697979797979798,1000.0,0.8,366.8125,0.16155514564287596,696.3571428571429,7.0,15.0,28.0,16.0,7.0
2.697979797979798,1200.0,0.8,472.15909090909093,0.17373766038959723,814.65,9.0,14.0,27.0,22.0,10.0
2.697979797979798,1400.0,0.78,627.7741935483871,0.18446070581557983,928.7692307692307,10.0,13.0,27.0,31.0,13.0
2.697979797979798,1600.0,0.76,684.9,0.19331887377617415,1006.1333333333333,12.0,10.0,28.0,45.0,15.0
2.697979797979798,1800.0,0.76,697.0948275862069,0.19402833802931102,1006.1333333333333,10.0,13.0,27.0,58.0,15.0
2.697979797979798,2000.0,0.8,745.875,0.19082561368657897,1006.1333333333333,8.0,16.0,26.0,72.0,15.0
2.697979797979798,2200.0,0.8,719.4303797468355,0.19335941459063913,1183.8055555555557,11.0,14.0,25.0,79.0,18.0
2.697979797979798,2400.0,0.76,698.3010204081633,0.19003506780451218,1183.8055555555557,10.0,15.0,25.0,98.0,18.0
2.697979797979798,2600.0,0.78,656.7284482758621,0.19181886364097056,1257.5,10.0,15.0,25.0,116.0,19.0
2.697979797979798,2800.0,0.8,640.6666666666666,0.19445401658119313,1398.2142857142858,11.0,14.0,25.0,129.0,21.0
2.697979797979798,3000.0,0.76,646.0277777777778,0.19283238400259461,1398.2142857142858,10.0,15.0,25.0,144.0,21.0
2.697979797979798,3200.0,0.8,633.3248407643312,0.19224454219285264,1478.8181818181818,11.0,15.0,24.0,157.0,22.0
2.697979797979798,3400.0,0.8,641.4131736526946,0.19552834816451461,1478.8181818181818,10.0,16.0,24.0,167.0,22.0
2.697979797979798,3600.0,0.8,641.7585227272727,0.19885269495064156,1478.8181818181818,9.0,18.0,23.0,176.0,22.0
2.697979797979798,3800.0,0.78,640.2150537634409,0.2046703018263637,1659.3958333333333,10.0,17.0,23.0,186.0,24.0
2.697979797979798,4000.0,0.78,632.7235576923077,0.20469057223359619,1659.3958333333333,9.0,18.0,23.0,208.0,24.0
2.697979797979798,4200.0,0.8,629.9909502262443,0.20094054689558713,1659.3958333333333,9.0,20.0,21.0,221.0,24.0
2.697979797979798,4400.0,0.76,633.2394067796611,0.1968661950418584,1659.3958333333333,8.0,21.0,21.0,236.0,24.0
2.697979797979798,4600.0,0.8,623.679435483871,0.1956499706079095,1659.3958333333333,7.0,22.0,21.0,248.0,24.0
2.697979797979798,4800.0,0.78,612.5391791044776,0.19658240934060364,1659.3958333333333,8.0,21.0,21.0,268.0,24.0
2.697979797979798,5000.0,0.8,602.4946619217081,0.19064318002148664,1787.92,9.0,20.0,21.0,281.0,25.0
2.697979797979798,5200.0,0.78,595.2030201342282,0.1869742363124075,1914.4038461538462,10.0,17.0,23.0,298.0,26.0
2.697979797979798,5400.0,0.76,601.3196202531645,0.19060263920702167,1914.4038461538462,8.0,21.0,21.0,316.0,26.0
2.697979797979798,5600.0,0.74,593.0641791044776,0.19090669531550888,2048.6666666666665,9.0,20.0,21.0,335.0,27.0
2.697979797979798,5800.0,0.76,584.0458452722063,0.1865485577605254,2180.5178571428573,7.0,21.0,22.0,349.0,28.0
2.697979797979798,6000.0,0.78,577.5356164383562,0.18594044554355096,2180.5178571428573,9.0,22.0,19.0,365.0,28.0
2.697979797979798,6200.0,0.76,571.6272727272727,0.1874404556787546,2319.0862068965516,10.0,19.0,21.0,385.0,29.0
2.697979797979798,6400.0,0.8,566.625,0.19299454726045445,2319.0862068965516,8.0,22.0,20.0,400.0,29.0
2.697979797979798,6600.0,0.8,561.0823244552058,0.19374455232805626,2456.2833333333333,8.0,21.0,21.0,413.0,30.0
2.697979797979798,6800.0,0.78,562.0700934579439,0.1847242211096021,2456.2833333333333,6.0,24.0,20.0,428.0,30.0
2.697979797979798,7000.0,0.8,555.8549107142857,0.17856201731092777,2456.2833333333333,5.0,24.0,21.0,448.0,30.0
2.697979797979798,7200.0,0.8,552.817697228145,0.17343360428111002,2605.8870967741937,6.0,23.0,21.0,469.0,31.0
2.697979797979798,7400.0,0.8,546.6356107660456,0.1722579206616261,2605.8870967741937,7.0,21.0,22.0,483.0,31.0
2.697979797979798,7600.0,0.76,543.1653465346535,0.17231873188332353,2605.8870967741937,6.0,23.0,21.0,505.0,31.0
2.697979797979798,7800.0,0.78,539.8940269749519,0.17408225731254942,2605.8870967741937,6.0,23.0,21.0,519.0,31.0
2.697979797979798,8000.0,0.76,541.2434210526316,0.17033223197454037,2762.469696969697,7.0,20.0,23.0,532.0,33.0
2.697979797979798,8200.0,0.76,538.7950819672132,0.1683660024729897,2762.469696969697,5.0,21.0,24.0,549.0,33.0
2.697979797979798,8400.0,0.74,533.7614436619718,0.16344029351549672,2759.6617647058824,7.0,17.0,26.0,568.0,34.0
2.697979797979798,8600.0,0.76,529.3415254237289,0.1560010540611761,2759.6617647058824,5.0,19.0,26.0,590.0,34.0
2.697979797979798,8800.0,0.78,529.3374587458746,0.15427806944641517,2759.6617647058824,4.0,22.0,24.0,606.0,34.0
2.697979797979798,9000.0,0.72,524.8298887122417,0.16019702835829971,2790.3285714285716,6.0,20.0,24.0,629.0,35.0
2.697979797979798,9200.0,0.74,520.3101851851852,0.1646767883566781,2790.3285714285716,8.0,18.0,24.0,648.0,35.0
2.697979797979798,9400.0,0.78,516.2511278195489,0.1671497780390408,2790.3285714285716,8.0,20.0,22.0,665.0,35.0
2.697979797979798,9600.0,0.8,512.6422287390029,0.17414306853424685,2790.3285714285716,9.0,19.0,22.0,682.0,35.0
2.697979797979798,9800.0,0.78,511.8390804597701,0.17521740011756837,2790.3285714285716,8.0,18.0,24.0,696.0,35.0
2.697979797979798,10000.0,0.78,510.1666666666667,0.17513631848863845,2987.0555555555557,10.0,18.0,22.0,714.0,36.0
2.697979797979798,10200.0,0.74,509.35675306957705,0.1732309002087852,2987.0555555555557,8.0,20.0,22.0,733.0,36.0
2.697979797979798,10400.0,0.76,507.93094289508633,0.17450793586443153,2987.0555555555557,9.0,19.0,22.0,753.0,36.0
2.697979797979798,10600.0,0.78,505.0577922077922,0.16773761984878277,2995.6486486486488,8.0,20.0,22.0,770.0,37.0
2.697979797979798,10800.0,0.72,503.2886075949367,0.16277137007682485,2995.6486486486488,7.0,21.0,22.0,790.0,37.0
2.697979797979798,11000.0,0.78,501.5665024630542,0.15942675288346542,2995.6486486486488,9.0,18.0,23.0,812.0,37.0
2.697979797979798,11200.0,0.78,497.96818727490995,0.15865647740863115,2995.6486486486488,8.0,21.0,21.0,833.0,37.0
2.697979797979798,11400.0,0.76,494.424794359577,0.16506192609409523,2975.6052631578946,8.0,18.0,24.0,851.0,38.0
2.697979797979798,11600.0,0.76,493.2217741935484,0.1694403340563112,2933.3076923076924,10.0,17.0,23.0,868.0,39.0
2.697979797979798,11800.0,0.76,490.026404494382,0.17314981857985526,2933.3076923076924,10.0,19.0,21.0,890.0,39.0
2.697979797979798,12000.0,0.78,489.5939226519337,0.1759471347779377,2933.3076923076924,10.0,19.0,21.0,905.0,39.0
2.697979797979798,12200.0,0.7,485.9198062432723,0.17866336934709018,3164.25,12.0,16.0,22.0,929.0,40.0
2.697979797979798,12400.0,0.8,484.63912579957355,0.18184582328258975,3388.8658536585367,11.0,16.0,23.0,938.0,41.0
2.697979797979798,12600.0,0.8,484.3778705636743,0.1764741653659822,3388.8658536585367,10.0,17.0,23.0,958.0,41.0
2.697979797979798,12800.0,0.78,484.06179196704426,0.17623092047919242,3453.5714285714284,8.0,20.0,22.0,971.0,42.0
2.697979797979798,13000.0,0.8,485.6651376146789,0.17600794599963512,3671.6046511627906,8.0,17.0,25.0,981.0,43.0
2.697979797979798,13200.0,0.78,486.4614228456914,0.1771430888046541,3671.6046511627906,8.0,15.0,27.0,998.0,43.0
2.697979797979798,13400.0,0.8,488.8148514851485,0.1749538848235461,3671.6046511627906,8.0,17.0,25.0,1010.0,43.0
2.697979797979798,13600.0,0.76,489.19368932038833,0.17511604808140596,3635.590909090909,9.0,18.0,23.0,1030.0,44.0
2.697979797979798,13800.0,0.8,488.48130393096835,0.17077818093365496,3635.590909090909,8.0,17.0,25.0,1043.0,44.0
2.697979797979798,14000.0,0.76,490.2251184834123,0.1677984310704802,3862.311111111111,8.0,15.0,27.0,1055.0,45.0
2.697979797979798,14200.0,0.76,490.5551401869159,0.16662274745099628,3862.311111111111,6.0,19.0,25.0,1070.0,45.0
2.697979797979798,14400.0,0.78,492.7361623616236,0.16171730890073582,3862.311111111111,7.0,17.0,26.0,1084.0,45.0
2.697979797979798,14600.0,0.78,491.7406902815622,0.16260920681896499,3862.311111111111,6.0,16.0,28.0,1101.0,45.0
2.697979797979798,14800.0,0.78,491.01612903225805,0.16100784464759896,3862.311111111111,7.0,16.0,27.0,1116.0,45.0
2.697979797979798,15000.0,0.74,489.864960282436,0.15464293677659985,3862.311111111111,7.0,16.0,27.0,1133.0,45.0
2.697979797979798,15200.0,0.8,489.76701570680626,0.15835242130014393,3862.311111111111,7.0,18.0,25.0,1146.0,45.0
2.697979797979798,15400.0,0.8,492.6368330464716,0.1598929722498125,3862.311111111111,7.0,18.0,25.0,1162.0,45.0
2.697979797979798,15600.0,0.76,493.00636672325976,0.16625788012081164,3862.311111111111,7.0,17.0,26.0,1178.0,45.0
2.697979797979798,15800.0,0.78,492.9592779177162,0.17021060953114547,4121.510869565217,5.0,17.0,28.0,1191.0,46.0
2.697979797979798,16000.0,0.78,493.380615640599,0.17444712464273407,4265.916666666667,7.0,17.0,26.0,1202.0,48.0
2.7281818181818185,0.0,0.0,nan,0.015202805424360975,nan,0.0,0.0,50.0,0.0,0.0
2.7281818181818185,200.0,0.34,nan,0.0382705288549247,nan,0.0,12.0,38.0,0.0,0.0
2.7281818181818185,400.0,0.68,194.0,0.0766424097460118,nan,0.0,18.0,32.0,1.0,0.0
2.7281818181818185,600.0,0.8,279.0625,0.11497374982263393,542.5,2.0,20.0,28.0,8.0,3.0
2.7281818181818185,800.0,0.8,372.8,0.14164960574057933,614.1,5.0,18.0,27.0,15.0,5.0
2.7281818181818185,1000.0,0.78,436.69444444444446,0.1636835384022865,676.2142857142857,7.0,18.0,25.0,18.0,7.0
2.7281818181818185,1200.0,0.76,545.5714285714286,0.1765957878093771,764.5555555555555,7.0,17.0,26.0,28.0,9.0
2.7281818181818185,1400.0,0.8,610.25,0.1906634504287191,887.9166666666666,10.0,14.0,26.0,34.0,12.0
2.7281818181818185,1600.0,0.8,687.6489361702128,0.19680538382016094,1033.46875,13.0,11.0,26.0,47.0,16.0
2.7281818181818185,1800.0,0.78,707.7983870967741,0.1970891695214157,1184.3809523809523,14.0,10.0,26.0,62.0,21.0
2.7281818181818185,2000.0,0.8,711.7777777777778,0.19192021567713297,1184.3809523809523,11.0,14.0,25.0,72.0,21.0
2.7281818181818185,2200.0,0.8,691.2142857142857,0.18902154744288813,1184.3809523809523,9.0,16.0,25.0,91.0,21.0
2.7281818181818185,2400.0,0.78,660.3981481481482,0.18835262400421623,1239.2954545454545,8.0,17.0,25.0,108.0,22.0
2.7281818181818185,2600.0,0.78,645.6157024793389,0.19558915938621207,1296.0,9.0,17.0,24.0,121.0,23.0
2.7281818181818185,2800.0,0.8,627.5333333333333,0.19633916445381389,1296.0,7.0,18.0,25.0,135.0,23.0
2.7281818181818185,3000.0,0.8,605.9703947368421,0.19402833802931102,1296.0,7.0,19.0,24.0,152.0,23.0
2.7281818181818185,3200.0,0.8,604.9850299401197,0.19558915938621207,1371.25,9.0,18.0,23.0,167.0,24.0
2.7281818181818185,3400.0,0.78,600.8721590909091,0.1987918837289441,1371.25,11.0,15.0,24.0,176.0,24.0
2.7281818181818185,3600.0,0.78,596.020725388601,0.19779863377455253,1533.7884615384614,11.0,16.0,23.0,193.0,26.0
2.7281818181818185,3800.0,0.8,583.0700483091788,0.1999878377556605,1617.2777777777778,12.0,15.0,23.0,207.0,27.0
2.7281818181818185,4000.0,0.74,586.7532467532468,0.1961161899742566,1617.2777777777778,10.0,17.0,23.0,231.0,27.0
2.7281818181818185,4200.0,0.76,575.054435483871,0.18756207812214948,1617.2777777777778,6.0,20.0,24.0,248.0,27.0
2.7281818181818185,4400.0,0.76,553.5833333333334,0.183203940567166,1617.2777777777778,8.0,19.0,23.0,270.0,27.0
2.7281818181818185,4600.0,0.8,547.8526315789474,0.18162284880303245,1723.5,9.0,18.0,23.0,285.0,28.0
2.7281818181818185,4800.0,0.8,545.6097972972973,0.18223096102000688,1723.5,7.0,18.0,25.0,296.0,28.0
2.7281818181818185,5000.0,0.76,538.1091772151899,0.18367015993351307,1723.5,10.0,15.0,25.0,316.0,28.0
2.7281818181818185,5200.0,0.76,534.3212121212122,0.17862282853262523,1723.5,7.0,19.0,24.0,330.0,28.0
2.7281818181818185,5400.0,0.78,543.9140401146132,0.1794944560436219,1723.5,6.0,19.0,25.0,349.0,28.0
2.7281818181818185,5600.0,0.76,542.4656593406594,0.17933229278576207,1723.5,7.0,18.0,25.0,364.0,28.0
2.7281818181818185,5800.0,0.74,535.5538057742782,0.17357549713173737,1723.5,6.0,18.0,26.0,381.0,28.0
2.7281818181818185,6000.0,0.8,531.844527363184,0.17596740518517018,1723.5,6.0,20.0,24.0,402.0,28.0
2.7281818181818185,6200.0,0.78,526.5757211538462,0.17892688464111245,1723.5,6.0,22.0,22.0,416.0,28.0
2.7281818181818185,6400.0,0.78,524.0633802816901,0.18261609875742404,1878.7068965517242,8.0,19.0,23.0,426.0,29.0
2.7281818181818185,6600.0,0.78,522.175,0.18464313948067218,1878.7068965517242,9.0,17.0,24.0,440.0,29.0
2.7281818181818185,6800.0,0.8,527.1916299559472,0.18204852735491456,2037.05,8.0,18.0,24.0,454.0,30.0
2.7281818181818185,7000.0,0.78,532.0859872611464,0.17866336934709018,2037.05,6.0,21.0,23.0,471.0,30.0
2.7281818181818185,7200.0,0.8,530.5219206680584,0.18034581314738612,2353.5625,8.0,17.0,25.0,479.0,32.0
2.7281818181818185,7400.0,0.78,532.3231707317074,0.17683903269616685,2353.5625,9.0,15.0,26.0,492.0,32.0
2.7281818181818185,7600.0,0.78,528.9117647058823,0.1694403340563112,2353.5625,8.0,15.0,27.0,510.0,32.0
2.7281818181818185,7800.0,0.76,529.2253787878788,0.16485922202177042,2353.5625,8.0,17.0,25.0,528.0,32.0
2.7281818181818185,8000.0,0.8,529.492673992674,0.1669268035594835,2353.5625,7.0,18.0,25.0,546.0,32.0
2.7281818181818185,8200.0,0.76,527.1088495575221,0.16848762491638458,2353.5625,7.0,19.0,24.0,565.0,32.0
2.7281818181818185,8400.0,0.76,526.8223570190642,0.1685687065453145,2353.5625,7.0,18.0,25.0,577.0,32.0
2.7281818181818185,8600.0,0.78,526.4974619289341,0.16441327306265582,2353.5625,5.0,22.0,23.0,591.0,32.0
2.7281818181818185,8800.0,0.78,526.2905629139073,0.16117000790545882,2396.560606060606,4.0,21.0,25.0,604.0,33.0
2.7281818181818185,9000.0,0.78,524.8733870967742,0.1641294873614011,2603.6428571428573,8.0,16.0,26.0,620.0,35.0
2.7281818181818185,9200.0,0.76,519.92265625,0.16952141568524112,2781.4166666666665,6.0,17.0,27.0,640.0,36.0
2.7281818181818185,9400.0,0.76,518.6712328767123,0.17402144609085196,2756.3513513513512,8.0,17.0,25.0,657.0,37.0
2.7281818181818185,9600.0,0.78,518.5194029850746,0.176717410252772,2744.434210526316,8.0,18.0,24.0,670.0,38.0
2.7281818181818185,9800.0,0.8,519.9160583941606,0.18391340482030283,2744.434210526316,8.0,18.0,24.0,685.0,38.0
2.7281818181818185,10000.0,0.8,523.0086206896551,0.18292015486591126,2744.434210526316,5.0,21.0,24.0,696.0,38.0
2.7281818181818185,10200.0,0.8,522.2559774964839,0.17385928283299212,2827.5384615384614,5.0,21.0,24.0,711.0,39.0
2.7281818181818185,10400.0,0.74,519.458051420839,0.1676768086270853,2798.5375,9.0,17.0,24.0,739.0,40.0
2.7281818181818185,10600.0,0.78,515.6765480895916,0.17696065513956175,2798.5375,10.0,16.0,24.0,759.0,40.0
2.7281818181818185,10800.0,0.76,515.1705276705277,0.18020392029675877,2798.5375,8.0,18.0,24.0,777.0,40.0
2.7281818181818185,11000.0,0.8,513.3140862944163,0.18231204264893683,2798.5375,8.0,20.0,22.0,788.0,40.0
2.7281818181818185,11200.0,0.76,510.3662935323383,0.18255528753572658,2798.5375,7.0,21.0,22.0,804.0,40.0
2.7281818181818185,11400.0,0.78,507.66990291262135,0.17965661930148177,3006.890243902439,9.0,17.0,24.0,824.0,41.0
2.7281818181818185,11600.0,0.78,508.8142174432497,0.1811363590294529,3209.5476190476193,10.0,17.0,23.0,837.0,42.0
2.7281818181818185,11800.0,0.76,511.16569086651054,0.17914985912066975,3209.5476190476193,8.0,19.0,23.0,854.0,42.0
2.7281818181818185,12000.0,0.78,509.05069124423966,0.17975797133764418,3209.5476190476193,6.0,21.0,23.0,868.0,42.0
2.7281818181818185,12200.0,0.76,510.08502252252254,0.1797377009304117,3304.232558139535,8.0,19.0,23.0,888.0,43.0
2.7281818181818185,12400.0,0.76,506.68131868131866,0.17221737984716112,3510.7045454545455,8.0,20.0,22.0,910.0,44.0
2.7281818181818185,12600.0,0.78,504.5199138858988,0.17977824174487667,3510.7045454545455,7.0,20.0,23.0,929.0,44.0
2.7281818181818185,12800.0,0.8,504.62380446333685,0.18411610889262764,3715.6,9.0,18.0,23.0,941.0,45.0
2.7281818181818185,13000.0,0.78,503.82547169811323,0.18097419577159304,3715.6,9.0,16.0,25.0,954.0,45.0
2.7281818181818185,13200.0,0.78,502.79037267080747,0.1764944357732147,3777.6195652173915,10.0,15.0,25.0,966.0,46.0
2.7281818181818185,13400.0,0.8,500.86952089704386,0.17321062980155272,3777.6195652173915,8.0,16.0,26.0,981.0,46.0
2.7281818181818185,13600.0,0.8,502.35483870967744,0.17596740518517018,3985.308510638298,8.0,17.0,25.0,992.0,47.0
2.7281818181818185,13800.0,0.76,505.8456243854474,0.17608902762856507,3985.308510638298,7.0,18.0,25.0,1017.0,47.0
2.7281818181818185,14000.0,0.76,503.9598646034816,0.17385928283299212,3985.308510638298,8.0,17.0,25.0,1034.0,47.0
2.7281818181818185,14200.0,0.8,501.64876425855516,0.17087953296981737,3985.308510638298,7.0,19.0,24.0,1052.0,47.0
2.7281818181818185,14400.0,0.74,500.5812324929972,0.17124440030000201,3985.308510638298,9.0,17.0,24.0,1071.0,47.0
2.7281818181818185,14600.0,0.78,501.1070110701107,0.16942006364907872,3985.308510638298,8.0,17.0,25.0,1084.0,47.0
2.7281818181818185,14800.0,0.8,500.5421960072595,0.16625788012081164,3985.308510638298,7.0,20.0,23.0,1102.0,47.0
2.7281818181818185,15000.0,0.78,498.20089285714283,0.16970384935033345,3958.1354166666665,7.0,18.0,25.0,1120.0,48.0
2.7281818181818185,15200.0,0.76,498.7420634920635,0.17574443070561288,3998.4795918367345,9.0,15.0,26.0,1134.0,49.0
2.7281818181818185,15400.0,0.78,498.2631118881119,0.1771228183974216,4160.705882352941,9.0,15.0,26.0,1144.0,51.0
2.7281818181818185,15600.0,0.74,499.7684391080617,0.18289988445867877,4141.1057692307695,9.0,15.0,26.0,1166.0,52.0
2.7281818181818185,15800.0,0.76,500.22057578323455,0.18160257839579996,4141.1057692307695,10.0,15.0,25.0,1181.0,52.0
2.7281818181818185,16000.0,0.78,498.39916317991634,0.17564307866945048,4141.1057692307695,9.0,16.0,25.0,1195.0,52.0
2.7583838383838386,0.0,0.0,nan,0.015202805424360975,nan,0.0,0.0,50.0,0.0,0.0
2.7583838383838386,200.0,0.4,51.0,0.0392435084020838,nan,0.0,13.0,37.0,1.0,0.0
2.7583838383838386,400.0,0.64,53.333333333333336,0.07358157825390713,nan,0.0,15.0,35.0,3.0,0.0
2.7583838383838386,600.0,0.72,249.35714285714286,0.0999533780633653,564.5,2.0,13.0,35.0,7.0,2.0
2.7583838383838386,800.0,0.8,304.2083333333333,0.1219467699106075,648.7,5.0,11.0,34.0,12.0,5.0
2.7583838383838386,1000.0,0.78,351.7857142857143,0.13664281515415644,788.9,9.0,7.0,34.0,14.0,10.0
2.7583838383838386,1200.0,0.8,518.625,0.1445077331603592,853.2916666666666,11.0,5.0,34.0,20.0,12.0
2.7583838383838386,1400.0,0.8,617.1607142857143,0.15113615632538058,919.0714285714286,11.0,5.0,34.0,28.0,14.0
2.7583838383838386,1600.0,0.78,742.4318181818181,0.15717673768066,919.0714285714286,9.0,7.0,34.0,44.0,14.0
2.7583838383838386,1800.0,0.8,788.7363636363636,0.16269028844789493,966.9666666666667,11.0,5.0,34.0,55.0,15.0
2.7583838383838386,2000.0,0.76,716.3066666666666,0.16285245170575477,966.9666666666667,8.0,9.0,33.0,75.0,15.0
2.7583838383838386,2200.0,0.78,694.8965517241379,0.16528490057365253,1041.0625,9.0,9.0,32.0,87.0,16.0
2.7583838383838386,2400.0,0.8,682.8434343434343,0.16753491577645796,1041.0625,8.0,10.0,32.0,99.0,16.0
2.7583838383838386,2600.0,0.76,683.3648648648649,0.17298765532199542,1041.0625,9.0,10.0,31.0,111.0,16.0
2.7583838383838386,2800.0,0.76,666.3185483870968,0.17558226744775302,1134.9411764705883,11.0,8.0,31.0,124.0,17.0
2.7583838383838386,3000.0,0.76,652.1313868613139,0.17673768066000445,1134.9411764705883,11.0,8.0,31.0,137.0,17.0
2.7583838383838386,3200.0,0.8,645.5845070422536,0.17860255812539275,1134.9411764705883,10.0,9.0,31.0,142.0,17.0
2.7583838383838386,3400.0,0.78,659.7183544303797,0.17142683396509437,1258.8333333333333,11.0,8.0,31.0,158.0,18.0
2.7583838383838386,3600.0,0.8,641.8055555555555,0.16526463016642004,1375.2105263157894,9.0,10.0,31.0,180.0,19.0
2.7583838383838386,3800.0,0.78,628.0223880597015,0.16277137007682485,1375.2105263157894,9.0,10.0,31.0,201.0,19.0
2.7583838383838386,4000.0,0.76,627.2652582159625,0.16526463016642004,1375.2105263157894,8.0,11.0,31.0,213.0,19.0
2.7583838383838386,4200.0,0.8,621.5300925925926,0.16615652808464923,1375.2105263157894,8.0,12.0,30.0,216.0,19.0
2.7583838383838386,4400.0,0.76,624.7521739130435,0.1644335434698883,1375.2105263157894,8.0,12.0,30.0,230.0,19.0
2.7583838383838386,4600.0,0.8,620.9832635983264,0.16094703342590153,1375.2105263157894,8.0,12.0,30.0,239.0,19.0
2.7583838383838386,4800.0,0.8,628.1027131782946,0.15624429894796588,1375.2105263157894,9.0,12.0,29.0,258.0,19.0
2.7583838383838386,5000.0,0.78,625.9962962962964,0.16003486510043988,1707.404761904762,8.0,12.0,30.0,270.0,21.0
2.7583838383838386,5200.0,0.78,618.8517857142857,0.16192001297306063,1707.404761904762,6.0,13.0,31.0,280.0,21.0
2.7583838383838386,5400.0,0.8,615.6047297297297,0.16583220156892953,1707.404761904762,7.0,13.0,30.0,296.0,21.0
2.7583838383838386,5600.0,0.8,612.4660194174758,0.16787951269941012,1707.404761904762,8.0,12.0,30.0,309.0,21.0
2.7583838383838386,5800.0,0.78,617.0250783699059,0.1694403340563112,1707.404761904762,9.0,12.0,29.0,319.0,21.0
2.7583838383838386,6000.0,0.78,613.3353658536586,0.16826465043682728,1707.404761904762,9.0,12.0,29.0,328.0,21.0
2.7583838383838386,6200.0,0.74,617.9314868804664,0.16427138021202847,1707.404761904762,8.0,13.0,29.0,343.0,21.0
2.7583838383838386,6400.0,0.8,619.7486111111111,0.16583220156892953,2110.717391304348,11.0,9.0,30.0,360.0,23.0
2.7583838383838386,6600.0,0.78,620.5466666666666,0.16850789532361704,2110.717391304348,11.0,9.0,30.0,375.0,23.0
2.7583838383838386,6800.0,0.76,615.4871134020618,0.1723592726977885,2305.6458333333335,9.0,11.0,30.0,388.0,24.0
2.7583838383838386,7000.0,0.8,615.3927680798005,0.17012952790221555,2305.6458333333335,9.0,10.0,31.0,401.0,24.0
2.7583838383838386,7200.0,0.74,607.2589498806683,0.1602375691727647,2305.6458333333335,9.0,11.0,30.0,419.0,24.0
2.7583838383838386,7400.0,0.76,603.8833718244804,0.15952810491962782,2305.6458333333335,7.0,13.0,30.0,433.0,24.0
2.7583838383838386,7600.0,0.76,604.4162895927602,0.15875782944479355,2305.6458333333335,7.0,13.0,30.0,442.0,24.0
2.7583838383838386,7800.0,0.78,600.382932166302,0.15758214582530963,2305.6458333333335,7.0,13.0,30.0,457.0,24.0
2.7583838383838386,8000.0,0.78,600.8182773109244,0.15190643180021488,2731.423076923077,8.0,13.0,29.0,476.0,26.0
2.7583838383838386,8200.0,0.8,593.4264112903226,0.15614294691180347,2731.423076923077,7.0,15.0,28.0,496.0,26.0
2.7583838383838386,8400.0,0.8,592.2504873294347,0.1596699977702552,2731.423076923077,7.0,14.0,29.0,513.0,26.0
2.7583838383838386,8600.0,0.8,586.7155009451795,0.1628119108912898,2731.423076923077,8.0,17.0,25.0,529.0,26.0
2.7583838383838386,8800.0,0.78,585.1441774491682,0.17112277785660715,2950.5555555555557,8.0,16.0,26.0,541.0,27.0
2.7583838383838386,9000.0,0.8,584.0526315789474,0.17375793079682972,2950.5555555555557,7.0,17.0,26.0,551.0,27.0
2.7583838383838386,9200.0,0.76,582.2582897033159,0.17600794599963512,2950.5555555555557,7.0,17.0,26.0,573.0,27.0
2.7583838383838386,9400.0,0.8,580.2602040816327,0.17402144609085196,3175.2321428571427,9.0,15.0,26.0,588.0,28.0
2.7583838383838386,9600.0,0.74,575.2312811980033,0.17205521658930129,3789.2741935483873,11.0,13.0,26.0,601.0,31.0
2.7583838383838386,9800.0,0.78,576.1764227642276,0.17059574726856264,3789.2741935483873,10.0,12.0,28.0,615.0,31.0
2.7583838383838386,10000.0,0.78,580.0654952076677,0.16871059939594185,3789.2741935483873,8.0,15.0,27.0,626.0,31.0
2.7583838383838386,10200.0,0.8,578.8029366306027,0.1630348853708471,3789.2741935483873,9.0,13.0,28.0,647.0,31.0
2.7583838383838386,10400.0,0.8,576.119696969697,0.1606429773174143,3994.203125,8.0,14.0,28.0,660.0,32.0
2.7583838383838386,10600.0,0.78,573.7824143070045,0.16029838039446212,3994.203125,8.0,14.0,28.0,671.0,32.0
2.7583838383838386,10800.0,0.74,574.0428156748911,0.16123081912715626,3994.203125,7.0,13.0,30.0,689.0,32.0
2.7583838383838386,11000.0,0.78,572.1697443181819,0.16082541098250663,3994.203125,8.0,14.0,28.0,704.0,32.0
2.7583838383838386,11200.0,0.8,572.6173184357542,0.16155514564287596,3994.203125,10.0,11.0,29.0,716.0,32.0
2.7583838383838386,11400.0,0.8,567.9047619047619,0.16425110980479599,3889.2727272727275,11.0,10.0,29.0,735.0,33.0
2.7583838383838386,11600.0,0.7,566.9005270092226,0.16252812519003507,3889.2727272727275,10.0,12.0,28.0,759.0,33.0
2.7583838383838386,11800.0,0.74,563.0605670103092,0.15920377840390815,3889.2727272727275,8.0,15.0,27.0,776.0,33.0
2.7583838383838386,12000.0,0.74,561.1869455006337,0.1562037581335009,3796.0588235294117,7.0,15.0,28.0,789.0,34.0
2.7583838383838386,12200.0,0.8,557.3161490683229,0.15464293677659985,3796.0588235294117,8.0,14.0,28.0,805.0,34.0
2.7583838383838386,12400.0,0.74,558.11803874092,0.15281860012567652,4038.785714285714,9.0,12.0,29.0,826.0,35.0
2.7583838383838386,12600.0,0.76,553.8447867298578,0.15579834998885128,4038.785714285714,10.0,14.0,26.0,844.0,35.0
2.7583838383838386,12800.0,0.78,550.9562937062936,0.15952810491962782,4038.785714285714,9.0,15.0,26.0,858.0,35.0
2.7583838383838386,13000.0,0.8,551.8122847301952,0.16297407414914966,4146.986111111111,8.0,15.0,27.0,871.0,36.0
2.7583838383838386,13200.0,0.8,547.8740157480315,0.16485922202177042,4146.986111111111,10.0,12.0,28.0,889.0,36.0
2.7583838383838386,13400.0,0.78,547.9663355408388,0.1617375793079683,4127.945945945946,9.0,14.0,27.0,906.0,37.0
2.7583838383838386,13600.0,0.74,541.8758064516129,0.16275109966959236,4127.945945945946,9.0,14.0,27.0,930.0,37.0
2.7583838383838386,13800.0,0.8,539.2800632911392,0.16583220156892953,4127.945945945946,10.0,13.0,27.0,948.0,37.0
2.7583838383838386,14000.0,0.72,539.5390218522373,0.16794032392110758,4127.945945945946,9.0,15.0,26.0,961.0,37.0
2.7583838383838386,14200.0,0.7,537.6363173957274,0.16842681369468712,4127.945945945946,9.0,14.0,27.0,983.0,37.0
2.7583838383838386,14400.0,0.8,535.6214859437752,0.16810248717896742,4395.565789473684,10.0,13.0,27.0,996.0,38.0
2.7583838383838386,14600.0,0.78,534.3494570582428,0.16447408428435328,4395.565789473684,9.0,12.0,29.0,1013.0,38.0
2.7583838383838386,14800.0,0.8,533.871945259042,0.16528490057365253,4657.461538461538,10.0,11.0,29.0,1023.0,39.0
2.7583838383838386,15000.0,0.78,534.3864942528736,0.16337948229379928,4657.461538461538,10.0,13.0,27.0,1044.0,39.0
2.7583838383838386,15200.0,0.78,531.3565380997178,0.1645754363205157,4918.525,10.0,13.0,27.0,1063.0,40.0
2.7583838383838386,15400.0,0.76,530.7435064935065,0.1631362374070095,4918.525,11.0,10.0,29.0,1078.0,40.0
2.7583838383838386,15600.0,0.74,532.0193192272309,0.16269028844789493,5016.841463414634,10.0,11.0,29.0,1087.0,41.0
2.7583838383838386,15800.0,0.72,529.7822362488729,0.16013621713660228,5016.841463414634,8.0,14.0,28.0,1109.0,41.0
2.7583838383838386,16000.0,0.8,528.262854609929,0.16262947722619747,5016.841463414634,7.0,16.0,27.0,1128.0,41.0
2.7885858585858587,0.0,0.0,nan,0.015202805424360975,nan,0.0,0.0,50.0,0.0,0.0
2.7885858585858587,200.0,0.34,62.25,0.03727727890053311,nan,0.0,12.0,38.0,2.0,0.0
2.7885858585858587,400.0,0.68,179.0,0.07380455273346441,nan,0.0,20.0,30.0,8.0,0.0
2.7885858585858587,600.0,0.76,233.03571428571428,0.11079804593274278,580.0,1.0,21.0,28.0,14.0,1.0
2.7885858585858587,800.0,0.8,254.85714285714286,0.13599416212271703,696.7857142857143,5.0,17.0,28.0,21.0,7.0
2.7885858585858587,1000.0,0.78,332.86538461538464,0.15450104392597247,754.9444444444445,8.0,13.0,29.0,26.0,9.0
2.7885858585858587,1200.0,0.78,418.4,0.16317677822147447,792.2,9.0,13.0,28.0,30.0,10.0
2.7885858585858587,1400.0,0.74,558.1410256410256,0.16297407414914966,835.3636363636364,10.0,12.0,28.0,39.0,11.0
2.7885858585858587,1600.0,0.8,615.3846153846154,0.16698761478118096,888.1666666666666,7.0,15.0,28.0,52.0,12.0
2.7885858585858587,1800.0,0.78,653.8984375,0.17363630835343483,998.0357142857143,11.0,10.0,29.0,64.0,14.0
2.7885858585858587,2000.0,0.8,660.2466666666667,0.18166338961749742,998.0357142857143,9.0,14.0,27.0,75.0,14.0
2.7885858585858587,2200.0,0.8,646.1855670103092,0.18206879776214704,1074.8666666666666,10.0,14.0,26.0,97.0,15.0
2.7885858585858587,2400.0,0.78,627.4863636363636,0.1879674862667991,1223.9705882352941,12.0,13.0,25.0,110.0,17.0
2.7885858585858587,2600.0,0.8,611.1279069767442,0.1887174913344009,1359.342105263158,11.0,16.0,23.0,129.0,19.0
2.7885858585858587,2800.0,0.76,612.6111111111111,0.19062290961425415,1424.7,13.0,13.0,24.0,144.0,20.0
2.7885858585858587,3000.0,0.78,588.846875,0.1901364198406746,1491.095238095238,8.0,18.0,24.0,160.0,21.0
2.7885858585858587,3200.0,0.78,582.0969696969697,0.18768370056554437,1491.095238095238,9.0,17.0,24.0,165.0,21.0
2.7885858585858587,3400.0,0.8,587.5300546448087,0.18314312934546856,1573.9545454545455,11.0,15.0,24.0,183.0,22.0
2.7885858585858587,3600.0,0.8,568.2696078431372,0.18358907830458313,1573.9545454545455,11.0,14.0,25.0,204.0,22.0
2.7885858585858587,3800.0,0.76,566.1857798165138,0.18502827721808932,1744.4166666666667,11.0,15.0,24.0,218.0,24.0
2.7885858585858587,4000.0,0.78,569.4678111587983,0.18294042527314375,1744.4166666666667,10.0,16.0,24.0,233.0,24.0
2.7885858585858587,4200.0,0.78,569.9918032786885,0.17862282853262523,1840.82,10.0,16.0,24.0,244.0,25.0
2.7885858585858587,4400.0,0.8,568.181640625,0.17227819106885858,1840.82,9.0,18.0,23.0,256.0,25.0
2.7885858585858587,4600.0,0.8,566.4578754578755,0.16439300265542334,1840.82,9.0,17.0,24.0,273.0,25.0
2.7885858585858587,4800.0,0.8,565.3706896551724,0.16372407921675147,1840.82,8.0,19.0,23.0,290.0,25.0
2.7885858585858587,5000.0,0.76,564.9475409836066,0.1667038290799262,1840.82,7.0,19.0,24.0,305.0,25.0
2.7885858585858587,5200.0,0.78,558.3078125,0.16871059939594185,1840.82,7.0,19.0,24.0,320.0,25.0
2.7885858585858587,5400.0,0.76,553.4342105263158,0.16875114021040682,1972.75,8.0,18.0,24.0,342.0,26.0
2.7885858585858587,5600.0,0.76,543.1478873239437,0.16350110473719418,1972.75,9.0,15.0,26.0,355.0,26.0
2.7885858585858587,5800.0,0.78,548.0053475935829,0.16502138527963026,2109.3333333333335,12.0,12.0,26.0,374.0,27.0
2.7885858585858587,6000.0,0.76,545.4791666666666,0.16982547179372834,2109.3333333333335,8.0,16.0,26.0,384.0,27.0
2.7885858585858587,6200.0,0.72,537.0815085158151,0.16810248717896742,2251.75,10.0,15.0,25.0,411.0,28.0
2.7885858585858587,6400.0,0.8,525.2248243559719,0.172926844100298,2251.75,11.0,13.0,26.0,427.0,28.0
2.7885858585858587,6600.0,0.78,515.6873614190687,0.16854843613808201,2251.75,7.0,16.0,27.0,451.0,28.0
2.7885858585858587,6800.0,0.78,516.1798715203427,0.16579166075446455,2251.75,8.0,16.0,26.0,467.0,28.0
2.7885858585858587,7000.0,0.78,516.0962732919255,0.165305170980885,2251.75,6.0,21.0,23.0,483.0,28.0
2.7885858585858587,7200.0,0.78,513.4376257545272,0.16994709423712323,2251.75,6.0,21.0,23.0,497.0,28.0
2.7885858585858587,7400.0,0.8,512.6856581532417,0.16771734944155028,2251.75,7.0,21.0,22.0,509.0,28.0
2.7885858585858587,7600.0,0.76,514.3117870722433,0.16710923722457585,2432.896551724138,8.0,19.0,23.0,526.0,29.0
2.7885858585858587,7800.0,0.8,510.49261992619927,0.1683457320657572,2432.896551724138,8.0,19.0,23.0,542.0,29.0
2.7885858585858587,8000.0,0.74,511.21985815602835,0.172926844100298,2432.896551724138,6.0,22.0,22.0,564.0,29.0
2.7885858585858587,8200.0,0.76,507.04231433506044,0.171284941114467,2624.0,5.0,23.0,22.0,579.0,30.0
2.7885858585858587,8400.0,0.78,507.3544839255499,0.17185251251697647,2806.8064516129034,7.0,19.0,24.0,591.0,31.0
2.7885858585858587,8600.0,0.74,506.39279869067104,0.17242008391948593,2985.890625,7.0,17.0,26.0,611.0,32.0
2.7885858585858587,8800.0,0.78,505.79487179487177,0.17398090527638702,3323.0882352941176,9.0,16.0,25.0,624.0,34.0
2.7885858585858587,9000.0,0.76,502.7682737169518,0.17006871668051812,3323.0882352941176,8.0,18.0,24.0,643.0,34.0
2.7885858585858587,9200.0,0.8,503.80454545454546,0.16273082926235988,3323.0882352941176,5.0,21.0,24.0,660.0,34.0
2.7885858585858587,9400.0,0.78,502.8,0.16512273731579266,3494.7714285714287,7.0,20.0,23.0,680.0,35.0
2.7885858585858587,9600.0,0.76,499.07758620689657,0.17049439523240023,3494.7714285714287,5.0,22.0,23.0,696.0,35.0
2.7885858585858587,9800.0,0.78,499.72370266479663,0.17436604301380415,3494.7714285714287,7.0,18.0,25.0,713.0,35.0
2.7885858585858587,10000.0,0.76,498.83173734610125,0.17754849694930372,3672.1805555555557,8.0,17.0,25.0,731.0,36.0
2.7885858585858587,10200.0,0.8,497.61260053619304,0.1722579206616261,3672.1805555555557,8.0,17.0,25.0,746.0,36.0
2.7885858585858587,10400.0,0.76,495.3784494086728,0.16512273731579266,3672.1805555555557,8.0,17.0,25.0,761.0,36.0
2.7885858585858587,10600.0,0.8,498.7722007722008,0.1652038189447226,3726.2837837837837,7.0,19.0,24.0,777.0,37.0
2.7885858585858587,10800.0,0.76,499.73333333333335,0.1674741045547605,3726.2837837837837,6.0,19.0,25.0,795.0,37.0
2.7885858585858587,11000.0,0.74,498.0950920245399,0.1691160075405915,3693.565789473684,9.0,16.0,25.0,815.0,38.0
2.7885858585858587,11200.0,0.8,497.71694711538464,0.17375793079682972,3772.551282051282,12.0,13.0,25.0,832.0,39.0
2.7885858585858587,11400.0,0.74,494.61091549295776,0.17471063993675634,3772.551282051282,9.0,17.0,24.0,852.0,39.0
2.7885858585858587,11600.0,0.72,488.88755707762556,0.17321062980155272,3772.551282051282,9.0,17.0,24.0,876.0,39.0
2.7885858585858587,11800.0,0.7,483.1247228381375,0.17012952790221555,3772.551282051282,7.0,20.0,23.0,902.0,39.0
2.7885858585858587,12000.0,0.8,479.8794983642312,0.17053493604686518,4000.0243902439024,7.0,20.0,23.0,917.0,41.0
2.7885858585858587,12200.0,0.78,480.59090909090907,0.1714876451867918,4000.0243902439024,7.0,17.0,26.0,935.0,41.0
2.7885858585858587,12400.0,0.78,480.75368421052633,0.17325117061601766,4000.0243902439024,7.0,16.0,27.0,950.0,41.0
2.7885858585858587,12600.0,0.8,479.3981385729059,0.17387955324022458,4204.119047619048,8.0,17.0,25.0,967.0,42.0
2.7885858585858587,12800.0,0.74,477.0651515151515,0.17077818093365496,4204.119047619048,8.0,16.0,26.0,990.0,42.0
2.7885858585858587,13000.0,0.8,477.76973026973025,0.16603490564125434,4204.119047619048,6.0,18.0,26.0,1001.0,42.0
2.7885858585858587,13200.0,0.78,477.4518190757129,0.16558895668213974,4259.636363636364,8.0,16.0,26.0,1017.0,44.0
2.7885858585858587,13400.0,0.78,477.91513094083416,0.16550787505320982,4216.133333333333,10.0,13.0,27.0,1031.0,45.0
2.7885858585858587,13600.0,0.8,477.94598470363286,0.16117000790545882,4216.133333333333,8.0,14.0,28.0,1046.0,45.0
2.7885858585858587,13800.0,0.72,480.2708528584817,0.1594470232906979,4216.133333333333,8.0,14.0,28.0,1067.0,45.0
2.7885858585858587,14000.0,0.76,479.35806451612905,0.15727808971682242,4216.133333333333,8.0,14.0,28.0,1085.0,45.0
2.7885858585858587,14200.0,0.78,477.2479489516864,0.15326454908479112,4216.133333333333,9.0,15.0,26.0,1097.0,45.0
2.7885858585858587,14400.0,0.8,479.2859066427289,0.14750775343076641,4216.133333333333,9.0,14.0,27.0,1114.0,45.0
2.7885858585858587,14600.0,0.76,479.98362831858407,0.14669693714146717,4216.133333333333,9.0,12.0,29.0,1130.0,45.0
2.7885858585858587,14800.0,0.74,481.2615923009624,0.1576226866397746,4216.133333333333,8.0,14.0,28.0,1143.0,45.0
2.7885858585858587,15000.0,0.78,480.06046312178387,0.15638619179859323,4237.228260869565,7.0,15.0,28.0,1166.0,46.0
2.7885858585858587,15200.0,0.74,477.6375952582557,0.15754160501084466,4468.351063829788,6.0,17.0,27.0,1181.0,47.0
2.7885858585858587,15400.0,0.76,475.68068276436304,0.15796728356272677,4468.351063829788,7.0,16.0,27.0,1201.0,47.0
2.7885858585858587,15600.0,0.76,475.74836333878886,0.15833215089291144,4458.677083333333,8.0,16.0,26.0,1222.0,48.0
2.7885858585858587,15800.0,0.76,476.2471728594507,0.15289968175460644,4458.677083333333,7.0,14.0,29.0,1238.0,48.0
2.7885858585858587,16000.0,0.78,474.60796812749004,0.15752133460361217,4458.677083333333,6.0,19.0,25.0,1255.0,48.0
2.818787878787879,0.0,0.0,nan,0.015202805424360975,nan,0.0,0.0,50.0,0.0,0.0
2.818787878787879,200.0,0.34,62.25,0.03727727890053311,nan,0.0,12.0,38.0,2.0,0.0
2.818787878787879,400.0,0.72,95.4375,0.07398698639855675,nan,0.0,18.0,32.0,8.0,0.0
2.818787878787879,600.0,0.78,100.91666666666667,0.11108183163399753,552.5,2.0,19.0,29.0,12.0,2.0
2.818787878787879,800.0,0.8,166.1,0.13846715180507976,629.375,4.0,17.0,29.0,15.0,4.0
2.818787878787879,1000.0,0.8,271.69444444444446,0.15594024283947863,732.0714285714286,7.0,13.0,30.0,18.0,7.0
2.818787878787879,1200.0,0.78,433.7,0.16198082419475807,815.8333333333334,9.0,11.0,30.0,25.0,9.0
2.818787878787879,1400.0,0.78,541.5441176470588,0.17150791559402428,1005.75,13.0,8.0,29.0,34.0,14.0
2.818787878787879,1600.0,0.8,669.6808510638298,0.1759471347779377,1005.75,11.0,10.0,29.0,47.0,14.0
2.818787878787879,1800.0,0.78,703.9152542372881,0.1787444509760201,1091.1875,11.0,11.0,28.0,59.0,16.0
2.818787878787879,2000.0,0.76,707.9933333333333,0.17892688464111245,1141.3235294117646,12.0,10.0,28.0,75.0,17.0
2.818787878787879,2200.0,0.78,696.7142857142857,0.17925121115683215,1192.2777777777778,10.0,12.0,28.0,91.0,18.0
2.818787878787879,2400.0,0.8,646.3035714285714,0.18618369043034075,1192.2777777777778,12.0,10.0,28.0,112.0,18.0
2.818787878787879,2600.0,0.78,637.6138211382114,0.18766343015831188,1259.078947368421,12.0,10.0,28.0,123.0,19.0
2.818787878787879,2800.0,0.78,623.3444444444444,0.18640666490989805,1329.025,11.0,12.0,27.0,135.0,20.0
2.818787878787879,3000.0,0.78,614.9536423841059,0.18127825188008026,1329.025,10.0,13.0,27.0,151.0,20.0
2.818787878787879,3200.0,0.78,606.8878787878788,0.17450793586443153,1329.025,7.0,16.0,27.0,165.0,20.0
2.818787878787879,3400.0,0.8,600.4065934065934,0.17325117061601766,1424.952380952381,8.0,15.0,27.0,182.0,21.0
2.818787878787879,3600.0,0.8,599.7102564102564,0.1736565787606673,1521.25,12.0,11.0,27.0,195.0,22.0
2.818787878787879,3800.0,0.74,585.6173708920188,0.17398090527638702,1521.25,12.0,12.0,26.0,213.0,22.0
2.818787878787879,4000.0,0.78,589.609649122807,0.17568361948391542,1521.25,11.0,11.0,28.0,228.0,22.0
2.818787878787879,4200.0,0.78,585.3571428571429,0.1733322522449476,1521.25,10.0,13.0,27.0,238.0,22.0
2.818787878787879,4400.0,0.76,576.2440476190476,0.1667240994871587,1521.25,8.0,14.0,28.0,252.0,22.0
2.818787878787879,4600.0,0.76,577.0092592592592,0.16573084953276712,1521.25,6.0,18.0,26.0,270.0,22.0
2.818787878787879,4800.0,0.76,580.9911660777385,0.16820383921512982,1663.5652173913043,7.0,17.0,26.0,283.0,23.0
2.818787878787879,5000.0,0.78,578.3277027027027,0.17694038473232926,1663.5652173913043,8.0,17.0,25.0,296.0,23.0
2.818787878787879,5200.0,0.76,572.342019543974,0.18294042527314375,1663.5652173913043,8.0,17.0,25.0,307.0,23.0
2.818787878787879,5400.0,0.78,572.9753086419753,0.18632558328096813,1663.5652173913043,7.0,19.0,24.0,324.0,23.0
2.818787878787879,5600.0,0.8,569.0838235294118,0.18431881296495248,1663.5652173913043,8.0,18.0,24.0,340.0,23.0
2.818787878787879,5800.0,0.8,567.2571022727273,0.18865668011270345,1663.5652173913043,8.0,17.0,25.0,352.0,23.0
2.818787878787879,6000.0,0.78,568.8842975206611,0.18575801187845864,1997.86,10.0,14.0,26.0,363.0,25.0
2.818787878787879,6200.0,0.8,564.2878378378379,0.18249447631402915,2301.259259259259,8.0,16.0,26.0,370.0,27.0
2.818787878787879,6400.0,0.74,571.8532467532467,0.18208906816937953,2301.259259259259,8.0,14.0,28.0,385.0,27.0
2.818787878787879,6600.0,0.74,579.7706766917294,0.17878499179048507,2301.259259259259,11.0,11.0,28.0,399.0,27.0
2.818787878787879,6800.0,0.76,584.7978468899521,0.17803498672288326,2460.589285714286,7.0,16.0,27.0,418.0,28.0
2.818787878787879,7000.0,0.74,576.1571100917431,0.17199440536760383,2460.589285714286,7.0,16.0,27.0,436.0,28.0
2.818787878787879,7200.0,0.8,566.9626373626373,0.1675754565909229,2460.589285714286,7.0,16.0,27.0,455.0,28.0
2.818787878787879,7400.0,0.78,563.7405063291139,0.16717004844627328,2460.589285714286,7.0,17.0,26.0,474.0,28.0
2.818787878787879,7600.0,0.76,558.1591836734694,0.16159568645734093,2460.589285714286,6.0,19.0,25.0,490.0,28.0
2.818787878787879,7800.0,0.8,556.995,0.15877809985202604,2405.396551724138,7.0,17.0,26.0,500.0,29.0
2.818787878787879,8000.0,0.78,553.6391554702495,0.15541321225143412,2405.396551724138,8.0,15.0,27.0,521.0,29.0
2.818787878787879,8200.0,0.8,552.3277467411546,0.15725781930958993,2405.396551724138,7.0,15.0,28.0,537.0,29.0
2.818787878787879,8400.0,0.72,552.3907942238267,0.1567713295360104,2405.396551724138,6.0,17.0,27.0,554.0,29.0
2.818787878787879,8600.0,0.78,548.2236842105264,0.15735917134575234,2405.396551724138,5.0,19.0,26.0,570.0,29.0
2.818787878787879,8800.0,0.78,543.3698979591836,0.15591997243224617,2405.396551724138,5.0,18.0,27.0,588.0,29.0
2.818787878787879,9000.0,0.74,538.9934533551555,0.16117000790545882,2621.4666666666667,7.0,18.0,25.0,611.0,30.0
2.818787878787879,9200.0,0.72,540.4216,0.16279164048405734,2621.4666666666667,6.0,18.0,26.0,625.0,30.0
2.818787878787879,9400.0,0.78,536.7453125,0.16163622727180588,2834.7741935483873,7.0,16.0,27.0,640.0,31.0
2.818787878787879,9600.0,0.78,537.4187306501548,0.16189974256582815,3043.921875,9.0,12.0,29.0,646.0,32.0
2.818787878787879,9800.0,0.78,537.0166666666667,0.15695376320110271,3247.560606060606,7.0,14.0,29.0,660.0,33.0
2.818787878787879,10000.0,0.76,540.5849335302806,0.15356860519327833,3247.560606060606,7.0,14.0,29.0,677.0,33.0
2.818787878787879,10200.0,0.8,539.2680115273776,0.155534834694829,3247.560606060606,7.0,14.0,29.0,694.0,33.0
2.818787878787879,10400.0,0.76,534.4271708683474,0.16200109460199055,3247.560606060606,7.0,15.0,28.0,714.0,33.0
2.818787878787879,10600.0,0.78,528.6181693989071,0.16696734437394847,3247.560606060606,8.0,15.0,27.0,732.0,33.0
2.818787878787879,10800.0,0.78,530.4070855614973,0.17385928283299212,3247.560606060606,9.0,13.0,28.0,748.0,33.0
2.818787878787879,11000.0,0.76,528.296320630749,0.1768187622889344,3469.8382352941176,10.0,13.0,27.0,761.0,34.0
2.818787878787879,11200.0,0.8,527.0019505851756,0.1756025378549855,3469.8382352941176,9.0,13.0,28.0,769.0,34.0
2.818787878787879,11400.0,0.78,529.6438618925831,0.17021060953114547,3513.7285714285713,9.0,12.0,29.0,782.0,35.0
2.818787878787879,11600.0,0.8,531.6460957178841,0.17021060953114547,3614.3194444444443,8.0,12.0,30.0,794.0,36.0
2.818787878787879,11800.0,0.8,533.7036114570361,0.17471063993675634,3570.689189189189,10.0,11.0,29.0,803.0,37.0
2.818787878787879,12000.0,0.8,536.9707317073171,0.17740660409867634,3570.689189189189,10.0,13.0,27.0,820.0,37.0
2.818787878787879,12200.0,0.76,537.3757467144563,0.18283907323698134,3570.689189189189,10.0,14.0,26.0,837.0,37.0
2.818787878787879,12400.0,0.78,537.5811764705883,0.1834269150467233,3802.8947368421054,9.0,15.0,26.0,850.0,38.0
2.818787878787879,12600.0,0.78,536.3231213872832,0.17584578274177529,3802.8947368421054,9.0,15.0,26.0,865.0,38.0
2.818787878787879,12800.0,0.78,537.3777019340159,0.16998763505158818,3869.974358974359,8.0,16.0,26.0,879.0,39.0
2.818787878787879,13000.0,0.78,535.2253914988814,0.1665011250076014,3869.974358974359,7.0,18.0,25.0,894.0,39.0
2.818787878787879,13200.0,0.74,536.9554945054945,0.16275109966959236,3953.15,8.0,17.0,25.0,910.0,40.0
2.818787878787879,13400.0,0.8,535.6192017259979,0.1653254413881175,3953.15,8.0,17.0,25.0,927.0,40.0
2.818787878787879,13600.0,0.74,535.7434141201264,0.17006871668051812,4047.4024390243903,8.0,16.0,26.0,949.0,41.0
2.818787878787879,13800.0,0.78,535.8606217616581,0.17722417043358402,4047.4024390243903,7.0,17.0,26.0,965.0,41.0
2.818787878787879,14000.0,0.76,532.5864008179959,0.17481199197291875,4047.4024390243903,7.0,18.0,25.0,978.0,41.0
2.818787878787879,14200.0,0.8,533.273138832998,0.17288630328583302,4047.4024390243903,8.0,17.0,25.0,994.0,41.0
2.818787878787879,14400.0,0.72,532.642005958292,0.17726471124804896,4047.4024390243903,9.0,16.0,25.0,1007.0,41.0
2.818787878787879,14600.0,0.8,531.2799607072692,0.17823769079520807,4047.4024390243903,9.0,15.0,26.0,1018.0,41.0
2.818787878787879,14800.0,0.76,530.1219748305905,0.17827823160967304,4299.369047619048,8.0,16.0,26.0,1033.0,42.0
2.818787878787879,15000.0,0.76,530.8280802292263,0.17298765532199542,4547.523255813953,10.0,12.0,28.0,1047.0,43.0
2.818787878787879,15200.0,0.8,532.7587346553353,0.16771734944155028,4547.523255813953,9.0,11.0,30.0,1059.0,43.0
2.818787878787879,15400.0,0.76,534.1519105312209,0.16646058419313645,4547.523255813953,7.0,14.0,29.0,1073.0,43.0
2.818787878787879,15600.0,0.78,534.0552511415525,0.16678491070885615,4547.523255813953,8.0,15.0,27.0,1095.0,43.0
2.818787878787879,15800.0,0.74,533.3496849684968,0.16828492084405977,4547.523255813953,6.0,17.0,27.0,1111.0,43.0
2.818787878787879,16000.0,0.78,532.2774308652988,0.1682241096223623,4547.523255813953,6.0,16.0,28.0,1121.0,43.0
2.848989898989899,0.0,0.0,nan,0.015202805424360975,nan,0.0,0.0,50.0,0.0,0.0
2.848989898989899,200.0,0.34,62.25,0.03727727890053311,nan,0.0,12.0,38.0,2.0,0.0
2.848989898989899,400.0,0.62,107.71428571428571,0.07163561915958892,nan,0.0,16.0,34.0,7.0,0.0
2.848989898989899,600.0,0.8,145.75,0.10682504611517646,539.0,3.0,16.0,31.0,10.0,3.0
2.848989898989899,800.0,0.78,259.40625,0.13232521841363792,616.0,4.0,15.0,31.0,16.0,5.0
2.848989898989899,1000.0,0.76,357.54545454545456,0.15277805931121155,688.1428571428571,7.0,12.0,31.0,22.0,7.0
2.848989898989899,1200.0,0.78,456.18333333333334,0.1564267326130582,787.0,9.0,10.0,31.0,30.0,9.0
2.848989898989899,1400.0,0.78,517.5384615384615,0.16569030871830215,915.2916666666666,12.0,7.0,31.0,39.0,12.0
2.848989898989899,1600.0,0.74,627.7264150943396,0.17426469097764175,1049.46875,14.0,5.0,31.0,53.0,16.0
2.848989898989899,1800.0,0.8,648.9354838709677,0.17590659396347272,1085.3823529411766,11.0,9.0,30.0,62.0,17.0
2.848989898989899,2000.0,0.78,701.8533333333334,0.1764944357732147,1085.3823529411766,12.0,8.0,30.0,75.0,17.0
2.848989898989899,2200.0,0.76,629.0050505050505,0.17152818600125677,1141.1944444444443,11.0,9.0,30.0,99.0,18.0
2.848989898989899,2400.0,0.8,622.3018867924528,0.1711633186710721,1141.1944444444443,9.0,11.0,30.0,106.0,18.0
2.848989898989899,2600.0,0.72,628.0840336134454,0.16528490057365253,1214.7368421052631,9.0,12.0,29.0,119.0,19.0
2.848989898989899,2800.0,0.7,621.3188405797101,0.16327813025763688,1214.7368421052631,9.0,14.0,27.0,138.0,19.0
2.848989898989899,3000.0,0.72,606.8355263157895,0.16548760464597734,1214.7368421052631,10.0,13.0,27.0,152.0,19.0
2.848989898989899,3200.0,0.76,597.4732142857143,0.16854843613808201,1214.7368421052631,9.0,13.0,28.0,168.0,19.0
2.848989898989899,3400.0,0.74,577.8689839572193,0.16601463523402185,1214.7368421052631,9.0,13.0,28.0,187.0,19.0
2.848989898989899,3600.0,0.8,565.4829268292683,0.164757869985608,1214.7368421052631,8.0,14.0,28.0,205.0,19.0
2.848989898989899,3800.0,0.78,556.1628959276018,0.16644031378590396,1459.142857142857,10.0,13.0,27.0,221.0,21.0
2.848989898989899,4000.0,0.76,557.6587982832618,0.17144710437232685,1459.142857142857,10.0,15.0,25.0,233.0,21.0
2.848989898989899,4200.0,0.8,557.4918699186992,0.1678187014777127,1459.142857142857,10.0,14.0,26.0,246.0,21.0
2.848989898989899,4400.0,0.78,560.5730769230769,0.16629842093527658,1459.142857142857,8.0,16.0,26.0,260.0,21.0
2.848989898989899,4600.0,0.78,554.658273381295,0.16915654835505645,1459.142857142857,6.0,20.0,24.0,278.0,21.0
2.848989898989899,4800.0,0.8,548.2329931972789,0.16974439016479842,1609.3863636363637,8.0,17.0,25.0,294.0,22.0
2.848989898989899,5000.0,0.76,541.6934426229508,0.1706160176757951,1609.3863636363637,9.0,15.0,26.0,305.0,22.0
2.848989898989899,5200.0,0.78,552.6090342679128,0.17479172156568626,1609.3863636363637,7.0,17.0,26.0,321.0,22.0
2.848989898989899,5400.0,0.76,550.4864457831326,0.1724808951411834,1772.6041666666667,8.0,14.0,28.0,332.0,24.0
2.848989898989899,5600.0,0.76,553.8908045977012,0.16960249731417104,1772.6041666666667,6.0,16.0,28.0,348.0,24.0
2.848989898989899,5800.0,0.8,549.4269972451791,0.1668254515233211,1772.6041666666667,5.0,18.0,27.0,363.0,24.0
2.848989898989899,6000.0,0.74,552.0186666666667,0.1653254413881175,2084.6346153846152,10.0,13.0,27.0,375.0,26.0
2.848989898989899,6200.0,0.78,545.4017857142857,0.16644031378590396,2084.6346153846152,8.0,16.0,26.0,392.0,26.0
2.848989898989899,6400.0,0.74,545.0762711864406,0.16315650781424199,2387.2321428571427,6.0,18.0,26.0,413.0,28.0
2.848989898989899,6600.0,0.74,547.295294117647,0.1637848904384489,2387.2321428571427,7.0,17.0,26.0,425.0,28.0
2.848989898989899,6800.0,0.8,545.8715909090909,0.16976466057203088,2387.2321428571427,8.0,17.0,25.0,440.0,28.0
2.848989898989899,7000.0,0.72,542.8047722342733,0.16417002817586604,2542.362068965517,8.0,15.0,27.0,461.0,29.0
2.848989898989899,7200.0,0.76,534.5866388308978,0.16569030871830215,2517.366666666667,9.0,16.0,25.0,479.0,30.0
2.848989898989899,7400.0,0.78,530.2379518072289,0.16331867107210185,2517.366666666667,9.0,16.0,25.0,498.0,30.0
2.848989898989899,7600.0,0.74,525.4184261036469,0.16029838039446212,2517.366666666667,7.0,17.0,26.0,521.0,30.0
2.848989898989899,7800.0,0.8,518.2775700934579,0.15962945695579026,2517.366666666667,8.0,17.0,25.0,535.0,30.0
2.848989898989899,8000.0,0.8,518.3263254113346,0.1596902681774877,2517.366666666667,10.0,14.0,26.0,547.0,30.0
2.848989898989899,8200.0,0.76,517.2054673721341,0.16329840066486936,2517.366666666667,9.0,15.0,26.0,567.0,30.0
2.848989898989899,8400.0,0.76,513.4394197952219,0.15894026310988588,2517.366666666667,7.0,18.0,25.0,586.0,30.0
2.848989898989899,8600.0,0.74,511.69471947194717,0.1604402732450895,2536.564516129032,6.0,20.0,24.0,606.0,31.0
2.848989898989899,8800.0,0.72,510.64776357827475,0.16619706889911418,2727.703125,6.0,19.0,25.0,626.0,32.0
2.848989898989899,9000.0,0.76,510.0683962264151,0.17404171649808445,2701.0,9.0,16.0,25.0,636.0,33.0
2.848989898989899,9200.0,0.78,508.92955589586524,0.17357549713173737,2888.014705882353,10.0,15.0,25.0,653.0,34.0
2.848989898989899,9400.0,0.76,507.4932634730539,0.1713862931506294,2888.014705882353,10.0,13.0,27.0,668.0,34.0
2.848989898989899,9600.0,0.78,508.2978102189781,0.16556868627490726,2888.014705882353,10.0,13.0,27.0,685.0,34.0
2.848989898989899,9800.0,0.78,506.03846153846155,0.16297407414914966,2888.014705882353,9.0,14.0,27.0,702.0,34.0
2.848989898989899,10000.0,0.74,503.50416666666666,0.1607645997608092,2888.014705882353,8.0,14.0,28.0,720.0,34.0
2.848989898989899,10200.0,0.76,501.10618279569894,0.1562037581335009,3096.5,7.0,17.0,26.0,744.0,35.0
2.848989898989899,10400.0,0.76,499.3666228646518,0.16143352319948107,3096.5,9.0,15.0,26.0,761.0,35.0
2.848989898989899,10600.0,0.78,494.84478371501274,0.15417671741025277,3302.25,8.0,16.0,26.0,786.0,36.0
2.848989898989899,10800.0,0.8,491.6251548946716,0.15496726329231955,3302.25,7.0,16.0,27.0,807.0,36.0
2.848989898989899,11000.0,0.78,488.05643203883494,0.16058216609571685,3302.25,9.0,15.0,26.0,824.0,36.0
2.848989898989899,11200.0,0.78,485.6824644549763,0.16189974256582815,3302.25,9.0,14.0,27.0,844.0,36.0
2.848989898989899,11400.0,0.78,484.95185614849186,0.16250785478280258,3302.25,9.0,14.0,27.0,862.0,36.0
2.848989898989899,11600.0,0.78,481.8235294117647,0.16149433442117853,3302.25,8.0,15.0,27.0,884.0,36.0
2.848989898989899,11800.0,0.8,480.0385044642857,0.1637848904384489,3269.2702702702704,8.0,16.0,26.0,896.0,37.0
2.848989898989899,12000.0,0.74,479.9742324561403,0.16960249731417104,3269.2702702702704,7.0,17.0,26.0,912.0,37.0
2.848989898989899,12200.0,0.76,480.7707659115426,0.1717106196663491,3269.2702702702704,7.0,18.0,25.0,927.0,37.0
2.848989898989899,12400.0,0.8,480.0344644750795,0.17152818600125677,3396.0394736842104,11.0,14.0,25.0,943.0,38.0
2.848989898989899,12600.0,0.72,480.6248699271592,0.17175116048081407,3628.1666666666665,10.0,14.0,26.0,961.0,39.0
2.848989898989899,12800.0,0.78,481.61356628982526,0.17533902256096326,3628.1666666666665,9.0,15.0,26.0,973.0,39.0
2.848989898989899,13000.0,0.78,481.49088145896656,0.18186609368982223,4153.940476190476,12.0,11.0,27.0,987.0,42.0
2.848989898989899,13200.0,0.74,482.02245508982037,0.18052824681247845,4153.940476190476,10.0,15.0,25.0,1002.0,42.0
2.848989898989899,13400.0,0.78,484.9536945812808,0.17795390509395334,4153.940476190476,9.0,16.0,25.0,1015.0,42.0
2.848989898989899,13600.0,0.8,484.4139941690962,0.1761498388502625,4371.767441860465,9.0,16.0,25.0,1029.0,43.0
2.848989898989899,13800.0,0.8,486.25,0.17187278292420896,4582.375,10.0,13.0,27.0,1038.0,44.0
2.848989898989899,14000.0,0.78,487.09389895138224,0.1672511300752032,4582.375,6.0,16.0,28.0,1049.0,44.0
2.848989898989899,14200.0,0.78,488.5355140186916,0.16250785478280258,4527.233333333334,8.0,13.0,29.0,1070.0,45.0
2.848989898989899,14400.0,0.8,488.5885078776645,0.1595483753268603,4527.233333333334,8.0,12.0,30.0,1079.0,45.0
2.848989898989899,14600.0,0.78,490.8538602941176,0.15385239089453306,4527.233333333334,8.0,12.0,30.0,1088.0,45.0
2.848989898989899,14800.0,0.76,492.6310810810811,0.15474428881276225,4749.684782608696,9.0,11.0,30.0,1110.0,46.0
2.848989898989899,15000.0,0.78,494.913178984862,0.1547848296272272,4749.684782608696,7.0,13.0,30.0,1123.0,46.0
2.848989898989899,15200.0,0.8,496.1916961130742,0.15833215089291144,4749.684782608696,7.0,13.0,30.0,1132.0,46.0
2.848989898989899,15400.0,0.76,495.5460869565217,0.15247400320272433,4749.684782608696,8.0,10.0,32.0,1150.0,46.0
2.848989898989899,15600.0,0.76,495.79828326180257,0.14702126365718687,4749.684782608696,8.0,11.0,31.0,1165.0,46.0
2.848989898989899,15800.0,0.78,497.33361629881153,0.14837938094176312,4749.684782608696,8.0,12.0,30.0,1178.0,46.0
2.848989898989899,16000.0,0.8,498.0886287625418,0.15101453388198569,4988.255319148936,7.0,14.0,29.0,1196.0,47.0
2.8791919191919195,0.0,0.0,nan,0.015202805424360975,nan,0.0,0.0,50.0,0.0,0.0
2.8791919191919195,200.0,0.36,nan,0.038615125777876874,nan,0.0,12.0,38.0,0.0,0.0
2.8791919191919195,400.0,0.74,24.25,0.08004783816106865,nan,0.0,17.0,33.0,2.0,0.0
2.8791919191919195,600.0,0.76,173.75,0.11456834167798431,540.375,4.0,14.0,32.0,6.0,4.0
2.8791919191919195,800.0,0.8,284.5416666666667,0.13210224393408063,644.7222222222222,9.0,10.0,31.0,12.0,9.0
2.8791919191919195,1000.0,0.8,427.875,0.1429874526179231,644.7222222222222,8.0,11.0,31.0,20.0,9.0
2.8791919191919195,1200.0,0.8,461.5740740740741,0.1512172379543105,759.0,9.0,10.0,31.0,27.0,12.0
2.8791919191919195,1400.0,0.78,581.2285714285714,0.1548051000344597,759.0,9.0,11.0,30.0,35.0,12.0
2.8791919191919195,1600.0,0.8,657.9897959183673,0.15705511523726512,821.8076923076923,9.0,11.0,30.0,49.0,13.0
2.8791919191919195,1800.0,0.76,649.4596774193549,0.16206190582368799,885.5,11.0,9.0,30.0,62.0,14.0
2.8791919191919195,2000.0,0.78,672.3287671232877,0.16783897188494518,954.1333333333333,11.0,9.0,30.0,73.0,15.0
2.8791919191919195,2200.0,0.76,703.7011494252873,0.1720146757748363,1031.125,12.0,7.0,31.0,87.0,16.0
2.8791919191919195,2400.0,0.78,668.3666666666667,0.16903492591166155,1102.264705882353,10.0,10.0,30.0,105.0,17.0
2.8791919191919195,2600.0,0.78,637.7190082644628,0.16611598727018426,1102.264705882353,10.0,10.0,30.0,121.0,17.0
2.8791919191919195,2800.0,0.76,629.3868613138686,0.15942675288346542,1102.264705882353,9.0,11.0,30.0,137.0,17.0
2.8791919191919195,3000.0,0.78,611.3783783783783,0.16149433442117853,1102.264705882353,9.0,11.0,30.0,148.0,17.0
2.8791919191919195,3200.0,0.76,602.1934523809524,0.16275109966959236,1211.2222222222222,9.0,11.0,30.0,168.0,18.0
2.8791919191919195,3400.0,0.74,604.5197740112994,0.16185920175136317,1211.2222222222222,10.0,10.0,30.0,177.0,18.0
2.8791919191919195,3600.0,0.8,595.4708994708994,0.1607645997608092,1211.2222222222222,9.0,12.0,29.0,189.0,18.0
2.8791919191919195,3800.0,0.76,598.0634146341464,0.15764295704700707,1211.2222222222222,8.0,13.0,29.0,205.0,18.0
2.8791919191919195,4000.0,0.8,593.7004608294931,0.15770376826870453,1211.2222222222222,9.0,11.0,30.0,217.0,18.0
2.8791919191919195,4200.0,0.8,597.2290748898679,0.15960918654855777,1211.2222222222222,8.0,11.0,31.0,227.0,18.0
2.8791919191919195,4400.0,0.76,610.7727272727273,0.15760241623254212,1372.7368421052631,8.0,12.0,30.0,242.0,19.0
2.8791919191919195,4600.0,0.76,606.9480769230769,0.1593456712545355,1372.7368421052631,9.0,12.0,29.0,260.0,19.0
2.8791919191919195,4800.0,0.76,587.7074468085107,0.15705511523726512,1372.7368421052631,9.0,12.0,29.0,282.0,19.0
2.8791919191919195,5000.0,0.8,586.6928327645052,0.15991324265704498,1372.7368421052631,9.0,13.0,28.0,293.0,19.0
2.8791919191919195,5200.0,0.76,584.3672131147541,0.15898080392435085,1372.7368421052631,7.0,15.0,28.0,305.0,19.0
2.8791919191919195,5400.0,0.8,573.8328173374613,0.1552105081791093,1372.7368421052631,7.0,15.0,28.0,323.0,19.0
2.8791919191919195,5600.0,0.76,574.3809523809524,0.15883891107372347,1576.6,7.0,16.0,27.0,336.0,20.0
2.8791919191919195,5800.0,0.72,578.3399433427762,0.15936594166176798,1576.6,7.0,17.0,26.0,353.0,20.0
2.8791919191919195,6000.0,0.76,572.6734417344173,0.16167676808627085,1782.8095238095239,8.0,17.0,25.0,369.0,21.0
2.8791919191919195,6200.0,0.78,565.7389033942559,0.16171730890073582,1782.8095238095239,7.0,18.0,25.0,383.0,21.0
2.8791919191919195,6400.0,0.78,565.0123456790124,0.16461597713498063,1782.8095238095239,4.0,20.0,26.0,405.0,21.0
2.8791919191919195,6600.0,0.8,559.7961630695444,0.17308900735815783,2197.7391304347825,6.0,19.0,25.0,417.0,23.0
2.8791919191919195,6800.0,0.74,553.1544622425629,0.17404171649808445,2197.7391304347825,5.0,21.0,24.0,437.0,23.0
2.8791919191919195,7000.0,0.74,552.6937639198218,0.17319035939432023,2578.34,9.0,17.0,24.0,449.0,25.0
2.8791919191919195,7200.0,0.74,544.27969762419,0.17308900735815783,2754.9423076923076,9.0,17.0,24.0,463.0,26.0
2.8791919191919195,7400.0,0.8,548.5432489451476,0.17284576247136804,3082.875,10.0,16.0,24.0,474.0,28.0
2.8791919191919195,7600.0,0.74,549.2464788732394,0.168588976952547,3082.875,6.0,19.0,25.0,497.0,28.0
2.8791919191919195,7800.0,0.78,544.042718446602,0.16964303812863601,3082.875,7.0,18.0,25.0,515.0,28.0
2.8791919191919195,8000.0,0.78,543.3761996161228,0.16538625260981493,3252.310344827586,8.0,17.0,25.0,521.0,29.0
2.8791919191919195,8200.0,0.74,548.8227016885553,0.15894026310988588,3252.310344827586,6.0,18.0,26.0,533.0,29.0
2.8791919191919195,8400.0,0.78,548.3144424131627,0.16082541098250663,3252.310344827586,6.0,18.0,26.0,547.0,29.0
2.8791919191919195,8600.0,0.76,549.732206405694,0.16175784971520077,3252.310344827586,6.0,19.0,25.0,562.0,29.0
2.8791919191919195,8800.0,0.78,544.4786324786324,0.1655281454604423,3252.310344827586,7.0,18.0,25.0,585.0,29.0
2.8791919191919195,9000.0,0.76,545.9447236180905,0.1681430279934324,3440.766666666667,7.0,18.0,25.0,597.0,30.0
2.8791919191919195,9200.0,0.8,543.3862520458265,0.166399772971439,3622.4193548387098,8.0,16.0,26.0,611.0,31.0
2.8791919191919195,9400.0,0.72,543.4477848101266,0.16224433948878034,3622.4193548387098,6.0,16.0,28.0,632.0,31.0
2.8791919191919195,9600.0,0.8,540.0728682170543,0.1544605031115075,3622.4193548387098,6.0,15.0,29.0,645.0,31.0
2.8791919191919195,9800.0,0.74,539.2846385542168,0.152291569537632,3622.4193548387098,5.0,17.0,28.0,664.0,31.0
2.8791919191919195,10000.0,0.78,537.989705882353,0.15666997749984798,3622.4193548387098,7.0,17.0,26.0,680.0,31.0
2.8791919191919195,10200.0,0.78,538.3374455732946,0.1601159467293698,3622.4193548387098,7.0,15.0,28.0,689.0,31.0
2.8791919191919195,10400.0,0.78,535.6797752808989,0.16003486510043988,3622.4193548387098,7.0,16.0,27.0,712.0,31.0
2.8791919191919195,10600.0,0.72,532.5871056241426,0.1594672936979304,3622.4193548387098,8.0,16.0,26.0,729.0,31.0
2.8791919191919195,10800.0,0.76,526.4183400267738,0.15701457442280015,3622.4193548387098,7.0,17.0,26.0,747.0,31.0
2.8791919191919195,11000.0,0.78,526.9543650793651,0.15790647234102934,3593.818181818182,10.0,11.0,29.0,756.0,33.0
2.8791919191919195,11200.0,0.74,526.036129032258,0.15669024790708044,3593.818181818182,10.0,11.0,29.0,775.0,33.0
2.8791919191919195,11400.0,0.74,527.0732323232323,0.15681187035047534,3593.818181818182,11.0,7.0,32.0,792.0,33.0
2.8791919191919195,11600.0,0.74,525.7214022140222,0.1570753856444976,3593.818181818182,10.0,11.0,29.0,813.0,33.0
2.8791919191919195,11800.0,0.78,528.3470374848852,0.15581862039608377,3593.818181818182,9.0,12.0,29.0,827.0,33.0
2.8791919191919195,12000.0,0.76,523.1021377672209,0.15508888573571444,3593.818181818182,9.0,13.0,28.0,842.0,33.0
2.8791919191919195,12200.0,0.8,520.3719582850522,0.14935236048892223,3593.818181818182,6.0,14.0,30.0,863.0,33.0
2.8791919191919195,12400.0,0.78,519.5181818181818,0.14961587578294447,3593.818181818182,10.0,9.0,31.0,880.0,33.0
2.8791919191919195,12600.0,0.74,518.4905027932961,0.1536091460077433,3671.779411764706,10.0,9.0,31.0,895.0,34.0
2.8791919191919195,12800.0,0.78,519.1611479028697,0.1556767275454564,3671.779411764706,9.0,11.0,30.0,906.0,34.0
2.8791919191919195,13000.0,0.72,519.667388949079,0.15766322745423955,3671.779411764706,8.0,12.0,30.0,923.0,34.0
2.8791919191919195,13200.0,0.78,520.6684491978609,0.15904161514604828,3671.779411764706,9.0,12.0,29.0,935.0,34.0
2.8791919191919195,13400.0,0.78,518.5812368972746,0.15867674781586363,3671.779411764706,9.0,11.0,30.0,954.0,34.0
2.8791919191919195,13600.0,0.78,518.1907216494845,0.15638619179859323,3951.3285714285716,10.0,10.0,30.0,970.0,35.0
2.8791919191919195,13800.0,0.8,515.797679112008,0.1591226967749782,3951.3285714285716,9.0,11.0,30.0,991.0,35.0
2.8791919191919195,14000.0,0.76,514.3146853146853,0.15997405387874242,3873.6388888888887,7.0,13.0,30.0,1001.0,36.0
2.8791919191919195,14200.0,0.78,515.7083743842364,0.16139298238501612,4149.77027027027,9.0,13.0,28.0,1015.0,37.0
2.8791919191919195,14400.0,0.8,513.4540174249757,0.15612267650457098,4149.77027027027,9.0,11.0,30.0,1033.0,37.0
2.8791919191919195,14600.0,0.7,514.0364583333334,0.1568524111649403,4419.868421052632,8.0,13.0,29.0,1056.0,38.0
2.8791919191919195,14800.0,0.78,513.7633552014995,0.1596902681774877,4419.868421052632,8.0,12.0,30.0,1067.0,38.0
2.8791919191919195,15000.0,0.8,513.9911955514365,0.15835242130014393,4419.868421052632,8.0,12.0,30.0,1079.0,38.0
2.8791919191919195,15200.0,0.78,513.7729779411765,0.15352806437881336,4419.868421052632,6.0,14.0,30.0,1088.0,38.0
2.8791919191919195,15400.0,0.78,514.6530797101449,0.14213609551415887,4419.868421052632,7.0,12.0,31.0,1104.0,38.0
2.8791919191919195,15600.0,0.76,514.5911528150134,0.14270366691666836,4419.868421052632,7.0,13.0,30.0,1119.0,38.0
2.8791919191919195,15800.0,0.8,517.464222614841,0.1491699268238299,4675.3125,6.0,15.0,29.0,1132.0,40.0
2.8791919191919195,16000.0,0.8,516.4422743055555,0.15896053351711836,4675.3125,6.0,14.0,30.0,1152.0,40.0
2.9093939393939396,0.0,0.0,nan,0.015202805424360975,nan,0.0,0.0,50.0,0.0,0.0
2.9093939393939396,200.0,0.36,nan,0.038615125777876874,nan,0.0,12.0,38.0,0.0,0.0
2.9093939393939396,400.0,0.72,180.5,0.077493766849776,nan,0.0,18.0,32.0,2.0,0.0
2.9093939393939396,600.0,0.76,273.0,0.10700747978026878,551.25,2.0,16.0,32.0,8.0,2.0
2.9093939393939396,800.0,0.74,320.61764705882354,0.12689274927533295,624.5,5.0,14.0,31.0,17.0,5.0
2.9093939393939396,1000.0,0.74,398.35714285714283,0.14272393732390085,713.8125,8.0,11.0,31.0,21.0,8.0
2.9093939393939396,1200.0,0.78,487.5,0.15265643686781669,829.6818181818181,9.0,10.0,31.0,25.0,11.0
2.9093939393939396,1400.0,0.78,601.0857142857143,0.16155514564287596,904.0384615384615,10.0,10.0,30.0,35.0,13.0
2.9093939393939396,1600.0,0.8,615.1041666666666,0.16937952283461374,904.0384615384615,8.0,12.0,30.0,48.0,13.0
2.9093939393939396,1800.0,0.78,677.8684210526316,0.16958222690693855,1055.3125,10.0,10.0,30.0,57.0,16.0
2.9093939393939396,2000.0,0.78,767.7573529411765,0.1648997628362354,1055.3125,12.0,8.0,30.0,68.0,16.0
2.9093939393939396,2200.0,0.74,733.6358024691358,0.15833215089291144,1055.3125,12.0,8.0,30.0,81.0,16.0
2.9093939393939396,2400.0,0.76,704.7526315789473,0.15547402347313158,1055.3125,6.0,13.0,31.0,95.0,16.0
2.9093939393939396,2600.0,0.78,686.6028037383178,0.15614294691180347,1055.3125,9.0,9.0,32.0,107.0,16.0
2.9093939393939396,2800.0,0.78,700.8,0.15516996736464436,1055.3125,9.0,11.0,30.0,120.0,16.0
2.9093939393939396,3000.0,0.78,675.2934782608696,0.1557578091743863,1159.264705882353,8.0,14.0,28.0,138.0,17.0
2.9093939393939396,3200.0,0.78,654.59,0.15494699288508706,1159.264705882353,8.0,14.0,28.0,150.0,17.0
2.9093939393939396,3400.0,0.76,651.717791411043,0.15091318184582328,1274.7777777777778,8.0,14.0,28.0,163.0,18.0
2.9093939393939396,3600.0,0.78,650.5142045454545,0.14769018709585877,1274.7777777777778,6.0,16.0,28.0,176.0,18.0
2.9093939393939396,3800.0,0.78,636.3439153439153,0.1516631869134251,1274.7777777777778,7.0,15.0,28.0,189.0,18.0
2.9093939393939396,4000.0,0.78,636.0024630541872,0.15496726329231955,1409.157894736842,7.0,15.0,28.0,203.0,19.0
2.9093939393939396,4200.0,0.74,628.4798206278027,0.15539294184420166,1409.157894736842,5.0,17.0,28.0,223.0,19.0
2.9093939393939396,4400.0,0.8,616.8410041841004,0.15628483976243082,1551.675,6.0,16.0,28.0,239.0,20.0
2.9093939393939396,4600.0,0.8,608.4865384615384,0.1570956560517301,1812.8636363636363,7.0,14.0,29.0,260.0,22.0
2.9093939393939396,4800.0,0.8,596.4454545454546,0.1594470232906979,1812.8636363636363,10.0,11.0,29.0,275.0,22.0
2.9093939393939396,5000.0,0.76,584.9897959183673,0.1601159467293698,1834.6521739130435,9.0,12.0,29.0,294.0,23.0
2.9093939393939396,5200.0,0.74,578.5211038961039,0.15845377333630634,1834.6521739130435,7.0,14.0,29.0,308.0,23.0
2.9093939393939396,5400.0,0.76,570.4083850931677,0.1519875134291448,1834.6521739130435,8.0,13.0,29.0,322.0,23.0
2.9093939393939396,5600.0,0.8,576.9410029498525,0.14469016682545152,1834.6521739130435,7.0,13.0,30.0,339.0,23.0
2.9093939393939396,5800.0,0.74,572.5294943820224,0.14499422293393874,1834.6521739130435,9.0,11.0,30.0,356.0,23.0
2.9093939393939396,6000.0,0.74,566.2420634920635,0.15052804410840614,1834.6521739130435,9.0,12.0,29.0,378.0,23.0
2.9093939393939396,6200.0,0.72,548.7338308457712,0.1524334623882594,1917.0833333333333,8.0,12.0,30.0,402.0,24.0
2.9093939393939396,6400.0,0.76,538.187648456057,0.1476496462813938,1917.0833333333333,7.0,15.0,28.0,421.0,24.0
2.9093939393939396,6600.0,0.78,532.5686498855836,0.14821721768390328,1917.0833333333333,7.0,16.0,27.0,437.0,24.0
2.9093939393939396,6800.0,0.78,529.6417582417582,0.14766991668862628,1923.86,8.0,16.0,26.0,455.0,25.0
2.9093939393939396,7000.0,0.78,527.3055555555555,0.1453793606713559,1923.86,5.0,18.0,27.0,468.0,25.0
2.9093939393939396,7200.0,0.76,521.8696098562629,0.14803478401881093,2126.6346153846152,6.0,17.0,27.0,487.0,26.0
2.9093939393939396,7400.0,0.72,522.4376237623762,0.15529158980803925,2126.6346153846152,5.0,20.0,25.0,505.0,26.0
2.9093939393939396,7600.0,0.72,517.5778846153846,0.15683214075770782,2186.222222222222,6.0,19.0,25.0,520.0,27.0
2.9093939393939396,7800.0,0.78,518.3345794392524,0.16110919668376136,2186.222222222222,7.0,18.0,25.0,535.0,27.0
2.9093939393939396,8000.0,0.78,519.5740072202166,0.16048081405955444,2186.222222222222,7.0,18.0,25.0,554.0,27.0
2.9093939393939396,8200.0,0.78,512.6463414634146,0.16145379360671355,2397.964285714286,9.0,15.0,26.0,574.0,28.0
2.9093939393939396,8400.0,0.78,513.0144804088586,0.1631362374070095,2599.0862068965516,6.0,18.0,26.0,587.0,29.0
2.9093939393939396,8600.0,0.78,512.8371900826446,0.16654166582206636,2793.233333333333,6.0,18.0,26.0,605.0,30.0
2.9093939393939396,8800.0,0.78,509.31737012987014,0.1708187217481199,2717.935483870968,9.0,14.0,27.0,616.0,31.0
2.9093939393939396,9000.0,0.76,510.4435612082671,0.16739302292583058,2717.935483870968,10.0,13.0,27.0,629.0,31.0
2.9093939393939396,9200.0,0.74,510.3266253869969,0.164757869985608,2717.935483870968,8.0,14.0,28.0,646.0,31.0
2.9093939393939396,9400.0,0.76,511.99319213313163,0.15908215596051326,2717.935483870968,8.0,13.0,29.0,661.0,31.0
2.9093939393939396,9600.0,0.78,508.7466567607727,0.15975107939918512,3129.1969696969695,10.0,11.0,29.0,673.0,33.0
2.9093939393939396,9800.0,0.78,512.6911337209302,0.156629436685383,3129.1969696969695,10.0,10.0,30.0,688.0,33.0
2.9093939393939396,10000.0,0.78,510.8179231863442,0.15369022763667323,3129.1969696969695,9.0,9.0,32.0,703.0,33.0
2.9093939393939396,10200.0,0.8,512.5825242718447,0.151744268542355,3129.1969696969695,9.0,12.0,29.0,721.0,33.0
2.9093939393939396,10400.0,0.78,509.7157394843962,0.15279832971844404,3129.1969696969695,8.0,12.0,30.0,737.0,33.0
2.9093939393939396,10600.0,0.78,509.7038512616202,0.1513185899904729,3129.1969696969695,8.0,13.0,29.0,753.0,33.0
2.9093939393939396,10800.0,0.8,510.25522193211486,0.15083210021689336,3129.1969696969695,8.0,12.0,30.0,766.0,33.0
2.9093939393939396,11000.0,0.76,511.5706106870229,0.14931181967445725,3129.1969696969695,9.0,10.0,31.0,786.0,33.0
2.9093939393939396,11200.0,0.78,511.4263420724095,0.15281860012567652,3129.1969696969695,10.0,11.0,29.0,801.0,33.0
2.9093939393939396,11400.0,0.8,510.0378048780488,0.15202805424360977,3129.1969696969695,10.0,11.0,29.0,820.0,33.0
2.9093939393939396,11600.0,0.76,510.2386363636364,0.14521719741349604,3129.1969696969695,9.0,13.0,28.0,836.0,33.0
2.9093939393939396,11800.0,0.78,506.9690420560748,0.1486428962357854,3129.1969696969695,5.0,20.0,25.0,856.0,33.0
2.9093939393939396,12000.0,0.78,505.09267734553777,0.15525104899357428,3129.1969696969695,8.0,15.0,27.0,874.0,33.0
2.9093939393939396,12200.0,0.76,504.1183765501691,0.160967303833134,3641.1805555555557,9.0,15.0,26.0,887.0,36.0
2.9093939393939396,12400.0,0.78,504.8381215469613,0.15770376826870453,3628.108108108108,7.0,17.0,26.0,905.0,37.0
2.9093939393939396,12600.0,0.76,503.101409978308,0.16039973243062453,3628.108108108108,6.0,19.0,25.0,922.0,37.0
2.9093939393939396,12800.0,0.76,501.56316916488225,0.1640281353252387,3628.108108108108,6.0,17.0,27.0,934.0,37.0
2.9093939393939396,13000.0,0.8,502.5263157894737,0.16092676301866904,3946.641025641026,9.0,13.0,28.0,950.0,39.0
2.9093939393939396,13200.0,0.8,502.56742738589213,0.16155514564287596,3946.641025641026,10.0,13.0,27.0,964.0,39.0
2.9093939393939396,13400.0,0.8,501.4307692307692,0.15715646727342752,4179.9625,11.0,12.0,27.0,975.0,40.0
2.9093939393939396,13600.0,0.78,505.343087790111,0.15723754890235744,4179.9625,10.0,12.0,28.0,991.0,40.0
2.9093939393939396,13800.0,0.78,503.2771739130435,0.15289968175460644,4179.9625,10.0,9.0,31.0,1012.0,40.0
2.9093939393939396,14000.0,0.8,504.0816326530612,0.1601159467293698,4179.9625,10.0,12.0,28.0,1029.0,40.0
2.9093939393939396,14200.0,0.8,503.63849092645654,0.16220379867431536,4179.9625,10.0,14.0,26.0,1047.0,40.0
2.9093939393939396,14400.0,0.7,502.19651272384544,0.16408894654693612,4179.9625,10.0,14.0,26.0,1061.0,40.0
2.9093939393939396,14600.0,0.78,501.6060465116279,0.16307542618531207,4179.9625,8.0,18.0,24.0,1075.0,40.0
2.9093939393939396,14800.0,0.74,502.15201465201466,0.16072405894634423,4179.9625,5.0,21.0,24.0,1092.0,40.0
2.9093939393939396,15000.0,0.76,500.4471544715447,0.16733221170413315,4321.682926829269,7.0,19.0,24.0,1107.0,41.0
2.9093939393939396,15200.0,0.74,499.24047829937996,0.16942006364907872,4321.682926829269,6.0,20.0,24.0,1129.0,41.0
2.9093939393939396,15400.0,0.78,497.243231441048,0.17458901749336145,4321.682926829269,7.0,19.0,24.0,1145.0,41.0
2.9093939393939396,15600.0,0.8,497.17428817946507,0.17872418056878764,4587.738095238095,8.0,18.0,24.0,1159.0,42.0
2.9093939393939396,15800.0,0.8,497.83461210571187,0.17673768066000445,5093.454545454545,9.0,18.0,23.0,1173.0,44.0
2.9093939393939396,16000.0,0.8,499.2565400843882,0.1791903999351347,5093.454545454545,9.0,17.0,24.0,1185.0,44.0
2.9395959595959598,0.0,0.0,nan,0.015202805424360975,nan,0.0,0.0,50.0,0.0,0.0
2.9395959595959598,200.0,0.36,nan,0.038615125777876874,nan,0.0,12.0,38.0,0.0,0.0
2.9395959595959598,400.0,0.66,43.5,0.0801086493827661,nan,0.0,19.0,31.0,1.0,0.0
2.9395959595959598,600.0,0.78,200.66666666666666,0.1153386171528186,577.8333333333334,3.0,17.0,30.0,3.0,3.0
2.9395959595959598,800.0,0.8,425.625,0.13727119777836336,634.4285714285714,7.0,13.0,30.0,8.0,7.0
2.9395959595959598,1000.0,0.78,412.78125,0.14973749822633936,685.0,9.0,11.0,30.0,16.0,9.0
2.9395959595959598,1200.0,0.76,551.8,0.15413617659578782,762.1363636363636,10.0,10.0,30.0,30.0,11.0
2.9395959595959598,1400.0,0.78,552.5975609756098,0.15679159994324285,896.3,8.0,13.0,29.0,41.0,15.0
2.9395959595959598,1600.0,0.78,629.40625,0.16427138021202847,970.3235294117648,9.0,12.0,29.0,48.0,17.0
2.9395959595959598,1800.0,0.76,657.6532258064516,0.168001135142805,970.3235294117648,11.0,11.0,28.0,62.0,17.0
2.9395959595959598,2000.0,0.78,689.2465753424658,0.17499442563801107,970.3235294117648,8.0,14.0,28.0,73.0,17.0
2.9395959595959598,2200.0,0.76,672.1521739130435,0.17694038473232926,1139.675,10.0,14.0,26.0,92.0,20.0
2.9395959595959598,2400.0,0.8,664.1553398058253,0.17773093061439604,1198.1666666666667,10.0,13.0,27.0,103.0,21.0
2.9395959595959598,2600.0,0.8,635.0252100840336,0.17533902256096326,1198.1666666666667,9.0,13.0,28.0,119.0,21.0
2.9395959595959598,2800.0,0.8,639.7555555555556,0.17075791052642247,1198.1666666666667,9.0,14.0,27.0,135.0,21.0
2.9395959595959598,3000.0,0.76,611.2785234899329,0.17363630835343483,1241.5217391304348,11.0,13.0,26.0,149.0,23.0
2.9395959595959598,3200.0,0.78,597.4090909090909,0.17288630328583302,1241.5217391304348,11.0,14.0,25.0,165.0,23.0
2.9395959595959598,3400.0,0.78,596.9423076923077,0.17057547686133015,1241.5217391304348,11.0,13.0,26.0,182.0,23.0
2.9395959595959598,3600.0,0.76,573.5678391959799,0.1691160075405915,1241.5217391304348,9.0,14.0,27.0,199.0,23.0
2.9395959595959598,3800.0,0.74,575.9069767441861,0.16147406401394604,1241.5217391304348,6.0,17.0,27.0,215.0,23.0
2.9395959595959598,4000.0,0.76,577.6916299559472,0.16512273731579266,1241.5217391304348,8.0,16.0,26.0,227.0,23.0
2.9395959595959598,4200.0,0.8,580.4,0.17073764011919,1241.5217391304348,9.0,16.0,25.0,240.0,23.0
2.9395959595959598,4400.0,0.78,564.0711538461538,0.1776701193926986,1486.3,11.0,14.0,25.0,260.0,25.0
2.9395959595959598,4600.0,0.74,553.2010869565217,0.1804877059980135,1604.2692307692307,9.0,15.0,26.0,276.0,26.0
2.9395959595959598,4800.0,0.8,557.7854671280277,0.1823323130561693,1604.2692307692307,9.0,14.0,27.0,289.0,26.0
2.9395959595959598,5000.0,0.78,557.6860465116279,0.17801471631565077,1604.2692307692307,7.0,17.0,26.0,301.0,26.0
2.9395959595959598,5200.0,0.78,554.6261829652997,0.17489307360184866,1855.8035714285713,11.0,14.0,25.0,317.0,28.0
2.9395959595959598,5400.0,0.8,561.4503012048193,0.17426469097764175,1855.8035714285713,8.0,17.0,25.0,332.0,28.0
2.9395959595959598,5600.0,0.8,557.4258720930233,0.170190339123913,1855.8035714285713,7.0,19.0,24.0,344.0,28.0
2.9395959595959598,5800.0,0.8,558.3483146067416,0.16544706383151236,1855.8035714285713,8.0,16.0,26.0,356.0,28.0
2.9395959595959598,6000.0,0.74,559.3571428571429,0.1635619159588916,1855.8035714285713,7.0,17.0,26.0,371.0,28.0
2.9395959595959598,6200.0,0.8,558.6138743455498,0.16339975270103177,2000.155172413793,7.0,15.0,28.0,382.0,29.0
2.9395959595959598,6400.0,0.8,560.437343358396,0.15764295704700707,2000.155172413793,8.0,14.0,28.0,399.0,29.0
2.9395959595959598,6600.0,0.8,557.5,0.1563051101696633,2146.9333333333334,8.0,15.0,27.0,416.0,30.0
2.9395959595959598,6800.0,0.72,557.1041666666666,0.15612267650457098,2146.9333333333334,8.0,12.0,30.0,432.0,30.0
2.9395959595959598,7000.0,0.72,553.4473684210526,0.15496726329231955,2146.9333333333334,7.0,16.0,27.0,456.0,30.0
2.9395959595959598,7200.0,0.8,549.8393617021277,0.15896053351711836,2146.9333333333334,7.0,14.0,29.0,470.0,30.0
2.9395959595959598,7400.0,0.8,546.344398340249,0.1673524821113656,2146.9333333333334,9.0,13.0,28.0,482.0,30.0
2.9395959595959598,7600.0,0.8,543.3647294589179,0.16658220663653134,2319.064516129032,6.0,16.0,28.0,499.0,31.0
2.9395959595959598,7800.0,0.76,543.6203522504892,0.16425110980479599,2485.375,8.0,14.0,28.0,511.0,32.0
2.9395959595959598,8000.0,0.78,543.8317399617591,0.16070378853911174,2485.375,8.0,14.0,28.0,523.0,32.0
2.9395959595959598,8200.0,0.76,544.045966228893,0.1644538138771208,2485.375,10.0,12.0,28.0,533.0,32.0
2.9395959595959598,8400.0,0.78,545.67673992674,0.16070378853911174,2485.375,8.0,14.0,28.0,546.0,32.0
2.9395959595959598,8600.0,0.78,547.4722719141324,0.15506861532848196,2485.375,8.0,13.0,29.0,559.0,32.0
2.9395959595959598,8800.0,0.76,546.0811744386874,0.1547848296272272,2485.375,6.0,13.0,31.0,579.0,32.0
2.9395959595959598,9000.0,0.74,542.7584175084176,0.15658889587091804,2551.9242424242425,7.0,14.0,29.0,594.0,33.0
2.9395959595959598,9200.0,0.78,545.6326194398682,0.15146048284110028,2551.9242424242425,7.0,13.0,30.0,607.0,33.0
2.9395959595959598,9400.0,0.78,545.7995169082126,0.15362941641497577,2551.9242424242425,7.0,13.0,30.0,621.0,33.0
2.9395959595959598,9600.0,0.74,544.3532182103611,0.15845377333630634,2756.220588235294,8.0,13.0,29.0,637.0,34.0
2.9395959595959598,9800.0,0.74,544.9984709480123,0.16254839559726755,2756.220588235294,8.0,13.0,29.0,654.0,34.0
2.9395959595959598,10000.0,0.76,542.7254464285714,0.16192001297306063,2711.9142857142856,9.0,12.0,29.0,672.0,35.0
2.9395959595959598,10200.0,0.8,540.4234693877551,0.16404840573247118,2711.9142857142856,9.0,13.0,28.0,686.0,35.0
2.9395959595959598,10400.0,0.8,538.3514285714285,0.16370380880951899,2711.9142857142856,9.0,13.0,28.0,700.0,35.0
2.9395959595959598,10600.0,0.74,539.552374301676,0.15778484989763444,2711.9142857142856,11.0,9.0,30.0,716.0,35.0
2.9395959595959598,10800.0,0.8,538.0954979536153,0.1525145440171893,2711.9142857142856,9.0,13.0,28.0,733.0,35.0
2.9395959595959598,11000.0,0.8,533.9664879356568,0.15794701315549428,2711.9142857142856,7.0,15.0,28.0,746.0,35.0
2.9395959595959598,11200.0,0.72,535.5895424836601,0.15257535523888674,2711.9142857142856,7.0,15.0,28.0,765.0,35.0
2.9395959595959598,11400.0,0.74,538.2429487179487,0.14750775343076641,2856.0416666666665,7.0,13.0,30.0,780.0,36.0
2.9395959595959598,11600.0,0.76,536.6203007518797,0.1436361056493625,2856.0416666666665,5.0,15.0,30.0,798.0,36.0
2.9395959595959598,11800.0,0.76,533.2225647348952,0.1478726207609511,2856.0416666666665,7.0,14.0,29.0,811.0,36.0
2.9395959595959598,12000.0,0.76,532.4697702539298,0.14529827904242595,2856.0416666666665,6.0,15.0,29.0,827.0,36.0
2.9395959595959598,12200.0,0.74,531.5058892815076,0.14333204954087528,2872.472972972973,8.0,13.0,29.0,849.0,37.0
2.9395959595959598,12400.0,0.76,528.6118800461361,0.14799424320434598,2872.472972972973,7.0,14.0,29.0,867.0,37.0
2.9395959595959598,12600.0,0.76,528.0011325028313,0.15377130926560315,2872.472972972973,6.0,16.0,28.0,883.0,37.0
2.9395959595959598,12800.0,0.74,526.6449115044247,0.15496726329231955,2872.472972972973,7.0,17.0,26.0,904.0,37.0
2.9395959595959598,13000.0,0.76,522.5233188720174,0.1600145946932074,2872.472972972973,7.0,17.0,26.0,922.0,37.0
2.9395959595959598,13200.0,0.78,519.3971061093248,0.16404840573247118,2919.8289473684213,7.0,16.0,27.0,933.0,38.0
2.9395959595959598,13400.0,0.76,519.7056025369978,0.16763626781262037,2919.8289473684213,6.0,18.0,26.0,946.0,38.0
2.9395959595959598,13600.0,0.78,518.9353493222106,0.16968357894310096,3192.3333333333335,7.0,16.0,27.0,959.0,39.0
2.9395959595959598,13800.0,0.78,520.6806981519508,0.168001135142805,3286.125,9.0,15.0,26.0,974.0,40.0
2.9395959595959598,14000.0,0.8,522.1583756345177,0.16609571686295177,3427.845238095238,10.0,13.0,27.0,985.0,42.0
2.9395959595959598,14200.0,0.8,522.1565304087737,0.16587274238339447,3675.3488372093025,7.0,16.0,27.0,1003.0,43.0
2.9395959595959598,14400.0,0.76,524.0054133858267,0.16623760971357915,3675.3488372093025,6.0,17.0,27.0,1016.0,43.0
2.9395959595959598,14600.0,0.8,525.3137730358875,0.16548760464597734,3675.3488372093025,7.0,17.0,26.0,1031.0,43.0
2.9395959595959598,14800.0,0.78,523.8927550047664,0.1676970790343178,3675.3488372093025,8.0,17.0,25.0,1049.0,43.0
2.9395959595959598,15000.0,0.8,523.3818267419962,0.16431192102649342,3675.3488372093025,6.0,19.0,25.0,1062.0,43.0
2.9395959595959598,15200.0,0.74,522.249537037037,0.1666024770437638,3675.3488372093025,7.0,18.0,25.0,1080.0,43.0
2.9395959595959598,15400.0,0.8,520.9917808219178,0.16753491577645796,4003.0555555555557,4.0,21.0,25.0,1095.0,45.0
2.9395959595959598,15600.0,0.8,522.1496383363472,0.1708187217481199,4251.597826086957,4.0,21.0,25.0,1106.0,46.0
2.9395959595959598,15800.0,0.74,521.7311111111111,0.16881195143210428,4251.597826086957,6.0,20.0,24.0,1125.0,46.0
2.9395959595959598,16000.0,0.78,521.28797190518,0.16974439016479842,4501.478723404255,6.0,17.0,27.0,1139.0,47.0
2.96979797979798,0.0,0.0,nan,0.015202805424360975,nan,0.0,0.0,50.0,0.0,0.0
2.96979797979798,200.0,0.38,nan,0.03910161555145643,nan,0.0,13.0,37.0,0.0,0.0
2.96979797979798,400.0,0.7,105.83333333333333,0.08598706748018568,nan,0.0,21.0,29.0,6.0,0.0
2.96979797979798,600.0,0.74,203.75,0.11894674964020027,486.5,1.0,20.0,29.0,10.0,1.0
2.96979797979798,800.0,0.8,220.95833333333334,0.1406158149717228,651.25,3.0,19.0,28.0,12.0,4.0
2.96979797979798,1000.0,0.76,346.8421052631579,0.15214967668700463,737.9166666666666,6.0,16.0,28.0,19.0,6.0
2.96979797979798,1200.0,0.78,485.61538461538464,0.1613119007560862,800.2142857142857,7.0,15.0,28.0,26.0,7.0
2.96979797979798,1400.0,0.8,602.875,0.17049439523240023,905.8888888888889,7.0,15.0,28.0,32.0,9.0
2.96979797979798,1600.0,0.8,710.7625,0.1789471550483449,1013.3636363636364,9.0,13.0,28.0,40.0,11.0
2.96979797979798,1800.0,0.78,766.1140350877193,0.18529179251211156,1113.3846153846155,8.0,15.0,27.0,57.0,13.0
2.96979797979798,2000.0,0.8,760.7651515151515,0.18934587395860783,1294.5294117647059,12.0,12.0,26.0,66.0,17.0
2.96979797979798,2200.0,0.78,775.1907894736842,0.19090669531550888,1334.0555555555557,10.0,14.0,26.0,76.0,18.0
2.96979797979798,2400.0,0.76,745.1467391304348,0.1870755883485699,1386.1315789473683,9.0,16.0,25.0,92.0,19.0
2.96979797979798,2600.0,0.76,723.4811320754717,0.18231204264893683,1436.95,9.0,16.0,25.0,106.0,20.0
2.96979797979798,2800.0,0.8,723.7521367521367,0.17823769079520807,1436.95,9.0,16.0,25.0,117.0,20.0
2.96979797979798,3000.0,0.76,699.9887218045113,0.17531875215373077,1436.95,9.0,15.0,26.0,133.0,20.0
2.96979797979798,3200.0,0.78,672.9423076923077,0.1768187622889344,1513.1904761904761,9.0,15.0,26.0,156.0,21.0
2.96979797979798,3400.0,0.78,655.3452380952381,0.16929844120568383,1513.1904761904761,7.0,17.0,26.0,168.0,21.0
2.96979797979798,3600.0,0.8,637.0662983425415,0.16607544645571928,1513.1904761904761,5.0,19.0,26.0,181.0,21.0
2.96979797979798,3800.0,0.8,615.6274509803922,0.16275109966959236,1513.1904761904761,5.0,19.0,26.0,204.0,21.0
2.96979797979798,4000.0,0.78,621.5070754716982,0.1650011148723978,1513.1904761904761,4.0,19.0,27.0,212.0,21.0
2.96979797979798,4200.0,0.76,610.4890829694323,0.16256866600450004,1513.1904761904761,6.0,18.0,26.0,229.0,21.0
2.96979797979798,4400.0,0.78,607.1904761904761,0.1586970182230961,1513.1904761904761,4.0,19.0,27.0,252.0,21.0
2.96979797979798,4600.0,0.8,586.6672862453531,0.16198082419475807,1513.1904761904761,6.0,17.0,27.0,269.0,21.0
2.96979797979798,4800.0,0.76,576.3080985915493,0.16052135487401942,1513.1904761904761,6.0,17.0,27.0,284.0,21.0
2.96979797979798,5000.0,0.72,567.6356209150326,0.15758214582530963,1513.1904761904761,5.0,17.0,28.0,306.0,21.0
2.96979797979798,5200.0,0.76,560.7149532710281,0.1551091561429469,1513.1904761904761,5.0,17.0,28.0,321.0,21.0
2.96979797979798,5400.0,0.74,555.6041055718475,0.15606186528287352,1683.75,5.0,16.0,29.0,341.0,22.0
2.96979797979798,5600.0,0.76,550.0027855153203,0.15812944682058663,1854.0,7.0,16.0,27.0,359.0,23.0
2.96979797979798,5800.0,0.76,541.760053619303,0.15648754383475563,1854.0,9.0,12.0,29.0,373.0,23.0
2.96979797979798,6000.0,0.78,537.2986842105263,0.15413617659578782,1854.0,10.0,12.0,28.0,380.0,23.0
2.96979797979798,6200.0,0.78,543.7954545454545,0.14848073297792552,1854.0,7.0,13.0,30.0,396.0,23.0
2.96979797979798,6400.0,0.78,541.5558252427185,0.1475482942452314,1854.0,7.0,16.0,27.0,412.0,23.0
2.96979797979798,6600.0,0.72,543.9007009345794,0.1528591409401415,1854.0,7.0,16.0,27.0,428.0,23.0
2.96979797979798,6800.0,0.76,543.9854586129754,0.1564470030202907,1854.0,6.0,16.0,28.0,447.0,23.0
2.96979797979798,7000.0,0.8,540.7429193899782,0.15875782944479355,2061.0625,5.0,19.0,26.0,459.0,24.0
2.96979797979798,7200.0,0.8,534.0546218487395,0.16269028844789493,2265.44,6.0,18.0,26.0,476.0,25.0
2.96979797979798,7400.0,0.78,530.0130522088353,0.16463624754221312,2461.4423076923076,6.0,20.0,24.0,498.0,26.0
2.96979797979798,7600.0,0.78,532.7882352941176,0.16948087487077615,2646.462962962963,5.0,19.0,26.0,510.0,27.0
2.96979797979798,7800.0,0.72,531.8952380952381,0.17085926256258488,2829.160714285714,7.0,18.0,25.0,525.0,28.0
2.96979797979798,8000.0,0.78,531.4222846441947,0.17079845134088745,2829.160714285714,8.0,15.0,27.0,534.0,28.0
2.96979797979798,8200.0,0.8,535.7532228360958,0.17043358401070277,2829.160714285714,7.0,15.0,28.0,543.0,28.0
2.96979797979798,8400.0,0.78,531.1616341030195,0.16765653821985282,2829.160714285714,7.0,18.0,25.0,563.0,28.0
2.96979797979798,8600.0,0.8,532.0818965517242,0.1681430279934324,2829.160714285714,6.0,18.0,26.0,580.0,28.0
2.96979797979798,8800.0,0.74,531.1647254575707,0.16698761478118096,3029.0172413793102,6.0,18.0,26.0,601.0,29.0
2.96979797979798,9000.0,0.78,529.0905383360522,0.1676768086270853,3029.0172413793102,4.0,17.0,29.0,613.0,29.0
2.96979797979798,9200.0,0.78,526.3847376788553,0.1686903289887094,3230.95,7.0,15.0,28.0,629.0,30.0
2.96979797979798,9400.0,0.78,525.9702660406886,0.16623760971357915,3427.6129032258063,7.0,15.0,28.0,639.0,31.0
2.96979797979798,9600.0,0.8,525.1541411042945,0.1638051608456814,3427.6129032258063,5.0,17.0,28.0,652.0,31.0
2.96979797979798,9800.0,0.76,529.0074850299401,0.16224433948878034,3622.359375,9.0,11.0,30.0,668.0,32.0
2.96979797979798,10000.0,0.76,535.2982456140351,0.16273082926235988,3622.359375,8.0,13.0,29.0,684.0,32.0
2.96979797979798,10200.0,0.74,533.5371959942776,0.16654166582206636,3622.359375,9.0,12.0,29.0,699.0,32.0
2.96979797979798,10400.0,0.78,533.2070422535211,0.1683457320657572,3622.359375,8.0,12.0,30.0,710.0,32.0
2.96979797979798,10600.0,0.76,536.2323162274619,0.16554841586767477,3622.359375,8.0,11.0,31.0,721.0,32.0
2.96979797979798,10800.0,0.8,534.2602459016393,0.16035919161615958,3622.359375,6.0,13.0,31.0,732.0,32.0
2.96979797979798,11000.0,0.74,537.4146666666667,0.15182535017128493,3623.9848484848485,6.0,12.0,32.0,750.0,33.0
2.96979797979798,11200.0,0.78,534.8424479166666,0.14748748302353396,3623.9848484848485,6.0,12.0,32.0,768.0,33.0
2.96979797979798,11400.0,0.76,532.4746514575412,0.15000101352036163,3623.9848484848485,7.0,12.0,31.0,789.0,33.0
2.96979797979798,11600.0,0.78,530.6662515566625,0.1553321306225042,3623.9848484848485,8.0,15.0,27.0,803.0,33.0
2.96979797979798,11800.0,0.78,532.3892988929889,0.15782539071209942,3623.9848484848485,8.0,16.0,26.0,813.0,33.0
2.96979797979798,12000.0,0.8,531.9776839565742,0.15431861026088015,3867.9117647058824,8.0,14.0,28.0,829.0,34.0
2.96979797979798,12200.0,0.76,530.991145218418,0.15377130926560315,4105.328571428571,8.0,14.0,28.0,847.0,35.0
2.96979797979798,12400.0,0.76,528.5747126436781,0.1596902681774877,4105.328571428571,6.0,16.0,28.0,870.0,35.0
2.96979797979798,12600.0,0.78,527.7102272727273,0.16277137007682485,4105.328571428571,8.0,15.0,27.0,880.0,35.0
2.96979797979798,12800.0,0.78,529.1378348214286,0.1610889262765289,4344.277777777777,7.0,16.0,27.0,896.0,36.0
2.96979797979798,13000.0,0.78,527.9418604651163,0.15936594166176798,4344.277777777777,6.0,17.0,27.0,903.0,36.0
2.96979797979798,13200.0,0.72,530.2062975027144,0.15904161514604828,4450.148648648648,8.0,15.0,27.0,921.0,37.0
2.96979797979798,13400.0,0.76,532.2320471596998,0.1686903289887094,4450.148648648648,6.0,18.0,26.0,933.0,37.0
2.96979797979798,13600.0,0.78,531.8628691983122,0.16929844120568383,4698.089743589743,6.0,18.0,26.0,948.0,39.0
2.96979797979798,13800.0,0.8,532.0072916666667,0.17031196156730788,5136.09756097561,8.0,15.0,27.0,960.0,41.0
2.96979797979798,14000.0,0.78,529.7036847492324,0.16950114527800864,5136.09756097561,7.0,18.0,25.0,977.0,41.0
2.96979797979798,14200.0,0.8,531.2655310621243,0.16546733423874485,5113.964285714285,8.0,17.0,25.0,998.0,42.0
2.96979797979798,14400.0,0.78,531.5834980237154,0.16676464030162366,5173.0,8.0,16.0,26.0,1012.0,43.0
2.96979797979798,14600.0,0.76,529.6156462585034,0.16731194129690066,5173.0,9.0,15.0,26.0,1029.0,43.0
2.96979797979798,14800.0,0.76,525.9440726577437,0.16948087487077615,5304.261363636364,7.0,19.0,24.0,1046.0,44.0
2.96979797979798,15000.0,0.78,525.3099906629318,0.17055520645409766,5515.711111111111,7.0,18.0,25.0,1071.0,45.0
2.96979797979798,15200.0,0.78,523.4418819188191,0.16816329840066488,5515.711111111111,6.0,20.0,24.0,1084.0,45.0
2.96979797979798,15400.0,0.8,521.1206896551724,0.17006871668051812,5515.711111111111,6.0,20.0,24.0,1102.0,45.0
2.96979797979798,15600.0,0.74,520.7760323159785,0.1676970790343178,5515.711111111111,6.0,20.0,24.0,1114.0,45.0
2.96979797979798,15800.0,0.7,521.1567759078831,0.16469705876391055,5592.271739130435,5.0,21.0,24.0,1129.0,46.0
2.96979797979798,16000.0,0.76,522.1056768558952,0.16218352826708288,5592.271739130435,6.0,19.0,25.0,1145.0,46.0
3.0,0.0,0.0,nan,0.015202805424360975,nan,0.0,0.0,50.0,0.0,0.0
3.0,200.0,0.38,nan,0.03879755944296921,nan,0.0,13.0,37.0,0.0,0.0
3.0,400.0,0.74,21.5,0.07410860884195164,nan,0.0,17.0,33.0,1.0,0.0
3.0,600.0,0.74,259.625,0.10504125027871809,502.5,1.0,18.0,31.0,8.0,1.0
3.0,800.0,0.8,310.60714285714283,0.131149534794154,598.875,4.0,16.0,30.0,14.0,4.0
3.0,1000.0,0.8,346.0833333333333,0.1517645389495875,742.0,7.0,14.0,29.0,18.0,7.0
3.0,1200.0,0.8,460.1136363636364,0.15995378347150993,820.5555555555555,9.0,12.0,29.0,22.0,9.0
3.0,1400.0,0.76,607.171875,0.16968357894310096,820.5555555555555,8.0,13.0,29.0,32.0,9.0
3.0,1600.0,0.8,730.9148936170212,0.17608902762856507,936.4090909090909,10.0,11.0,29.0,47.0,11.0
3.0,1800.0,0.8,730.3644067796611,0.18119717025115034,1102.5357142857142,12.0,9.0,29.0,59.0,14.0
3.0,2000.0,0.76,736.2042253521126,0.1806093284414084,1102.5357142857142,8.0,13.0,29.0,71.0,14.0
3.0,2200.0,0.78,705.9476744186046,0.17888634382664748,1364.578947368421,11.0,10.0,29.0,86.0,19.0
3.0,2400.0,0.8,698.954081632653,0.17687957351063183,1364.578947368421,8.0,13.0,29.0,98.0,19.0
3.0,2600.0,0.8,675.2072072072073,0.16773761984878277,1416.775,6.0,14.0,30.0,111.0,20.0
3.0,2800.0,0.76,673.468,0.16698761478118096,1481.8809523809523,9.0,10.0,31.0,125.0,21.0
3.0,3000.0,0.74,672.6066176470588,0.16354164555165912,1481.8809523809523,10.0,9.0,31.0,136.0,21.0
3.0,3200.0,0.78,675.7687074829932,0.16449435469158574,1481.8809523809523,10.0,11.0,29.0,147.0,21.0
3.0,3400.0,0.76,653.5958083832336,0.16143352319948107,1481.8809523809523,7.0,14.0,29.0,167.0,21.0
3.0,3600.0,0.8,637.3940217391304,0.16007540591490482,1481.8809523809523,8.0,12.0,30.0,184.0,21.0
3.0,3800.0,0.78,635.9107142857143,0.15429833985364766,1581.1136363636363,6.0,14.0,30.0,196.0,22.0
3.0,4000.0,0.78,621.7596153846154,0.15340644193541847,1581.1136363636363,7.0,15.0,28.0,208.0,22.0
3.0,4200.0,0.78,615.6872246696036,0.1550078041067845,1581.1136363636363,8.0,13.0,29.0,227.0,22.0
3.0,4400.0,0.78,614.465306122449,0.1568726815721728,1581.1136363636363,8.0,14.0,28.0,245.0,22.0
3.0,4600.0,0.78,595.595785440613,0.1572983601240549,1598.1739130434783,8.0,13.0,29.0,261.0,23.0
3.0,4800.0,0.8,588.4926470588235,0.15928486003283807,1598.1739130434783,7.0,15.0,28.0,272.0,23.0
3.0,5000.0,0.76,592.298275862069,0.16052135487401942,1739.3125,11.0,11.0,28.0,290.0,24.0
3.0,5200.0,0.8,582.6655737704918,0.16015648754383477,1739.3125,9.0,12.0,29.0,305.0,24.0
3.0,5400.0,0.78,579.6833855799373,0.15519023777187685,1739.3125,7.0,12.0,31.0,319.0,24.0
3.0,5600.0,0.78,578.9610778443114,0.15117669713984555,1739.3125,9.0,9.0,32.0,334.0,24.0
3.0,5800.0,0.78,574.1661931818181,0.15379157967283563,1739.3125,9.0,10.0,31.0,352.0,24.0
3.0,6000.0,0.76,566.2007978723404,0.14696045243548944,1739.3125,6.0,13.0,31.0,376.0,24.0
3.0,6200.0,0.74,557.4568527918782,0.1451563861917986,1739.3125,5.0,13.0,32.0,394.0,24.0
3.0,6400.0,0.78,552.7788697788698,0.14588612085216793,1920.16,9.0,9.0,32.0,407.0,25.0
3.0,6600.0,0.78,548.9800469483569,0.1508929114385908,1920.16,10.0,10.0,30.0,426.0,25.0
3.0,6800.0,0.74,548.5690045248869,0.15302130419800133,1920.16,8.0,13.0,29.0,442.0,25.0
3.0,7000.0,0.78,541.9814004376368,0.15326454908479112,1920.16,7.0,13.0,30.0,457.0,25.0
3.0,7200.0,0.78,542.5406852248394,0.15346725315711593,1920.16,6.0,14.0,30.0,467.0,25.0
3.0,7400.0,0.76,542.6732365145228,0.1477307279103237,2127.5576923076924,6.0,12.0,32.0,482.0,26.0
3.0,7600.0,0.78,543.8729838709677,0.14981857985526928,2126.6111111111113,6.0,14.0,30.0,496.0,27.0
3.0,7800.0,0.76,544.0384615384615,0.15312265623416374,2325.1964285714284,8.0,12.0,30.0,507.0,28.0
3.0,8000.0,0.78,545.0306513409962,0.1584740437435388,2325.1964285714284,7.0,15.0,28.0,522.0,28.0
3.0,8200.0,0.7,543.4305555555555,0.15383212048730058,2325.1964285714284,8.0,12.0,30.0,540.0,28.0
3.0,8400.0,0.76,543.7841726618705,0.15146048284110028,2532.7758620689656,8.0,13.0,29.0,556.0,29.0
3.0,8600.0,0.8,541.9464912280702,0.15454158474043744,2532.7758620689656,7.0,15.0,28.0,570.0,29.0
3.0,8800.0,0.72,535.1827411167512,0.15823079885674904,2532.7758620689656,6.0,16.0,28.0,591.0,29.0
3.0,9000.0,0.78,537.8844884488449,0.15658889587091804,2532.7758620689656,8.0,13.0,29.0,606.0,29.0
3.0,9200.0,0.74,535.5987158908507,0.15849431415077128,2954.5,7.0,14.0,29.0,623.0,31.0
3.0,9400.0,0.78,531.2284820031299,0.15928486003283807,2928.578125,7.0,16.0,27.0,639.0,32.0
3.0,9600.0,0.76,531.027397260274,0.16155514564287596,2928.578125,6.0,17.0,27.0,657.0,32.0
3.0,9800.0,0.74,528.183933933934,0.16252812519003507,2928.578125,6.0,18.0,26.0,666.0,32.0
3.0,10000.0,0.74,532.0117302052786,0.1629335333346847,3257.6470588235293,8.0,14.0,28.0,682.0,34.0
3.0,10200.0,0.8,530.2374461979914,0.16228488030324528,3257.6470588235293,9.0,13.0,28.0,697.0,34.0
3.0,10400.0,0.76,533.5077793493635,0.16321731903593945,3257.6470588235293,7.0,15.0,28.0,707.0,34.0
3.0,10600.0,0.76,530.8619505494505,0.16404840573247118,3466.2714285714287,8.0,14.0,28.0,728.0,35.0
3.0,10800.0,0.78,533.1533783783784,0.16502138527963026,3668.6805555555557,9.0,13.0,28.0,740.0,36.0
3.0,11000.0,0.78,530.6512549537648,0.1604402732450895,3668.6805555555557,8.0,15.0,27.0,757.0,36.0
3.0,11200.0,0.8,529.29042690815,0.159325400847303,3746.054054054054,7.0,16.0,27.0,773.0,37.0
3.0,11400.0,0.78,526.5922882427308,0.15733890093851985,3710.315789473684,6.0,16.0,28.0,791.0,38.0
3.0,11600.0,0.78,526.2054455445544,0.15454158474043744,3710.315789473684,5.0,17.0,28.0,808.0,38.0
3.0,11800.0,0.8,526.2518203883495,0.15340644193541847,3710.315789473684,6.0,15.0,29.0,824.0,38.0
3.0,12000.0,0.78,522.6108490566038,0.15214967668700463,3710.315789473684,5.0,17.0,28.0,848.0,38.0
3.0,12200.0,0.8,520.5,0.15117669713984555,3710.315789473684,7.0,14.0,29.0,860.0,38.0
3.0,12400.0,0.78,521.2737686139748,0.15085237062412585,3710.315789473684,8.0,13.0,29.0,873.0,38.0
3.0,12600.0,0.7,518.9799107142857,0.1506699369590335,3710.315789473684,7.0,15.0,28.0,896.0,38.0
3.0,12800.0,0.76,519.6285403050109,0.14994020229866417,3710.315789473684,7.0,14.0,29.0,918.0,38.0
3.0,13000.0,0.8,517.1387096774193,0.15466320718383234,3947.9615384615386,8.0,13.0,29.0,930.0,39.0
3.0,13200.0,0.72,516.0515247108307,0.15257535523888674,3947.9615384615386,7.0,16.0,27.0,951.0,39.0
3.0,13400.0,0.76,513.0169927909371,0.15547402347313158,3947.9615384615386,7.0,16.0,27.0,971.0,39.0
3.0,13600.0,0.76,512.8948170731708,0.1567713295360104,3947.9615384615386,6.0,18.0,26.0,984.0,39.0
3.0,13800.0,0.74,509.6261216350947,0.15867674781586363,3947.9615384615386,8.0,15.0,27.0,1003.0,39.0
3.0,14000.0,0.78,506.6516634050881,0.15849431415077128,3947.9615384615386,8.0,16.0,26.0,1022.0,39.0
3.0,14200.0,0.78,504.7022200772201,0.15744025297468225,3947.9615384615386,8.0,14.0,28.0,1036.0,39.0
3.0,14400.0,0.78,506.0347619047619,0.14994020229866417,3947.9615384615386,7.0,14.0,29.0,1050.0,39.0
3.0,14600.0,0.8,505.797373358349,0.1491699268238299,3947.9615384615386,7.0,14.0,29.0,1066.0,39.0
3.0,14800.0,0.76,505.72945521698983,0.15474428881276225,4214.2875,8.0,13.0,29.0,1083.0,40.0
3.0,15000.0,0.74,506.3626023657871,0.16082541098250663,4214.2875,8.0,13.0,29.0,1099.0,40.0
3.0,15200.0,0.76,505.076750448833,0.16447408428435328,4480.317073170731,9.0,14.0,27.0,1114.0,41.0
3.0,15400.0,0.78,504.60806023029227,0.16644031378590396,4480.317073170731,8.0,16.0,26.0,1129.0,41.0
3.0,15600.0,0.76,505.45506108202443,0.16593355360509193,4743.071428571428,7.0,20.0,23.0,1146.0,42.0
3.0,15800.0,0.78,504.73382226056947,0.17140656355786188,4743.071428571428,8.0,18.0,24.0,1159.0,42.0
3.0,16000.0,0.78,503.473259762309,0.1684470841019196,5074.522727272727,8.0,18.0,24.0,1178.0,44.0
