number_motors,time_s,motors_per_track,motor_dwell_s,fraction_on,dark_to_lit_s,lit_tracks,intermediate_tracks,dark_tracks,completed_dwell_episodes,completed_dark_to_lit_episodes
1,0.0,0.0,nan,0.015202805424360975,nan,0.0,0.0,50.0,0.0,0.0
1,200.0,0.0,nan,0.015202805424360975,nan,0.0,0.0,50.0,0.0,0.0
1,400.0,0.0,nan,0.015202805424360975,nan,0.0,0.0,50.0,0.0,0.0
1,600.0,0.02,nan,0.01731092777653903,nan,0.0,1.0,49.0,0.0,0.0
1,800.0,0.02,nan,0.01933796849978716,nan,0.0,1.0,49.0,0.0,0.0
1,1000.0,0.02,nan,0.02134473881580281,nan,0.0,1.0,49.0,0.0,0.0
1,1200.0,0.02,nan,0.0230879938377962,1166.0,1.0,0.0,49.0,0.0,1.0
1,1400.0,0.02,nan,0.024547463158534854,1166.0,1.0,0.0,49.0,0.0,1.0
1,1600.0,0.0,1101.0,0.024831248859789594,1166.0,1.0,0.0,49.0,1.0,1.0
1,1800.0,0.02,1101.0,0.02462854478746478,1166.0,1.0,0.0,49.0,1.0,1.0
1,2000.0,0.02,1101.0,0.024689356009162226,1166.0,1.0,0.0,49.0,1.0,1.0
1,2200.0,0.0,746.75,0.02353394279691079,1166.0,1.0,0.0,49.0,2.0,1.0
1,2400.0,0.02,746.75,0.02481097845255711,1166.0,0.0,2.0,48.0,2.0,1.0
1,2600.0,0.02,746.75,0.026229906958830804,1166.0,0.0,2.0,48.0,2.0,1.0
1,2800.0,0.02,746.75,0.027385320171082236,1166.0,0.0,2.0,48.0,2.0,1.0
1,3000.0,0.02,746.75,0.02837857012547382,2043.75,1.0,1.0,48.0,2.0,2.0
1,3200.0,0.02,746.75,0.02910830478584315,2043.75,1.0,1.0,48.0,2.0,2.0
1,3400.0,0.02,746.75,0.030142095554699693,2043.75,1.0,1.0,48.0,2.0,2.0
1,3600.0,0.0,949.3333333333334,0.03058804451381428,2043.75,1.0,1.0,48.0,3.0,2.0
1,3800.0,0.02,949.3333333333334,0.029756957817282548,2043.75,1.0,1.0,48.0,3.0,2.0
1,4000.0,0.02,949.3333333333334,0.028946141527983298,2043.75,1.0,1.0,48.0,3.0,2.0
1,4200.0,0.0,835.25,0.02789208035189427,2043.75,1.0,1.0,48.0,4.0,2.0
1,4400.0,0.02,835.25,0.02669612632517787,2043.75,1.0,1.0,48.0,4.0,2.0
1,4600.0,0.02,709.5,0.025763687592483733,2043.75,1.0,1.0,48.0,5.0,2.0
1,4800.0,0.02,709.5,0.02600693247927351,2043.75,1.0,1.0,48.0,5.0,2.0
1,5000.0,0.0,573.7142857142857,0.025783957999716216,2043.75,1.0,1.0,48.0,7.0,2.0
1,5200.0,0.0,573.7142857142857,0.02414205501388523,2043.75,1.0,1.0,48.0,7.0,2.0
1,5400.0,0.0,524.9375,0.023615024425840715,2043.75,1.0,0.0,49.0,8.0,2.0
1,5600.0,0.02,524.9375,0.02310826424502868,2043.75,0.0,1.0,49.0,8.0,2.0
1,5800.0,0.0,501.6111111111111,0.02262177447144913,2043.75,0.0,1.0,49.0,9.0,2.0
1,6000.0,0.02,501.6111111111111,0.021750146960452434,2043.75,0.0,1.0,49.0,9.0,2.0
1,6200.0,0.02,467.0,0.02229744795572943,2043.75,0.0,2.0,48.0,10.0,2.0
1,6400.0,0.02,467.0,0.024283947864512597,2043.75,0.0,2.0,48.0,10.0,2.0
1,6600.0,0.02,467.0,0.02554071311292644,2043.75,0.0,2.0,48.0,10.0,2.0
1,6800.0,0.02,470.8636363636364,0.024283947864512597,2043.75,0.0,2.0,48.0,11.0,2.0
1,7000.0,0.02,470.8636363636364,0.024223136642815155,2043.75,0.0,2.0,48.0,11.0,2.0
1,7200.0,0.02,470.8636363636364,0.02389881012709545,2043.75,0.0,2.0,48.0,11.0,2.0
1,7400.0,0.02,476.625,0.023756917276468083,2043.75,0.0,2.0,48.0,12.0,2.0
1,7600.0,0.02,476.625,0.024952871303184482,2043.75,0.0,2.0,48.0,12.0,2.0
1,7800.0,0.02,476.625,0.026128554922668395,2043.75,0.0,2.0,48.0,12.0,2.0
1,8000.0,0.0,478.4230769230769,0.024952871303184482,2043.75,0.0,2.0,48.0,13.0,2.0
1,8200.0,0.02,478.4230769230769,0.024871789674254557,2043.75,0.0,3.0,47.0,13.0,2.0
1,8400.0,0.02,478.4230769230769,0.026108284515435915,2043.75,0.0,3.0,47.0,13.0,2.0
1,8600.0,0.0,480.39285714285717,0.02728396813491983,4194.833333333333,1.0,2.0,47.0,14.0,3.0
1,8800.0,0.02,454.73333333333335,0.026777207954107797,4194.833333333333,1.0,2.0,47.0,15.0,3.0
1,9000.0,0.02,454.73333333333335,0.02801370279528916,4194.833333333333,0.0,4.0,46.0,15.0,3.0
1,9200.0,0.02,454.73333333333335,0.028844789491820892,4194.833333333333,0.0,4.0,46.0,15.0,3.0
1,9400.0,0.02,454.73333333333335,0.0295947945594227,4194.833333333333,0.0,4.0,46.0,15.0,3.0
1,9600.0,0.02,454.73333333333335,0.030790748586139095,5539.125,1.0,3.0,46.0,15.0,4.0
1,9800.0,0.02,454.73333333333335,0.03188535057669309,5539.125,1.0,3.0,46.0,15.0,4.0
1,10000.0,0.02,454.73333333333335,0.0317637281332982,5539.125,1.0,3.0,46.0,15.0,4.0
1,10200.0,0.02,454.73333333333335,0.03174345772606572,5539.125,1.0,3.0,46.0,15.0,4.0
1,10400.0,0.02,523.34375,0.03172318731883324,5539.125,1.0,3.0,46.0,16.0,4.0
1,10600.0,0.02,523.34375,0.031216427138021204,5539.125,1.0,2.0,47.0,16.0,4.0
1,10800.0,0.02,523.34375,0.031216427138021204,5539.125,2.0,1.0,47.0,16.0,4.0
1,11000.0,0.02,520.9705882352941,0.031074534287393835,5539.125,1.0,2.0,47.0,17.0,4.0
1,11200.0,0.0,507.22222222222223,0.029696146595585105,5539.125,0.0,3.0,47.0,18.0,4.0
1,11400.0,0.02,507.22222222222223,0.029209656822005554,5539.125,0.0,3.0,47.0,18.0,4.0
1,11600.0,0.02,507.22222222222223,0.029250197636470517,5539.125,0.0,3.0,47.0,18.0,4.0
1,11800.0,0.02,507.22222222222223,0.029959661889607362,5539.125,1.0,2.0,47.0,18.0,4.0
1,12000.0,0.02,507.22222222222223,0.029939391482374882,5539.125,1.0,2.0,47.0,18.0,4.0
1,12200.0,0.02,507.22222222222223,0.029817769038979994,5539.125,1.0,2.0,47.0,18.0,4.0
1,12400.0,0.02,538.5263157894736,0.029696146595585105,5539.125,1.0,2.0,47.0,19.0,4.0
1,12600.0,0.02,538.5263157894736,0.029533983337725254,5539.125,1.0,2.0,47.0,19.0,4.0
1,12800.0,0.02,538.5263157894736,0.029452901708795328,5539.125,0.0,3.0,47.0,19.0,4.0
1,13000.0,0.02,538.5263157894736,0.03020290677639714,5539.125,1.0,2.0,47.0,19.0,4.0
1,13200.0,0.0,552.8,0.0308921006223015,5539.125,1.0,2.0,47.0,20.0,4.0
1,13400.0,0.02,552.8,0.030304258812559545,5539.125,1.0,1.0,48.0,20.0,4.0
1,13600.0,0.0,519.5681818181819,0.029716417002817585,5539.125,1.0,2.0,47.0,22.0,4.0
1,13800.0,0.0,519.5681818181819,0.027871809944661787,5539.125,1.0,2.0,47.0,22.0,4.0
1,14000.0,0.02,519.5681818181819,0.027486672207244645,5539.125,0.0,3.0,47.0,22.0,4.0
1,14200.0,0.02,519.5681818181819,0.027952891573591713,5539.125,0.0,3.0,47.0,22.0,4.0
1,14400.0,0.02,519.5681818181819,0.02693937121196765,5539.125,0.0,3.0,47.0,22.0,4.0
1,14600.0,0.0,503.6666666666667,0.02651369266008554,5539.125,0.0,2.0,48.0,24.0,4.0
1,14800.0,0.0,503.6666666666667,0.024831248859789594,5539.125,0.0,2.0,48.0,24.0,4.0
1,15000.0,0.02,503.6666666666667,0.025642065149088844,5539.125,0.0,2.0,48.0,24.0,4.0
1,15200.0,0.02,503.6666666666667,0.026574503881782986,5539.125,0.0,2.0,48.0,24.0,4.0
1,15400.0,0.02,503.6666666666667,0.027466401800012162,5539.125,1.0,1.0,48.0,24.0,4.0
1,15600.0,0.02,503.6666666666667,0.027567753836174567,5539.125,1.0,1.0,48.0,24.0,4.0
1,15800.0,0.02,503.6666666666667,0.02728396813491983,5539.125,1.0,1.0,48.0,24.0,4.0
1,16000.0,0.02,524.82,0.026756937546875317,5539.125,1.0,1.0,48.0,25.0,4.0
2,0.0,0.0,nan,0.015202805424360975,nan,0.0,0.0,50.0,0.0,0.0
2,200.0,0.04,nan,0.01714876451867918,nan,0.0,2.0,48.0,0.0,0.0
2,400.0,0.04,nan,0.022175825512334543,nan,0.0,2.0,48.0,0.0,0.0
2,600.0,0.04,nan,0.02667585591794539,nan,0.0,2.0,48.0,0.0,0.0
2,800.0,0.02,620.5,0.029736687410050068,617.0,1.0,1.0,48.0,1.0,1.0
2,1000.0,0.04,620.5,0.030324529219792024,793.0,2.0,0.0,48.0,1.0,2.0
2,1200.0,0.04,620.5,0.0340340137433361,793.0,1.0,2.0,47.0,1.0,2.0
2,1400.0,0.04,620.5,0.0367502483124886,793.0,1.0,2.0,47.0,1.0,2.0
2,1600.0,0.04,574.25,0.0377232278596477,793.0,1.0,2.0,47.0,2.0,2.0
2,1800.0,0.02,665.0,0.035594835100237164,793.0,1.0,2.0,47.0,4.0,2.0
2,2000.0,0.02,477.1666666666667,0.03476374840370543,793.0,1.0,2.0,47.0,6.0,2.0
2,2200.0,0.04,477.1666666666667,0.03531104939898243,1238.1666666666667,2.0,1.0,47.0,6.0,3.0
2,2400.0,0.04,480.07142857142856,0.035777268765329495,1238.1666666666667,1.0,2.0,47.0,7.0,3.0
2,2600.0,0.04,480.07142857142856,0.033750228042081366,1238.1666666666667,1.0,2.0,47.0,7.0,3.0
2,2800.0,0.04,480.07142857142856,0.03409482496503355,1238.1666666666667,1.0,2.0,47.0,7.0,3.0
2,3000.0,0.02,467.35,0.03302049338171204,1238.1666666666667,1.0,2.0,47.0,10.0,3.0
2,3200.0,0.04,467.35,0.03429752903735836,1238.1666666666667,1.0,2.0,47.0,10.0,3.0
2,3400.0,0.04,467.35,0.036405651389536414,1238.1666666666667,1.0,2.0,47.0,10.0,3.0
2,3600.0,0.04,459.09090909090907,0.03822998804045973,1238.1666666666667,1.0,3.0,46.0,11.0,3.0
2,3800.0,0.02,481.5833333333333,0.03723673808606815,1238.1666666666667,1.0,3.0,46.0,12.0,3.0
2,4000.0,0.02,481.5833333333333,0.03681105953418604,1898.75,1.0,3.0,46.0,12.0,4.0
2,4200.0,0.04,481.5833333333333,0.03703403401374333,1898.75,1.0,3.0,46.0,12.0,4.0
2,4400.0,0.04,481.5833333333333,0.03825025844769221,1898.75,1.0,3.0,46.0,12.0,4.0
2,4600.0,0.04,515.5357142857143,0.039385401252711165,1898.75,1.0,4.0,45.0,14.0,4.0
2,4800.0,0.04,515.5357142857143,0.04070297772282245,1898.75,1.0,4.0,45.0,14.0,4.0
2,5000.0,0.04,515.5357142857143,0.04070297772282245,1898.75,1.0,4.0,45.0,14.0,4.0
2,5200.0,0.04,516.2666666666667,0.04104757464577463,2546.2,2.0,3.0,45.0,15.0,5.0
2,5400.0,0.04,513.0,0.04050027365049764,2546.2,1.0,4.0,45.0,17.0,5.0
2,5600.0,0.04,513.0,0.04169622767721404,2546.2,1.0,4.0,45.0,17.0,5.0
2,5800.0,0.04,513.0,0.042324610301420956,2546.2,1.0,4.0,45.0,17.0,5.0
2,6000.0,0.04,488.55263157894734,0.04062189609389252,2546.2,1.0,4.0,45.0,19.0,5.0
2,6200.0,0.04,488.55263157894734,0.040925952202379746,2546.2,1.0,4.0,45.0,19.0,5.0
2,6400.0,0.04,479.925,0.04098676342407719,2546.2,1.0,4.0,45.0,20.0,5.0
2,6600.0,0.04,511.9047619047619,0.04025702876370786,2546.2,1.0,3.0,46.0,21.0,5.0
2,6800.0,0.04,511.9047619047619,0.039993513469685604,2546.2,2.0,2.0,46.0,21.0,5.0
2,7000.0,0.02,514.5454545454545,0.039202967587618834,2546.2,1.0,3.0,46.0,22.0,5.0
2,7200.0,0.02,497.5416666666667,0.03906107473699147,2546.2,1.0,4.0,45.0,24.0,5.0
2,7400.0,0.04,497.5416666666667,0.03904080432975898,2546.2,1.0,4.0,45.0,24.0,5.0
2,7600.0,0.04,491.32,0.039770538990128314,2546.2,1.0,5.0,44.0,25.0,5.0
2,7800.0,0.04,491.32,0.041574605233819145,2546.2,1.0,5.0,44.0,25.0,5.0
2,8000.0,0.04,502.3269230769231,0.042750288853303064,2546.2,1.0,5.0,44.0,26.0,5.0
2,8200.0,0.04,490.537037037037,0.0442300285812742,3478.9166666666665,2.0,4.0,44.0,27.0,6.0
2,8400.0,0.04,490.537037037037,0.04544625301522308,3478.9166666666665,2.0,5.0,43.0,27.0,6.0
2,8600.0,0.04,490.537037037037,0.04680437029979932,4209.785714285715,2.0,5.0,43.0,27.0,7.0
2,8800.0,0.04,520.1785714285714,0.04765572740356354,4209.785714285715,2.0,5.0,43.0,28.0,7.0
2,9000.0,0.02,509.5344827586207,0.04599355401050007,4209.785714285715,2.0,5.0,43.0,29.0,7.0
2,9200.0,0.04,522.6666666666666,0.04469624794762127,4209.785714285715,2.0,4.0,44.0,30.0,7.0
2,9400.0,0.04,522.6666666666666,0.04441246224636653,4209.785714285715,2.0,4.0,44.0,30.0,7.0
2,9600.0,0.04,522.6666666666666,0.043561105142602315,4209.785714285715,2.0,3.0,45.0,30.0,7.0
2,9800.0,0.04,507.6875,0.04266920722437314,4209.785714285715,2.0,3.0,45.0,32.0,7.0
2,10000.0,0.04,502.3529411764706,0.043135426590720206,4209.785714285715,1.0,5.0,44.0,34.0,7.0
2,10200.0,0.04,502.3529411764706,0.04382462043662457,4209.785714285715,0.0,6.0,44.0,34.0,7.0
2,10400.0,0.04,502.3529411764706,0.045344900979060666,4209.785714285715,0.0,6.0,44.0,34.0,7.0
2,10600.0,0.04,502.3529411764706,0.04621652849005736,4999.8125,1.0,5.0,44.0,34.0,8.0
2,10800.0,0.04,502.3529411764706,0.04702734477935662,4999.8125,1.0,5.0,44.0,34.0,8.0
2,11000.0,0.04,502.3529411764706,0.04832465084223542,5647.5,2.0,4.0,44.0,34.0,9.0
2,11200.0,0.02,545.0416666666666,0.047331400887843836,5647.5,2.0,4.0,44.0,36.0,9.0
2,11400.0,0.04,545.0416666666666,0.04463543672592382,5647.5,2.0,4.0,44.0,36.0,9.0
2,11600.0,0.04,545.0416666666666,0.04258812559544321,5647.5,1.0,5.0,44.0,36.0,9.0
2,11800.0,0.04,545.0416666666666,0.04043946242880019,5647.5,1.0,4.0,45.0,36.0,9.0
2,12000.0,0.04,546.1351351351351,0.038594855370644394,5647.5,1.0,4.0,45.0,37.0,9.0
2,12200.0,0.04,546.1351351351351,0.036973222792045894,5647.5,1.0,4.0,45.0,37.0,9.0
2,12400.0,0.04,546.1351351351351,0.03687187075588349,5647.5,1.0,4.0,45.0,37.0,9.0
2,12600.0,0.04,546.1351351351351,0.03756106460178785,5647.5,1.0,4.0,45.0,37.0,9.0
2,12800.0,0.04,571.2894736842105,0.03672997790525612,5647.5,1.0,4.0,45.0,38.0,9.0
2,13000.0,0.04,583.2307692307693,0.03788539111750755,5647.5,1.0,3.0,46.0,39.0,9.0
2,13200.0,0.04,583.2307692307693,0.039365130845478685,5647.5,1.0,2.0,47.0,39.0,9.0
2,13400.0,0.04,576.75,0.03843269211278454,5647.5,1.0,2.0,47.0,40.0,9.0
2,13600.0,0.04,576.75,0.03881782985020169,5647.5,1.0,2.0,47.0,40.0,9.0
2,13800.0,0.04,570.9512195121952,0.03810836559706485,5647.5,1.0,2.0,47.0,41.0,9.0
2,14000.0,0.04,570.9512195121952,0.038615125777876874,5647.5,1.0,2.0,47.0,41.0,9.0
2,14200.0,0.02,583.9186046511628,0.037216467678835664,5647.5,1.0,2.0,47.0,43.0,9.0
2,14400.0,0.0,577.6590909090909,0.03547321265684228,5647.5,1.0,2.0,47.0,44.0,9.0
2,14600.0,0.04,577.6590909090909,0.03614213609551416,5647.5,1.0,3.0,46.0,44.0,9.0
2,14800.0,0.04,570.9444444444445,0.03829079926215718,5647.5,0.0,5.0,45.0,45.0,9.0
2,15000.0,0.04,570.9444444444445,0.040743518537287415,5647.5,0.0,5.0,45.0,45.0,9.0
2,15200.0,0.04,564.1630434782609,0.04023675835647538,6589.5,1.0,4.0,45.0,46.0,10.0
2,15400.0,0.04,564.1630434782609,0.03950702369610606,6589.5,1.0,4.0,45.0,46.0,10.0
2,15600.0,0.04,564.1630434782609,0.039223237994851314,6589.5,1.0,4.0,45.0,46.0,10.0
2,15800.0,0.04,578.3085106382979,0.037824579895810104,6589.5,1.0,4.0,45.0,47.0,10.0
2,16000.0,0.02,574.6938775510204,0.036365110575071455,6589.5,1.0,4.0,45.0,49.0,10.0
3,0.0,0.0,nan,0.015202805424360975,nan,0.0,0.0,50.0,0.0,0.0
3,200.0,0.04,nan,0.018486611396022947,nan,0.0,2.0,48.0,0.0,0.0
3,400.0,0.04,nan,0.0234123203535159,nan,0.0,2.0,48.0,0.0,0.0
3,600.0,0.06,nan,0.02831775890377638,nan,0.0,3.0,47.0,0.0,0.0
3,800.0,0.06,nan,0.03484483003263535,672.5,2.0,1.0,47.0,0.0,2.0
3,1000.0,0.06,nan,0.040135406320312976,672.5,2.0,1.0,47.0,0.0,2.0
3,1200.0,0.04,1108.0,0.04469624794762127,839.6666666666666,3.0,0.0,47.0,1.0,3.0
3,1400.0,0.04,1108.0,0.04345975310643991,839.6666666666666,3.0,0.0,47.0,2.0,3.0
3,1600.0,0.06,1108.0,0.04449354387529646,839.6666666666666,3.0,1.0,46.0,2.0,3.0
3,1800.0,0.06,1108.0,0.04599355401050007,839.6666666666666,2.0,2.0,46.0,2.0,3.0
3,2000.0,0.06,1175.0,0.04641923256238218,839.6666666666666,1.0,3.0,46.0,3.0,3.0
3,2200.0,0.06,1081.25,0.04725031925891391,839.6666666666666,1.0,3.0,46.0,4.0,3.0
3,2400.0,0.06,1081.25,0.048121946769910606,1225.75,2.0,2.0,46.0,4.0,4.0
3,2600.0,0.06,955.3,0.049115196724302194,1225.75,3.0,1.0,46.0,5.0,4.0
3,2800.0,0.04,951.75,0.04962195690511422,1225.75,2.0,2.0,46.0,6.0,4.0
3,3000.0,0.06,951.75,0.04984493138467152,1225.75,2.0,2.0,46.0,6.0,4.0
3,3200.0,0.06,951.75,0.04970303853404415,1225.75,2.0,2.0,46.0,6.0,4.0
3,3400.0,0.06,1065.7142857142858,0.047757079439725944,1225.75,2.0,2.0,46.0,7.0,4.0
3,3600.0,0.06,1045.6875,0.04615571726835992,1225.75,2.0,2.0,46.0,8.0,4.0
3,3800.0,0.06,1045.6875,0.04550706423692052,1225.75,2.0,2.0,46.0,8.0,4.0
3,4000.0,0.04,1054.7777777777778,0.044980033648876004,1225.75,2.0,2.0,46.0,9.0,4.0
3,4200.0,0.06,1033.85,0.04506111527780593,1225.75,2.0,2.0,46.0,10.0,4.0
3,4400.0,0.06,1033.85,0.047108426408286545,1225.75,2.0,2.0,46.0,10.0,4.0
3,4600.0,0.04,974.5,0.04806113554821316,1225.75,3.0,1.0,46.0,11.0,4.0
3,4800.0,0.06,974.5,0.04978412016297407,1225.75,2.0,1.0,47.0,11.0,4.0
3,5000.0,0.06,1012.25,0.049317900796627005,1225.75,2.0,1.0,47.0,12.0,4.0
3,5200.0,0.04,1015.3461538461538,0.04828411002777046,1225.75,2.0,1.0,47.0,13.0,4.0
3,5400.0,0.06,1015.3461538461538,0.04830438043500294,1225.75,3.0,0.0,47.0,13.0,4.0
3,5600.0,0.06,963.4642857142857,0.04848681410009527,1225.75,3.0,0.0,47.0,14.0,4.0
3,5800.0,0.04,949.7666666666667,0.046925992743194214,1225.75,2.0,1.0,47.0,15.0,4.0
3,6000.0,0.06,914.5294117647059,0.04402732450894938,1225.75,2.0,1.0,47.0,17.0,4.0
3,6200.0,0.06,914.5294117647059,0.045932742788802626,1225.75,2.0,1.0,47.0,17.0,4.0
3,6400.0,0.04,902.6111111111111,0.0461759876755924,1225.75,2.0,1.0,47.0,18.0,4.0
3,6600.0,0.06,902.6111111111111,0.04860843654349016,1225.75,2.0,2.0,46.0,18.0,4.0
3,6800.0,0.06,890.421052631579,0.05041250278718099,1225.75,2.0,2.0,46.0,19.0,4.0
3,7000.0,0.06,853.375,0.0501895283076237,1225.75,2.0,2.0,46.0,20.0,4.0
3,7200.0,0.06,864.6190476190476,0.050331421158251066,2404.8,3.0,1.0,46.0,21.0,5.0
3,7400.0,0.06,864.6190476190476,0.04970303853404415,2404.8,3.0,1.0,46.0,21.0,5.0
3,7600.0,0.04,877.5454545454545,0.048547625321792715,2404.8,2.0,2.0,46.0,22.0,5.0
3,7800.0,0.06,877.5454545454545,0.04828411002777046,2404.8,2.0,2.0,46.0,22.0,5.0
3,8000.0,0.06,885.2608695652174,0.047716538625260985,2404.8,1.0,3.0,46.0,23.0,5.0
3,8200.0,0.06,885.2608695652174,0.04832465084223542,2404.8,1.0,3.0,46.0,23.0,5.0
3,8400.0,0.04,873.02,0.047898972290353316,2404.8,2.0,2.0,46.0,25.0,5.0
3,8600.0,0.06,841.7884615384615,0.04727058966614639,2404.8,2.0,2.0,46.0,26.0,5.0
3,8800.0,0.06,841.7884615384615,0.049115196724302194,2404.8,2.0,2.0,46.0,26.0,5.0
3,9000.0,0.06,824.0370370370371,0.047898972290353316,2404.8,2.0,3.0,45.0,27.0,5.0
3,9200.0,0.06,823.1785714285714,0.04939898242555693,2404.8,2.0,3.0,45.0,28.0,5.0
3,9400.0,0.04,851.5172413793103,0.05025033952932115,3570.25,3.0,2.0,45.0,29.0,6.0
3,9600.0,0.06,851.5172413793103,0.052520625139359046,3570.25,3.0,2.0,45.0,29.0,6.0
3,9800.0,0.06,851.5172413793103,0.053534145500983114,3570.25,3.0,2.0,45.0,29.0,6.0
3,10000.0,0.06,853.9333333333333,0.053493604686518155,3570.25,3.0,2.0,45.0,30.0,6.0
3,10200.0,0.02,856.828125,0.05239900269596416,3570.25,3.0,2.0,45.0,32.0,6.0
3,10400.0,0.06,856.828125,0.050939533375225506,3570.25,3.0,3.0,44.0,32.0,6.0
3,10600.0,0.06,856.828125,0.05144629355603754,3570.25,2.0,4.0,44.0,32.0,6.0
3,10800.0,0.04,855.1515151515151,0.05081791093183062,3570.25,1.0,5.0,44.0,33.0,6.0
3,11000.0,0.06,855.1515151515151,0.050939533375225506,4623.857142857143,2.0,3.0,45.0,33.0,7.0
3,11200.0,0.04,859.1470588235294,0.051932783329617094,4623.857142857143,2.0,3.0,45.0,34.0,7.0
3,11400.0,0.06,826.3783783783783,0.051709808850059796,4623.857142857143,2.0,4.0,44.0,37.0,7.0
3,11600.0,0.06,826.3783783783783,0.05183143129345469,4623.857142857143,1.0,5.0,44.0,37.0,7.0
3,11800.0,0.06,792.95,0.051912512922384614,4623.857142857143,1.0,5.0,44.0,40.0,7.0
3,12000.0,0.06,792.95,0.05158818640666491,4623.857142857143,2.0,4.0,44.0,40.0,7.0
3,12200.0,0.06,792.95,0.05243954351042913,4623.857142857143,2.0,4.0,44.0,40.0,7.0
3,12400.0,0.06,781.8690476190476,0.05004763545699633,4623.857142857143,2.0,4.0,44.0,42.0,7.0
3,12600.0,0.06,783.1976744186046,0.04901384468813978,4623.857142857143,1.0,5.0,44.0,43.0,7.0
3,12800.0,0.04,744.8586956521739,0.048527354914560235,4623.857142857143,2.0,4.0,44.0,46.0,7.0
3,13000.0,0.06,715.1041666666666,0.048709788579652566,4623.857142857143,2.0,4.0,44.0,48.0,7.0
3,13200.0,0.06,703.5102040816327,0.05065574767397077,4623.857142857143,1.0,6.0,43.0,49.0,7.0
3,13400.0,0.06,695.3627450980392,0.0538787424239353,4341.375,2.0,5.0,43.0,51.0,8.0
3,13600.0,0.06,685.0480769230769,0.055905783147183426,4341.375,2.0,5.0,43.0,52.0,8.0
3,13800.0,0.06,689.1320754716982,0.05594632396164839,4341.375,2.0,5.0,43.0,53.0,8.0
3,14000.0,0.06,690.6203703703703,0.05722335961729471,5397.611111111111,3.0,4.0,43.0,54.0,9.0
3,14200.0,0.06,688.2818181818182,0.0558247015182535,5397.611111111111,2.0,5.0,43.0,55.0,9.0
3,14400.0,0.06,682.5803571428571,0.05527740052297651,5397.611111111111,2.0,5.0,43.0,56.0,9.0
3,14600.0,0.06,678.4913793103449,0.05408144649626011,5397.611111111111,2.0,5.0,43.0,58.0,9.0
3,14800.0,0.04,664.525,0.05381793120223785,5397.611111111111,2.0,4.0,44.0,60.0,9.0
3,15000.0,0.06,664.525,0.05385847201670282,5397.611111111111,2.0,4.0,44.0,60.0,9.0
3,15200.0,0.06,664.525,0.05318954857803093,5397.611111111111,2.0,4.0,44.0,60.0,9.0
3,15400.0,0.04,666.3629032258065,0.05197332414408205,5397.611111111111,3.0,3.0,44.0,62.0,9.0
3,15600.0,0.04,656.34375,0.04980439057020655,5397.611111111111,2.0,4.0,44.0,64.0,9.0
3,15800.0,0.06,656.34375,0.049926013013601445,5397.611111111111,1.0,5.0,44.0,64.0,9.0
3,16000.0,0.06,653.6538461538462,0.05081791093183062,5397.611111111111,1.0,5.0,44.0,65.0,9.0
4,0.0,0.0,nan,0.015202805424360975,nan,0.0,0.0,50.0,0.0,0.0
4,200.0,0.06,nan,0.01980418786613423,nan,0.0,3.0,47.0,0.0,0.0
4,400.0,0.08,nan,0.02912857519307563,nan,0.0,4.0,46.0,0.0,0.0
4,600.0,0.08,nan,0.03822998804045973,nan,0.0,4.0,46.0,0.0,0.0
4,800.0,0.08,nan,0.046338150933452255,691.0,1.0,3.0,46.0,0.0,1.0
4,1000.0,0.08,nan,0.05320981898526341,807.25,4.0,0.0,46.0,0.0,4.0
4,1200.0,0.08,nan,0.05902742586098555,807.25,4.0,0.0,46.0,0.0,4.0
4,1400.0,0.08,1265.0,0.06259501753390226,807.25,4.0,0.0,46.0,1.0,4.0
4,1600.0,0.08,1290.0,0.06472341029331279,807.25,4.0,1.0,45.0,3.0,4.0
4,1800.0,0.08,1336.625,0.06419637970526827,807.25,4.0,2.0,44.0,4.0,4.0
4,2000.0,0.08,1185.8,0.0638517827823161,807.25,4.0,2.0,44.0,5.0,4.0
4,2200.0,0.08,1185.8,0.06403421644740843,1076.7,2.0,4.0,44.0,5.0,5.0
4,2400.0,0.08,1185.8,0.06441935418482557,1272.75,3.0,3.0,44.0,5.0,6.0
4,2600.0,0.08,1122.25,0.06474368070054527,1272.75,3.0,3.0,44.0,6.0,6.0
4,2800.0,0.08,1122.25,0.06679099183102588,1272.75,3.0,3.0,44.0,6.0,6.0
4,3000.0,0.08,1193.6875,0.06748018567693025,1272.75,4.0,2.0,44.0,8.0,6.0
4,3200.0,0.08,1193.6875,0.06772343056372003,1272.75,4.0,2.0,44.0,8.0,6.0
4,3400.0,0.08,1144.2,0.06575720106216934,1272.75,3.0,3.0,44.0,10.0,6.0
4,3600.0,0.08,1059.090909090909,0.06360853789552633,1272.75,3.0,3.0,44.0,11.0,6.0
4,3800.0,0.08,1025.5,0.06095311454807127,1272.75,4.0,2.0,44.0,12.0,6.0
4,4000.0,0.06,1001.6785714285714,0.060284191109399386,1272.75,3.0,3.0,44.0,14.0,6.0
4,4200.0,0.08,964.5666666666667,0.060081487037074575,1272.75,3.0,3.0,44.0,15.0,6.0
4,4400.0,0.08,917.75,0.061480145136115785,1272.75,4.0,3.0,43.0,16.0,6.0
4,4600.0,0.08,924.7352941176471,0.06364907870999129,1272.75,4.0,3.0,43.0,17.0,6.0
4,4800.0,0.08,924.7352941176471,0.06595990513449415,1272.75,3.0,4.0,43.0,17.0,6.0
4,5000.0,0.06,844.7619047619048,0.06620315002128392,1796.5714285714287,3.0,4.0,43.0,21.0,7.0
4,5200.0,0.08,844.7619047619048,0.06743964486246529,1796.5714285714287,3.0,4.0,43.0,21.0,7.0
4,5400.0,0.08,850.8181818181819,0.06707477753228062,1796.5714285714287,3.0,4.0,43.0,22.0,7.0
4,5600.0,0.08,850.8181818181819,0.06701396631058318,1796.5714285714287,3.0,4.0,43.0,22.0,7.0
4,5800.0,0.08,850.8181818181819,0.06591936432002919,1796.5714285714287,4.0,3.0,43.0,22.0,7.0
4,6000.0,0.08,850.8181818181819,0.06701396631058318,1796.5714285714287,4.0,3.0,43.0,22.0,7.0
4,6200.0,0.08,869.4565217391304,0.06748018567693025,1796.5714285714287,4.0,3.0,43.0,23.0,7.0
4,6400.0,0.06,874.7777777777778,0.0643990837775931,1796.5714285714287,4.0,3.0,43.0,27.0,7.0
4,6600.0,0.06,808.9333333333333,0.06216933898202015,1796.5714285714287,4.0,3.0,43.0,30.0,7.0
4,6800.0,0.08,784.8548387096774,0.06401394604017595,1796.5714285714287,3.0,4.0,43.0,31.0,7.0
4,7000.0,0.08,784.8548387096774,0.06600044594895911,1796.5714285714287,3.0,4.0,43.0,31.0,7.0
4,7200.0,0.08,784.8548387096774,0.06606125717065656,1796.5714285714287,3.0,4.0,43.0,31.0,7.0
4,7400.0,0.08,784.171875,0.06456124703545295,1796.5714285714287,3.0,4.0,43.0,32.0,7.0
4,7600.0,0.08,786.9852941176471,0.06318285934364422,1796.5714285714287,3.0,5.0,42.0,34.0,7.0
4,7800.0,0.08,798.1,0.06326394097257414,1796.5714285714287,3.0,4.0,43.0,35.0,7.0
4,8000.0,0.08,767.2162162162163,0.06295988486408692,1796.5714285714287,2.0,6.0,42.0,37.0,7.0
4,8200.0,0.08,767.2162162162163,0.0639531348184785,1796.5714285714287,2.0,6.0,42.0,37.0,7.0
4,8400.0,0.08,760.5921052631579,0.06464232866438287,2607.875,3.0,5.0,42.0,38.0,8.0
4,8600.0,0.08,759.8625,0.06662882857316603,2607.875,3.0,5.0,42.0,40.0,8.0
4,8800.0,0.08,760.2682926829268,0.06628423165021385,2607.875,3.0,5.0,42.0,41.0,8.0
4,9000.0,0.08,747.5119047619048,0.06717612956844303,2607.875,2.0,7.0,41.0,42.0,8.0
4,9200.0,0.08,766.9186046511628,0.06399367563294346,2607.875,1.0,8.0,41.0,43.0,8.0
4,9400.0,0.08,746.1555555555556,0.06413556848357084,2607.875,2.0,7.0,41.0,45.0,8.0
4,9600.0,0.08,746.1555555555556,0.0625544767194373,3377.5555555555557,3.0,6.0,41.0,45.0,9.0
4,9800.0,0.08,754.8913043478261,0.06220987979648511,3377.5555555555557,3.0,5.0,42.0,46.0,9.0
4,10000.0,0.08,754.8913043478261,0.0598382421502848,3377.5555555555557,3.0,5.0,42.0,46.0,9.0
4,10200.0,0.08,750.1938775510204,0.058094987128291406,3377.5555555555557,2.0,7.0,41.0,49.0,9.0
4,10400.0,0.08,726.4905660377359,0.05937202278393773,3377.5555555555557,2.0,7.0,41.0,53.0,9.0
4,10600.0,0.08,716.3425925925926,0.061520685950580745,3377.5555555555557,2.0,5.0,43.0,54.0,9.0
4,10800.0,0.08,708.2545454545455,0.061784201244603,3377.5555555555557,3.0,4.0,43.0,55.0,9.0
4,11000.0,0.06,708.1964285714286,0.060689599254049015,3377.5555555555557,3.0,4.0,43.0,56.0,9.0
4,11200.0,0.06,701.2672413793103,0.0583179616078487,3377.5555555555557,2.0,6.0,42.0,58.0,9.0
4,11400.0,0.08,703.4916666666667,0.05641254332799546,3377.5555555555557,2.0,6.0,42.0,60.0,9.0
4,11600.0,0.08,703.4916666666667,0.057263900431759676,3377.5555555555557,1.0,6.0,43.0,60.0,9.0
4,11800.0,0.08,697.0655737704918,0.056534165771390345,3377.5555555555557,1.0,6.0,43.0,61.0,9.0
4,12000.0,0.06,697.3174603174604,0.05878418097419577,4224.25,3.0,4.0,43.0,63.0,10.0
4,12200.0,0.06,693.734375,0.05914904830438043,4224.25,1.0,6.0,43.0,64.0,10.0
4,12400.0,0.08,677.5681818181819,0.05819633916445381,4224.25,2.0,5.0,43.0,66.0,10.0
4,12600.0,0.08,684.8582089552239,0.05925040034054284,4224.25,3.0,3.0,44.0,67.0,10.0
4,12800.0,0.08,676.1176470588235,0.05880445138142825,4224.25,3.0,3.0,44.0,68.0,10.0
4,13000.0,0.06,675.0144927536232,0.05953418604179758,4224.25,4.0,2.0,44.0,69.0,10.0
4,13200.0,0.08,681.0352112676056,0.05736525246792208,4224.25,3.0,3.0,44.0,71.0,10.0
4,13400.0,0.06,668.0,0.05483145156386192,4224.25,3.0,3.0,44.0,74.0,10.0
4,13600.0,0.08,663.5133333333333,0.05363549753714552,4224.25,1.0,5.0,44.0,75.0,10.0
4,13800.0,0.08,657.1973684210526,0.05424360975411996,4224.25,2.0,4.0,44.0,76.0,10.0
4,14000.0,0.06,638.55,0.0532300893924959,4224.25,1.0,5.0,44.0,80.0,10.0
4,14200.0,0.08,632.6234567901234,0.05519631889404658,4224.25,2.0,5.0,43.0,81.0,10.0
4,14400.0,0.08,632.9036144578313,0.05740579328238704,4224.25,2.0,6.0,42.0,83.0,10.0
4,14600.0,0.06,626.4764705882353,0.059939594186447204,4224.25,1.0,8.0,41.0,85.0,10.0
4,14800.0,0.08,626.4764705882353,0.06105446658423368,4296.363636363636,2.0,7.0,41.0,85.0,11.0
4,15000.0,0.06,624.1627906976744,0.0638517827823161,4296.363636363636,2.0,7.0,41.0,86.0,11.0
4,15200.0,0.08,623.1777777777778,0.06488557355117264,4296.363636363636,2.0,7.0,41.0,90.0,11.0
4,15400.0,0.08,618.4230769230769,0.06595990513449415,4296.363636363636,1.0,8.0,41.0,91.0,11.0
4,15600.0,0.06,612.0913978494624,0.06762207852755762,5222.75,2.0,7.0,41.0,93.0,12.0
4,15800.0,0.08,612.0913978494624,0.06707477753228062,5222.75,2.0,7.0,41.0,93.0,12.0
4,16000.0,0.08,612.1329787234042,0.0679666754505098,5222.75,2.0,7.0,41.0,94.0,12.0
5,0.0,0.0,nan,0.015202805424360975,nan,0.0,0.0,50.0,0.0,0.0
5,200.0,0.06,nan,0.0196217542010419,nan,0.0,2.0,48.0,0.0,0.0
5,400.0,0.1,nan,0.026412340623923135,nan,0.0,3.0,47.0,0.0,0.0
5,600.0,0.08,226.5,0.03312184541787445,nan,0.0,3.0,47.0,1.0,0.0
5,800.0,0.04,541.5,0.03786512071027507,648.5,3.0,0.0,47.0,3.0,3.0
5,1000.0,0.08,541.5,0.04268947763160562,648.5,2.0,2.0,46.0,3.0,3.0
5,1200.0,0.1,609.375,0.04755437536740113,648.5,2.0,2.0,46.0,4.0,3.0
5,1400.0,0.1,741.6,0.04970303853404415,648.5,2.0,3.0,45.0,5.0,3.0
5,1600.0,0.1,640.1666666666666,0.052763870026148824,852.25,4.0,2.0,44.0,6.0,4.0
5,1800.0,0.1,638.9375,0.057142277988364784,852.25,4.0,2.0,44.0,8.0,4.0
5,2000.0,0.1,638.9375,0.06220987979648511,852.25,3.0,4.0,43.0,8.0,4.0
5,2200.0,0.1,758.25,0.06506800721626498,1108.6,4.0,3.0,43.0,10.0,5.0
5,2400.0,0.08,696.375,0.06419637970526827,1108.6,3.0,4.0,43.0,12.0,5.0
5,2600.0,0.1,696.375,0.06399367563294346,1331.4166666666667,3.0,4.0,43.0,12.0,6.0
5,2800.0,0.08,673.6875,0.06302069608578437,1331.4166666666667,3.0,4.0,43.0,16.0,6.0
5,3000.0,0.1,649.0294117647059,0.0635274562665964,1331.4166666666667,3.0,4.0,43.0,17.0,6.0
5,3200.0,0.08,590.45,0.06525044088135731,1331.4166666666667,3.0,4.0,43.0,20.0,6.0
5,3400.0,0.1,590.45,0.06699369590335069,1331.4166666666667,3.0,5.0,42.0,20.0,6.0
5,3600.0,0.08,637.8695652173913,0.06668963979486348,1331.4166666666667,3.0,6.0,41.0,23.0,6.0
5,3800.0,0.1,636.75,0.06727748160460544,1658.7142857142858,3.0,6.0,41.0,24.0,7.0
5,4000.0,0.1,619.64,0.06833154278069446,1658.7142857142858,2.0,6.0,42.0,25.0,7.0
5,4200.0,0.08,633.5384615384615,0.06916262947722619,1658.7142857142858,2.0,6.0,42.0,26.0,7.0
5,4400.0,0.1,614.2222222222222,0.06756126730586018,1999.0,3.0,5.0,42.0,27.0,8.0
5,4600.0,0.1,612.4827586206897,0.06707477753228062,1999.0,3.0,5.0,42.0,29.0,8.0
5,4800.0,0.08,632.2258064516129,0.06652747653700362,1999.0,3.0,5.0,42.0,31.0,8.0
5,5000.0,0.08,626.40625,0.06928425192062108,1999.0,4.0,4.0,42.0,32.0,8.0
5,5200.0,0.1,640.9852941176471,0.07171670078851884,1999.0,4.0,4.0,42.0,34.0,8.0
5,5400.0,0.1,640.9852941176471,0.07270995074291042,1999.0,5.0,3.0,42.0,34.0,8.0
5,5600.0,0.08,630.8783783783783,0.07275049155737538,1999.0,4.0,4.0,42.0,37.0,8.0
5,5800.0,0.1,636.7105263157895,0.07096669572091703,1999.0,4.0,4.0,42.0,38.0,8.0
5,6000.0,0.06,638.5731707317074,0.06770316015648754,1999.0,4.0,4.0,42.0,41.0,8.0
5,6200.0,0.1,635.5348837209302,0.06527071128858979,1999.0,4.0,5.0,41.0,43.0,8.0
5,6400.0,0.1,609.2666666666667,0.06460178784991791,1999.0,3.0,6.0,41.0,45.0,8.0
5,6600.0,0.08,595.0212765957447,0.06435854296312812,1999.0,3.0,6.0,41.0,47.0,8.0
5,6800.0,0.1,583.85,0.0635274562665964,1999.0,2.0,7.0,41.0,50.0,8.0
5,7000.0,0.08,556.3018867924528,0.06415583889080331,2543.5,2.0,8.0,40.0,53.0,9.0
5,7200.0,0.1,556.3018867924528,0.06679099183102588,2543.5,2.0,8.0,40.0,53.0,9.0
5,7400.0,0.1,573.8214285714286,0.06750045608416273,2543.5,2.0,8.0,40.0,56.0,9.0
5,7600.0,0.1,564.6491228070175,0.0676423489347901,2543.5,3.0,7.0,40.0,57.0,9.0
5,7800.0,0.1,564.6491228070175,0.06798694585774229,2543.5,3.0,7.0,40.0,57.0,9.0
5,8000.0,0.1,564.8983050847457,0.06979101210143311,3086.95,3.0,7.0,40.0,59.0,10.0
5,8200.0,0.1,578.9833333333333,0.07027750187501267,3086.95,2.0,7.0,41.0,60.0,10.0
5,8400.0,0.1,574.8852459016393,0.06934506314231853,3086.95,2.0,7.0,41.0,61.0,10.0
5,8600.0,0.08,585.5967741935484,0.07009506820992034,3086.95,2.0,7.0,41.0,62.0,10.0
5,8800.0,0.1,603.5714285714286,0.0686153284819492,3086.95,3.0,6.0,41.0,63.0,10.0
5,9000.0,0.08,593.9242424242424,0.06575720106216934,3086.95,3.0,6.0,41.0,66.0,10.0
5,9200.0,0.1,587.2164179104477,0.0626558287555997,3086.95,3.0,6.0,41.0,67.0,10.0
5,9400.0,0.08,584.6594202898551,0.06002067581537713,3086.95,3.0,5.0,42.0,69.0,10.0
5,9600.0,0.1,597.2323943661971,0.05985851255751728,3086.95,3.0,5.0,42.0,71.0,10.0
5,9800.0,0.1,590.6506849315068,0.06115581862039608,3086.95,3.0,5.0,42.0,73.0,10.0
5,10000.0,0.08,589.331081081081,0.06119635943486105,3086.95,3.0,5.0,42.0,74.0,10.0
5,10200.0,0.1,594.2466666666667,0.0598382421502848,3086.95,3.0,5.0,42.0,75.0,10.0
5,10400.0,0.1,593.9935897435897,0.060101757444307055,3086.95,3.0,4.0,43.0,78.0,10.0
5,10600.0,0.1,593.9935897435897,0.06302069608578437,3086.95,2.0,6.0,42.0,78.0,10.0
5,10800.0,0.1,591.2784810126582,0.06401394604017595,3086.95,2.0,6.0,42.0,79.0,10.0
5,11000.0,0.08,597.079268292683,0.061905823687997893,3086.95,1.0,7.0,42.0,82.0,10.0
5,11200.0,0.1,588.6235294117647,0.06334502260150407,3086.95,1.0,8.0,41.0,85.0,10.0
5,11400.0,0.1,584.375,0.0662436908357489,3826.0,2.0,7.0,41.0,88.0,11.0
5,11600.0,0.1,584.375,0.06857478766748425,3826.0,2.0,7.0,41.0,88.0,11.0
5,11800.0,0.1,581.5898876404494,0.07041939472564004,3826.0,2.0,7.0,41.0,89.0,11.0
5,12000.0,0.1,581.7032967032967,0.07224373137656336,4503.208333333333,2.0,8.0,40.0,91.0,12.0
5,12200.0,0.1,581.7032967032967,0.07550726694099284,5084.076923076923,3.0,7.0,40.0,91.0,13.0
5,12400.0,0.1,581.7032967032967,0.07893296576328218,5084.076923076923,2.0,8.0,40.0,91.0,13.0
5,12600.0,0.1,581.7032967032967,0.08077757282143798,5084.076923076923,2.0,8.0,40.0,91.0,13.0
5,12800.0,0.1,599.4368421052632,0.08006810856830114,5627.035714285715,3.0,7.0,40.0,95.0,14.0
5,13000.0,0.06,608.7164948453608,0.07958161879472159,5627.035714285715,3.0,7.0,40.0,97.0,14.0
5,13200.0,0.1,606.5255102040817,0.07802079743782053,5627.035714285715,3.0,7.0,40.0,98.0,14.0
5,13400.0,0.1,606.8686868686868,0.07733160359191617,5627.035714285715,3.0,6.0,41.0,99.0,14.0
5,13600.0,0.1,601.07,0.07775728214379826,5627.035714285715,3.0,6.0,41.0,100.0,14.0
5,13800.0,0.1,601.6435643564356,0.07982486368151136,5627.035714285715,3.0,6.0,41.0,101.0,14.0
5,14000.0,0.08,601.1298076923077,0.08102081770822776,5627.035714285715,3.0,6.0,41.0,104.0,14.0
5,14200.0,0.08,608.4245283018868,0.08093973607929783,5627.035714285715,3.0,7.0,40.0,106.0,14.0
5,14400.0,0.1,608.6588785046729,0.0820546084770843,5627.035714285715,2.0,8.0,40.0,107.0,14.0
5,14600.0,0.1,605.5046296296297,0.08077757282143798,5627.035714285715,2.0,7.0,41.0,108.0,14.0
5,14800.0,0.1,601.1227272727273,0.07889242494881722,6234.266666666666,3.0,6.0,41.0,110.0,15.0
5,15000.0,0.1,599.2276785714286,0.07779782295826324,6234.266666666666,3.0,6.0,41.0,112.0,15.0
5,15200.0,0.1,599.2276785714286,0.07820323110291286,6234.266666666666,3.0,6.0,41.0,112.0,15.0
5,15400.0,0.1,599.2276785714286,0.07735187399914864,6234.266666666666,3.0,6.0,41.0,112.0,15.0
5,15600.0,0.1,613.5131578947369,0.07550726694099284,6234.266666666666,3.0,6.0,41.0,114.0,15.0
5,15800.0,0.1,615.5782608695653,0.07275049155737538,6234.266666666666,3.0,5.0,42.0,115.0,15.0
5,16000.0,0.1,612.4194915254237,0.07200048648977359,6234.266666666666,3.0,6.0,41.0,118.0,15.0
6,0.0,0.0,nan,0.015202805424360975,nan,0.0,0.0,50.0,0.0,0.0
6,200.0,0.1,nan,0.021385279630267772,nan,0.0,4.0,46.0,0.0,0.0
6,400.0,0.12,nan,0.03289887093831715,nan,0.0,5.0,45.0,0.0,0.0
6,600.0,0.1,223.5,0.042952992925627875,nan,0.0,5.0,45.0,1.0,0.0
6,800.0,0.12,391.0,0.04828411002777046,698.75,2.0,3.0,45.0,2.0,2.0
6,1000.0,0.12,391.0,0.05479091074939695,770.6666666666666,3.0,2.0,45.0,2.0,3.0
6,1200.0,0.12,391.0,0.06077068088297894,770.6666666666666,3.0,2.0,45.0,2.0,3.0
6,1400.0,0.08,802.7,0.06445989499929053,912.25,4.0,1.0,45.0,5.0,4.0
6,1600.0,0.12,882.25,0.06476395110777776,912.25,4.0,1.0,45.0,6.0,4.0
6,1800.0,0.1,910.6111111111111,0.06425719092696572,912.25,4.0,1.0,45.0,9.0,4.0
6,2000.0,0.12,910.6111111111111,0.06419637970526827,912.25,3.0,2.0,45.0,9.0,4.0
6,2200.0,0.12,811.2083333333334,0.06413556848357084,912.25,3.0,2.0,45.0,12.0,4.0
6,2400.0,0.1,767.2,0.06409502766910587,912.25,3.0,3.0,44.0,15.0,4.0
6,2600.0,0.1,733.4375,0.06717612956844303,912.25,3.0,4.0,43.0,16.0,4.0
6,2800.0,0.12,743.2647058823529,0.06983155291589808,1272.8,5.0,2.0,43.0,17.0,5.0
6,3000.0,0.1,730.3684210526316,0.07228427219102831,1272.8,5.0,2.0,43.0,19.0,5.0
6,3200.0,0.1,706.45,0.07493969553848337,1272.8,5.0,2.0,43.0,20.0,5.0
6,3400.0,0.12,706.7380952380952,0.07858836884033,1601.3333333333333,5.0,2.0,43.0,21.0,6.0
6,3600.0,0.1,694.84,0.07937891472239678,1601.3333333333333,6.0,1.0,43.0,25.0,6.0
6,3800.0,0.12,663.2777777777778,0.08037216467678836,1601.3333333333333,5.0,2.0,43.0,27.0,6.0
6,4000.0,0.1,673.85,0.08201406766261934,1601.3333333333333,5.0,2.0,43.0,30.0,6.0
6,4200.0,0.12,634.2727272727273,0.07903431779944459,1601.3333333333333,5.0,2.0,43.0,33.0,6.0
6,4400.0,0.12,596.4594594594595,0.07558834856992278,1601.3333333333333,4.0,3.0,43.0,37.0,6.0
6,4600.0,0.12,619.5131578947369,0.07443293535767133,1601.3333333333333,3.0,4.0,43.0,38.0,6.0
6,4800.0,0.12,619.5131578947369,0.07277076196460787,1601.3333333333333,3.0,4.0,43.0,38.0,6.0
6,5000.0,0.08,610.952380952381,0.07238562422719072,1601.3333333333333,2.0,5.0,43.0,42.0,6.0
6,5200.0,0.12,610.952380952381,0.07455455780106622,1601.3333333333333,3.0,4.0,43.0,42.0,6.0
6,5400.0,0.12,608.3181818181819,0.07589240467840999,1601.3333333333333,3.0,4.0,43.0,44.0,6.0
6,5600.0,0.12,608.3181818181819,0.07639916485922202,2169.5,5.0,2.0,43.0,44.0,7.0
6,5800.0,0.12,608.3181818181819,0.07670322096770923,2169.5,4.0,3.0,43.0,44.0,7.0
6,6000.0,0.1,627.97,0.07704781789066142,2169.5,4.0,4.0,42.0,50.0,7.0
6,6200.0,0.12,637.9411764705883,0.07856809843309752,2169.5,3.0,5.0,42.0,51.0,7.0
6,6400.0,0.12,637.9411764705883,0.07935864431516429,2685.0,5.0,3.0,42.0,51.0,8.0
6,6600.0,0.12,633.7211538461538,0.08051405752741572,2685.0,5.0,3.0,42.0,52.0,8.0
6,6800.0,0.1,633.9298245614035,0.07810187906675045,2685.0,4.0,5.0,41.0,57.0,8.0
6,7000.0,0.1,620.475,0.07818296069568037,2685.0,4.0,5.0,41.0,60.0,8.0
6,7200.0,0.12,613.483870967742,0.07828431273184279,3176.0555555555557,5.0,4.0,41.0,62.0,9.0
6,7400.0,0.12,599.734375,0.08069649119250806,3176.0555555555557,5.0,5.0,40.0,64.0,9.0
6,7600.0,0.12,587.6044776119403,0.08098027689376279,3176.0555555555557,5.0,5.0,40.0,67.0,9.0
6,7800.0,0.12,588.3642857142858,0.08100054730099528,3176.0555555555557,5.0,5.0,40.0,70.0,9.0
6,8000.0,0.12,578.9246575342465,0.08051405752741572,3176.0555555555557,6.0,4.0,40.0,73.0,9.0
6,8200.0,0.12,573.8266666666667,0.08098027689376279,3176.0555555555557,6.0,5.0,39.0,75.0,9.0
6,8400.0,0.12,576.2105263157895,0.08323029209656822,3176.0555555555557,6.0,5.0,39.0,76.0,9.0
6,8600.0,0.12,572.0316455696203,0.08531814404151379,3176.0555555555557,4.0,8.0,38.0,79.0,9.0
6,8800.0,0.12,570.3641975308642,0.08864249082764072,3727.6,5.0,6.0,39.0,81.0,10.0
6,9000.0,0.12,570.3641975308642,0.0898587152615896,4199.636363636364,7.0,4.0,39.0,81.0,11.0
6,9200.0,0.12,566.4764705882353,0.08892627652889547,4199.636363636364,5.0,6.0,39.0,85.0,11.0
6,9400.0,0.1,571.0459770114943,0.09014250096284435,4199.636363636364,6.0,5.0,39.0,87.0,11.0
6,9600.0,0.12,570.0112359550562,0.08947357752417245,4199.636363636364,6.0,6.0,38.0,89.0,11.0
6,9800.0,0.12,565.2472527472528,0.08760870005878418,4199.636363636364,5.0,6.0,39.0,91.0,11.0
6,10000.0,0.12,576.9623655913979,0.08837897553361847,4199.636363636364,3.0,9.0,38.0,93.0,11.0
6,10200.0,0.08,573.5052083333334,0.0876897816877141,4199.636363636364,3.0,9.0,38.0,96.0,11.0
6,10400.0,0.12,573.5052083333334,0.08732491435752944,4711.708333333333,4.0,9.0,37.0,96.0,12.0
6,10600.0,0.12,573.5052083333334,0.08993979689051954,4711.708333333333,4.0,9.0,37.0,96.0,12.0
6,10800.0,0.12,577.6717171717172,0.09427766403827052,5179.7692307692305,4.0,10.0,36.0,99.0,13.0
6,11000.0,0.12,572.05,0.09768309245332739,5179.7692307692305,4.0,10.0,36.0,100.0,13.0
6,11200.0,0.12,578.4705882352941,0.09664930168447083,4906.392857142857,6.0,8.0,36.0,102.0,14.0
6,11400.0,0.1,579.122641509434,0.09557497010114933,4906.392857142857,2.0,12.0,36.0,106.0,14.0
6,11600.0,0.12,583.8194444444445,0.09529118439989459,4906.392857142857,2.0,13.0,35.0,108.0,14.0
6,11800.0,0.12,564.530701754386,0.09413577118764316,4906.392857142857,2.0,13.0,35.0,114.0,14.0
6,12000.0,0.12,562.2887931034483,0.0918046743559078,5367.166666666667,4.0,11.0,35.0,116.0,15.0
6,12200.0,0.1,560.0847457627119,0.09429793444550301,5367.166666666667,3.0,13.0,34.0,118.0,15.0
6,12400.0,0.1,556.404958677686,0.0939736079297833,5367.166666666667,2.0,14.0,34.0,121.0,15.0
6,12600.0,0.12,552.4722222222222,0.09482496503354752,5367.166666666667,2.0,15.0,33.0,126.0,15.0
6,12800.0,0.12,552.4722222222222,0.09454117933229278,5367.166666666667,3.0,14.0,33.0,126.0,15.0
6,13000.0,0.1,552.76171875,0.0939938783370158,5367.166666666667,3.0,14.0,33.0,128.0,15.0
6,13200.0,0.12,553.0,0.0940952303731782,5847.9375,3.0,14.0,33.0,130.0,16.0
6,13400.0,0.12,554.6603053435115,0.09693308738572558,5847.9375,4.0,11.0,35.0,131.0,16.0
6,13600.0,0.12,550.5187969924812,0.09563578132284678,5847.9375,5.0,9.0,36.0,133.0,16.0
6,13800.0,0.1,552.7302158273382,0.0940952303731782,5847.9375,3.0,12.0,35.0,139.0,16.0
6,14000.0,0.1,549.1063829787234,0.09401414874424827,5847.9375,2.0,13.0,35.0,141.0,16.0
6,14200.0,0.12,546.5629370629371,0.09368982222852858,5847.9375,2.0,13.0,35.0,143.0,16.0
6,14400.0,0.1,542.7965517241379,0.09381144467192346,5847.9375,2.0,13.0,35.0,145.0,16.0
6,14600.0,0.12,540.1575342465753,0.09500739869863986,6352.676470588235,4.0,11.0,35.0,146.0,17.0
6,14800.0,0.12,540.1575342465753,0.0975614700099325,6352.676470588235,4.0,10.0,36.0,146.0,17.0
6,15000.0,0.12,545.4261744966443,0.09707498023635294,6352.676470588235,4.0,10.0,36.0,149.0,17.0
6,15200.0,0.12,545.8921568627451,0.09666957209170332,6352.676470588235,4.0,10.0,36.0,153.0,17.0
6,15400.0,0.12,544.8089171974523,0.09596010783856648,6352.676470588235,5.0,10.0,35.0,157.0,17.0
6,15600.0,0.12,541.5625,0.09664930168447083,6352.676470588235,4.0,11.0,35.0,160.0,17.0
6,15800.0,0.12,540.0093167701864,0.09666957209170332,6871.027777777777,3.0,12.0,35.0,161.0,18.0
6,16000.0,0.12,536.9237804878048,0.09713579145805039,6871.027777777777,4.0,12.0,34.0,164.0,18.0
7,0.0,0.0,nan,0.015202805424360975,nan,0.0,0.0,50.0,0.0,0.0
7,200.0,0.06,75.0,0.020006891938459042,nan,0.0,4.0,46.0,1.0,0.0
7,400.0,0.1,75.0,0.029574524152190217,nan,0.0,4.0,46.0,1.0,0.0
7,600.0,0.14,75.0,0.038392151298319584,nan,0.0,4.0,46.0,1.0,0.0
7,800.0,0.14,229.16666666666666,0.04589220197433767,743.8333333333334,2.0,2.0,46.0,3.0,3.0
7,1000.0,0.14,312.0,0.05160845681389739,766.0,3.0,1.0,46.0,4.0,4.0
7,1200.0,0.14,312.0,0.059290941155007805,766.0,4.0,0.0,46.0,4.0,4.0
7,1400.0,0.14,487.7,0.06399367563294346,766.0,4.0,0.0,46.0,5.0,4.0
7,1600.0,0.14,747.6875,0.06539233373198468,766.0,4.0,0.0,46.0,8.0,4.0
7,1800.0,0.12,620.1666666666666,0.06520990006689234,766.0,4.0,0.0,46.0,12.0,4.0
7,2000.0,0.12,605.4,0.06660855816593356,766.0,4.0,2.0,44.0,15.0,4.0
7,2200.0,0.12,614.1315789473684,0.06922344069892364,1051.6,5.0,2.0,43.0,19.0,5.0
7,2400.0,0.12,592.725,0.07305454766586261,1051.6,4.0,3.0,43.0,20.0,5.0
7,2600.0,0.14,592.725,0.07751403725700849,1051.6,4.0,3.0,43.0,20.0,5.0
7,2800.0,0.14,605.5952380952381,0.07970324123811648,1312.1666666666667,4.0,4.0,42.0,21.0,6.0
7,3000.0,0.14,598.8,0.0822775829566416,1551.0,5.0,4.0,41.0,25.0,7.0
7,3200.0,0.14,608.9464285714286,0.08341272576166055,1551.0,5.0,4.0,41.0,28.0,7.0
7,3400.0,0.14,638.1551724137931,0.08947357752417245,1551.0,5.0,5.0,40.0,29.0,7.0
7,3600.0,0.1,643.2096774193549,0.09383171507915594,1796.25,6.0,4.0,40.0,31.0,8.0
7,3800.0,0.14,641.5,0.09585875580240406,2012.6666666666667,7.0,4.0,39.0,34.0,9.0
7,4000.0,0.14,628.4722222222222,0.09618308231812377,2012.6666666666667,4.0,8.0,38.0,36.0,9.0
7,4200.0,0.14,614.0263157894736,0.09825066385583686,2012.6666666666667,4.0,8.0,38.0,38.0,9.0
7,4400.0,0.14,614.0263157894736,0.10149392901303388,2012.6666666666667,4.0,8.0,38.0,38.0,9.0
7,4600.0,0.14,627.025,0.1023250157095656,2012.6666666666667,5.0,7.0,38.0,40.0,9.0
7,4800.0,0.14,635.1219512195122,0.10307502077716742,2278.75,6.0,6.0,38.0,41.0,10.0
7,5000.0,0.14,633.6777777777778,0.10137230656963898,2515.5,6.0,6.0,38.0,45.0,11.0
7,5200.0,0.14,633.6777777777778,0.10271015344698275,2515.5,5.0,7.0,38.0,45.0,11.0
7,5400.0,0.14,653.4565217391304,0.10082500557436198,2515.5,5.0,7.0,38.0,46.0,11.0
7,5600.0,0.14,643.8557692307693,0.09816958222690694,2515.5,4.0,8.0,38.0,52.0,11.0
7,5800.0,0.14,654.1944444444445,0.09829120467030182,2515.5,6.0,6.0,38.0,54.0,11.0
7,6000.0,0.14,650.2636363636364,0.09835201589199927,2515.5,5.0,7.0,38.0,55.0,11.0
7,6200.0,0.14,640.1929824561404,0.09693308738572558,2515.5,3.0,9.0,38.0,57.0,11.0
7,6400.0,0.14,641.6465517241379,0.09529118439989459,2515.5,3.0,9.0,38.0,58.0,11.0
7,6600.0,0.12,645.6803278688525,0.0924735977945797,2515.5,3.0,9.0,38.0,61.0,11.0
7,6800.0,0.14,645.6803278688525,0.08807491942513125,2515.5,4.0,8.0,38.0,61.0,11.0
7,7000.0,0.12,651.6194029850747,0.08519652159811891,2515.5,3.0,9.0,38.0,67.0,11.0
7,7200.0,0.14,644.9710144927536,0.08714248069243712,2515.5,4.0,9.0,37.0,69.0,11.0
7,7400.0,0.14,634.0138888888889,0.09184521517037278,2515.5,3.0,9.0,38.0,72.0,11.0
7,7600.0,0.14,634.0138888888889,0.09504793951310482,2515.5,2.0,10.0,38.0,72.0,11.0
7,7800.0,0.14,636.054794520548,0.09612227109642632,2515.5,3.0,9.0,38.0,73.0,11.0
7,8000.0,0.12,641.0866666666667,0.09849390874262665,2515.5,4.0,8.0,38.0,75.0,11.0
7,8200.0,0.14,648.9350649350649,0.09575740376624166,2977.5833333333335,3.0,9.0,38.0,77.0,12.0
7,8400.0,0.14,649.6708860759494,0.09466280177568767,2977.5833333333335,4.0,8.0,38.0,79.0,12.0
7,8600.0,0.12,653.3132530120482,0.09196683761376766,2977.5833333333335,4.0,8.0,38.0,83.0,12.0
7,8800.0,0.14,656.4821428571429,0.09259522023797458,2977.5833333333335,5.0,7.0,38.0,84.0,12.0
7,9000.0,0.14,652.5813953488372,0.0923519753511848,2977.5833333333335,4.0,7.0,39.0,86.0,12.0
7,9200.0,0.14,652.2808988764045,0.08965601118926479,3446.5,3.0,8.0,39.0,89.0,13.0
7,9400.0,0.14,652.4277777777778,0.08955465915310239,3446.5,3.0,8.0,39.0,90.0,13.0
7,9600.0,0.12,639.0265957446809,0.08827762349745606,3446.5,3.0,7.0,40.0,94.0,13.0
7,9800.0,0.12,637.8894736842105,0.08665599091885756,3446.5,3.0,7.0,40.0,95.0,13.0
7,10000.0,0.14,637.9381443298969,0.08493300630409666,3446.5,3.0,7.0,40.0,97.0,13.0
7,10200.0,0.12,642.055,0.08527760322704883,3446.5,3.0,7.0,40.0,100.0,13.0
7,10400.0,0.14,629.1213592233009,0.08590598585125575,3446.5,2.0,8.0,40.0,103.0,13.0
7,10600.0,0.14,627.847619047619,0.08896681734336043,3446.5,4.0,6.0,40.0,105.0,13.0
7,10800.0,0.14,632.1448598130842,0.09034520503516916,3446.5,5.0,5.0,40.0,107.0,13.0
7,11000.0,0.12,635.5871559633027,0.08983844485435713,3446.5,5.0,5.0,40.0,109.0,13.0
7,11200.0,0.14,636.0954545454546,0.09255467942350962,3446.5,5.0,5.0,40.0,110.0,13.0
7,11400.0,0.14,640.4203539823009,0.09371009263576105,3446.5,6.0,4.0,40.0,113.0,13.0
7,11600.0,0.14,638.3922413793103,0.09103439888107352,3446.5,6.0,5.0,39.0,116.0,13.0
7,11800.0,0.12,637.1166666666667,0.09024385299900675,3446.5,6.0,5.0,39.0,120.0,13.0
7,12000.0,0.14,629.983606557377,0.09075061317981878,3446.5,5.0,6.0,39.0,122.0,13.0
7,12200.0,0.14,624.932,0.08916952141568524,3446.5,3.0,8.0,39.0,125.0,13.0
7,12400.0,0.14,624.3452380952381,0.08406137879309995,3446.5,4.0,6.0,40.0,126.0,13.0
7,12600.0,0.12,620.905303030303,0.07897350657774714,3446.5,3.0,6.0,41.0,132.0,13.0
7,12800.0,0.14,607.4051094890511,0.07787890458719315,3446.5,3.0,6.0,41.0,137.0,13.0
7,13000.0,0.14,601.7625899280575,0.08120325137332009,3446.5,4.0,5.0,41.0,139.0,13.0
7,13200.0,0.12,586.1215277777778,0.08495327671132913,3446.5,4.0,5.0,41.0,144.0,13.0
7,13400.0,0.14,581.5205479452055,0.08724383272859952,3446.5,3.0,7.0,40.0,146.0,13.0
7,13600.0,0.14,583.6190476190476,0.09105466928830601,3446.5,4.0,6.0,40.0,147.0,13.0
7,13800.0,0.14,583.6190476190476,0.09375063345022601,3446.5,4.0,6.0,40.0,147.0,13.0
7,14000.0,0.14,588.1946308724832,0.09415604159487564,3446.5,4.0,6.0,40.0,149.0,13.0
7,14200.0,0.14,593.57,0.09480469462631504,4204.857142857143,5.0,6.0,39.0,150.0,14.0
7,14400.0,0.1,589.5774193548388,0.09306143960432164,4204.857142857143,4.0,8.0,38.0,155.0,14.0
7,14600.0,0.14,600.9808917197453,0.0932236028621815,4204.857142857143,4.0,8.0,38.0,157.0,14.0
7,14800.0,0.14,598.120253164557,0.09306143960432164,5521.625,5.0,7.0,38.0,158.0,16.0
7,15000.0,0.14,591.7438271604939,0.0933249548983439,5521.625,4.0,9.0,37.0,162.0,16.0
7,15200.0,0.14,593.2545454545455,0.09338576612004135,5521.625,4.0,10.0,36.0,165.0,16.0
7,15400.0,0.14,588.688622754491,0.09518983236373219,5521.625,4.0,10.0,36.0,167.0,16.0
7,15600.0,0.14,592.814705882353,0.09664930168447083,6134.611111111111,5.0,9.0,36.0,170.0,18.0
7,15800.0,0.14,592.814705882353,0.09802768937627956,6134.611111111111,5.0,9.0,36.0,170.0,18.0
7,16000.0,0.14,590.7942857142857,0.09831147507753431,6134.611111111111,5.0,8.0,37.0,175.0,18.0
8,0.0,0.0,nan,0.015202805424360975,nan,0.0,0.0,50.0,0.0,0.0
8,200.0,0.12,nan,0.02418259582835019,nan,0.0,5.0,45.0,0.0,0.0
8,400.0,0.12,205.75,0.035128615733890096,nan,0.0,6.0,44.0,2.0,0.0
8,600.0,0.16,205.75,0.04625706930452233,569.0,1.0,6.0,43.0,2.0,1.0
8,800.0,0.14,359.5,0.05659497699308779,658.5,2.0,5.0,43.0,3.0,2.0
8,1000.0,0.16,463.25,0.06638558368637626,658.5,2.0,5.0,43.0,4.0,2.0
8,1200.0,0.16,463.25,0.07775728214379826,878.4,5.0,3.0,42.0,4.0,5.0
8,1400.0,0.14,714.6666666666666,0.0861897715525105,878.4,5.0,2.0,43.0,6.0,5.0
8,1600.0,0.16,634.1428571428571,0.09115602132446841,878.4,5.0,4.0,41.0,7.0,5.0
8,1800.0,0.16,869.1818181818181,0.09334522530557639,1003.0,6.0,3.0,41.0,11.0,6.0
8,2000.0,0.16,782.5769230769231,0.09360874059959864,1003.0,5.0,4.0,41.0,13.0,6.0
8,2200.0,0.16,774.4705882352941,0.09221008250055744,1003.0,5.0,5.0,40.0,17.0,6.0
8,2400.0,0.16,738.7222222222222,0.09117629173170089,1003.0,5.0,7.0,38.0,18.0,6.0
8,2600.0,0.16,730.175,0.09352765897066873,1003.0,5.0,7.0,38.0,20.0,6.0
8,2800.0,0.16,740.1904761904761,0.09642632720491355,1003.0,5.0,7.0,38.0,21.0,6.0
8,3000.0,0.16,761.4347826086956,0.09997364847059777,1481.375,6.0,7.0,37.0,23.0,8.0
8,3200.0,0.16,735.46,0.10423043398941885,1667.2777777777778,7.0,6.0,37.0,25.0,9.0
8,3400.0,0.14,692.1964285714286,0.10560882168122758,1667.2777777777778,5.0,6.0,39.0,28.0,9.0
8,3600.0,0.16,689.15,0.10427097480388381,1667.2777777777778,4.0,7.0,39.0,30.0,9.0
8,3800.0,0.16,697.7941176470588,0.10571017371738999,1862.95,5.0,7.0,38.0,34.0,10.0
8,4000.0,0.14,692.9615384615385,0.10583179616078486,1862.95,5.0,7.0,38.0,39.0,10.0
8,4200.0,0.16,657.4166666666666,0.10313583199886486,1862.95,5.0,7.0,38.0,42.0,10.0
8,4400.0,0.14,652.9021739130435,0.0995074291042507,1862.95,5.0,6.0,39.0,46.0,10.0
8,4600.0,0.16,648.8191489361702,0.10173717389982365,1862.95,6.0,5.0,39.0,47.0,10.0
8,4800.0,0.16,650.9081632653061,0.10088581679605943,1862.95,6.0,5.0,39.0,49.0,10.0
8,5000.0,0.14,644.6057692307693,0.1006020310948047,1862.95,5.0,6.0,39.0,52.0,10.0
8,5200.0,0.16,652.4,0.09731822512314273,1862.95,4.0,7.0,39.0,55.0,10.0
8,5400.0,0.16,640.5847457627119,0.09358847019236616,1862.95,4.0,7.0,39.0,59.0,10.0
8,5600.0,0.16,632.8196721311475,0.09141953661849067,1862.95,4.0,7.0,39.0,61.0,10.0
8,5800.0,0.16,632.78125,0.09304116919708917,1862.95,4.0,7.0,39.0,64.0,10.0
8,6000.0,0.16,631.6666666666666,0.09608173028196136,1862.95,4.0,7.0,39.0,66.0,10.0
8,6200.0,0.16,624.8913043478261,0.09569659254454423,2247.8636363636365,5.0,6.0,39.0,69.0,11.0
8,6400.0,0.16,624.8,0.09898039851620619,2247.8636363636365,7.0,4.0,39.0,70.0,11.0
8,6600.0,0.14,632.3541666666666,0.09912229136683356,2247.8636363636365,6.0,4.0,40.0,72.0,11.0
8,6800.0,0.16,627.5197368421053,0.09758174041716498,2247.8636363636365,6.0,4.0,40.0,76.0,11.0
8,7000.0,0.14,628.9113924050633,0.09818985263413942,2247.8636363636365,7.0,3.0,40.0,79.0,11.0
8,7200.0,0.16,616.9074074074074,0.09839255670646423,2247.8636363636365,6.0,4.0,40.0,81.0,11.0
8,7400.0,0.14,623.6964285714286,0.09881823525834633,2247.8636363636365,5.0,5.0,40.0,84.0,11.0
8,7600.0,0.16,624.5117647058823,0.10210204123000831,2247.8636363636365,6.0,4.0,40.0,85.0,11.0
8,7800.0,0.16,626.2159090909091,0.10248717896742546,2247.8636363636365,6.0,4.0,40.0,88.0,11.0
8,8000.0,0.16,621.443820224719,0.10185879634321854,2247.8636363636365,4.0,7.0,39.0,89.0,11.0
8,8200.0,0.14,631.8967391304348,0.09889931688727627,2247.8636363636365,5.0,6.0,39.0,92.0,11.0
8,8400.0,0.16,630.1276595744681,0.10108852086838424,2247.8636363636365,5.0,6.0,39.0,94.0,11.0
8,8600.0,0.16,630.1276595744681,0.10147365860580139,2764.0416666666665,6.0,5.0,39.0,94.0,12.0
8,8800.0,0.16,637.3041237113403,0.10080473516712951,2764.0416666666665,6.0,5.0,39.0,97.0,12.0
8,9000.0,0.16,631.969387755102,0.1024466381529605,2764.0416666666665,7.0,4.0,39.0,98.0,12.0
8,9200.0,0.14,642.9257425742575,0.10360205136521193,2764.0416666666665,7.0,4.0,39.0,101.0,12.0
8,9400.0,0.16,642.004854368932,0.10307502077716742,2764.0416666666665,5.0,7.0,38.0,103.0,12.0
8,9600.0,0.16,651.2405660377359,0.10076419435266455,2764.0416666666665,5.0,8.0,37.0,106.0,12.0
8,9800.0,0.16,653.5416666666666,0.1017777147142886,2764.0416666666665,4.0,9.0,37.0,108.0,12.0
8,10000.0,0.14,642.78125,0.1063385563415969,3782.5,6.0,9.0,35.0,112.0,14.0
8,10200.0,0.16,639.1869565217391,0.10694666855857134,3782.5,5.0,9.0,36.0,115.0,14.0
8,10400.0,0.16,639.1869565217391,0.10761559199724323,3782.5,5.0,9.0,36.0,115.0,14.0
8,10600.0,0.14,642.3931623931624,0.10828451543591511,4223.7,4.0,9.0,37.0,117.0,15.0
8,10800.0,0.14,640.9795081967213,0.1079601889201954,4223.7,4.0,10.0,36.0,122.0,15.0
8,11000.0,0.16,630.324,0.10700747978026878,4223.7,3.0,11.0,36.0,125.0,15.0
8,11200.0,0.16,635.875,0.10627774511989946,4223.7,3.0,12.0,35.0,128.0,15.0
8,11400.0,0.16,634.3217054263566,0.10903452050351692,4664.59375,5.0,10.0,35.0,129.0,16.0
8,11600.0,0.14,640.2,0.11215616321731904,4664.59375,5.0,10.0,35.0,130.0,16.0
8,11800.0,0.14,642.4507575757576,0.11491293860093649,5078.411764705882,5.0,10.0,35.0,132.0,17.0
8,12000.0,0.14,636.2720588235294,0.11578456611193319,5078.411764705882,4.0,11.0,35.0,136.0,17.0
8,12200.0,0.12,632.1978417266187,0.11268319380536355,5078.411764705882,5.0,10.0,35.0,139.0,17.0
8,12400.0,0.16,627.5845070422536,0.11173048466543693,5078.411764705882,5.0,10.0,35.0,142.0,17.0
8,12600.0,0.16,637.4758620689655,0.10921695416860924,5078.411764705882,6.0,9.0,35.0,145.0,17.0
8,12800.0,0.16,638.8082191780821,0.10856830113716985,5078.411764705882,6.0,9.0,35.0,146.0,17.0
8,13000.0,0.16,639.9727891156463,0.10729126548152353,5078.411764705882,5.0,9.0,36.0,147.0,17.0
8,13200.0,0.16,638.6040268456376,0.10410881154602396,5078.411764705882,4.0,10.0,36.0,149.0,17.0
8,13400.0,0.16,638.343137254902,0.09977094439827296,5078.411764705882,4.0,10.0,36.0,153.0,17.0
8,13600.0,0.14,637.1337579617834,0.09598037824579896,5078.411764705882,4.0,7.0,39.0,157.0,17.0
8,13800.0,0.16,642.0379746835443,0.09472361299738512,5078.411764705882,5.0,6.0,39.0,158.0,17.0
8,14000.0,0.16,635.6366459627329,0.09356819978513368,5078.411764705882,4.0,7.0,39.0,161.0,17.0
8,14200.0,0.16,628.6585365853658,0.09064926114365637,5078.411764705882,4.0,7.0,39.0,164.0,17.0
8,14400.0,0.16,629.8452380952381,0.09109521010277097,5078.411764705882,4.0,9.0,37.0,168.0,17.0
8,14600.0,0.14,628.2735294117647,0.09194656720653518,5078.411764705882,4.0,8.0,38.0,170.0,17.0
8,14800.0,0.16,631.5319767441861,0.09178440394867533,5078.411764705882,4.0,8.0,38.0,172.0,17.0
8,15000.0,0.16,631.1896551724138,0.0944195568888979,4871.527777777777,5.0,7.0,38.0,174.0,18.0
8,15200.0,0.14,634.8022598870057,0.09448036811059535,4871.527777777777,5.0,7.0,38.0,177.0,18.0
8,15400.0,0.14,629.8944444444444,0.09707498023635294,4871.527777777777,5.0,8.0,37.0,180.0,18.0
8,15600.0,0.14,627.2021857923497,0.09583848539517159,4871.527777777777,5.0,8.0,37.0,183.0,18.0
8,15800.0,0.16,616.4228723404256,0.0939736079297833,4871.527777777777,5.0,8.0,37.0,188.0,18.0
8,16000.0,0.14,611.5103092783505,0.09725741390144528,4871.527777777777,6.0,6.0,38.0,194.0,18.0
9,0.0,0.0,nan,0.015202805424360975,nan,0.0,0.0,50.0,0.0,0.0
9,200.0,0.08,nan,0.02199339184724221,nan,0.0,4.0,46.0,0.0,0.0
9,400.0,0.14,nan,0.036770518719721076,nan,0.0,6.0,44.0,0.0,0.0
9,600.0,0.18,205.83333333333334,0.052926033284008675,nan,0.0,9.0,41.0,3.0,0.0
9,800.0,0.18,205.83333333333334,0.06810856830113717,692.25,2.0,7.0,41.0,3.0,2.0
9,1000.0,0.18,205.83333333333334,0.08254109825066386,826.75,6.0,3.0,41.0,3.0,6.0
9,1200.0,0.18,500.6,0.0917033223197454,826.75,6.0,3.0,41.0,5.0,6.0
9,1400.0,0.18,540.8333333333334,0.09930472503192589,894.0,7.0,3.0,40.0,6.0,7.0
9,1600.0,0.18,655.625,0.10597368901141224,894.0,6.0,4.0,40.0,8.0,7.0
9,1800.0,0.18,782.7916666666666,0.10743315833215089,894.0,6.0,4.0,40.0,12.0,7.0
9,2000.0,0.16,841.2333333333333,0.10840613787931,1017.6875,7.0,4.0,39.0,15.0,8.0
9,2200.0,0.18,824.34375,0.10866965317333226,1017.6875,7.0,4.0,39.0,16.0,8.0
9,2400.0,0.18,836.7058823529412,0.11053453063872053,1017.6875,6.0,5.0,39.0,17.0,8.0
9,2600.0,0.18,812.7857142857143,0.1117507550726694,1183.9444444444443,7.0,5.0,38.0,21.0,9.0
9,2800.0,0.18,812.7857142857143,0.11288589787768837,1183.9444444444443,7.0,5.0,38.0,21.0,9.0
9,3000.0,0.18,809.625,0.11424401516226461,1183.9444444444443,7.0,5.0,38.0,24.0,9.0
9,3200.0,0.18,824.44,0.11513591308049378,1183.9444444444443,6.0,6.0,38.0,25.0,9.0
9,3400.0,0.18,826.1428571428571,0.11120345407739242,1385.7,6.0,6.0,38.0,28.0,10.0
9,3600.0,0.18,845.6290322580645,0.1064601787849918,1385.7,6.0,6.0,38.0,31.0,10.0
9,3800.0,0.14,819.9027777777778,0.10331826566395719,1385.7,6.0,6.0,38.0,36.0,10.0
9,4000.0,0.18,819.9027777777778,0.10496016864978817,1385.7,5.0,7.0,38.0,36.0,10.0
9,4200.0,0.16,790.0487804878048,0.10840613787931,1385.7,8.0,3.0,39.0,41.0,10.0
9,4400.0,0.18,766.5795454545455,0.10935884701923662,1385.7,7.0,4.0,39.0,44.0,10.0
9,4600.0,0.18,751.554347826087,0.10877100520949466,1385.7,7.0,4.0,39.0,46.0,10.0
9,4800.0,0.18,742.2659574468086,0.10960209190602639,1385.7,6.0,5.0,39.0,47.0,10.0
9,5000.0,0.18,722.33,0.11018993371576835,1385.7,7.0,4.0,39.0,50.0,10.0
9,5200.0,0.18,727.4196428571429,0.11106156122676504,1385.7,7.0,4.0,39.0,56.0,10.0
9,5400.0,0.16,717.2666666666667,0.11231832647517889,1385.7,7.0,5.0,38.0,60.0,10.0
9,5600.0,0.18,694.8888888888889,0.11162913262927453,1385.7,5.0,7.0,38.0,63.0,10.0
9,5800.0,0.18,682.3257575757576,0.10990614801451361,1385.7,5.0,8.0,37.0,66.0,10.0
9,6000.0,0.16,672.6527777777778,0.10854803072993736,1385.7,4.0,9.0,37.0,72.0,10.0
9,6200.0,0.18,666.8918918918919,0.10826424502868262,1808.090909090909,5.0,8.0,37.0,74.0,11.0
9,6400.0,0.16,660.0844155844156,0.10921695416860924,1808.090909090909,5.0,9.0,36.0,77.0,11.0
9,6600.0,0.16,637.2916666666666,0.10893316846735451,1808.090909090909,5.0,11.0,34.0,84.0,11.0
9,6800.0,0.16,632.7647058823529,0.11016966330853586,2218.2916666666665,5.0,11.0,34.0,85.0,12.0
9,7000.0,0.18,634.9034090909091,0.11027101534469827,2579.153846153846,6.0,10.0,34.0,88.0,13.0
9,7200.0,0.18,621.9095744680851,0.11325076520787303,2579.153846153846,5.0,11.0,34.0,94.0,13.0
9,7400.0,0.18,614.2886597938144,0.11846025986662072,2909.285714285714,7.0,9.0,34.0,97.0,14.0
9,7600.0,0.18,614.6818181818181,0.11996027000182434,2909.285714285714,5.0,11.0,34.0,99.0,14.0
9,7800.0,0.18,612.1952380952381,0.11971702511503456,2909.285714285714,5.0,11.0,34.0,105.0,14.0
9,8000.0,0.18,606.2429906542056,0.12306164230839398,2909.285714285714,7.0,9.0,34.0,107.0,14.0
9,8200.0,0.18,592.2522123893805,0.12735896864168,2909.285714285714,8.0,9.0,33.0,113.0,14.0
9,8400.0,0.18,582.5695652173913,0.12944682058662557,3270.8333333333335,9.0,8.0,33.0,115.0,15.0
9,8600.0,0.18,584.3135593220339,0.13070358583503944,3270.8333333333335,6.0,11.0,33.0,118.0,15.0
9,8800.0,0.18,583.825,0.13329819796079703,3270.8333333333335,6.0,10.0,34.0,120.0,15.0
9,9000.0,0.18,588.603305785124,0.1345144223947459,3270.8333333333335,6.0,11.0,33.0,121.0,15.0
9,9200.0,0.18,591.9959677419355,0.13423063669349117,3270.8333333333335,7.0,10.0,33.0,124.0,15.0
9,9400.0,0.16,589.11328125,0.13382522854884155,3270.8333333333335,7.0,10.0,33.0,128.0,15.0
9,9600.0,0.18,585.4346153846154,0.13187926945452333,3270.8333333333335,6.0,11.0,33.0,130.0,15.0
9,9800.0,0.18,583.7293233082706,0.13185899904729087,3667.78125,7.0,10.0,33.0,133.0,16.0
9,10000.0,0.18,576.6286764705883,0.13220359597024303,3667.78125,7.0,10.0,33.0,136.0,16.0
9,10200.0,0.18,590.9136690647482,0.1317171061966635,3667.78125,7.0,10.0,33.0,139.0,16.0
9,10400.0,0.16,597.9409722222222,0.13135223886647882,3667.78125,6.0,11.0,33.0,144.0,16.0
9,10600.0,0.18,597.3253424657535,0.12598058094987127,3667.78125,7.0,10.0,33.0,146.0,16.0
9,10800.0,0.16,581.3104575163399,0.12225082601909472,3667.78125,6.0,12.0,32.0,153.0,16.0
9,11000.0,0.18,575.9038461538462,0.11981837715119696,3667.78125,4.0,14.0,32.0,156.0,16.0
9,11200.0,0.14,564.4329268292682,0.11775079561348388,3667.78125,4.0,14.0,32.0,164.0,16.0
9,11400.0,0.18,569.0120481927711,0.11858188231001561,4110.970588235294,6.0,12.0,32.0,166.0,17.0
9,11600.0,0.18,561.9823529411765,0.11864269353171306,4110.970588235294,4.0,12.0,34.0,170.0,17.0
9,11800.0,0.18,560.6228070175439,0.11677781606632477,4110.970588235294,5.0,11.0,34.0,171.0,17.0
9,12000.0,0.14,559.3448275862069,0.11383860701761499,4110.970588235294,6.0,9.0,35.0,174.0,17.0
9,12200.0,0.18,566.8033707865169,0.11181156629436685,4110.970588235294,5.0,9.0,36.0,178.0,17.0
9,12400.0,0.18,574.7916666666666,0.11258184176920115,4110.970588235294,4.0,10.0,36.0,180.0,17.0
9,12600.0,0.16,570.3369565217391,0.11509537226602883,4110.970588235294,4.0,10.0,36.0,184.0,17.0
9,12800.0,0.18,567.0588235294117,0.11290616828492084,4110.970588235294,5.0,9.0,36.0,187.0,17.0
9,13000.0,0.18,568.561170212766,0.11248048973303873,4110.970588235294,5.0,9.0,36.0,188.0,17.0
9,13200.0,0.18,569.4184210526316,0.11114264285569497,4110.970588235294,5.0,9.0,36.0,190.0,17.0
9,13400.0,0.18,566.7696335078534,0.10954128068432895,4110.970588235294,6.0,8.0,36.0,191.0,17.0
9,13600.0,0.18,569.4538461538461,0.11069669389658038,4110.970588235294,6.0,8.0,36.0,195.0,17.0
9,13800.0,0.18,568.5870646766169,0.10802100014189285,4110.970588235294,3.0,11.0,36.0,201.0,17.0
9,14000.0,0.16,574.6243902439024,0.10864938276609977,4110.970588235294,4.0,11.0,35.0,205.0,17.0
9,14200.0,0.18,567.0947867298578,0.1106764234893479,4110.970588235294,5.0,11.0,34.0,211.0,17.0
9,14400.0,0.18,565.0516431924883,0.11292643869215332,4110.970588235294,4.0,12.0,34.0,213.0,17.0
9,14600.0,0.18,565.4415887850467,0.11276427543429347,4687.75,5.0,11.0,34.0,214.0,18.0
9,14800.0,0.16,566.5277777777778,0.11085885715444023,4687.75,3.0,13.0,34.0,216.0,18.0
9,15000.0,0.18,569.5456621004566,0.11140615814971723,5221.263157894737,5.0,11.0,34.0,219.0,19.0
9,15200.0,0.18,565.8555555555556,0.1105750714531855,5221.263157894737,6.0,9.0,35.0,225.0,19.0
9,15400.0,0.18,565.0240174672489,0.11152778059311212,5221.263157894737,5.0,10.0,35.0,229.0,19.0
9,15600.0,0.18,563.2090517241379,0.10950073986986399,5221.263157894737,6.0,8.0,36.0,232.0,19.0
9,15800.0,0.18,555.4159663865546,0.10810208177082277,5221.263157894737,6.0,8.0,36.0,238.0,19.0
9,16000.0,0.18,555.776150627615,0.10787910729126549,5221.263157894737,5.0,9.0,36.0,239.0,19.0
10,0.0,0.0,nan,0.015202805424360975,nan,0.0,0.0,50.0,0.0,0.0
10,200.0,0.12,29.5,0.023290697910121016,nan,0.0,4.0,46.0,1.0,0.0
10,400.0,0.18,29.5,0.040601625686660044,nan,0.0,7.0,43.0,1.0,0.0
10,600.0,0.2,29.5,0.05661524740032027,500.5,1.0,6.0,43.0,1.0,1.0
10,800.0,0.2,29.5,0.07114912938600937,563.25,2.0,5.0,43.0,1.0,2.0
10,1000.0,0.2,452.5,0.08327083291103318,757.2,5.0,2.0,43.0,2.0,5.0
10,1200.0,0.2,588.3333333333334,0.09346684774897128,846.9285714285714,7.0,1.0,42.0,3.0,7.0
10,1400.0,0.2,908.3333333333334,0.09926418421746093,846.9285714285714,7.0,1.0,42.0,6.0,7.0
10,1600.0,0.2,775.3333333333334,0.10023716376462004,939.0625,8.0,0.0,42.0,9.0,8.0
10,1800.0,0.2,873.9166666666666,0.10289258711207508,939.0625,7.0,1.0,42.0,12.0,8.0
10,2000.0,0.2,914.2666666666667,0.10368313299414185,939.0625,6.0,3.0,41.0,15.0,8.0
10,2200.0,0.2,887.7647058823529,0.10350069932904953,939.0625,6.0,3.0,41.0,17.0,8.0
10,2400.0,0.18,829.0227272727273,0.10540611760890277,1101.1666666666667,7.0,2.0,41.0,22.0,9.0
10,2600.0,0.18,788.4,0.10635882674882939,1101.1666666666667,8.0,1.0,41.0,25.0,9.0
10,2800.0,0.2,770.7407407407408,0.10500070946425313,1101.1666666666667,8.0,1.0,41.0,27.0,9.0
10,3000.0,0.2,734.8275862068965,0.10496016864978817,1101.1666666666667,6.0,3.0,41.0,29.0,9.0
10,3200.0,0.18,768.96875,0.10425070439665132,1101.1666666666667,5.0,5.0,40.0,32.0,9.0
10,3400.0,0.16,746.9594594594595,0.10639936756329435,1101.1666666666667,7.0,3.0,40.0,37.0,9.0
10,3600.0,0.2,749.6184210526316,0.1105750714531855,1344.3,8.0,3.0,39.0,38.0,10.0
10,3800.0,0.2,739.170731707317,0.11308860195001318,1344.3,6.0,7.0,37.0,41.0,10.0
10,4000.0,0.18,739.3023255813954,0.1179332292785762,1344.3,6.0,7.0,37.0,43.0,10.0
10,4200.0,0.2,744.0909090909091,0.12377110656153083,1598.409090909091,7.0,6.0,37.0,44.0,11.0
10,4400.0,0.2,761.3777777777777,0.12662923398131068,1826.5416666666667,8.0,5.0,37.0,45.0,12.0
10,4600.0,0.2,774.9583333333334,0.1268319380536355,2024.923076923077,9.0,4.0,37.0,48.0,13.0
10,4800.0,0.2,770.0943396226415,0.12585895850647638,2024.923076923077,7.0,6.0,37.0,53.0,13.0
10,5000.0,0.2,730.4827586206897,0.12484543814485233,2024.923076923077,7.0,6.0,37.0,58.0,13.0
10,5200.0,0.18,727.0714285714286,0.12437921877850526,2024.923076923077,6.0,7.0,37.0,63.0,13.0
10,5400.0,0.2,699.2898550724638,0.12342650963857864,2024.923076923077,7.0,6.0,37.0,69.0,13.0
10,5600.0,0.18,674.1736111111111,0.1204467597754039,2024.923076923077,6.0,8.0,36.0,72.0,13.0
10,5800.0,0.2,669.1621621621622,0.1202237852958466,2024.923076923077,6.0,8.0,36.0,74.0,13.0
10,6000.0,0.18,681.2435897435897,0.1194535098210123,2024.923076923077,5.0,9.0,36.0,78.0,13.0
10,6200.0,0.2,675.61875,0.12048730058986885,2024.923076923077,6.0,8.0,36.0,80.0,13.0
10,6400.0,0.2,659.419540229885,0.12004135163075426,2328.4285714285716,7.0,7.0,36.0,87.0,14.0
10,6600.0,0.2,641.6847826086956,0.11884539760403787,2328.4285714285716,6.0,8.0,36.0,92.0,14.0
10,6800.0,0.2,639.9731182795699,0.12016297407414915,2328.4285714285716,6.0,8.0,36.0,93.0,14.0
10,7000.0,0.2,638.9947916666666,0.11902783126913019,2328.4285714285716,7.0,7.0,36.0,96.0,14.0
10,7200.0,0.2,643.6288659793814,0.11912918330529261,2328.4285714285716,8.0,6.0,36.0,97.0,14.0
10,7400.0,0.2,646.475,0.12350759126750857,2328.4285714285716,9.0,6.0,35.0,100.0,14.0
10,7600.0,0.2,637.2647058823529,0.1285549226683964,2328.4285714285716,7.0,8.0,35.0,102.0,14.0
10,7800.0,0.2,649.0327102803739,0.12916303488537084,2328.4285714285716,6.0,10.0,34.0,107.0,14.0
10,8000.0,0.2,660.8990825688073,0.12735896864168,2328.4285714285716,5.0,11.0,34.0,109.0,14.0
10,8200.0,0.2,657.9954545454545,0.12504814221717714,2717.3,6.0,9.0,35.0,110.0,15.0
10,8400.0,0.2,664.3938053097345,0.12287920864330164,2717.3,6.0,9.0,35.0,113.0,15.0
10,8600.0,0.2,657.3162393162393,0.12156163217319035,2717.3,6.0,9.0,35.0,117.0,15.0
10,8800.0,0.2,656.2231404958678,0.11923053534145502,2717.3,7.0,8.0,35.0,121.0,15.0
10,9000.0,0.18,665.3064516129032,0.11779133642794884,2717.3,7.0,8.0,35.0,124.0,15.0
10,9200.0,0.2,662.281746031746,0.12036567814647396,2717.3,6.0,9.0,35.0,126.0,15.0
10,9400.0,0.2,651.9280303030303,0.12050757099710133,2717.3,6.0,9.0,35.0,132.0,15.0
10,9600.0,0.2,649.8134328358209,0.11943323941377983,2717.3,6.0,9.0,35.0,134.0,15.0
10,9800.0,0.2,648.7335766423357,0.12073054547665862,2717.3,7.0,9.0,34.0,137.0,15.0
10,10000.0,0.2,640.5316901408451,0.12079135669835607,3171.59375,6.0,10.0,34.0,142.0,16.0
10,10200.0,0.18,646.2275862068966,0.120325137332009,3171.59375,6.0,10.0,34.0,145.0,16.0
10,10400.0,0.2,642.7027027027027,0.12200758113230495,3171.59375,7.0,9.0,34.0,148.0,16.0
10,10600.0,0.18,639.8256578947369,0.12170352502381773,3171.59375,7.0,9.0,34.0,152.0,16.0
10,10800.0,0.18,633.5095541401274,0.12133865769363307,3611.264705882353,6.0,10.0,34.0,157.0,17.0
10,11000.0,0.18,630.27950310559,0.12141973932256299,3611.264705882353,5.0,11.0,34.0,161.0,17.0
10,11200.0,0.16,622.389880952381,0.11983864755842945,3611.264705882353,6.0,10.0,34.0,168.0,17.0
10,11400.0,0.2,617.3205882352942,0.11841971905215576,3611.264705882353,6.0,10.0,34.0,170.0,17.0
10,11600.0,0.18,616.9137931034483,0.11710214258204447,3611.264705882353,7.0,8.0,35.0,174.0,17.0
10,11800.0,0.18,608.4226519337017,0.11635213751444266,3611.264705882353,5.0,10.0,35.0,181.0,17.0
10,12000.0,0.2,604.6820652173913,0.11473050493584416,3611.264705882353,4.0,11.0,35.0,184.0,17.0
10,12200.0,0.2,600.3978494623656,0.1146899641213792,3611.264705882353,5.0,10.0,35.0,186.0,17.0
10,12400.0,0.2,598.468253968254,0.11432509679119454,3611.264705882353,7.0,8.0,35.0,189.0,17.0
10,12600.0,0.18,598.740932642487,0.11367644375975514,3611.264705882353,6.0,9.0,35.0,193.0,17.0
10,12800.0,0.2,604.6616161616162,0.11110210204123001,3611.264705882353,4.0,11.0,35.0,198.0,17.0
10,13000.0,0.18,594.1699507389162,0.11205481118115664,3611.264705882353,5.0,10.0,35.0,203.0,17.0
10,13200.0,0.18,593.6372549019608,0.11383860701761499,3611.264705882353,6.0,9.0,35.0,204.0,17.0
10,13400.0,0.18,593.6913875598086,0.11673727525185981,3611.264705882353,5.0,11.0,34.0,209.0,17.0
10,13600.0,0.2,588.6713615023474,0.12077108629112358,3611.264705882353,5.0,11.0,34.0,213.0,17.0
10,13800.0,0.2,585.552995391705,0.12156163217319035,3611.264705882353,5.0,10.0,35.0,217.0,17.0
10,14000.0,0.14,586.5113636363636,0.12219001479739727,3611.264705882353,6.0,10.0,34.0,220.0,17.0
10,14200.0,0.2,587.1306306306307,0.12476435651592241,4188.916666666667,6.0,10.0,34.0,222.0,18.0
10,14400.0,0.18,586.4174107142857,0.1269332900897979,4188.916666666667,6.0,11.0,33.0,224.0,18.0
10,14600.0,0.2,584.9342105263158,0.12958871343725295,4727.894736842105,6.0,12.0,32.0,228.0,19.0
10,14800.0,0.2,590.4568965517242,0.1315752133460361,4727.894736842105,4.0,13.0,33.0,232.0,19.0
10,15000.0,0.2,588.753164556962,0.13358198366205176,5046.4047619047615,7.0,10.0,33.0,237.0,21.0
10,15200.0,0.2,582.1975308641976,0.1324873816714978,5046.4047619047615,6.0,11.0,33.0,243.0,21.0
10,15400.0,0.2,578.7056451612904,0.13054142257717957,5046.4047619047615,5.0,14.0,31.0,248.0,21.0
10,15600.0,0.16,579.7757936507936,0.12831167778160663,5046.4047619047615,5.0,14.0,31.0,252.0,21.0
10,15800.0,0.18,573.2383720930233,0.12843330022500152,5528.068181818182,5.0,14.0,31.0,258.0,22.0
10,16000.0,0.18,569.4809160305343,0.12675085642470557,5528.068181818182,6.0,13.0,31.0,262.0,22.0
11,0.0,0.0,nan,0.015202805424360975,nan,0.0,0.0,50.0,0.0,0.0
11,200.0,0.1,22.0,0.02199339184724221,nan,0.0,4.0,46.0,2.0,0.0
11,400.0,0.18,36.2,0.03764214623071777,nan,0.0,7.0,43.0,5.0,0.0
11,600.0,0.2,36.2,0.055520645409766284,569.0,1.0,7.0,42.0,5.0,1.0
11,800.0,0.22,36.2,0.07228427219102831,653.8333333333334,3.0,5.0,42.0,5.0,3.0
11,1000.0,0.22,115.5,0.08600733788741816,730.6,5.0,3.0,42.0,6.0,5.0
11,1200.0,0.22,246.57142857142858,0.09587902620963655,845.5,7.0,1.0,42.0,7.0,7.0
11,1400.0,0.22,478.0416666666667,0.09958851073318063,845.5,7.0,2.0,41.0,12.0,7.0
11,1600.0,0.22,609.78125,0.10262907181805282,845.5,6.0,6.0,38.0,16.0,7.0
11,1800.0,0.22,593.4411764705883,0.10982506638558369,845.5,6.0,5.0,39.0,17.0,7.0
11,2000.0,0.2,633.5833333333334,0.11223724484624896,980.4375,7.0,5.0,38.0,24.0,8.0
11,2200.0,0.22,608.4629629629629,0.11586564774086311,1115.2777777777778,8.0,4.0,38.0,27.0,9.0
11,2400.0,0.22,615.8392857142857,0.11825755579429591,1115.2777777777778,8.0,4.0,38.0,28.0,9.0
11,2600.0,0.2,585.4428571428572,0.11908864249082764,1362.3181818181818,9.0,3.0,38.0,35.0,11.0
11,2800.0,0.22,573.0405405405405,0.12490624936654977,1362.3181818181818,9.0,3.0,38.0,37.0,11.0
11,3000.0,0.22,584.3875,0.1282508665599092,1362.3181818181818,9.0,3.0,38.0,40.0,11.0
11,3200.0,0.2,618.4318181818181,0.1312711572375489,1362.3181818181818,9.0,4.0,37.0,44.0,11.0
11,3400.0,0.2,625.4583333333334,0.13001439198913506,1362.3181818181818,9.0,4.0,37.0,48.0,11.0
11,3600.0,0.2,614.2156862745098,0.12405489226278556,1362.3181818181818,8.0,5.0,37.0,51.0,11.0
11,3800.0,0.2,630.2641509433962,0.12200758113230495,1557.3333333333333,8.0,5.0,37.0,53.0,12.0
11,4000.0,0.2,625.9406779661017,0.11912918330529261,1557.3333333333333,8.0,5.0,37.0,59.0,12.0
11,4200.0,0.22,604.1451612903226,0.11710214258204447,1557.3333333333333,8.0,5.0,37.0,62.0,12.0
11,4400.0,0.22,611.3153846153846,0.11410212231163724,1557.3333333333333,7.0,6.0,37.0,65.0,12.0
11,4600.0,0.2,599.6597222222222,0.1120953519956216,1557.3333333333333,7.0,8.0,35.0,72.0,12.0
11,4800.0,0.22,587.8831168831168,0.11345346928019784,1557.3333333333333,8.0,7.0,35.0,77.0,12.0
11,5000.0,0.22,588.75,0.12028459651754404,1557.3333333333333,8.0,7.0,35.0,78.0,12.0
11,5200.0,0.22,587.8875,0.12717653497658768,2065.3571428571427,9.0,7.0,34.0,80.0,14.0
11,5400.0,0.2,577.1927710843373,0.13123061642308395,2065.3571428571427,8.0,8.0,34.0,83.0,14.0
11,5600.0,0.2,575.7696629213483,0.13230494800640544,2065.3571428571427,9.0,6.0,35.0,89.0,14.0
11,5800.0,0.2,580.4835164835165,0.13068331542780695,2065.3571428571427,9.0,5.0,36.0,91.0,14.0
11,6000.0,0.2,595.8489583333334,0.13222386637747552,2065.3571428571427,9.0,7.0,34.0,96.0,14.0
11,6200.0,0.2,596.3415841584158,0.1351630754261853,2065.3571428571427,9.0,7.0,34.0,101.0,14.0
11,6400.0,0.22,590.5625,0.13252792248596273,2065.3571428571427,7.0,9.0,34.0,104.0,14.0
11,6600.0,0.2,591.5280373831775,0.13106845316522409,2359.5,9.0,7.0,34.0,107.0,15.0
11,6800.0,0.2,587.6486486486486,0.12816978493097927,2359.5,9.0,7.0,34.0,111.0,15.0
11,7000.0,0.22,581.0921052631579,0.12589949932094135,2359.5,8.0,7.0,35.0,114.0,15.0
11,7200.0,0.22,582.9117647058823,0.12498733099547969,2359.5,8.0,7.0,35.0,119.0,15.0
11,7400.0,0.2,585.459349593496,0.12415624429894796,2359.5,8.0,8.0,34.0,123.0,15.0
11,7600.0,0.22,586.6023622047244,0.12219001479739727,2359.5,6.0,10.0,34.0,127.0,15.0
11,7800.0,0.22,581.8282442748092,0.12079135669835607,2359.5,6.0,10.0,34.0,131.0,15.0
11,8000.0,0.22,581.6203007518797,0.12387245859769323,2705.28125,7.0,9.0,34.0,133.0,16.0
11,8200.0,0.22,584.2592592592592,0.12492651977378226,3019.4117647058824,7.0,8.0,35.0,135.0,17.0
11,8400.0,0.22,568.3028169014085,0.12583868809924392,3019.4117647058824,7.0,8.0,35.0,142.0,17.0
11,8600.0,0.22,562.6438356164383,0.12658869316684573,3019.4117647058824,6.0,9.0,35.0,146.0,17.0
11,8800.0,0.2,557.2662337662338,0.1263859890945209,3019.4117647058824,6.0,9.0,35.0,154.0,17.0
11,9000.0,0.22,560.09375,0.12644680031621836,3019.4117647058824,7.0,7.0,36.0,160.0,17.0
11,9200.0,0.22,566.3291925465838,0.1291022236636734,3019.4117647058824,8.0,6.0,36.0,161.0,17.0
11,9400.0,0.22,563.5674846625767,0.13050088176271463,3019.4117647058824,8.0,6.0,36.0,163.0,17.0
11,9600.0,0.22,563.1927710843373,0.131696835789431,3019.4117647058824,8.0,7.0,35.0,166.0,17.0
11,9800.0,0.22,564.8047337278107,0.131696835789431,3019.4117647058824,8.0,7.0,35.0,169.0,17.0
11,10000.0,0.22,565.0497076023391,0.13133196845924636,3405.6666666666665,8.0,7.0,35.0,171.0,18.0
11,10200.0,0.2,569.3371428571429,0.12981168791681025,3405.6666666666665,7.0,8.0,35.0,175.0,18.0
11,10400.0,0.22,575.8763736263736,0.1271359941621227,3405.6666666666665,8.0,8.0,34.0,182.0,18.0
11,10600.0,0.22,570.5621621621622,0.12622382583666106,3405.6666666666665,7.0,9.0,34.0,185.0,18.0
11,10800.0,0.2,574.0347593582887,0.12413597389171549,3405.6666666666665,8.0,8.0,34.0,187.0,18.0
11,11000.0,0.22,570.2860824742268,0.12476435651592241,3798.4736842105262,9.0,8.0,33.0,194.0,19.0
11,11200.0,0.22,569.0,0.12750086149230738,3798.4736842105262,8.0,9.0,33.0,195.0,19.0
11,11400.0,0.22,566.1825,0.129548172622788,3798.4736842105262,7.0,10.0,33.0,200.0,19.0
11,11600.0,0.2,569.6299019607843,0.13185899904729087,4185.725,8.0,9.0,33.0,204.0,20.0
11,11800.0,0.22,570.8341463414635,0.13003466239636755,4185.725,8.0,8.0,34.0,205.0,20.0
11,12000.0,0.22,574.1298076923077,0.12859546348286138,4185.725,7.0,8.0,35.0,208.0,20.0
11,12200.0,0.22,574.8403755868544,0.12557517280522165,4185.725,7.0,9.0,34.0,213.0,20.0
11,12400.0,0.22,574.8403755868544,0.12498733099547969,4185.725,7.0,8.0,35.0,213.0,20.0
11,12600.0,0.2,578.6788990825688,0.12223055561186225,4185.725,7.0,9.0,34.0,218.0,20.0
11,12800.0,0.2,580.4844444444444,0.12596031054263881,4185.725,5.0,12.0,33.0,225.0,20.0
11,13000.0,0.22,576.0440528634361,0.13031844809762227,4185.725,7.0,10.0,33.0,227.0,20.0
11,13200.0,0.22,574.4025974025974,0.1320211623051507,4185.725,7.0,10.0,33.0,231.0,20.0
11,13400.0,0.18,575.7182203389831,0.13382522854884155,4185.725,8.0,9.0,33.0,236.0,20.0
11,13600.0,0.22,573.1410788381743,0.13520361624065028,4185.725,8.0,9.0,33.0,241.0,20.0
11,13800.0,0.2,569.3643724696357,0.13358198366205176,4185.725,8.0,9.0,33.0,247.0,20.0
11,14000.0,0.22,570.122,0.12762248393570227,4185.725,4.0,13.0,33.0,250.0,20.0
11,14200.0,0.2,566.234375,0.12549409117629173,4185.725,6.0,11.0,33.0,256.0,20.0
11,14400.0,0.22,564.9494163424124,0.12277785660713923,4185.725,6.0,11.0,33.0,257.0,20.0
11,14600.0,0.2,566.6673003802281,0.11939269859931487,4185.725,6.0,12.0,32.0,263.0,20.0
11,14800.0,0.2,563.1988847583643,0.11669673443739485,4185.725,6.0,12.0,32.0,269.0,20.0
11,15000.0,0.22,561.9343065693431,0.12058865262603126,4185.725,7.0,11.0,32.0,274.0,20.0
11,15200.0,0.22,560.1485507246376,0.12095351995621592,4185.725,6.0,12.0,32.0,276.0,20.0
11,15400.0,0.22,560.8086642599278,0.12192649950337502,4714.0,8.0,9.0,33.0,277.0,21.0
11,15600.0,0.2,560.0711743772242,0.12071027506942615,4714.0,8.0,9.0,33.0,281.0,21.0
11,15800.0,0.22,561.4738675958188,0.12279812701437172,4714.0,8.0,9.0,33.0,287.0,21.0
11,16000.0,0.2,560.801724137931,0.12381164737599579,4714.0,8.0,10.0,32.0,290.0,21.0
12,0.0,0.0,nan,0.015202805424360975,nan,0.0,0.0,50.0,0.0,0.0
12,200.0,0.12,nan,0.021446090851965215,nan,0.0,3.0,47.0,0.0,0.0
12,400.0,0.2,nan,0.03454077392414814,nan,0.0,5.0,45.0,0.0,0.0
12,600.0,0.2,67.5,0.04919627835323211,555.5,1.0,5.0,44.0,2.0,1.0
12,800.0,0.24,256.1666666666667,0.06429773174143069,650.5,2.0,5.0,43.0,3.0,2.0
12,1000.0,0.24,385.625,0.07573024142055014,777.125,4.0,3.0,43.0,4.0,4.0
12,1200.0,0.24,472.7142857142857,0.08454786856667951,777.125,4.0,3.0,43.0,7.0,4.0
12,1400.0,0.22,580.4375,0.09077088358705127,943.3333333333334,6.0,1.0,43.0,8.0,6.0
12,1600.0,0.24,638.6,0.09782498530395475,943.3333333333334,6.0,1.0,43.0,10.0,6.0
12,1800.0,0.2,780.2142857142857,0.10033851580078244,943.3333333333334,6.0,1.0,43.0,14.0,6.0
12,2000.0,0.2,821.6176470588235,0.10102770964668681,943.3333333333334,6.0,1.0,43.0,17.0,6.0
12,2200.0,0.24,851.7857142857143,0.10678450530071149,943.3333333333334,6.0,3.0,41.0,21.0,6.0
12,2400.0,0.24,850.3478260869565,0.10856830113716985,1146.357142857143,7.0,2.0,41.0,23.0,7.0
12,2600.0,0.24,812.3333333333334,0.1104737194170231,1307.3125,8.0,1.0,41.0,27.0,8.0
12,2800.0,0.24,807.0178571428571,0.11055480104595301,1461.5555555555557,7.0,2.0,41.0,28.0,9.0
12,3000.0,0.22,808.7333333333333,0.11221697443901647,1461.5555555555557,7.0,2.0,41.0,30.0,9.0
12,3200.0,0.2,796.6756756756756,0.11126426529908987,1461.5555555555557,7.0,2.0,41.0,37.0,9.0
12,3400.0,0.2,779.4625,0.1138183366103825,1461.5555555555557,7.0,3.0,40.0,40.0,9.0
12,3600.0,0.22,785.6219512195122,0.11270346421259603,1461.5555555555557,6.0,4.0,40.0,41.0,9.0
12,3800.0,0.24,807.1931818181819,0.11006831127237346,1461.5555555555557,6.0,4.0,40.0,44.0,9.0
12,4000.0,0.24,774.5104166666666,0.10907506131798188,1710.5,4.0,6.0,40.0,48.0,10.0
12,4200.0,0.24,756.625,0.10913587253967932,1710.5,5.0,5.0,40.0,52.0,10.0
12,4400.0,0.24,750.925925925926,0.11006831127237346,1710.5,6.0,4.0,40.0,54.0,10.0
12,4600.0,0.22,750.5508474576271,0.11424401516226461,1710.5,6.0,5.0,39.0,59.0,10.0
12,4800.0,0.24,749.9615384615385,0.1198994587801269,1710.5,9.0,2.0,39.0,65.0,10.0
12,5000.0,0.24,736.7611940298508,0.1205481118115663,1710.5,8.0,3.0,39.0,67.0,10.0
12,5200.0,0.24,736.7611940298508,0.12046703018263637,1710.5,5.0,6.0,39.0,67.0,10.0
12,5400.0,0.22,732.9347826086956,0.11914945371252508,1710.5,5.0,6.0,39.0,69.0,10.0
12,5600.0,0.24,743.0915492957746,0.11856161190278312,1710.5,5.0,6.0,39.0,71.0,10.0
12,5800.0,0.24,767.5405405405405,0.11947378022824479,1710.5,6.0,5.0,39.0,74.0,10.0
12,6000.0,0.24,767.828947368421,0.11943323941377983,1710.5,7.0,4.0,39.0,76.0,10.0
12,6200.0,0.22,786.7658227848101,0.1196764843005696,1710.5,7.0,4.0,39.0,79.0,10.0
12,6400.0,0.24,782.2650602409639,0.11604808140595545,1710.5,7.0,4.0,39.0,83.0,10.0
12,6600.0,0.22,776.7674418604652,0.11462915289968176,1710.5,6.0,6.0,38.0,86.0,10.0
12,6800.0,0.24,779.5434782608696,0.11304806113554822,1710.5,6.0,6.0,38.0,92.0,10.0
12,7000.0,0.22,765.9739583333334,0.11580483651916566,1710.5,7.0,6.0,37.0,96.0,10.0
12,7200.0,0.24,748.4705882352941,0.11912918330529261,2206.3636363636365,7.0,6.0,37.0,102.0,11.0
12,7400.0,0.24,732.6320754716982,0.12334542800964872,2206.3636363636365,7.0,6.0,37.0,106.0,11.0
12,7600.0,0.24,726.2009345794393,0.12960898384448544,2206.3636363636365,7.0,5.0,38.0,107.0,11.0
12,7800.0,0.22,728.7681818181818,0.13293333063061236,2660.0,8.0,4.0,38.0,110.0,12.0
12,8000.0,0.22,737.5575221238938,0.13546713153467252,2660.0,8.0,4.0,38.0,113.0,12.0
12,8200.0,0.24,716.844537815126,0.13449415198751344,2660.0,8.0,4.0,38.0,119.0,12.0
12,8400.0,0.2,725.9349593495934,0.13230494800640544,2660.0,7.0,5.0,38.0,123.0,12.0
12,8600.0,0.24,722.468253968254,0.12928465732876573,2660.0,9.0,2.0,39.0,126.0,12.0
12,8800.0,0.24,727.53125,0.1283522185960716,2660.0,8.0,3.0,39.0,128.0,12.0
12,9000.0,0.22,727.8068181818181,0.12644680031621836,2660.0,8.0,3.0,39.0,132.0,12.0
12,9200.0,0.24,728.5698529411765,0.12772383597186468,2660.0,8.0,4.0,38.0,136.0,12.0
12,9400.0,0.24,724.5144927536232,0.13252792248596273,2660.0,8.0,5.0,37.0,138.0,12.0
12,9600.0,0.24,719.7836879432624,0.13412928465732876,2660.0,7.0,6.0,37.0,141.0,12.0
12,9800.0,0.24,720.1597222222222,0.1328927898161474,3199.653846153846,8.0,5.0,37.0,144.0,13.0
12,10000.0,0.24,710.2467105263158,0.13019682565422738,3199.653846153846,9.0,4.0,37.0,152.0,13.0
12,10200.0,0.24,708.0193548387097,0.12841302981776903,3199.653846153846,8.0,6.0,36.0,155.0,13.0
12,10400.0,0.24,695.4842767295597,0.12662923398131068,3199.653846153846,7.0,7.0,36.0,159.0,13.0
12,10600.0,0.22,691.4397590361446,0.12589949932094135,3100.8571428571427,7.0,7.0,36.0,166.0,14.0
12,10800.0,0.24,695.0502958579882,0.12960898384448544,3100.8571428571427,8.0,7.0,35.0,169.0,14.0
12,11000.0,0.22,698.3187134502924,0.13165629497496606,3100.8571428571427,8.0,7.0,35.0,171.0,14.0
12,11200.0,0.22,694.1542857142857,0.13254819289319522,3100.8571428571427,8.0,6.0,36.0,175.0,14.0
12,11400.0,0.2,695.0722222222222,0.1345144223947459,3100.8571428571427,9.0,6.0,35.0,180.0,14.0
12,11600.0,0.24,687.2822580645161,0.13694687126264365,3100.8571428571427,9.0,6.0,35.0,186.0,14.0
12,11800.0,0.22,685.8776595744681,0.13970364664626111,3100.8571428571427,8.0,8.0,34.0,188.0,14.0
12,12000.0,0.24,682.7838541666666,0.1386293150629396,3692.3,8.0,8.0,34.0,192.0,15.0
12,12200.0,0.24,683.8523316062176,0.13781849877364036,3692.3,8.0,8.0,34.0,193.0,15.0
12,12400.0,0.22,681.1507537688442,0.1373522794072933,4225.78125,8.0,8.0,34.0,199.0,16.0
12,12600.0,0.24,671.4292682926829,0.1369063304481787,4714.294117647059,8.0,8.0,34.0,205.0,17.0
12,12800.0,0.24,670.4495192307693,0.14063608537895525,4714.294117647059,7.0,9.0,34.0,208.0,17.0
12,13000.0,0.24,666.0488372093023,0.14063608537895525,4714.294117647059,8.0,8.0,34.0,215.0,17.0
12,13200.0,0.22,662.7081447963801,0.1377779579591754,4714.294117647059,8.0,8.0,34.0,221.0,17.0
12,13400.0,0.24,659.6540178571429,0.13502118257555795,4714.294117647059,7.0,9.0,34.0,224.0,17.0
12,13600.0,0.24,656.3473451327434,0.13427117750795614,4714.294117647059,7.0,9.0,34.0,226.0,17.0
12,13800.0,0.22,651.7532188841202,0.13398739180670138,4714.294117647059,7.0,9.0,34.0,233.0,17.0
12,14000.0,0.24,653.4388185654009,0.1320211623051507,4714.294117647059,7.0,9.0,34.0,237.0,17.0
12,14200.0,0.24,651.0248962655602,0.13068331542780695,4714.294117647059,8.0,8.0,34.0,241.0,17.0
12,14400.0,0.22,650.3595041322315,0.1283319481888391,4714.294117647059,8.0,8.0,34.0,242.0,17.0
12,14600.0,0.22,651.0748987854251,0.1270346421259603,4714.294117647059,8.0,8.0,34.0,247.0,17.0
12,14800.0,0.24,644.8582677165355,0.12642652990898587,4714.294117647059,7.0,9.0,34.0,254.0,17.0
12,15000.0,0.22,644.3307692307692,0.13048061135548214,4714.294117647059,7.0,9.0,34.0,260.0,17.0
12,15200.0,0.24,643.1450381679389,0.12853465226116392,4714.294117647059,8.0,8.0,34.0,262.0,17.0
12,15400.0,0.24,641.9735849056603,0.12565625443415157,4714.294117647059,7.0,9.0,34.0,265.0,17.0
12,15600.0,0.22,637.8111111111111,0.12460219325806256,4714.294117647059,7.0,10.0,33.0,270.0,17.0
12,15800.0,0.22,634.8989169675091,0.12478462692315488,4714.294117647059,8.0,8.0,34.0,277.0,17.0
12,16000.0,0.24,635.2232142857143,0.1285751930756289,4714.294117647059,7.0,10.0,33.0,280.0,17.0
13,0.0,0.0,nan,0.015202805424360975,nan,0.0,0.0,50.0,0.0,0.0
13,200.0,0.14,nan,0.024466381529604928,nan,0.0,4.0,46.0,0.0,0.0
13,400.0,0.2,362.5,0.04285164088946547,nan,0.0,8.0,42.0,1.0,0.0
13,600.0,0.24,193.6,0.05673686984371516,nan,0.0,9.0,41.0,5.0,0.0
13,800.0,0.26,193.6,0.07246670585612065,631.0,2.0,7.0,41.0,5.0,2.0
13,1000.0,0.26,365.55555555555554,0.0858451746295583,773.375,4.0,5.0,41.0,9.0,4.0
13,1200.0,0.26,366.84615384615387,0.09871688322218393,901.2142857142857,7.0,3.0,40.0,13.0,7.0
13,1400.0,0.26,423.2857142857143,0.11130480611355482,944.625,8.0,1.0,41.0,14.0,8.0
13,1600.0,0.26,527.375,0.1202237852958466,944.625,8.0,2.0,40.0,16.0,8.0
13,1800.0,0.2,649.5238095238095,0.1222710964263272,944.625,8.0,2.0,40.0,21.0,8.0
13,2000.0,0.26,669.625,0.12146028013702795,944.625,8.0,1.0,41.0,24.0,8.0
13,2200.0,0.24,675.7037037037037,0.11803458131473861,944.625,8.0,1.0,41.0,27.0,8.0
13,2400.0,0.24,660.9848484848485,0.1157642957047007,944.625,7.0,2.0,41.0,33.0,8.0
13,2600.0,0.22,656.2948717948718,0.11736565787606673,1120.7222222222222,8.0,1.0,41.0,39.0,9.0
13,2800.0,0.26,640.3125,0.11998054040905681,1120.7222222222222,7.0,2.0,41.0,40.0,9.0
13,3000.0,0.26,640.0975609756098,0.11687916810248718,1120.7222222222222,6.0,3.0,41.0,41.0,9.0
13,3200.0,0.24,649.8666666666667,0.1128453570632234,1120.7222222222222,6.0,3.0,41.0,45.0,9.0
13,3400.0,0.22,690.7115384615385,0.11130480611355482,1120.7222222222222,6.0,3.0,41.0,52.0,9.0
13,3600.0,0.24,671.7,0.11393995905377739,1120.7222222222222,7.0,3.0,40.0,55.0,9.0
13,3800.0,0.26,656.5,0.11998054040905681,1120.7222222222222,7.0,4.0,39.0,60.0,9.0
13,4000.0,0.26,651.9285714285714,0.12435894837127277,1120.7222222222222,7.0,4.0,39.0,63.0,9.0
13,4200.0,0.24,634.2428571428571,0.12452111162913262,1120.7222222222222,7.0,4.0,39.0,70.0,9.0
13,4400.0,0.26,631.8918918918919,0.1269332900897979,1120.7222222222222,7.0,4.0,39.0,74.0,9.0
13,4600.0,0.26,629.8181818181819,0.13210224393408063,1727.3636363636363,10.0,1.0,39.0,77.0,11.0
13,4800.0,0.24,627.2115384615385,0.13161575416050109,1727.3636363636363,10.0,1.0,39.0,78.0,11.0
13,5000.0,0.26,617.0529411764705,0.128453570632234,1727.3636363636363,5.0,7.0,38.0,85.0,11.0
13,5200.0,0.26,624.1318681318681,0.12851438185393144,1727.3636363636363,6.0,6.0,38.0,91.0,11.0
13,5400.0,0.26,613.0663265306123,0.13110899397968906,1727.3636363636363,7.0,5.0,38.0,98.0,11.0
13,5600.0,0.26,606.8663366336634,0.1325887337076602,2045.625,8.0,4.0,38.0,101.0,12.0
13,5800.0,0.26,611.8653846153846,0.13443334076581598,2045.625,9.0,3.0,38.0,104.0,12.0
13,6000.0,0.24,597.1909090909091,0.13303468266677476,2045.625,7.0,5.0,38.0,110.0,12.0
13,6200.0,0.24,599.1637168141593,0.13654146311799403,2045.625,7.0,6.0,37.0,113.0,12.0
13,6400.0,0.26,597.7198275862069,0.13475766728153568,2045.625,5.0,8.0,37.0,116.0,12.0
13,6600.0,0.26,585.8821138211382,0.12995358076743763,2045.625,4.0,9.0,37.0,123.0,12.0
13,6800.0,0.24,595.5629921259842,0.1276022135284698,2045.625,6.0,8.0,36.0,127.0,12.0
13,7000.0,0.26,600.3798449612403,0.12928465732876573,2421.846153846154,7.0,7.0,36.0,129.0,13.0
13,7200.0,0.26,596.7737226277372,0.1358319988648572,2759.1428571428573,9.0,5.0,36.0,137.0,14.0
13,7400.0,0.26,594.6618705035971,0.14554152392921574,2759.1428571428573,9.0,5.0,36.0,139.0,14.0
13,7600.0,0.26,595.0068965517241,0.1469807228427219,2759.1428571428573,9.0,5.0,36.0,145.0,14.0
13,7800.0,0.26,603.3066666666666,0.1465550442908398,2759.1428571428573,8.0,6.0,36.0,150.0,14.0
13,8000.0,0.26,600.6940789473684,0.1417914985912067,2759.1428571428573,8.0,6.0,36.0,152.0,14.0
13,8200.0,0.26,599.558064516129,0.13935904972330895,2759.1428571428573,9.0,5.0,36.0,155.0,14.0
13,8400.0,0.24,597.6540880503145,0.1396225650173312,2759.1428571428573,8.0,7.0,35.0,159.0,14.0
13,8600.0,0.24,602.6,0.14031175886323558,2759.1428571428573,7.0,9.0,34.0,165.0,14.0
13,8800.0,0.24,599.3058823529411,0.14355502402043258,2759.1428571428573,7.0,9.0,34.0,170.0,14.0
13,9000.0,0.26,597.9028571428571,0.1466563963270022,3167.0,9.0,7.0,34.0,175.0,15.0
13,9200.0,0.26,593.108938547486,0.14643342184744493,3532.25,8.0,8.0,34.0,179.0,16.0
13,9400.0,0.26,588.9644808743169,0.14935236048892223,3532.25,8.0,8.0,34.0,183.0,16.0
13,9600.0,0.22,585.3854166666666,0.1532848194920236,3532.25,8.0,9.0,33.0,192.0,16.0
13,9800.0,0.24,581.1938775510204,0.15257535523888674,3895.0,9.0,7.0,34.0,196.0,17.0
13,10000.0,0.26,584.0527638190955,0.15158210528449517,3895.0,11.0,5.0,34.0,199.0,17.0
13,10200.0,0.26,582.9158415841584,0.15095372266028825,3895.0,9.0,7.0,34.0,202.0,17.0
13,10400.0,0.26,580.6650485436893,0.15362941641497577,3895.0,10.0,6.0,34.0,206.0,17.0
13,10600.0,0.26,585.1610576923077,0.15407536537409036,3895.0,9.0,7.0,34.0,208.0,17.0
13,10800.0,0.26,584.3194444444445,0.15492672247785458,3895.0,9.0,7.0,34.0,216.0,17.0
13,11000.0,0.24,585.4819004524887,0.15389293170899804,3895.0,8.0,8.0,34.0,221.0,17.0
13,11200.0,0.26,585.0,0.15628483976243082,3895.0,8.0,8.0,34.0,225.0,17.0
13,11400.0,0.26,583.3318965517242,0.15628483976243082,3895.0,10.0,6.0,34.0,232.0,17.0
13,11600.0,0.26,567.902489626556,0.1508929114385908,3895.0,9.0,7.0,34.0,241.0,17.0
13,11800.0,0.24,570.2438524590164,0.15044696247947623,3895.0,9.0,7.0,34.0,244.0,17.0
13,12000.0,0.26,569.8938775510204,0.14935236048892223,3895.0,9.0,8.0,33.0,245.0,17.0
13,12200.0,0.26,569.454,0.14811586564774087,4353.805555555556,8.0,9.0,33.0,250.0,18.0
13,12400.0,0.22,573.8449612403101,0.14805505442604341,4353.805555555556,7.0,11.0,32.0,258.0,18.0
13,12600.0,0.26,568.0037878787879,0.14582530963047047,4353.805555555556,8.0,10.0,32.0,264.0,18.0
13,12800.0,0.26,568.5314814814815,0.14404151379401212,4353.805555555556,7.0,11.0,32.0,270.0,18.0
13,13000.0,0.26,566.7095588235294,0.14412259542294203,4353.805555555556,6.0,12.0,32.0,272.0,18.0
13,13200.0,0.26,564.731884057971,0.1437374576855249,4810.078947368421,9.0,9.0,32.0,276.0,19.0
13,13400.0,0.24,566.7732142857143,0.1448117892688464,4810.078947368421,7.0,11.0,32.0,280.0,19.0
13,13600.0,0.26,568.2535460992908,0.14140636085378955,4810.078947368421,7.0,11.0,32.0,282.0,19.0
13,13800.0,0.26,574.375,0.14021040682707317,4810.078947368421,7.0,11.0,32.0,288.0,19.0
13,14000.0,0.24,569.3254237288136,0.13759552429408306,4810.078947368421,7.0,11.0,32.0,295.0,19.0
13,14200.0,0.24,569.7524916943522,0.1328927898161474,4810.078947368421,7.0,11.0,32.0,301.0,19.0
13,14400.0,0.26,566.1332236842105,0.132791437779985,4810.078947368421,8.0,10.0,32.0,304.0,19.0
13,14600.0,0.26,566.2801302931596,0.13566983560699736,4810.078947368421,8.0,10.0,32.0,307.0,19.0
13,14800.0,0.24,565.9564516129033,0.13931850890884398,4810.078947368421,10.0,8.0,32.0,310.0,19.0
13,15000.0,0.24,565.436507936508,0.13771714673747795,4810.078947368421,8.0,10.0,32.0,315.0,19.0
13,15200.0,0.26,563.8219814241486,0.13822390691828998,4810.078947368421,8.0,9.0,33.0,323.0,19.0
13,15400.0,0.2,565.5651515151516,0.13700768248434111,4810.078947368421,9.0,8.0,33.0,330.0,19.0
13,15600.0,0.26,563.6951951951952,0.13489956013216306,4810.078947368421,7.0,10.0,33.0,333.0,19.0
13,15800.0,0.24,561.040059347181,0.13514280501895284,4810.078947368421,7.0,9.0,34.0,337.0,19.0
13,16000.0,0.26,561.7067448680352,0.136034702937182,4810.078947368421,7.0,9.0,34.0,341.0,19.0
14,0.0,0.0,nan,0.015202805424360975,nan,0.0,0.0,50.0,0.0,0.0
14,200.0,0.08,nan,0.0209190602639207,nan,0.0,3.0,47.0,0.0,0.0
14,400.0,0.14,108.875,0.03147994243204346,nan,0.0,6.0,44.0,4.0,0.0
14,600.0,0.24,109.1,0.04483814079824864,nan,0.0,8.0,42.0,5.0,0.0
14,800.0,0.22,147.4375,0.061905823687997893,704.6666666666666,3.0,6.0,41.0,8.0,3.0
14,1000.0,0.28,244.45,0.0779397158088906,704.6666666666666,3.0,8.0,39.0,10.0,3.0
14,1200.0,0.28,244.45,0.09575740376624166,951.8571428571429,7.0,3.0,40.0,10.0,7.0
14,1400.0,0.28,311.7083333333333,0.1094804694626315,951.8571428571429,7.0,3.0,40.0,12.0,7.0
14,1600.0,0.28,510.21875,0.11914945371252508,1008.625,8.0,2.0,40.0,16.0,8.0
14,1800.0,0.28,533.6388888888889,0.1268319380536355,1095.8333333333333,9.0,1.0,40.0,18.0,9.0
14,2000.0,0.28,602.3478260869565,0.12904141244197595,1180.9,9.0,2.0,39.0,23.0,10.0
14,2200.0,0.28,691.7115384615385,0.1271359941621227,1180.9,8.0,3.0,39.0,26.0,10.0
14,2400.0,0.28,672.5172413793103,0.1265076115379158,1180.9,7.0,4.0,39.0,29.0,10.0
14,2600.0,0.28,698.796875,0.12587922891370887,1180.9,7.0,5.0,38.0,32.0,10.0
14,2800.0,0.26,722.2567567567568,0.12863600429732633,1311.7272727272727,7.0,5.0,38.0,37.0,11.0
14,3000.0,0.28,728.9102564102565,0.13086574909289928,1447.9583333333333,8.0,4.0,38.0,39.0,12.0
14,3200.0,0.28,726.65,0.135487401941905,1447.9583333333333,10.0,2.0,38.0,40.0,12.0
14,3400.0,0.26,735.5978260869565,0.13498064176109298,1447.9583333333333,8.0,4.0,38.0,46.0,12.0
14,3600.0,0.28,737.03,0.13396712139946892,1447.9583333333333,9.0,4.0,37.0,50.0,12.0
14,3800.0,0.28,727.9298245614035,0.1347373968743032,1447.9583333333333,8.0,5.0,37.0,57.0,12.0
14,4000.0,0.28,725.3135593220339,0.1326900857438226,1447.9583333333333,8.0,5.0,37.0,59.0,12.0
14,4200.0,0.24,709.9104477611941,0.12928465732876573,1447.9583333333333,8.0,5.0,37.0,67.0,12.0
14,4400.0,0.28,709.0985915492957,0.13129142764478138,1447.9583333333333,9.0,4.0,37.0,71.0,12.0
14,4600.0,0.28,676.3441558441558,0.13453469280197838,1447.9583333333333,9.0,4.0,37.0,77.0,12.0
14,4800.0,0.28,661.9634146341464,0.13402793262116636,1447.9583333333333,9.0,4.0,37.0,82.0,12.0
14,5000.0,0.26,649.2126436781609,0.1346360448381408,1447.9583333333333,8.0,5.0,37.0,87.0,12.0
14,5200.0,0.28,654.6755319148937,0.13522388664788276,1447.9583333333333,8.0,6.0,36.0,94.0,12.0
14,5400.0,0.26,644.3979591836735,0.1370279528915736,1447.9583333333333,8.0,6.0,36.0,98.0,12.0
14,5600.0,0.28,649.8762376237623,0.1388522895424969,1447.9583333333333,9.0,5.0,36.0,101.0,12.0
14,5800.0,0.28,642.7233009708738,0.13933877931607647,1778.9615384615386,10.0,3.0,37.0,103.0,13.0
14,6000.0,0.28,655.7477064220184,0.14258204447327347,1778.9615384615386,9.0,4.0,37.0,109.0,13.0
14,6200.0,0.28,652.362831858407,0.1433928607625727,1778.9615384615386,9.0,5.0,36.0,113.0,13.0
14,6400.0,0.28,647.3589743589744,0.14112257515253482,1778.9615384615386,10.0,4.0,36.0,117.0,13.0
14,6600.0,0.26,607.2131782945736,0.1362576774167393,1778.9615384615386,9.0,6.0,35.0,129.0,13.0
14,6800.0,0.28,603.3345864661654,0.13465631524537328,1778.9615384615386,8.0,7.0,35.0,133.0,13.0
14,7000.0,0.26,595.1666666666666,0.1323657592281029,2149.9285714285716,8.0,7.0,35.0,141.0,14.0
14,7200.0,0.26,594.6523178807947,0.12977114710234527,2149.9285714285716,7.0,8.0,35.0,151.0,14.0
14,7400.0,0.26,587.9064516129032,0.13309549388847222,2149.9285714285716,9.0,6.0,35.0,155.0,14.0
14,7600.0,0.28,580.9751552795032,0.13623740700950682,2149.9285714285716,8.0,7.0,35.0,161.0,14.0
14,7800.0,0.26,577.7865853658536,0.13416982547179374,2149.9285714285716,7.0,8.0,35.0,164.0,14.0
14,8000.0,0.28,577.1538461538462,0.1324671112642653,2536.766666666667,8.0,8.0,34.0,169.0,15.0
14,8200.0,0.26,576.878612716763,0.13469685605983825,2536.766666666667,7.0,9.0,34.0,173.0,15.0
14,8400.0,0.26,568.0474860335196,0.1352846978695802,2536.766666666667,8.0,9.0,33.0,179.0,15.0
14,8600.0,0.28,572.3743169398907,0.1374536314434557,2536.766666666667,7.0,10.0,33.0,183.0,15.0
14,8800.0,0.24,571.0105263157894,0.14333204954087528,2917.625,9.0,9.0,32.0,190.0,16.0
14,9000.0,0.26,564.6675257731958,0.1444063811241968,2917.625,8.0,10.0,32.0,194.0,16.0
14,9200.0,0.28,568.5628140703518,0.1453793606713559,3278.8823529411766,9.0,10.0,31.0,199.0,17.0
14,9400.0,0.28,571.843137254902,0.14590639125940041,3278.8823529411766,7.0,13.0,30.0,204.0,17.0
14,9600.0,0.24,567.7261904761905,0.1466563963270022,3622.527777777778,7.0,13.0,30.0,210.0,18.0
14,9800.0,0.28,574.5697674418604,0.1488456003081102,3946.315789473684,8.0,12.0,30.0,215.0,19.0
14,10000.0,0.28,564.7737556561086,0.1554537530658991,3946.315789473684,6.0,14.0,30.0,221.0,19.0
14,10200.0,0.26,558.7391304347826,0.15985243143534753,3946.315789473684,7.0,13.0,30.0,230.0,19.0
14,10400.0,0.24,554.6042553191489,0.16226460989601282,3946.315789473684,8.0,12.0,30.0,235.0,19.0
14,10600.0,0.28,558.5,0.16607544645571928,3946.315789473684,8.0,13.0,29.0,236.0,19.0
14,10800.0,0.28,561.1460905349794,0.16648085460036893,3946.315789473684,8.0,14.0,28.0,243.0,19.0
14,11000.0,0.28,558.46,0.16548760464597734,3946.315789473684,9.0,13.0,28.0,250.0,19.0
14,11200.0,0.26,553.2823529411764,0.16664301785822877,4299.075,10.0,13.0,27.0,255.0,20.0
14,11400.0,0.28,551.3715953307393,0.16765653821985282,4299.075,8.0,14.0,28.0,257.0,20.0
14,11600.0,0.28,550.6949806949807,0.16915654835505645,4637.952380952381,8.0,14.0,28.0,259.0,21.0
14,11800.0,0.26,556.2284644194757,0.16721058926073826,4637.952380952381,8.0,15.0,27.0,267.0,21.0
14,12000.0,0.24,558.0516605166051,0.1633389414793343,4637.952380952381,7.0,16.0,27.0,271.0,21.0
14,12200.0,0.26,554.1829710144928,0.15930513044007055,4979.295454545455,7.0,16.0,27.0,276.0,22.0
14,12400.0,0.28,556.7670250896057,0.1570956560517301,4979.295454545455,8.0,15.0,27.0,279.0,22.0
14,12600.0,0.28,559.5087412587412,0.1570753856444976,4979.295454545455,7.0,16.0,27.0,286.0,22.0
14,12800.0,0.28,558.9486301369863,0.15821052844951655,4979.295454545455,8.0,14.0,28.0,292.0,22.0
14,13000.0,0.26,551.3116666666666,0.16003486510043988,4979.295454545455,8.0,15.0,27.0,300.0,22.0
14,13200.0,0.28,551.9885245901639,0.16165649767903836,4979.295454545455,9.0,15.0,26.0,305.0,22.0
14,13400.0,0.28,550.0048076923077,0.16157541605010844,4979.295454545455,7.0,17.0,26.0,312.0,22.0
14,13600.0,0.28,549.3481012658228,0.165852471976162,4958.95652173913,6.0,18.0,26.0,316.0,23.0
14,13800.0,0.28,549.2585669781931,0.16905519631889404,5658.08,8.0,16.0,26.0,321.0,25.0
14,14000.0,0.26,546.858231707317,0.17327144102325015,5658.08,7.0,17.0,26.0,328.0,25.0
14,14200.0,0.28,547.0404191616766,0.17629173170088988,5658.08,6.0,17.0,27.0,334.0,25.0
14,14400.0,0.28,544.3189910979229,0.17872418056878764,5658.08,8.0,15.0,27.0,337.0,25.0
14,14600.0,0.28,541.475073313783,0.18008229785336388,5658.08,10.0,13.0,27.0,341.0,25.0
14,14800.0,0.24,540.671875,0.17805525713011575,5658.08,11.0,12.0,27.0,352.0,25.0
14,15000.0,0.28,541.3137254901961,0.17065655849026007,5658.08,12.0,11.0,27.0,357.0,25.0
14,15200.0,0.26,540.8149171270718,0.16277137007682485,5658.08,8.0,15.0,27.0,362.0,25.0
14,15400.0,0.28,542.3573369565217,0.15958891614132528,5658.08,8.0,15.0,27.0,368.0,25.0
14,15600.0,0.28,542.9758064516129,0.1591226967749782,5658.08,7.0,16.0,27.0,372.0,25.0
14,15800.0,0.26,539.0888594164456,0.15744025297468225,5658.08,8.0,15.0,27.0,377.0,25.0
14,16000.0,0.28,541.3089005235602,0.1617375793079683,5658.08,7.0,17.0,26.0,382.0,25.0
15,0.0,0.0,nan,0.015202805424360975,nan,0.0,0.0,50.0,0.0,0.0
15,200.0,0.16,23.5,0.02651369266008554,nan,0.0,4.0,46.0,1.0,0.0
15,400.0,0.24,107.16666666666667,0.04668274785640444,nan,0.0,9.0,41.0,3.0,0.0
15,600.0,0.3,160.375,0.06827073155899702,486.0,1.0,9.0,40.0,4.0,1.0
15,800.0,0.26,332.2857142857143,0.08377759309184521,615.0,4.0,7.0,39.0,7.0,4.0
15,1000.0,0.3,434.6666666666667,0.10017635254292259,704.8333333333334,5.0,6.0,39.0,9.0,6.0
15,1200.0,0.26,539.9090909090909,0.11110210204123001,794.375,7.0,4.0,39.0,11.0,8.0
15,1400.0,0.28,536.2857142857143,0.12330488719518375,843.3888888888889,9.0,3.0,38.0,14.0,9.0
15,1600.0,0.3,542.2894736842105,0.13210224393408063,843.3888888888889,9.0,4.0,37.0,19.0,9.0
15,1800.0,0.3,586.0227272727273,0.1360549733444145,843.3888888888889,9.0,4.0,37.0,22.0,9.0
15,2000.0,0.26,671.5689655172414,0.13522388664788276,843.3888888888889,9.0,4.0,37.0,29.0,9.0
15,2200.0,0.3,664.7575757575758,0.1398455394968885,978.4,10.0,4.0,36.0,33.0,10.0
15,2400.0,0.26,654.7820512820513,0.14594693207386536,978.4,9.0,6.0,35.0,39.0,10.0
15,2600.0,0.28,632.5,0.15557537550929398,978.4,10.0,6.0,34.0,43.0,10.0
15,2800.0,0.3,627.6354166666666,0.15849431415077128,1138.5,10.0,6.0,34.0,48.0,11.0
15,3000.0,0.3,644.1372549019608,0.15904161514604828,1287.7083333333333,11.0,4.0,35.0,51.0,12.0
15,3200.0,0.28,633.3611111111111,0.16222406908154785,1431.7307692307693,10.0,5.0,35.0,54.0,13.0
15,3400.0,0.3,659.140350877193,0.1633389414793343,1431.7307692307693,10.0,5.0,35.0,57.0,13.0
15,3600.0,0.28,679.4016393442623,0.16406867613970363,1577.607142857143,12.0,3.0,35.0,61.0,14.0
15,3800.0,0.3,655.939393939394,0.16398759451077372,1577.607142857143,11.0,4.0,35.0,66.0,14.0
15,4000.0,0.3,676.0140845070423,0.1630146149636146,1577.607142857143,11.0,4.0,35.0,71.0,14.0
15,4200.0,0.28,669.0065789473684,0.16240650274664017,1577.607142857143,11.0,4.0,35.0,76.0,14.0
15,4400.0,0.3,685.8461538461538,0.16017675795106723,1753.9,11.0,4.0,35.0,78.0,15.0
15,4600.0,0.3,666.948275862069,0.155534834694829,1753.9,10.0,5.0,35.0,87.0,15.0
15,4800.0,0.3,657.989010989011,0.154987533699552,1753.9,9.0,6.0,35.0,91.0,15.0
15,5000.0,0.3,657.3072916666666,0.15693349279387023,1753.9,10.0,5.0,35.0,96.0,15.0
15,5200.0,0.3,653.6515151515151,0.15760241623254212,1753.9,10.0,5.0,35.0,99.0,15.0
15,5400.0,0.24,642.3490566037735,0.15516996736464436,1753.9,10.0,5.0,35.0,106.0,15.0
15,5600.0,0.3,645.0825688073395,0.15448077351873998,1753.9,9.0,5.0,36.0,109.0,15.0
15,5800.0,0.24,635.7603305785124,0.14685910039932704,1753.9,7.0,7.0,36.0,121.0,15.0
15,6000.0,0.3,628.448,0.1475280238379989,1753.9,8.0,7.0,35.0,125.0,15.0
15,6200.0,0.26,627.9538461538461,0.1481766768694383,1753.9,9.0,6.0,35.0,130.0,15.0
15,6400.0,0.3,624.9514925373135,0.1524131919810269,2037.0625,10.0,5.0,35.0,134.0,16.0
15,6600.0,0.3,625.1340579710145,0.15519023777187685,2037.0625,10.0,5.0,35.0,138.0,16.0
15,6800.0,0.28,616.6896551724138,0.15750106419637971,2037.0625,11.0,4.0,35.0,145.0,16.0
15,7000.0,0.28,616.3233333333334,0.15877809985202604,2037.0625,11.0,4.0,35.0,150.0,16.0
15,7200.0,0.3,615.2305194805194,0.16189974256582815,2037.0625,10.0,6.0,34.0,154.0,16.0
15,7400.0,0.3,616.843949044586,0.1645754363205157,2037.0625,11.0,5.0,34.0,157.0,16.0
15,7600.0,0.26,614.539156626506,0.16305515577807958,2358.264705882353,11.0,5.0,34.0,166.0,17.0
15,7800.0,0.3,616.5598802395209,0.16068351813187928,2358.264705882353,10.0,6.0,34.0,167.0,17.0
15,8000.0,0.28,615.7988505747127,0.1562037581335009,2358.264705882353,10.0,6.0,34.0,174.0,17.0
15,8200.0,0.28,611.7777777777778,0.15737944175298482,2358.264705882353,10.0,7.0,33.0,180.0,17.0
15,8400.0,0.28,610.4125683060109,0.15768349786147204,2358.264705882353,9.0,8.0,33.0,183.0,17.0
15,8600.0,0.3,615.5396825396825,0.1545821255549024,2358.264705882353,10.0,7.0,33.0,189.0,17.0
15,8800.0,0.3,615.2461139896373,0.15456185514766993,2711.6944444444443,11.0,7.0,32.0,193.0,18.0
15,9000.0,0.26,609.4875621890548,0.15168345732065758,2711.6944444444443,9.0,9.0,32.0,201.0,18.0
15,9200.0,0.28,603.5169902912621,0.1511158859181481,3051.3684210526317,9.0,9.0,32.0,206.0,19.0
15,9400.0,0.28,606.8514150943396,0.1519672430219123,3051.3684210526317,9.0,9.0,32.0,212.0,19.0
15,9600.0,0.28,601.634703196347,0.14987939107696674,3051.3684210526317,9.0,9.0,32.0,219.0,19.0
15,9800.0,0.3,604.0022421524664,0.1469807228427219,3051.3684210526317,9.0,9.0,32.0,223.0,19.0
15,10000.0,0.3,600.2785087719299,0.14793343198264852,3051.3684210526317,9.0,9.0,32.0,228.0,19.0
15,10200.0,0.3,600.2424242424242,0.14981857985526928,3051.3684210526317,10.0,8.0,32.0,231.0,19.0
15,10400.0,0.28,602.1303418803419,0.1514199420266353,3051.3684210526317,10.0,8.0,32.0,234.0,19.0
15,10600.0,0.28,605.597510373444,0.1553524010297367,3051.3684210526317,10.0,8.0,32.0,241.0,19.0
15,10800.0,0.28,606.2283950617284,0.15407536537409036,3051.3684210526317,9.0,7.0,34.0,243.0,19.0
15,11000.0,0.26,597.9822834645669,0.15233211035209698,3051.3684210526317,9.0,8.0,33.0,254.0,19.0
15,11200.0,0.3,597.3903846153846,0.1552105081791093,2913.8,10.0,7.0,33.0,260.0,20.0
15,11400.0,0.3,591.718045112782,0.15464293677659985,2913.8,11.0,6.0,33.0,266.0,20.0
15,11600.0,0.3,588.9477611940298,0.15401455415239293,2913.8,9.0,8.0,33.0,268.0,20.0
15,11800.0,0.3,595.07299270073,0.15405509496685788,2913.8,11.0,6.0,33.0,274.0,20.0
15,12000.0,0.3,585.4649122807018,0.1529604929763039,2913.8,10.0,7.0,33.0,285.0,20.0
15,12200.0,0.3,587.9741379310345,0.1514199420266353,2913.8,10.0,7.0,33.0,290.0,20.0
15,12400.0,0.28,583.2972972972973,0.15002128392759412,2913.8,8.0,9.0,33.0,296.0,20.0
15,12600.0,0.28,580.9734219269103,0.15123750836154298,2913.8,10.0,7.0,33.0,301.0,20.0
15,12800.0,0.3,575.8834951456311,0.1509942634747532,2913.8,9.0,8.0,33.0,309.0,20.0
15,13000.0,0.3,570.168253968254,0.1516631869134251,2913.8,10.0,8.0,32.0,315.0,20.0
15,13200.0,0.3,570.7916666666666,0.15044696247947623,2913.8,8.0,10.0,32.0,324.0,20.0
15,13400.0,0.28,567.8090909090909,0.15287941134737396,2913.8,8.0,11.0,31.0,330.0,20.0
15,13600.0,0.28,567.1011904761905,0.15460239596213488,2913.8,9.0,11.0,30.0,336.0,20.0
15,13800.0,0.3,563.0794117647059,0.1556767275454564,2913.8,7.0,13.0,30.0,340.0,20.0
15,14000.0,0.3,562.2521489971347,0.1558794316177812,2913.8,7.0,13.0,30.0,349.0,20.0
15,14200.0,0.28,562.6850282485875,0.16005513550767234,3448.404761904762,8.0,15.0,27.0,354.0,21.0
15,14400.0,0.3,558.8732590529248,0.16425110980479599,3448.404761904762,8.0,15.0,27.0,359.0,21.0
15,14600.0,0.28,555.3461538461538,0.17039304319623783,3448.404761904762,8.0,15.0,27.0,364.0,21.0
15,14800.0,0.3,554.4552845528456,0.17041331360347028,4434.173913043478,9.0,14.0,27.0,369.0,23.0
15,15000.0,0.3,558.156836461126,0.1692173595767539,4868.25,9.0,13.0,28.0,373.0,24.0
15,15200.0,0.3,559.0663129973475,0.16913627794782396,4868.25,9.0,13.0,28.0,377.0,24.0
15,15400.0,0.26,559.1749347258485,0.16706869641011088,4868.25,10.0,12.0,28.0,383.0,24.0
15,15600.0,0.3,562.133676092545,0.16362272718058907,4868.25,10.0,12.0,28.0,389.0,24.0
15,15800.0,0.28,559.964824120603,0.16260920681896499,4868.25,10.0,13.0,27.0,398.0,24.0
15,16000.0,0.3,560.610696517413,0.1638051608456814,4868.25,9.0,12.0,29.0,402.0,24.0
16,0.0,0.0,nan,0.015202805424360975,nan,0.0,0.0,50.0,0.0,0.0
16,200.0,0.16,nan,0.028115054831451564,nan,0.0,6.0,44.0,0.0,0.0
16,400.0,0.26,204.0,0.049115196724302194,nan,0.0,10.0,40.0,1.0,0.0
16,600.0,0.32,273.25,0.07396671599132426,407.75,2.0,9.0,39.0,2.0,2.0
16,800.0,0.32,400.75,0.09081142440151622,625.3571428571429,7.0,4.0,39.0,6.0,7.0
16,1000.0,0.32,466.14285714285717,0.1091561429469118,651.125,8.0,4.0,38.0,7.0,8.0
16,1200.0,0.28,526.2727272727273,0.1237913769687633,747.0,10.0,2.0,38.0,11.0,10.0
16,1400.0,0.3,667.90625,0.128453570632234,795.8181818181819,11.0,1.0,38.0,16.0,11.0
16,1600.0,0.32,666.325,0.13027790728315733,795.8181818181819,11.0,1.0,38.0,20.0,11.0
16,1800.0,0.28,694.26,0.13307522348123973,795.8181818181819,11.0,1.0,38.0,25.0,11.0
16,2000.0,0.32,693.5,0.13566983560699736,795.8181818181819,11.0,1.0,38.0,27.0,11.0
16,2200.0,0.3,724.5285714285715,0.13607524375164698,795.8181818181819,10.0,2.0,38.0,35.0,11.0
16,2400.0,0.32,724.9487179487179,0.13826444773275495,924.9583333333334,11.0,2.0,37.0,39.0,12.0
16,2600.0,0.3,708.6071428571429,0.14021040682707317,924.9583333333334,11.0,2.0,37.0,42.0,12.0
16,2800.0,0.28,699.6304347826087,0.1426428556949709,924.9583333333334,10.0,4.0,36.0,46.0,12.0
16,3000.0,0.26,688.0818181818182,0.14584558003770295,1082.6153846153845,11.0,3.0,36.0,55.0,13.0
16,3200.0,0.32,655.1209677419355,0.1470009932499544,1221.0357142857142,12.0,2.0,36.0,62.0,14.0
16,3400.0,0.32,648.5522388059702,0.1455820647436807,1221.0357142857142,11.0,4.0,35.0,67.0,14.0
16,3600.0,0.3,648.0352112676056,0.1428658301745282,1221.0357142857142,10.0,5.0,35.0,71.0,14.0
16,3800.0,0.32,609.8227848101266,0.14424421786633693,1221.0357142857142,11.0,4.0,35.0,79.0,14.0
16,4000.0,0.32,603.7470588235294,0.14369691687105993,1221.0357142857142,8.0,7.0,35.0,85.0,14.0
16,4200.0,0.28,599.1847826086956,0.14162933533334685,1221.0357142857142,7.0,8.0,35.0,92.0,14.0
16,4400.0,0.32,601.9690721649484,0.1438388097216873,1432.1666666666667,10.0,5.0,35.0,97.0,15.0
16,4600.0,0.3,600.1407766990292,0.1472036973222792,1432.1666666666667,12.0,3.0,35.0,103.0,15.0
16,4800.0,0.28,584.75,0.1516631869134251,1432.1666666666667,10.0,5.0,35.0,112.0,15.0
16,5000.0,0.32,583.0,0.15101453388198569,1432.1666666666667,9.0,7.0,34.0,113.0,15.0
16,5200.0,0.32,588.1837606837607,0.14760910546692882,1432.1666666666667,9.0,7.0,34.0,117.0,15.0
16,5400.0,0.3,590.5714285714286,0.14748748302353396,1432.1666666666667,9.0,7.0,34.0,126.0,15.0
16,5600.0,0.32,582.1145038167939,0.1438388097216873,1432.1666666666667,10.0,6.0,34.0,131.0,15.0
16,5800.0,0.32,575.0607142857143,0.14400097297954717,1696.21875,10.0,6.0,34.0,140.0,16.0
16,6000.0,0.32,574.3854166666666,0.14756856465246387,1696.21875,8.0,9.0,33.0,144.0,16.0
16,6200.0,0.3,570.9013157894736,0.14987939107696674,1696.21875,7.0,10.0,33.0,152.0,16.0
16,6400.0,0.3,562.5188679245283,0.15401455415239293,1696.21875,8.0,9.0,33.0,159.0,16.0
16,6600.0,0.32,542.1052631578947,0.15279832971844404,1977.7941176470588,10.0,8.0,32.0,171.0,17.0
16,6800.0,0.32,535.4944134078212,0.15336590112095352,1977.7941176470588,8.0,10.0,32.0,179.0,17.0
16,7000.0,0.26,518.4093264248704,0.15492672247785458,1977.7941176470588,10.0,8.0,32.0,193.0,17.0
16,7200.0,0.3,518.9387755102041,0.15790647234102934,1977.7941176470588,12.0,6.0,32.0,196.0,17.0
16,7400.0,0.32,519.608040201005,0.16226460989601282,1977.7941176470588,11.0,7.0,32.0,199.0,17.0
16,7600.0,0.32,524.0735294117648,0.1645754363205157,1977.7941176470588,11.0,8.0,31.0,204.0,17.0
16,7800.0,0.32,524.2344497607655,0.16771734944155028,1977.7941176470588,13.0,6.0,31.0,209.0,17.0
16,8000.0,0.32,521.392523364486,0.1678187014777127,2309.777777777778,10.0,9.0,31.0,214.0,18.0
16,8200.0,0.3,529.2247706422019,0.16283218129852228,2309.777777777778,10.0,9.0,31.0,218.0,18.0
16,8400.0,0.28,532.8526785714286,0.15993351306427747,2309.777777777778,11.0,8.0,31.0,224.0,18.0
16,8600.0,0.3,532.7768240343347,0.15958891614132528,2309.777777777778,11.0,9.0,30.0,233.0,18.0
16,8800.0,0.32,528.9235537190083,0.16569030871830215,2309.777777777778,13.0,7.0,30.0,242.0,18.0
16,9000.0,0.3,525.3663967611336,0.1678997831066426,2309.777777777778,10.0,10.0,30.0,247.0,18.0
16,9200.0,0.32,528.4960784313726,0.163115966999777,2309.777777777778,9.0,11.0,30.0,255.0,18.0
16,9400.0,0.3,518.1837121212121,0.1623862323394077,2679.7894736842104,10.0,10.0,30.0,264.0,19.0
16,9600.0,0.3,517.2360594795539,0.16317677822147447,2679.7894736842104,10.0,10.0,30.0,269.0,19.0
16,9800.0,0.32,518.6088560885609,0.16708896681734337,2679.7894736842104,10.0,10.0,30.0,271.0,19.0
16,10000.0,0.32,522.4872262773723,0.17162953803741918,3044.4,11.0,9.0,30.0,274.0,20.0
16,10200.0,0.3,524.5482142857143,0.17821742038797558,3044.4,13.0,7.0,30.0,280.0,20.0
16,10400.0,0.3,524.6550522648083,0.179960675409969,3044.4,12.0,8.0,30.0,287.0,20.0
16,10600.0,0.3,525.6318493150685,0.17872418056878764,3044.4,13.0,7.0,30.0,292.0,20.0
16,10800.0,0.28,526.8902027027027,0.1768187622889344,3044.4,12.0,8.0,30.0,296.0,20.0
16,11000.0,0.32,527.8580858085809,0.17442685423550158,3044.4,12.0,8.0,30.0,303.0,20.0
16,11200.0,0.32,531.8621794871794,0.16998763505158818,3044.4,12.0,8.0,30.0,312.0,20.0
16,11400.0,0.32,528.8496835443038,0.16601463523402185,3044.4,11.0,9.0,30.0,316.0,20.0
16,11600.0,0.32,525.3061538461538,0.16848762491638458,3044.4,8.0,12.0,30.0,325.0,20.0
16,11800.0,0.32,522.6711711711712,0.16927817079845134,3044.4,11.0,10.0,29.0,333.0,20.0
16,12000.0,0.3,519.35,0.16897411468996412,3044.4,8.0,12.0,30.0,340.0,20.0
16,12200.0,0.32,516.5014534883721,0.165852471976162,3044.4,9.0,10.0,31.0,344.0,20.0
16,12400.0,0.32,517.5028735632184,0.16546733423874485,3485.1190476190477,10.0,9.0,31.0,348.0,21.0
16,12600.0,0.3,519.900849858357,0.1636835384022865,3485.1190476190477,11.0,8.0,31.0,353.0,21.0
16,12800.0,0.32,523.4874301675977,0.16589301279062696,3485.1190476190477,10.0,9.0,31.0,358.0,21.0
16,13000.0,0.3,524.4530386740331,0.16818356880789734,3485.1190476190477,10.0,10.0,30.0,362.0,21.0
16,13200.0,0.3,529.5243902439024,0.16964303812863601,3485.1190476190477,10.0,10.0,30.0,369.0,21.0
16,13400.0,0.3,527.8315649867374,0.1731295481726228,3485.1190476190477,10.0,11.0,29.0,377.0,21.0
16,13600.0,0.32,528.3552631578947,0.17815660916627815,3940.340909090909,11.0,10.0,29.0,380.0,22.0
16,13800.0,0.3,527.5182291666666,0.18190663450428718,3839.586956521739,13.0,7.0,30.0,384.0,23.0
16,14000.0,0.32,527.3405612244898,0.17787282346502342,3839.586956521739,10.0,11.0,29.0,392.0,23.0
16,14200.0,0.3,526.480198019802,0.1758052419273103,3839.586956521739,10.0,11.0,29.0,404.0,23.0
16,14400.0,0.32,524.799511002445,0.17000790545882066,3839.586956521739,8.0,13.0,29.0,409.0,23.0
16,14600.0,0.3,522.6012048192771,0.16753491577645796,3839.586956521739,10.0,11.0,29.0,415.0,23.0
16,14800.0,0.3,519.6935866983373,0.16623760971357915,3839.586956521739,11.0,11.0,28.0,421.0,23.0
16,15000.0,0.32,522.9721577726218,0.16599436482678936,3839.586956521739,6.0,16.0,28.0,431.0,23.0
16,15200.0,0.32,521.5563218390805,0.16960249731417104,3839.586956521739,7.0,15.0,28.0,435.0,23.0
16,15400.0,0.3,519.6746031746031,0.17156872681572172,3745.3333333333335,7.0,15.0,28.0,441.0,24.0
16,15600.0,0.3,517.9551569506726,0.17049439523240023,3745.3333333333335,9.0,13.0,28.0,446.0,24.0
16,15800.0,0.3,518.3604395604395,0.17185251251697647,3745.3333333333335,9.0,13.0,28.0,455.0,24.0
16,16000.0,0.32,517.3010869565218,0.17087953296981737,3745.3333333333335,8.0,14.0,28.0,460.0,24.0
17,0.0,0.0,nan,0.015202805424360975,nan,0.0,0.0,50.0,0.0,0.0
17,200.0,0.12,nan,0.02602720288650599,nan,0.0,6.0,44.0,0.0,0.0
17,400.0,0.26,135.83333333333334,0.04410840613787931,nan,0.0,9.0,41.0,3.0,0.0
17,600.0,0.32,135.83333333333334,0.06887884377597146,550.5,1.0,11.0,38.0,3.0,1.0
17,800.0,0.34,185.9,0.09462226096122271,611.375,4.0,9.0,37.0,5.0,4.0
17,1000.0,0.32,279.0,0.11748728031946162,737.0,7.0,6.0,37.0,6.0,7.0
17,1200.0,0.34,338.2142857142857,0.1324671112642653,737.0,7.0,6.0,37.0,7.0,7.0
17,1400.0,0.34,614.2,0.14367664646382747,852.1111111111111,9.0,4.0,37.0,10.0,9.0
17,1600.0,0.34,745.3666666666667,0.152291569537632,1011.7916666666666,12.0,1.0,37.0,15.0,12.0
17,1800.0,0.34,752.9761904761905,0.15433888066811263,1011.7916666666666,12.0,0.0,38.0,21.0,12.0
17,2000.0,0.34,808.76,0.15942675288346542,1011.7916666666666,11.0,1.0,38.0,25.0,12.0
17,2200.0,0.32,818.4814814814815,0.15985243143534753,1011.7916666666666,10.0,2.0,38.0,27.0,12.0
17,2400.0,0.34,820.515625,0.15867674781586363,1011.7916666666666,12.0,0.0,38.0,32.0,12.0
17,2600.0,0.34,831.4027777777778,0.1558794316177812,1011.7916666666666,12.0,0.0,38.0,36.0,12.0
17,2800.0,0.32,825.060975609756,0.1545821255549024,1011.7916666666666,11.0,1.0,38.0,41.0,12.0
17,3000.0,0.34,821.4787234042553,0.1572983601240549,1011.7916666666666,10.0,2.0,38.0,47.0,12.0
17,3200.0,0.34,816.2,0.1546834775910648,1011.7916666666666,10.0,2.0,38.0,50.0,12.0
17,3400.0,0.34,801.6181818181818,0.1567713295360104,1011.7916666666666,11.0,1.0,38.0,55.0,12.0
17,3600.0,0.34,795.1071428571429,0.15867674781586363,1011.7916666666666,12.0,0.0,38.0,56.0,12.0
17,3800.0,0.34,814.1967213114754,0.15786593152656436,1011.7916666666666,11.0,2.0,37.0,61.0,12.0
17,4000.0,0.32,796.9014084507043,0.15748079378914723,1011.7916666666666,10.0,3.0,37.0,71.0,12.0
17,4200.0,0.3,794.5540540540541,0.15981189062088258,1256.076923076923,11.0,2.0,37.0,74.0,13.0
17,4400.0,0.34,788.0584415584416,0.16114973749822634,1256.076923076923,10.0,4.0,36.0,77.0,13.0
17,4600.0,0.32,762.6144578313254,0.16153487523564347,1256.076923076923,9.0,6.0,35.0,83.0,13.0
17,4800.0,0.34,774.3068181818181,0.15962945695579026,1500.1785714285713,9.0,6.0,35.0,88.0,14.0
17,5000.0,0.34,734.686170212766,0.16094703342590153,1500.1785714285713,8.0,8.0,34.0,94.0,14.0
17,5200.0,0.34,720.3480392156863,0.1652038189447226,1739.8,13.0,3.0,34.0,102.0,15.0
17,5400.0,0.32,707.9495412844037,0.1710619666349097,1739.8,13.0,3.0,34.0,109.0,15.0
17,5600.0,0.34,706.8947368421053,0.16871059939594185,1739.8,11.0,5.0,34.0,114.0,15.0
17,5800.0,0.28,706.827868852459,0.1634808343299617,1739.8,11.0,5.0,34.0,122.0,15.0
17,6000.0,0.34,703.3333333333334,0.1588997222954209,1739.8,11.0,5.0,34.0,123.0,15.0
17,6200.0,0.34,709.5115384615384,0.15938621206900047,1739.8,11.0,5.0,34.0,130.0,15.0
17,6400.0,0.3,707.3125,0.16092676301866904,1739.8,12.0,4.0,34.0,136.0,15.0
17,6600.0,0.34,694.7978723404256,0.16070378853911174,1739.8,12.0,4.0,34.0,141.0,15.0
17,6800.0,0.32,681.4569536423841,0.16208217623092047,1739.8,11.0,5.0,34.0,151.0,15.0
17,7000.0,0.34,673.5636942675159,0.16100784464759896,1739.8,10.0,6.0,34.0,157.0,15.0
17,7200.0,0.32,654.7363636363636,0.15926458962560558,1739.8,10.0,6.0,34.0,165.0,15.0
17,7400.0,0.32,646.1802325581396,0.15441996229704255,1739.8,9.0,8.0,33.0,172.0,15.0
17,7600.0,0.28,639.7099447513813,0.15289968175460644,1739.8,8.0,10.0,32.0,181.0,15.0
17,7800.0,0.34,634.2688172043011,0.1549064520706221,2114.96875,9.0,10.0,31.0,186.0,16.0
17,8000.0,0.34,627.0,0.15973080899195266,2457.4411764705883,10.0,10.0,30.0,193.0,17.0
17,8200.0,0.32,624.1345177664974,0.16502138527963026,2457.4411764705883,9.0,11.0,30.0,197.0,17.0
17,8400.0,0.3,626.2598039215686,0.17025115034561045,2457.4411764705883,9.0,12.0,29.0,204.0,17.0
17,8600.0,0.32,619.8452380952381,0.17351468591003993,3091.6052631578946,11.0,10.0,29.0,210.0,19.0
17,8800.0,0.34,621.9516129032259,0.18014310907506131,3091.6052631578946,12.0,9.0,29.0,217.0,19.0
17,9000.0,0.3,618.9797297297297,0.18164311921026494,3091.6052631578946,12.0,9.0,29.0,222.0,19.0
17,9200.0,0.32,609.8297872340426,0.181055277400523,3388.5,12.0,9.0,29.0,235.0,20.0
17,9400.0,0.3,598.0696721311475,0.17878499179048507,3388.5,11.0,10.0,29.0,244.0,20.0
17,9600.0,0.32,590.6792828685259,0.175622808262218,3388.5,8.0,13.0,29.0,251.0,20.0
17,9800.0,0.34,591.4666666666667,0.17479172156568626,3959.068181818182,10.0,11.0,29.0,255.0,22.0
17,10000.0,0.34,590.8365758754863,0.17244035432671842,3959.068181818182,8.0,13.0,29.0,257.0,22.0
17,10200.0,0.34,591.796577946768,0.17000790545882066,3959.068181818182,8.0,13.0,29.0,263.0,22.0
17,10400.0,0.28,591.9065934065934,0.17014979830944804,3959.068181818182,9.0,12.0,29.0,273.0,22.0
17,10600.0,0.34,590.9855595667871,0.17199440536760383,3959.068181818182,8.0,13.0,29.0,277.0,22.0
17,10800.0,0.32,585.8445229681979,0.17349441550280745,3959.068181818182,9.0,11.0,30.0,283.0,22.0
17,11000.0,0.32,591.748275862069,0.17475118075122129,3959.068181818182,7.0,13.0,30.0,290.0,22.0
17,11200.0,0.34,590.2755102040817,0.17487280319461618,3959.068181818182,9.0,11.0,30.0,294.0,22.0
17,11400.0,0.34,588.3687707641196,0.1763728133298198,3959.068181818182,9.0,11.0,30.0,301.0,22.0
17,11600.0,0.32,589.4348534201954,0.17799444590841831,3959.068181818182,10.0,11.0,29.0,307.0,22.0
17,11800.0,0.34,590.6182108626198,0.17631200210812234,3959.068181818182,10.0,11.0,29.0,313.0,22.0
17,12000.0,0.34,589.5474683544304,0.17619037966472748,3959.068181818182,11.0,10.0,29.0,316.0,22.0
17,12200.0,0.34,592.5202492211838,0.17574443070561288,4315.521739130435,10.0,11.0,29.0,321.0,23.0
17,12400.0,0.34,592.2837423312883,0.1734538746883425,4315.521739130435,9.0,12.0,29.0,326.0,23.0
17,12600.0,0.32,590.2874251497007,0.17308900735815783,4315.521739130435,9.0,12.0,29.0,334.0,23.0
17,12800.0,0.32,587.5248538011696,0.17424442057040926,4315.521739130435,8.0,13.0,29.0,342.0,23.0
17,13000.0,0.32,584.5601719197708,0.17319035939432023,4315.521739130435,10.0,11.0,29.0,349.0,23.0
17,13200.0,0.32,582.1243016759777,0.17621065007195993,4315.521739130435,9.0,12.0,29.0,358.0,23.0
17,13400.0,0.34,578.9617486338798,0.179413374414692,4315.521739130435,11.0,10.0,29.0,366.0,23.0
17,13600.0,0.32,580.8089430894308,0.17987959378103907,4315.521739130435,10.0,12.0,28.0,369.0,23.0
17,13800.0,0.34,576.9813829787234,0.1787444509760201,4315.521739130435,8.0,13.0,29.0,376.0,23.0
17,14000.0,0.34,576.2480314960629,0.18099446617882553,4315.521739130435,9.0,13.0,28.0,381.0,23.0
17,14200.0,0.32,578.9597402597402,0.18087284373543064,4315.521739130435,10.0,12.0,28.0,385.0,23.0
17,14400.0,0.34,579.9351145038167,0.17775120102162853,4732.458333333333,9.0,14.0,27.0,393.0,24.0
17,14600.0,0.34,575.645,0.18069041007033831,4732.458333333333,9.0,14.0,27.0,400.0,24.0
17,14800.0,0.32,574.7813267813268,0.1840552976709302,5132.7,9.0,14.0,27.0,407.0,25.0
17,15000.0,0.32,575.3789346246973,0.18322421097439848,5132.7,9.0,14.0,27.0,413.0,25.0
17,15200.0,0.34,572.922619047619,0.18008229785336388,5132.7,10.0,13.0,27.0,420.0,25.0
17,15400.0,0.34,573.1717289719626,0.17967688970871426,5132.7,10.0,13.0,27.0,428.0,25.0
17,15600.0,0.34,569.2006880733945,0.17675795106723693,5132.7,7.0,16.0,27.0,436.0,25.0
17,15800.0,0.34,569.2214611872146,0.17878499179048507,5132.7,10.0,14.0,26.0,438.0,25.0
17,16000.0,0.34,566.9598214285714,0.1774471449131413,5132.7,10.0,14.0,26.0,448.0,25.0
18,0.0,0.0,nan,0.015202805424360975,nan,0.0,0.0,50.0,0.0,0.0
18,200.0,0.12,83.5,0.027648835465104493,nan,0.0,7.0,43.0,2.0,0.0
18,400.0,0.3,109.25,0.04901384468813978,348.5,1.0,10.0,39.0,4.0,1.0
18,600.0,0.36,109.25,0.07325725173818742,348.5,1.0,11.0,38.0,4.0,1.0
18,800.0,0.36,237.5,0.09666957209170332,646.2,5.0,7.0,38.0,5.0,5.0
18,1000.0,0.36,361.8125,0.11693997932418462,768.3888888888889,9.0,4.0,37.0,8.0,9.0
18,1200.0,0.36,423.6666666666667,0.13781849877364036,794.8,10.0,3.0,37.0,9.0,10.0
18,1400.0,0.34,531.5,0.15178480935681998,841.5,11.0,2.0,37.0,12.0,11.0
18,1600.0,0.34,663.6875,0.16114973749822634,934.8846153846154,13.0,0.0,37.0,16.0,13.0
18,1800.0,0.34,756.2173913043479,0.16743356374029555,934.8846153846154,12.0,1.0,37.0,23.0,13.0
18,2000.0,0.34,799.0185185185185,0.1690146555044291,934.8846153846154,12.0,1.0,37.0,27.0,13.0
18,2200.0,0.36,814.9571428571429,0.16554841586767477,934.8846153846154,11.0,2.0,37.0,35.0,13.0
18,2400.0,0.34,754.6463414634146,0.1608659517969716,934.8846153846154,11.0,3.0,36.0,41.0,13.0
18,2600.0,0.36,758.2727272727273,0.15853485496523625,934.8846153846154,10.0,4.0,36.0,44.0,13.0
18,2800.0,0.34,743.14,0.15466320718383234,934.8846153846154,10.0,4.0,36.0,50.0,13.0
18,3000.0,0.36,746.6636363636363,0.15563618673099142,1071.7142857142858,10.0,4.0,36.0,55.0,14.0
18,3200.0,0.34,718.8467741935484,0.15612267650457098,1071.7142857142858,10.0,6.0,34.0,62.0,14.0
18,3400.0,0.36,713.9461538461538,0.15656862546368558,1071.7142857142858,10.0,6.0,34.0,65.0,14.0
18,3600.0,0.36,712.2361111111111,0.1552307785863418,1229.5,11.0,5.0,34.0,72.0,15.0
18,3800.0,0.36,731.94,0.15431861026088015,1229.5,12.0,4.0,34.0,75.0,15.0
18,4000.0,0.36,718.375,0.15225102872316704,1229.5,12.0,4.0,34.0,84.0,15.0
18,4200.0,0.36,699.3532608695652,0.15591997243224617,1229.5,13.0,3.0,34.0,92.0,15.0
18,4400.0,0.34,674.0792079207921,0.15474428881276225,1229.5,13.0,2.0,35.0,101.0,15.0
18,4600.0,0.36,662.7129629629629,0.1585956661869337,1229.5,11.0,6.0,33.0,108.0,15.0
18,4800.0,0.36,647.3070175438596,0.1643321914337259,1229.5,10.0,7.0,33.0,114.0,15.0
18,5000.0,0.36,649.4008620689655,0.16534571179534996,1229.5,9.0,8.0,33.0,116.0,15.0
18,5200.0,0.36,644.5819672131148,0.1636835384022865,1474.8125,10.0,7.0,33.0,122.0,16.0
18,5400.0,0.36,639.0403225806451,0.16451462509881823,1695.9705882352941,11.0,6.0,33.0,124.0,17.0
18,5600.0,0.36,635.7007874015748,0.16196055378752558,1695.9705882352941,11.0,6.0,33.0,127.0,17.0
18,5800.0,0.34,648.7065217391304,0.16299434455638215,1695.9705882352941,9.0,8.0,33.0,138.0,17.0
18,6000.0,0.36,648.9236111111111,0.16275109966959236,1695.9705882352941,10.0,7.0,33.0,144.0,17.0
18,6200.0,0.34,657.3355704697987,0.16751464536922547,1695.9705882352941,12.0,5.0,33.0,149.0,17.0
18,6400.0,0.36,654.7941176470588,0.1707173697119575,1695.9705882352941,12.0,5.0,33.0,153.0,17.0
18,6600.0,0.34,647.8481012658228,0.1717106196663491,1695.9705882352941,10.0,7.0,33.0,158.0,17.0
18,6800.0,0.36,644.2329192546584,0.17002817586605315,1695.9705882352941,11.0,6.0,33.0,161.0,17.0
18,7000.0,0.36,647.7218934911242,0.16666328826546126,1695.9705882352941,11.0,7.0,32.0,169.0,17.0
18,7200.0,0.28,638.7826086956521,0.16783897188494518,1695.9705882352941,11.0,7.0,32.0,184.0,17.0
18,7400.0,0.36,636.3174603174604,0.16842681369468712,1695.9705882352941,11.0,7.0,32.0,189.0,17.0
18,7600.0,0.34,623.1884422110553,0.16664301785822877,2019.9722222222222,10.0,8.0,32.0,199.0,18.0
18,7800.0,0.36,607.0909090909091,0.1647781403928405,2019.9722222222222,10.0,8.0,32.0,209.0,18.0
18,8000.0,0.34,604.1325581395349,0.16688626274501855,2019.9722222222222,11.0,8.0,31.0,215.0,18.0
18,8200.0,0.36,598.6538461538462,0.16862951776701193,2019.9722222222222,10.0,9.0,31.0,221.0,18.0
18,8400.0,0.34,590.9978165938865,0.16919708916952142,2019.9722222222222,11.0,9.0,30.0,229.0,18.0
18,8600.0,0.34,598.2628205128206,0.16960249731417104,2019.9722222222222,10.0,10.0,30.0,234.0,18.0
18,8800.0,0.34,592.9291666666667,0.17239981351225347,2375.684210526316,11.0,10.0,29.0,240.0,19.0
18,9000.0,0.32,584.0665322580645,0.1764944357732147,2705.425,12.0,10.0,28.0,248.0,20.0
18,9200.0,0.32,584.94140625,0.1814606855451726,2705.425,10.0,12.0,28.0,256.0,20.0
18,9400.0,0.36,578.8707224334601,0.18255528753572658,2705.425,9.0,13.0,28.0,263.0,20.0
18,9600.0,0.34,580.1123595505618,0.18229177224170434,3024.4285714285716,10.0,12.0,28.0,267.0,21.0
18,9800.0,0.36,582.452380952381,0.1812579814728478,3024.4285714285716,10.0,11.0,29.0,273.0,21.0
18,10000.0,0.36,585.3896797153025,0.18334583341779337,3024.4285714285716,10.0,10.0,30.0,281.0,21.0
18,10200.0,0.34,581.8070175438596,0.1835282670828857,3024.4285714285716,10.0,10.0,30.0,285.0,21.0
18,10400.0,0.36,577.9513888888889,0.18371070074797802,3024.4285714285716,11.0,8.0,31.0,288.0,21.0
18,10600.0,0.36,585.9478114478114,0.17878499179048507,3360.9545454545455,11.0,8.0,31.0,297.0,22.0
18,10800.0,0.36,588.3609271523179,0.17673768066000445,3360.9545454545455,10.0,9.0,31.0,302.0,22.0
18,11000.0,0.34,584.4,0.17446739504996656,3360.9545454545455,10.0,10.0,30.0,315.0,22.0
18,11200.0,0.34,579.0698757763976,0.17718362961911904,3360.9545454545455,11.0,9.0,30.0,322.0,22.0
18,11400.0,0.36,575.459090909091,0.17720390002635153,3360.9545454545455,10.0,11.0,29.0,330.0,22.0
18,11600.0,0.36,573.7739520958083,0.1758255123345428,3360.9545454545455,11.0,10.0,29.0,334.0,22.0
18,11800.0,0.34,566.3126801152738,0.17817687957351064,3720.0,10.0,11.0,29.0,347.0,23.0
18,12000.0,0.34,566.4733893557423,0.18364988952628059,4062.2083333333335,11.0,10.0,29.0,357.0,24.0
18,12200.0,0.36,563.3130193905818,0.18480530273853202,4062.2083333333335,12.0,9.0,29.0,361.0,24.0
18,12400.0,0.36,559.2404891304348,0.1834066446394908,4062.2083333333335,12.0,9.0,29.0,368.0,24.0
18,12600.0,0.36,559.3617021276596,0.18646747613159548,4062.2083333333335,12.0,10.0,28.0,376.0,24.0
18,12800.0,0.34,561.0672823218997,0.18971074128879248,4062.2083333333335,12.0,10.0,28.0,379.0,24.0
18,13000.0,0.36,556.1476683937824,0.18865668011270345,4062.2083333333335,11.0,11.0,28.0,386.0,24.0
18,13200.0,0.36,552.646835443038,0.1876431597510794,4420.62,14.0,8.0,28.0,395.0,25.0
18,13400.0,0.36,551.7699004975125,0.1876431597510794,4420.62,11.0,11.0,28.0,402.0,25.0
18,13600.0,0.36,549.35,0.1889404658139582,4420.62,11.0,11.0,28.0,410.0,25.0
18,13800.0,0.34,553.9714964370546,0.19139318508908845,4420.62,12.0,10.0,28.0,421.0,25.0
18,14000.0,0.34,553.1706161137441,0.19137291468185597,4420.62,10.0,12.0,28.0,422.0,25.0
18,14200.0,0.36,555.3855140186915,0.19212291974945778,4420.62,12.0,10.0,28.0,428.0,25.0
18,14400.0,0.34,553.2282110091743,0.19329860336894167,4420.62,12.0,10.0,28.0,436.0,25.0
18,14600.0,0.34,554.2522727272727,0.1914337259035534,4420.62,11.0,11.0,28.0,440.0,25.0
18,14800.0,0.34,554.207399103139,0.18845397604037864,4420.62,12.0,10.0,28.0,446.0,25.0
18,15000.0,0.34,553.2543859649123,0.18624450165203818,4420.62,9.0,14.0,27.0,456.0,25.0
18,15200.0,0.36,553.4837310195228,0.18314312934546856,4420.62,10.0,13.0,27.0,461.0,25.0
18,15400.0,0.34,551.4036402569593,0.18085257332819815,4420.62,10.0,13.0,27.0,467.0,25.0
18,15600.0,0.34,551.1831578947368,0.17925121115683215,4420.62,11.0,12.0,27.0,475.0,25.0
18,15800.0,0.36,552.6600831600831,0.1834269150467233,4420.62,11.0,13.0,26.0,481.0,25.0
18,16000.0,0.36,553.8927835051546,0.18510935884701923,4420.62,10.0,14.0,26.0,485.0,25.0
19,0.0,0.0,nan,0.015202805424360975,nan,0.0,0.0,50.0,0.0,0.0
19,200.0,0.14,2.5,0.027527213021709605,nan,0.0,6.0,44.0,1.0,0.0
19,400.0,0.32,2.5,0.05537875255913891,nan,0.0,13.0,37.0,1.0,0.0
19,600.0,0.36,245.0,0.08558165933553605,528.0,3.0,10.0,37.0,2.0,3.0
19,800.0,0.34,292.5,0.10966290312772384,579.5,4.0,9.0,37.0,6.0,4.0
19,1000.0,0.36,430.0,0.13021709606145987,754.5555555555555,9.0,4.0,37.0,8.0,9.0
19,1200.0,0.38,451.15,0.14414286583017452,832.7083333333334,12.0,1.0,37.0,10.0,12.0
19,1400.0,0.38,522.1363636363636,0.154987533699552,832.7083333333334,12.0,1.0,37.0,11.0,12.0
19,1600.0,0.36,748.2105263157895,0.16005513550767234,832.7083333333334,12.0,1.0,37.0,19.0,12.0
19,1800.0,0.38,806.6206896551724,0.16155514564287596,832.7083333333334,12.0,2.0,36.0,29.0,12.0
19,2000.0,0.36,720.8846153846154,0.16419029858309853,832.7083333333334,12.0,2.0,36.0,39.0,12.0
19,2200.0,0.38,681.3488372093024,0.1645551659132832,832.7083333333334,11.0,3.0,36.0,43.0,12.0
19,2400.0,0.38,653.2765957446809,0.166399772971439,832.7083333333334,10.0,4.0,36.0,47.0,12.0
19,2600.0,0.38,639.6826923076923,0.16840654328745464,953.5384615384615,11.0,4.0,35.0,52.0,13.0
19,2800.0,0.38,661.3660714285714,0.1683457320657572,953.5384615384615,11.0,4.0,35.0,56.0,13.0
19,3000.0,0.38,656.1583333333333,0.16518354853749012,1213.8,12.0,3.0,35.0,60.0,15.0
19,3200.0,0.38,665.7714285714286,0.16741329333306307,1213.8,12.0,3.0,35.0,70.0,15.0
19,3400.0,0.38,669.6666666666666,0.16838627288022218,1213.8,12.0,3.0,35.0,75.0,15.0
19,3600.0,0.36,660.8795180722891,0.16753491577645796,1213.8,11.0,4.0,35.0,83.0,15.0
19,3800.0,0.34,651.0730337078652,0.1698660126081933,1213.8,11.0,4.0,35.0,89.0,15.0
19,4000.0,0.36,651.3085106382979,0.16915654835505645,1213.8,11.0,4.0,35.0,94.0,15.0
19,4200.0,0.38,641.9387755102041,0.1669268035594835,1213.8,10.0,5.0,35.0,98.0,15.0
19,4400.0,0.38,638.7028301886793,0.16319704862870696,1213.8,10.0,5.0,35.0,106.0,15.0
19,4600.0,0.38,648.4954954954954,0.16005513550767234,1213.8,11.0,4.0,35.0,111.0,15.0
19,4800.0,0.34,649.0652173913044,0.15561591632375896,1213.8,11.0,4.0,35.0,115.0,15.0
19,5000.0,0.36,650.3951612903226,0.14925100845275982,1213.8,10.0,6.0,34.0,124.0,15.0
19,5200.0,0.38,657.824427480916,0.15216994709423712,1213.8,9.0,8.0,33.0,131.0,15.0
19,5400.0,0.38,635.9136690647482,0.1571970080878925,1213.8,8.0,10.0,32.0,139.0,15.0
19,5600.0,0.38,636.5034965034965,0.16536598220258245,1484.625,11.0,7.0,32.0,143.0,16.0
19,5800.0,0.38,639.6904761904761,0.16581193116169704,1484.625,9.0,10.0,31.0,147.0,16.0
19,6000.0,0.38,633.93,0.17156872681572172,1967.361111111111,11.0,8.0,31.0,150.0,18.0
19,6200.0,0.38,643.2077922077922,0.17428496138487423,1967.361111111111,9.0,10.0,31.0,154.0,18.0
19,6400.0,0.38,648.90625,0.17467009912229137,2194.2894736842104,11.0,8.0,31.0,160.0,19.0
19,6600.0,0.38,656.0993975903615,0.17250116554841588,2194.2894736842104,11.0,8.0,31.0,166.0,19.0
19,6800.0,0.36,655.6666666666666,0.17014979830944804,2194.2894736842104,9.0,10.0,31.0,174.0,19.0
19,7000.0,0.36,647.4078212290502,0.17254170636288083,2194.2894736842104,9.0,10.0,31.0,179.0,19.0
19,7200.0,0.36,648.0380434782609,0.17100115541321226,2194.2894736842104,9.0,10.0,31.0,184.0,19.0
19,7400.0,0.38,647.4148936170212,0.16595382401232442,2194.2894736842104,8.0,11.0,31.0,188.0,19.0
19,7600.0,0.36,649.4472361809045,0.16220379867431536,2194.2894736842104,8.0,12.0,30.0,199.0,19.0
19,7800.0,0.38,642.8658536585366,0.16317677822147447,2194.2894736842104,8.0,12.0,30.0,205.0,19.0
19,8000.0,0.38,634.5966981132076,0.16256866600450004,2478.125,10.0,10.0,30.0,212.0,20.0
19,8200.0,0.34,642.2201834862385,0.16372407921675147,2478.125,9.0,11.0,30.0,218.0,20.0
19,8400.0,0.38,635.329596412556,0.1609875742403665,2478.125,9.0,11.0,30.0,223.0,20.0
19,8600.0,0.38,635.4519650655022,0.16015648754383477,2478.125,9.0,11.0,30.0,229.0,20.0
19,8800.0,0.36,630.7763713080169,0.16153487523564347,2478.125,10.0,11.0,29.0,237.0,20.0
19,9000.0,0.36,625.7874493927126,0.16629842093527658,2478.125,10.0,11.0,29.0,247.0,20.0
19,9200.0,0.38,624.115234375,0.16700788518841345,2478.125,10.0,11.0,29.0,256.0,20.0
19,9400.0,0.34,621.3555133079848,0.16798086473557253,2807.0,12.0,9.0,29.0,263.0,21.0
19,9600.0,0.36,614.4132841328413,0.16826465043682728,2807.0,11.0,10.0,29.0,271.0,21.0
19,9800.0,0.34,605.7669039145908,0.1712646707072345,2807.0,11.0,10.0,29.0,281.0,21.0
19,10000.0,0.38,601.9055944055945,0.17197413496037137,2807.0,12.0,9.0,29.0,286.0,21.0
19,10200.0,0.34,604.8105802047781,0.17209575740376623,2807.0,12.0,9.0,29.0,293.0,21.0
19,10400.0,0.38,602.9493243243244,0.1717106196663491,2807.0,10.0,10.0,30.0,296.0,21.0
19,10600.0,0.36,607.0213114754098,0.16556868627490726,2807.0,10.0,9.0,31.0,305.0,21.0
19,10800.0,0.36,598.7524115755627,0.16228488030324528,2807.0,10.0,10.0,30.0,311.0,21.0
19,11000.0,0.38,593.953560371517,0.16187947215859566,2807.0,10.0,11.0,29.0,323.0,21.0
19,11200.0,0.36,587.3648648648649,0.16202136500922304,2807.0,9.0,12.0,29.0,333.0,21.0
19,11400.0,0.34,580.8884057971014,0.16364299758782153,2807.0,9.0,13.0,28.0,345.0,21.0
19,11600.0,0.36,575.8210227272727,0.16668355867269374,2807.0,9.0,14.0,27.0,352.0,21.0
19,11800.0,0.38,578.3543417366947,0.17458901749336145,2807.0,11.0,11.0,28.0,357.0,21.0
19,12000.0,0.36,576.7011019283747,0.18539314454827396,2807.0,13.0,9.0,28.0,363.0,21.0
19,12200.0,0.34,574.5743243243244,0.19017696065513956,3225.590909090909,13.0,9.0,28.0,370.0,22.0
19,12400.0,0.34,578.0279255319149,0.1898120933249549,3616.4347826086955,11.0,11.0,28.0,376.0,23.0
19,12600.0,0.38,574.9986979166666,0.18689315468347759,3616.4347826086955,10.0,13.0,27.0,384.0,23.0
19,12800.0,0.34,573.1628498727736,0.18219042020554194,3616.4347826086955,9.0,14.0,27.0,393.0,23.0
19,13000.0,0.38,567.6975,0.18054851721971094,3616.4347826086955,9.0,13.0,28.0,400.0,23.0
19,13200.0,0.38,566.2780487804878,0.18127825188008026,3616.4347826086955,11.0,11.0,28.0,410.0,23.0
19,13400.0,0.36,564.633971291866,0.18235258346340177,3616.4347826086955,12.0,10.0,28.0,418.0,23.0
19,13600.0,0.36,564.1596244131456,0.1798187825593416,3616.4347826086955,10.0,13.0,27.0,426.0,23.0
19,13800.0,0.38,556.1938073394496,0.179960675409969,3616.4347826086955,12.0,12.0,26.0,436.0,23.0
19,14000.0,0.36,553.6216216216217,0.17685930310339934,4045.3958333333335,10.0,14.0,26.0,444.0,24.0
19,14200.0,0.38,555.4231625835189,0.17706200717572415,4045.3958333333335,9.0,15.0,26.0,449.0,24.0
19,14400.0,0.38,554.8017621145375,0.17621065007195993,4457.52,9.0,15.0,26.0,454.0,25.0
19,14600.0,0.36,554.4278017241379,0.1725619767701133,4457.52,9.0,15.0,26.0,464.0,25.0
19,14800.0,0.38,552.3628691983122,0.17298765532199542,4457.52,9.0,16.0,25.0,474.0,25.0
19,15000.0,0.38,552.5134575569358,0.17458901749336145,4457.52,10.0,14.0,26.0,483.0,25.0
19,15200.0,0.38,549.714867617108,0.17762957857823364,4457.52,10.0,13.0,27.0,491.0,25.0
19,15400.0,0.36,547.0965794768612,0.18089311414266313,4457.52,10.0,14.0,26.0,497.0,25.0
19,15600.0,0.36,545.927435387674,0.18194717531875215,4457.52,10.0,15.0,25.0,503.0,25.0
19,15800.0,0.36,546.0,0.17862282853262523,4890.25,10.0,14.0,26.0,510.0,26.0
19,16000.0,0.38,546.0086872586872,0.1760484868141001,4890.25,10.0,14.0,26.0,518.0,26.0
20,0.0,0.0,nan,0.015202805424360975,nan,0.0,0.0,50.0,0.0,0.0
20,200.0,0.18,40.25,0.032229947499645265,nan,0.0,9.0,41.0,2.0,0.0
20,400.0,0.34,41.0,0.05805444631382645,nan,0.0,12.0,38.0,3.0,0.0
20,600.0,0.38,128.5,0.0896357407820323,nan,0.0,13.0,37.0,4.0,0.0
20,800.0,0.4,178.8,0.11639267832890762,724.1666666666666,3.0,11.0,36.0,5.0,3.0
20,1000.0,0.4,303.8125,0.1381022844748951,820.6666666666666,9.0,5.0,36.0,8.0,9.0
20,1200.0,0.4,433.1818181818182,0.1543591510753451,890.75,10.0,5.0,35.0,11.0,12.0
20,1400.0,0.38,449.2142857142857,0.1698660126081933,916.3846153846154,11.0,4.0,35.0,14.0,13.0
20,1600.0,0.38,713.175,0.1845012466300448,916.3846153846154,11.0,5.0,34.0,20.0,13.0
20,1800.0,0.38,828.5357142857143,0.19058236879978918,916.3846153846154,12.0,4.0,34.0,28.0,13.0
20,2000.0,0.38,754.2837837837837,0.190785072872114,984.5714285714286,13.0,4.0,33.0,37.0,14.0
20,2200.0,0.4,717.2142857142857,0.1923256238217826,1054.9,14.0,3.0,33.0,42.0,15.0
20,2400.0,0.4,714.8478260869565,0.18865668011270345,1128.25,14.0,3.0,33.0,46.0,16.0
20,2600.0,0.38,689.3148148148148,0.18845397604037864,1128.25,13.0,3.0,34.0,54.0,16.0
20,2800.0,0.4,694.457627118644,0.19084588409381145,1128.25,12.0,5.0,33.0,59.0,16.0
20,3000.0,0.4,689.016129032258,0.18975128210325745,1128.25,13.0,4.0,33.0,62.0,16.0
20,3200.0,0.38,707.6304347826087,0.1916364299758782,1249.7941176470588,14.0,3.0,33.0,69.0,17.0
20,3400.0,0.4,699.8815789473684,0.19216346056392272,1249.7941176470588,13.0,4.0,33.0,76.0,17.0
20,3600.0,0.38,711.1,0.19157561875418078,1249.7941176470588,13.0,4.0,33.0,85.0,17.0
20,3800.0,0.4,693.1483516483516,0.19222427178562018,1249.7941176470588,14.0,3.0,33.0,91.0,17.0
20,4000.0,0.4,694.265625,0.19001479739727972,1249.7941176470588,12.0,5.0,33.0,96.0,17.0
20,4200.0,0.36,681.1732673267327,0.18510935884701923,1249.7941176470588,13.0,4.0,33.0,101.0,17.0
20,4400.0,0.4,669.0045454545455,0.18133906310177772,1249.7941176470588,12.0,6.0,32.0,110.0,17.0
20,4600.0,0.36,665.2773109243698,0.17793363468672085,1249.7941176470588,9.0,9.0,32.0,119.0,17.0
20,4800.0,0.4,658.6626984126984,0.1791701295279022,1249.7941176470588,12.0,6.0,32.0,126.0,17.0
20,5000.0,0.4,655.7384615384616,0.18474449151683459,1455.361111111111,15.0,4.0,31.0,130.0,18.0
20,5200.0,0.4,652.6407407407407,0.19260940952303732,1455.361111111111,13.0,6.0,31.0,135.0,18.0
20,5400.0,0.4,650.8229166666666,0.20061622037986743,1656.078947368421,13.0,6.0,31.0,144.0,19.0
20,5600.0,0.4,639.8833333333333,0.2081162710558855,1656.078947368421,13.0,6.0,31.0,150.0,19.0
20,5800.0,0.36,645.6687898089172,0.20754869965337602,1656.078947368421,13.0,6.0,31.0,157.0,19.0
20,6000.0,0.4,640.675925925926,0.20341353657794986,1656.078947368421,11.0,9.0,30.0,162.0,19.0
20,6200.0,0.38,626.3859649122807,0.2016297407414915,1656.078947368421,11.0,9.0,30.0,171.0,19.0
20,6400.0,0.38,616.775,0.19492023594754018,1656.078947368421,10.0,10.0,30.0,180.0,19.0
20,6600.0,0.4,612.4973544973545,0.1856972006567612,1656.078947368421,11.0,9.0,30.0,189.0,19.0
20,6800.0,0.4,608.2788944723618,0.18202825694768207,1656.078947368421,9.0,11.0,30.0,199.0,19.0
20,7000.0,0.4,605.8251231527094,0.18391340482030283,1656.078947368421,11.0,10.0,29.0,203.0,19.0
20,7200.0,0.4,602.1,0.18561611902783126,1656.078947368421,9.0,12.0,29.0,210.0,19.0
20,7400.0,0.4,602.6559633027523,0.1877445117872418,1656.078947368421,11.0,11.0,28.0,218.0,19.0
20,7600.0,0.4,607.3995535714286,0.19281211359536213,1656.078947368421,12.0,11.0,27.0,224.0,19.0
20,7800.0,0.38,606.91341991342,0.19787971540348245,1656.078947368421,10.0,13.0,27.0,231.0,19.0
20,8000.0,0.4,603.9558823529412,0.20092027648835464,1965.5,11.0,12.0,27.0,238.0,20.0
20,8200.0,0.36,599.9367346938775,0.20414327123831918,2259.285714285714,13.0,10.0,27.0,245.0,21.0
20,8400.0,0.38,596.3996062992126,0.1999067561267306,2259.285714285714,11.0,12.0,27.0,254.0,21.0
20,8600.0,0.4,591.9488636363636,0.20035270508584518,2259.285714285714,12.0,11.0,27.0,264.0,21.0
20,8800.0,0.4,587.3796296296297,0.19820404191920216,2259.285714285714,10.0,13.0,27.0,270.0,21.0
20,9000.0,0.4,585.3745583038869,0.19593375630916426,2259.285714285714,11.0,13.0,26.0,283.0,21.0
20,9200.0,0.38,583.3003472222222,0.19950134798208097,2259.285714285714,10.0,13.0,27.0,288.0,21.0
20,9400.0,0.36,580.2508474576272,0.20027162345691524,2259.285714285714,9.0,13.0,28.0,295.0,21.0
20,9600.0,0.4,577.505,0.19942026635315102,2259.285714285714,10.0,12.0,28.0,300.0,21.0
20,9800.0,0.38,574.7435064935065,0.19848782762045689,2593.9772727272725,12.0,10.0,28.0,308.0,22.0
20,10000.0,0.38,578.339116719243,0.1972918735937405,2593.9772727272725,11.0,12.0,27.0,317.0,22.0
20,10200.0,0.4,577.9380804953561,0.2007783836377273,2593.9772727272725,11.0,11.0,28.0,323.0,22.0
20,10400.0,0.4,576.3621212121212,0.20523787322887316,2593.9772727272725,11.0,11.0,28.0,330.0,22.0
20,10600.0,0.4,578.5358208955224,0.20633247521942716,2593.9772727272725,11.0,11.0,28.0,335.0,22.0
20,10800.0,0.4,578.3920118343195,0.20469057223359619,2947.521739130435,11.0,11.0,28.0,338.0,23.0
20,11000.0,0.36,574.7118155619596,0.2034540773924148,2947.521739130435,10.0,12.0,28.0,347.0,23.0
20,11200.0,0.4,581.2330508474577,0.20225812336569843,2947.521739130435,10.0,12.0,28.0,354.0,23.0
20,11400.0,0.4,579.7983425414365,0.19852836843492186,2947.521739130435,10.0,13.0,27.0,362.0,23.0
20,11600.0,0.4,579.4019073569482,0.19755538888776275,2947.521739130435,10.0,13.0,27.0,367.0,23.0
20,11800.0,0.4,576.379679144385,0.19518375124156245,3315.1666666666665,9.0,14.0,27.0,374.0,24.0
20,12000.0,0.38,575.062827225131,0.1928526544098271,3315.1666666666665,11.0,12.0,27.0,382.0,24.0
20,12200.0,0.4,574.2043701799486,0.1917580524192731,3315.1666666666665,9.0,14.0,27.0,389.0,24.0
20,12400.0,0.38,577.354114713217,0.1955688889789796,3315.1666666666665,10.0,14.0,26.0,401.0,24.0
20,12600.0,0.4,575.4742014742014,0.2044675977540389,3315.1666666666665,10.0,14.0,26.0,407.0,24.0
20,12800.0,0.4,573.7846715328467,0.2086635720511625,3315.1666666666665,14.0,10.0,26.0,411.0,24.0
20,13000.0,0.4,574.0131578947369,0.20710275069426146,3701.82,15.0,9.0,26.0,418.0,25.0
20,13200.0,0.36,573.4264018691589,0.20341353657794986,3701.82,13.0,11.0,26.0,428.0,25.0
20,13400.0,0.36,569.4029680365297,0.20201487847890864,3701.82,10.0,15.0,25.0,438.0,25.0
20,13600.0,0.36,561.2122222222222,0.20122433259684186,3701.82,10.0,14.0,26.0,450.0,25.0
20,13800.0,0.4,559.6334792122539,0.19725133277927553,3701.82,11.0,15.0,24.0,457.0,25.0
20,14000.0,0.4,561.4720430107527,0.19950134798208097,3701.82,12.0,14.0,24.0,465.0,25.0
20,14200.0,0.4,562.1183932346723,0.20246082743802324,3701.82,12.0,14.0,24.0,473.0,25.0
20,14400.0,0.38,555.4948453608248,0.207041939472564,4107.326923076923,11.0,15.0,24.0,485.0,26.0
20,14600.0,0.4,553.6936475409836,0.21079196481057305,4107.326923076923,10.0,16.0,24.0,488.0,26.0
20,14800.0,0.4,553.5983935742972,0.21034601585145846,4107.326923076923,10.0,16.0,24.0,498.0,26.0
20,15000.0,0.38,553.8429423459245,0.20827843431374538,4107.326923076923,11.0,14.0,25.0,503.0,26.0
20,15200.0,0.4,552.34046692607,0.2056432813735228,4107.326923076923,11.0,13.0,26.0,514.0,26.0
20,15400.0,0.4,548.2208413001912,0.20556219974459286,4107.326923076923,11.0,13.0,26.0,523.0,26.0
20,15600.0,0.38,552.2099811676082,0.20471084264082864,4107.326923076923,12.0,12.0,26.0,531.0,26.0
20,15800.0,0.36,549.8724394785847,0.20349461820687978,4107.326923076923,11.0,14.0,25.0,537.0,26.0
20,16000.0,0.38,553.2086397058823,0.2051162507854783,4107.326923076923,11.0,14.0,25.0,544.0,26.0
21,0.0,0.0,nan,0.015202805424360975,nan,0.0,0.0,50.0,0.0,0.0
21,200.0,0.22,6.5,0.026574503881782986,nan,0.0,6.0,44.0,2.0,0.0
21,400.0,0.3,128.625,0.05316927817079845,nan,0.0,11.0,39.0,4.0,0.0
21,600.0,0.4,200.1,0.0792370218717694,456.25,2.0,12.0,36.0,5.0,2.0
21,800.0,0.42,224.83333333333334,0.10520341353657794,573.375,4.0,10.0,36.0,6.0,4.0
21,1000.0,0.38,348.55555555555554,0.12656842275961325,694.0714285714286,7.0,7.0,36.0,9.0,7.0
21,1200.0,0.42,375.1818181818182,0.1437577280927574,839.3636363636364,11.0,3.0,36.0,11.0,11.0
21,1400.0,0.42,456.89285714285717,0.1600145946932074,872.2083333333334,12.0,2.0,36.0,14.0,12.0
21,1600.0,0.32,651.4565217391304,0.1690146555044291,922.4615384615385,13.0,1.0,36.0,23.0,13.0
21,1800.0,0.42,690.5645161290323,0.17469036952952385,922.4615384615385,13.0,2.0,35.0,31.0,13.0
21,2000.0,0.42,697.3589743589744,0.17643362455151723,922.4615384615385,13.0,1.0,36.0,39.0,13.0
21,2200.0,0.4,675.1195652173913,0.17935256319299456,1012.4285714285714,14.0,0.0,36.0,46.0,14.0
21,2400.0,0.42,668.9,0.17793363468672085,1012.4285714285714,14.0,0.0,36.0,50.0,14.0
21,2600.0,0.4,693.0727272727273,0.1790687774917398,1012.4285714285714,13.0,1.0,36.0,55.0,14.0
21,2800.0,0.4,673.7539682539683,0.18344718545395577,1012.4285714285714,12.0,3.0,35.0,63.0,14.0
21,3000.0,0.42,690.5,0.18367015993351307,1012.4285714285714,11.0,4.0,35.0,68.0,14.0
21,3200.0,0.4,694.830985915493,0.18332556301056088,1012.4285714285714,11.0,4.0,35.0,71.0,14.0
21,3400.0,0.38,698.820987654321,0.18589990472908602,1012.4285714285714,12.0,4.0,34.0,81.0,14.0
21,3600.0,0.42,697.7732558139535,0.18642693531713053,1012.4285714285714,12.0,4.0,34.0,86.0,14.0
21,3800.0,0.42,699.8440860215054,0.18642693531713053,1193.4,13.0,4.0,33.0,93.0,15.0
21,4000.0,0.42,692.2295918367347,0.18279853242251637,1193.4,11.0,6.0,33.0,98.0,15.0
21,4200.0,0.42,676.2028301886793,0.17910931830620477,1193.4,9.0,8.0,33.0,106.0,15.0
21,4400.0,0.38,656.1186440677966,0.1764741653659822,1390.4375,10.0,7.0,33.0,118.0,16.0
21,4600.0,0.36,647.892,0.1770417367684917,1390.4375,10.0,8.0,32.0,125.0,16.0
21,4800.0,0.42,644.7328244274809,0.1825350171284941,1390.4375,11.0,7.0,32.0,131.0,16.0
21,5000.0,0.42,650.7814814814815,0.18646747613159548,1601.1764705882354,13.0,5.0,32.0,135.0,17.0
21,5200.0,0.42,656.8561151079136,0.18910262907181805,1601.1764705882354,13.0,5.0,32.0,139.0,17.0
21,5400.0,0.42,646.8243243243244,0.18924452192244542,1601.1764705882354,13.0,5.0,32.0,148.0,17.0
21,5600.0,0.42,631.3987341772151,0.19236616463624753,1601.1764705882354,13.0,7.0,30.0,158.0,17.0
21,5800.0,0.42,634.153125,0.1922040013783877,1601.1764705882354,12.0,8.0,30.0,160.0,17.0
21,6000.0,0.42,641.1871165644171,0.19216346056392272,1601.1764705882354,12.0,8.0,30.0,163.0,17.0
21,6200.0,0.38,640.4540229885057,0.18735937404982467,2079.7105263157896,13.0,7.0,30.0,174.0,19.0
21,6400.0,0.42,633.4375,0.18539314454827396,2079.7105263157896,12.0,9.0,29.0,184.0,19.0
21,6600.0,0.42,624.9088541666666,0.18533233332657653,2079.7105263157896,12.0,9.0,29.0,192.0,19.0
21,6800.0,0.38,624.576354679803,0.1829809660876087,2079.7105263157896,11.0,10.0,29.0,203.0,19.0
21,7000.0,0.42,621.0070754716982,0.18529179251211156,2079.7105263157896,11.0,11.0,28.0,212.0,19.0
21,7200.0,0.4,616.2945205479452,0.18971074128879248,2079.7105263157896,10.0,11.0,29.0,219.0,19.0
21,7400.0,0.4,610.0704845814978,0.1915553483469483,2344.95,10.0,12.0,28.0,227.0,20.0
21,7600.0,0.4,608.1297872340425,0.19404860843654348,2585.9761904761904,12.0,10.0,28.0,235.0,21.0
21,7800.0,0.42,603.40625,0.191879674862668,2585.9761904761904,10.0,12.0,28.0,240.0,21.0
21,8000.0,0.4,602.424,0.19064318002148664,2585.9761904761904,12.0,11.0,27.0,250.0,21.0
21,8200.0,0.42,601.9211538461539,0.19658240934060364,2833.8636363636365,12.0,11.0,27.0,260.0,22.0
21,8400.0,0.4,593.8801498127341,0.20394056716599437,2833.8636363636365,12.0,11.0,27.0,267.0,22.0
21,8600.0,0.42,589.4569892473119,0.20744734761721362,3079.8260869565215,13.0,10.0,27.0,279.0,23.0
21,8800.0,0.42,587.0177304964539,0.2106095311454807,3079.8260869565215,13.0,11.0,26.0,282.0,23.0
21,9000.0,0.38,584.667808219178,0.21287981675551862,3079.8260869565215,15.0,9.0,26.0,292.0,23.0
21,9200.0,0.38,579.1666666666666,0.21332576571463321,3079.8260869565215,11.0,13.0,26.0,303.0,23.0
21,9400.0,0.4,579.1826923076923,0.21460280137027954,3079.8260869565215,10.0,14.0,26.0,312.0,23.0
21,9600.0,0.42,577.7753164556962,0.2192852654409827,3343.3333333333335,14.0,10.0,26.0,316.0,24.0
21,9800.0,0.42,577.911214953271,0.22096770924127865,3343.3333333333335,12.0,12.0,26.0,321.0,24.0
21,10000.0,0.42,577.3048780487804,0.21766363286238422,3343.3333333333335,11.0,13.0,26.0,328.0,24.0
21,10200.0,0.38,582.0133928571429,0.2125960310542639,3343.3333333333335,12.0,12.0,26.0,336.0,24.0
21,10400.0,0.4,580.7346041055719,0.21415685241116494,3343.3333333333335,14.0,11.0,25.0,341.0,24.0
21,10600.0,0.4,581.704347826087,0.21460280137027954,3343.3333333333335,12.0,13.0,25.0,345.0,24.0
21,10800.0,0.4,583.0807365439093,0.21748119919729186,3637.76,14.0,10.0,26.0,353.0,25.0
21,11000.0,0.42,586.2234636871508,0.21999472969411957,3637.76,15.0,9.0,26.0,358.0,25.0
21,11200.0,0.42,587.595041322314,0.22123122453530092,3637.76,14.0,10.0,26.0,363.0,25.0
21,11400.0,0.42,588.6531165311653,0.21932580625544768,3637.76,12.0,13.0,25.0,369.0,25.0
21,11600.0,0.42,585.895778364116,0.21456226055581457,3637.76,12.0,13.0,25.0,379.0,25.0
21,11800.0,0.4,589.4252577319587,0.2149676687004642,3637.76,13.0,12.0,25.0,388.0,25.0
21,12000.0,0.42,590.2317380352645,0.21737984716112946,3953.8076923076924,14.0,11.0,25.0,397.0,26.0
21,12200.0,0.4,589.3585607940447,0.21602172987655321,3953.8076923076924,13.0,12.0,25.0,403.0,26.0
21,12400.0,0.42,584.2669902912621,0.21618389313441308,3953.8076923076924,11.0,15.0,24.0,412.0,26.0
21,12600.0,0.4,578.4383886255924,0.2161636227271806,3953.8076923076924,11.0,15.0,24.0,422.0,26.0
21,12800.0,0.4,578.0324825986079,0.21910283177589038,3953.8076923076924,11.0,15.0,24.0,431.0,26.0
21,13000.0,0.42,575.5640732265447,0.21859607159507835,3953.8076923076924,14.0,11.0,25.0,437.0,26.0
21,13200.0,0.42,577.5268456375838,0.21823120426489367,3953.8076923076924,15.0,10.0,25.0,447.0,26.0
21,13400.0,0.42,579.1074561403509,0.22100825005574362,3953.8076923076924,12.0,12.0,26.0,456.0,26.0
21,13600.0,0.4,573.8228941684665,0.22293393874282935,3953.8076923076924,14.0,10.0,26.0,463.0,26.0
21,13800.0,0.38,572.4692796610169,0.22370421421766362,3953.8076923076924,12.0,13.0,25.0,472.0,26.0
21,14000.0,0.4,570.3308977035491,0.2213528469786958,3953.8076923076924,13.0,12.0,25.0,479.0,26.0
21,14200.0,0.4,565.9429735234216,0.21904202055419295,3953.8076923076924,9.0,16.0,25.0,491.0,26.0
21,14400.0,0.42,561.5160642570281,0.21600145946932073,4339.722222222223,12.0,13.0,25.0,498.0,27.0
21,14600.0,0.4,566.0514851485149,0.2121500820951493,4339.722222222223,12.0,13.0,25.0,505.0,27.0
21,14800.0,0.38,563.3471953578337,0.20935276589706686,4339.722222222223,11.0,14.0,25.0,517.0,27.0
21,15000.0,0.4,562.5775862068965,0.2106298015527132,4339.722222222223,9.0,16.0,25.0,522.0,27.0
21,15200.0,0.4,562.406191369606,0.2085824904222326,4339.722222222223,9.0,16.0,25.0,533.0,27.0
21,15400.0,0.42,558.9453703703704,0.20961628119108913,4339.722222222223,12.0,13.0,25.0,540.0,27.0
21,15600.0,0.42,557.9863138686131,0.20738653639551619,4339.722222222223,10.0,15.0,25.0,548.0,27.0
21,15800.0,0.38,558.3660071942446,0.2040216487949243,4339.722222222223,11.0,14.0,25.0,556.0,27.0
21,16000.0,0.42,554.2179715302491,0.20246082743802324,4339.722222222223,9.0,17.0,24.0,562.0,27.0
22,0.0,0.0,nan,0.015202805424360975,nan,0.0,0.0,50.0,0.0,0.0
22,200.0,0.14,68.5,0.026169095737133358,nan,0.0,6.0,44.0,2.0,0.0
22,400.0,0.28,76.625,0.04530436016459571,nan,0.0,9.0,41.0,4.0,0.0
22,600.0,0.44,109.16666666666667,0.0692639815133886,563.75,2.0,10.0,38.0,6.0,2.0
22,800.0,0.44,175.16666666666666,0.09498712829140737,626.8333333333334,3.0,9.0,38.0,9.0,3.0
22,1000.0,0.42,226.19230769230768,0.11450753045628687,817.75,8.0,4.0,38.0,13.0,8.0
22,1200.0,0.44,305.93333333333334,0.13165629497496606,869.75,10.0,2.0,38.0,15.0,10.0
22,1400.0,0.44,435.10526315789474,0.14981857985526928,912.6818181818181,11.0,2.0,37.0,19.0,11.0
22,1600.0,0.4,500.32608695652175,0.16544706383151236,912.6818181818181,11.0,4.0,35.0,23.0,11.0
22,1800.0,0.44,655.171875,0.1727038696207407,912.6818181818181,11.0,4.0,35.0,32.0,11.0
22,2000.0,0.44,673.0,0.1787444509760201,990.875,12.0,3.0,35.0,41.0,12.0
22,2200.0,0.42,675.3404255319149,0.18221069061277442,1212.0333333333333,15.0,0.0,35.0,47.0,15.0
22,2400.0,0.44,655.46,0.184845843552997,1212.0333333333333,14.0,1.0,35.0,50.0,15.0
22,2600.0,0.44,640.844262295082,0.18610260880141083,1212.0333333333333,13.0,2.0,35.0,61.0,15.0
22,2800.0,0.42,645.544776119403,0.1898120933249549,1212.0333333333333,14.0,1.0,35.0,67.0,15.0
22,3000.0,0.44,626.4041095890411,0.1874201852715221,1212.0333333333333,13.0,2.0,35.0,73.0,15.0
22,3200.0,0.44,624.0952380952381,0.18326475178886345,1212.0333333333333,13.0,2.0,35.0,84.0,15.0
22,3400.0,0.44,650.6460674157304,0.18354853749011818,1212.0333333333333,14.0,1.0,35.0,89.0,15.0
22,3600.0,0.44,642.1010638297872,0.18506881803255426,1212.0333333333333,15.0,0.0,35.0,94.0,15.0
22,3800.0,0.44,634.465,0.18650801694606045,1212.0333333333333,14.0,2.0,34.0,100.0,15.0
22,4000.0,0.42,645.5363636363636,0.1841769201143251,1212.0333333333333,12.0,4.0,34.0,110.0,15.0
22,4200.0,0.44,632.0466101694915,0.18154176717410253,1212.0333333333333,12.0,4.0,34.0,118.0,15.0
22,4400.0,0.44,617.0714285714286,0.18466340988790464,1399.25,11.0,6.0,33.0,126.0,16.0
22,4600.0,0.44,620.9198473282443,0.18656882816775788,1399.25,11.0,6.0,33.0,131.0,16.0
22,4800.0,0.44,619.1268115942029,0.1884945168548436,1399.25,11.0,6.0,33.0,138.0,16.0
22,5000.0,0.44,627.1275862068966,0.18506881803255426,1399.25,11.0,7.0,32.0,145.0,16.0
22,5200.0,0.4,628.6111111111111,0.18200798654044958,1399.25,11.0,7.0,32.0,153.0,16.0
22,5400.0,0.42,620.9085365853658,0.17811606835181318,1399.25,10.0,8.0,32.0,164.0,16.0
22,5600.0,0.44,612.820809248555,0.1816836600247299,1636.0294117647059,10.0,10.0,30.0,173.0,17.0
22,5800.0,0.42,603.7527777777777,0.1843796241866499,1863.4444444444443,10.0,10.0,30.0,180.0,18.0
22,6000.0,0.44,593.2724867724868,0.18691342509071007,1863.4444444444443,11.0,10.0,29.0,189.0,18.0
22,6200.0,0.42,592.27,0.19358238907019643,1863.4444444444443,10.0,11.0,29.0,200.0,18.0
22,6400.0,0.42,587.0193236714975,0.19996756734842802,2099.157894736842,12.0,9.0,29.0,207.0,19.0
22,6600.0,0.44,590.3488372093024,0.21030547503699348,2099.157894736842,14.0,7.0,29.0,215.0,19.0
22,6800.0,0.42,587.2386363636364,0.21535280643788135,2099.157894736842,16.0,5.0,29.0,220.0,19.0
22,7000.0,0.42,582.5350877192982,0.21367036263758538,2335.425,18.0,3.0,29.0,228.0,20.0
22,7200.0,0.4,582.9683544303797,0.21308252082784343,2335.425,16.0,5.0,29.0,237.0,20.0
22,7400.0,0.42,580.7889344262295,0.21486631666430178,2335.425,13.0,8.0,29.0,244.0,20.0
22,7600.0,0.44,589.6587301587301,0.2149473982932317,2335.425,13.0,8.0,29.0,252.0,20.0
22,7800.0,0.44,581.683908045977,0.2149473982932317,2335.425,14.0,7.0,29.0,261.0,20.0
22,8000.0,0.42,582.6425925925926,0.21480550544260435,2599.690476190476,15.0,6.0,29.0,270.0,21.0
22,8200.0,0.4,578.7391304347826,0.21326495449293575,2599.690476190476,16.0,5.0,29.0,276.0,21.0
22,8400.0,0.44,582.3156028368794,0.21320414327123832,2599.690476190476,16.0,5.0,29.0,282.0,21.0
22,8600.0,0.42,577.360824742268,0.2122717045385442,2599.690476190476,15.0,6.0,29.0,291.0,21.0
22,8800.0,0.4,577.0033222591362,0.20902843938134716,2599.690476190476,14.0,7.0,29.0,301.0,21.0
22,9000.0,0.44,574.6770491803279,0.20452840897573632,2599.690476190476,12.0,9.0,29.0,305.0,21.0
22,9200.0,0.38,567.5636645962733,0.19952161838931345,2599.690476190476,12.0,9.0,29.0,322.0,21.0
22,9400.0,0.44,567.498475609756,0.19710943992864816,2599.690476190476,13.0,8.0,29.0,328.0,21.0
22,9600.0,0.4,564.8165680473372,0.19147426671801837,2599.690476190476,13.0,8.0,29.0,338.0,21.0
22,9800.0,0.4,555.6857142857143,0.18954857803093264,2599.690476190476,13.0,8.0,29.0,350.0,21.0
22,10000.0,0.44,559.7823033707865,0.1872174811991973,2599.690476190476,13.0,10.0,27.0,356.0,21.0
22,10200.0,0.4,558.5534246575343,0.18971074128879248,2599.690476190476,11.0,12.0,27.0,365.0,21.0
22,10400.0,0.42,555.4973262032086,0.19749457766606532,2599.690476190476,11.0,12.0,27.0,374.0,21.0
22,10600.0,0.44,553.7105263157895,0.20242028662355827,2599.690476190476,12.0,11.0,27.0,380.0,21.0
22,10800.0,0.44,554.854381443299,0.20675815377130927,2966.9545454545455,12.0,11.0,27.0,388.0,22.0
22,11000.0,0.44,556.5469543147208,0.2115014290637099,3307.7608695652175,15.0,8.0,27.0,394.0,23.0
22,11200.0,0.44,555.894472361809,0.21314333204954086,3307.7608695652175,16.0,6.0,28.0,398.0,23.0
22,11400.0,0.42,560.5450121654501,0.21612308191271562,3307.7608695652175,16.0,6.0,28.0,411.0,23.0
22,11600.0,0.44,562.7433734939759,0.22029878580260678,3307.7608695652175,15.0,9.0,26.0,415.0,23.0
22,11800.0,0.42,559.6706161137441,0.21890012770356557,3307.7608695652175,14.0,10.0,26.0,422.0,23.0
22,12000.0,0.42,562.0046838407494,0.21243386779640402,3307.7608695652175,11.0,13.0,26.0,427.0,23.0
22,12200.0,0.42,561.6728538283063,0.20588652626031256,3307.7608695652175,12.0,12.0,26.0,431.0,23.0
22,12400.0,0.44,568.8670454545454,0.2004540571220076,3307.7608695652175,11.0,13.0,26.0,440.0,23.0
22,12600.0,0.4,570.930648769575,0.20039324590031013,3307.7608695652175,13.0,11.0,26.0,447.0,23.0
22,12800.0,0.44,569.2822757111597,0.20037297549307764,3307.7608695652175,14.0,10.0,26.0,457.0,23.0
22,13000.0,0.44,565.770474137931,0.20669734254961183,3307.7608695652175,14.0,10.0,26.0,464.0,23.0
22,13200.0,0.44,564.836170212766,0.21320414327123832,3307.7608695652175,15.0,6.0,29.0,470.0,23.0
22,13400.0,0.42,566.996875,0.21409604118946748,3307.7608695652175,16.0,5.0,29.0,480.0,23.0
22,13600.0,0.42,564.7489711934156,0.21275819431212373,3307.7608695652175,15.0,6.0,29.0,486.0,23.0
22,13800.0,0.38,569.0030241935484,0.2089068169379523,3307.7608695652175,14.0,7.0,29.0,496.0,23.0
22,14000.0,0.44,564.7435643564356,0.20363651105750716,3307.7608695652175,15.0,7.0,28.0,505.0,23.0
22,14200.0,0.44,563.5019417475728,0.20187298562828127,3307.7608695652175,13.0,9.0,28.0,515.0,23.0
22,14400.0,0.42,560.1041666666666,0.20325137332009,3307.7608695652175,12.0,10.0,28.0,528.0,23.0
22,14600.0,0.42,555.4972067039106,0.20602841911093994,3307.7608695652175,12.0,11.0,27.0,537.0,23.0
22,14800.0,0.42,553.7193784277879,0.20612977114710235,3307.7608695652175,12.0,11.0,27.0,547.0,23.0
22,15000.0,0.44,553.8309090909091,0.2042243528672491,3307.7608695652175,13.0,10.0,27.0,550.0,23.0
22,15200.0,0.44,553.9767025089606,0.20231893458739586,3307.7608695652175,13.0,10.0,27.0,558.0,23.0
22,15400.0,0.42,553.4240282685512,0.19919729187359375,3307.7608695652175,13.0,9.0,28.0,566.0,23.0
22,15600.0,0.44,553.7373913043479,0.1965418685261387,3307.7608695652175,13.0,9.0,28.0,575.0,23.0
22,15800.0,0.4,552.2981099656357,0.19524456246325989,3307.7608695652175,14.0,9.0,27.0,582.0,23.0
22,16000.0,0.4,555.2643581081081,0.19593375630916426,3307.7608695652175,10.0,14.0,26.0,592.0,23.0
23,0.0,0.0,nan,0.015202805424360975,nan,0.0,0.0,50.0,0.0,0.0
23,200.0,0.2,35.0,0.029817769038979994,nan,0.0,6.0,44.0,2.0,0.0
23,400.0,0.42,27.5,0.057284170838992156,nan,0.0,12.0,38.0,3.0,0.0
23,600.0,0.44,105.25,0.08560192974276853,566.125,4.0,8.0,38.0,4.0,4.0
23,800.0,0.46,105.25,0.11108183163399753,628.8571428571429,7.0,5.0,38.0,4.0,7.0
23,1000.0,0.46,229.2,0.1320414327123832,731.8636363636364,11.0,1.0,38.0,5.0,11.0
23,1200.0,0.44,584.6,0.14868343705025033,759.9166666666666,12.0,0.0,38.0,10.0,12.0
23,1400.0,0.44,824.5588235294117,0.16153487523564347,759.9166666666666,12.0,1.0,37.0,17.0,12.0
23,1600.0,0.46,820.3541666666666,0.17027142075284293,759.9166666666666,12.0,1.0,37.0,24.0,12.0
23,1800.0,0.46,816.7586206896551,0.1719335941459064,838.5384615384615,13.0,0.0,37.0,29.0,13.0
23,2000.0,0.44,763.5,0.17683903269616685,838.5384615384615,12.0,3.0,35.0,41.0,13.0
23,2200.0,0.46,721.3695652173913,0.1790890478989723,934.6785714285714,13.0,2.0,35.0,46.0,14.0
23,2400.0,0.46,695.2363636363636,0.17856201731092777,934.6785714285714,13.0,2.0,35.0,55.0,14.0
23,2600.0,0.46,710.9677419354839,0.17783228265055845,934.6785714285714,12.0,3.0,35.0,62.0,14.0
23,2800.0,0.46,672.8472222222222,0.17779174183609348,1058.7333333333333,15.0,0.0,35.0,72.0,15.0
23,3000.0,0.42,677.9240506329114,0.1748525327873837,1058.7333333333333,14.0,1.0,35.0,79.0,15.0
23,3200.0,0.44,675.4090909090909,0.17442685423550158,1058.7333333333333,14.0,1.0,35.0,88.0,15.0
23,3400.0,0.46,657.46875,0.17643362455151723,1058.7333333333333,15.0,0.0,35.0,96.0,15.0
23,3600.0,0.46,658.3039215686274,0.1785417469036953,1058.7333333333333,14.0,2.0,34.0,102.0,15.0
23,3800.0,0.46,654.873831775701,0.18235258346340177,1058.7333333333333,14.0,2.0,34.0,107.0,15.0
23,4000.0,0.46,658.5973451327434,0.1839742160420003,1058.7333333333333,14.0,2.0,34.0,113.0,15.0
23,4200.0,0.46,655.272,0.18577828228569113,1246.625,13.0,3.0,34.0,125.0,16.0
23,4400.0,0.46,633.2956204379562,0.1838525935986054,1246.625,13.0,5.0,32.0,137.0,16.0
23,4600.0,0.46,633.2464285714286,0.18109581821498794,1246.625,12.0,6.0,32.0,140.0,16.0
23,4800.0,0.44,633.2210884353741,0.17621065007195993,1246.625,10.0,9.0,31.0,147.0,16.0
23,5000.0,0.46,630.2516339869281,0.1774471449131413,1246.625,11.0,7.0,32.0,153.0,16.0
23,5200.0,0.42,630.283950617284,0.18188636409705472,1246.625,13.0,5.0,32.0,162.0,16.0
23,5400.0,0.46,631.1627218934912,0.18727829242089475,1488.735294117647,14.0,4.0,32.0,169.0,17.0
23,5600.0,0.46,629.7412790697674,0.1888593841850283,1488.735294117647,13.0,5.0,32.0,172.0,17.0
23,5800.0,0.46,634.3072625698323,0.18964993006709505,1488.735294117647,13.0,4.0,33.0,179.0,17.0
23,6000.0,0.46,632.2405405405406,0.18993371576834978,1488.735294117647,15.0,2.0,33.0,185.0,17.0
23,6200.0,0.44,633.7550505050505,0.1912107514239961,1488.735294117647,14.0,3.0,33.0,198.0,17.0
23,6400.0,0.44,629.9341463414634,0.19015669024790707,1488.735294117647,14.0,3.0,33.0,205.0,17.0
23,6600.0,0.46,626.7887323943662,0.18879857296333083,1488.735294117647,14.0,4.0,32.0,213.0,17.0
23,6800.0,0.46,632.2316513761468,0.190785072872114,1488.735294117647,13.0,5.0,32.0,218.0,17.0
23,7000.0,0.46,637.1351351351351,0.18918371070074796,1793.2222222222222,13.0,5.0,32.0,222.0,18.0
23,7200.0,0.46,637.984649122807,0.1868728842762451,1793.2222222222222,12.0,6.0,32.0,228.0,18.0
23,7400.0,0.44,630.85,0.18314312934546856,1793.2222222222222,13.0,5.0,32.0,240.0,18.0
23,7600.0,0.44,630.6305220883534,0.18024446111122372,1793.2222222222222,11.0,7.0,32.0,249.0,18.0
23,7800.0,0.44,627.2023346303502,0.18348772626842072,1793.2222222222222,11.0,7.0,32.0,257.0,18.0
23,8000.0,0.46,624.703422053232,0.18559584862059877,1793.2222222222222,14.0,4.0,32.0,263.0,18.0
23,8200.0,0.4,627.4178832116788,0.18835262400421623,1793.2222222222222,14.0,4.0,32.0,274.0,18.0
23,8400.0,0.46,626.6660714285714,0.18496746599639186,1793.2222222222222,14.0,4.0,32.0,280.0,18.0
23,8600.0,0.42,625.7857142857143,0.17663632862384204,1793.2222222222222,13.0,5.0,32.0,287.0,18.0
23,8800.0,0.44,623.1518771331058,0.17493361441631364,1793.2222222222222,12.0,6.0,32.0,293.0,18.0
23,9000.0,0.44,625.3675496688742,0.1710619666349097,1793.2222222222222,10.0,8.0,32.0,302.0,18.0
23,9200.0,0.46,615.4458598726114,0.16996736464435572,1793.2222222222222,11.0,7.0,32.0,314.0,18.0
23,9400.0,0.4,604.6021021021021,0.1686903289887094,1793.2222222222222,12.0,6.0,32.0,333.0,18.0
23,9600.0,0.44,596.5175953079179,0.17353495631727242,1793.2222222222222,14.0,5.0,31.0,341.0,18.0
23,9800.0,0.46,590.1434659090909,0.1752782113392658,1793.2222222222222,13.0,6.0,31.0,352.0,18.0
23,10000.0,0.46,583.582191780822,0.18121744065838283,1793.2222222222222,13.0,6.0,31.0,365.0,18.0
23,10200.0,0.46,576.4438502673797,0.18502827721808932,2228.7105263157896,14.0,5.0,31.0,374.0,19.0
23,10400.0,0.44,573.2264397905759,0.18294042527314375,2228.7105263157896,13.0,6.0,31.0,382.0,19.0
23,10600.0,0.46,568.1199494949495,0.1839539456347678,2228.7105263157896,12.0,8.0,30.0,396.0,19.0
23,10800.0,0.42,563.5615763546798,0.1850485476253218,2228.7105263157896,11.0,9.0,30.0,406.0,19.0
23,11000.0,0.46,563.4578313253012,0.18099446617882553,2228.7105263157896,11.0,9.0,30.0,415.0,19.0
23,11200.0,0.44,557.7400932400932,0.18148095595240507,2228.7105263157896,12.0,8.0,30.0,429.0,19.0
23,11400.0,0.44,554.6327231121281,0.18231204264893683,2680.4,12.0,8.0,30.0,437.0,20.0
23,11600.0,0.46,551.9877232142857,0.18624450165203818,2680.4,11.0,9.0,30.0,448.0,20.0
23,11800.0,0.46,548.2309368191721,0.19212291974945778,2680.4,13.0,8.0,29.0,459.0,20.0
23,12000.0,0.44,546.7190170940171,0.19633916445381389,2680.4,13.0,8.0,29.0,468.0,20.0
23,12200.0,0.46,543.592050209205,0.19552834816451461,2680.4,14.0,7.0,29.0,478.0,20.0
23,12400.0,0.44,540.8117283950618,0.19828512354813208,3139.0476190476193,14.0,7.0,29.0,486.0,21.0
23,12600.0,0.46,539.0872210953347,0.20096081730281962,3139.0476190476193,12.0,9.0,29.0,493.0,21.0
23,12800.0,0.44,541.9261477045908,0.20029189386414772,3139.0476190476193,13.0,8.0,29.0,501.0,21.0
23,13000.0,0.38,541.8972602739726,0.20173109277765391,3139.0476190476193,13.0,9.0,28.0,511.0,21.0
23,13200.0,0.46,542.4190751445087,0.1971905215575781,3139.0476190476193,10.0,12.0,28.0,519.0,21.0
23,13400.0,0.42,540.7272727272727,0.19607564915979162,3139.0476190476193,11.0,11.0,28.0,528.0,21.0
23,13600.0,0.4,544.809925093633,0.19639997567551132,3139.0476190476193,12.0,10.0,28.0,534.0,21.0
23,13800.0,0.44,542.402394106814,0.1952242920560274,3139.0476190476193,14.0,8.0,28.0,543.0,21.0
23,14000.0,0.44,542.0407608695652,0.19366347069912634,3139.0476190476193,12.0,10.0,28.0,552.0,21.0
23,14200.0,0.46,541.3945035460993,0.19139318508908845,3139.0476190476193,10.0,12.0,28.0,564.0,21.0
23,14400.0,0.46,540.027972027972,0.1868728842762451,3139.0476190476193,10.0,12.0,28.0,572.0,21.0
23,14600.0,0.42,540.5086355785837,0.1852715221048791,3139.0476190476193,11.0,11.0,28.0,579.0,21.0
23,14800.0,0.44,539.6542372881356,0.18208906816937953,3139.0476190476193,12.0,8.0,30.0,590.0,21.0
23,15000.0,0.44,538.0697674418604,0.17925121115683215,3139.0476190476193,11.0,9.0,30.0,602.0,21.0
23,15200.0,0.42,535.9298531810766,0.18409583848539518,3139.0476190476193,11.0,10.0,29.0,613.0,21.0
23,15400.0,0.44,534.6623586429725,0.19086615450104394,3139.0476190476193,12.0,10.0,28.0,619.0,21.0
23,15600.0,0.46,535.8178913738019,0.19769728173839013,3139.0476190476193,12.0,10.0,28.0,626.0,21.0
23,15800.0,0.46,534.8144654088051,0.19834593476982953,3708.0227272727275,14.0,8.0,28.0,636.0,22.0
23,16000.0,0.42,533.2239502332815,0.19893377657957148,4236.95652173913,15.0,7.0,28.0,643.0,23.0
24,0.0,0.0,nan,0.015202805424360975,nan,0.0,0.0,50.0,0.0,0.0
24,200.0,0.26,54.833333333333336,0.03492591166156528,nan,0.0,10.0,40.0,3.0,0.0
24,400.0,0.38,101.91666666666667,0.06269636957006466,nan,0.0,11.0,39.0,6.0,0.0
24,600.0,0.48,127.375,0.0922506233150224,500.0,1.0,14.0,35.0,8.0,1.0
24,800.0,0.48,228.34615384615384,0.11961567307887215,693.0714285714286,7.0,9.0,34.0,13.0,7.0
24,1000.0,0.46,317.5,0.1442644882735694,755.0,10.0,6.0,34.0,16.0,10.0
24,1200.0,0.48,367.0,0.16179839052966574,830.4230769230769,12.0,4.0,34.0,22.0,13.0
24,1400.0,0.48,475.44444444444446,0.17947418563638942,830.4230769230769,13.0,4.0,33.0,27.0,13.0
24,1600.0,0.48,515.560606060606,0.19173778201204061,875.0714285714286,14.0,3.0,33.0,33.0,14.0
24,1800.0,0.48,538.5512820512821,0.20288650598990535,923.6333333333333,15.0,2.0,33.0,39.0,15.0
24,2000.0,0.42,635.7142857142857,0.20215677132953602,982.4375,16.0,1.0,33.0,49.0,16.0
24,2200.0,0.46,659.0172413793103,0.19883242454340908,982.4375,15.0,1.0,34.0,58.0,16.0
24,2400.0,0.48,641.0725806451613,0.19376482273528875,982.4375,14.0,2.0,34.0,62.0,16.0
24,2600.0,0.48,644.4565217391304,0.19277157278089715,982.4375,14.0,2.0,34.0,69.0,16.0
24,2800.0,0.48,635.3181818181819,0.19070399124318407,982.4375,14.0,3.0,33.0,77.0,16.0
24,3000.0,0.46,611.2,0.19084588409381145,982.4375,15.0,2.0,33.0,90.0,16.0
24,3200.0,0.46,613.5742574257425,0.1912310218312286,982.4375,13.0,4.0,33.0,101.0,16.0
24,3400.0,0.48,600.5045045045046,0.190785072872114,1120.3823529411766,15.0,2.0,33.0,111.0,17.0
24,3600.0,0.44,605.546218487395,0.18944722599477024,1120.3823529411766,16.0,2.0,32.0,119.0,17.0
24,3800.0,0.48,593.1377952755905,0.19562970020067702,1120.3823529411766,16.0,2.0,32.0,127.0,17.0
24,4000.0,0.44,575.375,0.2014067662619342,1120.3823529411766,16.0,2.0,32.0,140.0,17.0
24,4200.0,0.46,568.4121621621622,0.1995418887965459,1120.3823529411766,16.0,2.0,32.0,148.0,17.0
24,4400.0,0.48,569.2954545454545,0.194575639024588,1120.3823529411766,13.0,5.0,32.0,154.0,17.0
24,4600.0,0.48,563.0848484848485,0.18810937911742648,1120.3823529411766,12.0,6.0,32.0,165.0,17.0
24,4800.0,0.48,548.5742857142857,0.18727829242089475,1120.3823529411766,13.0,5.0,32.0,175.0,17.0
24,5000.0,0.48,550.8016304347826,0.1874201852715221,1120.3823529411766,12.0,6.0,32.0,184.0,17.0
24,5200.0,0.48,555.300518134715,0.19258913911580483,1120.3823529411766,13.0,6.0,31.0,193.0,17.0
24,5400.0,0.48,560.4334975369458,0.1959742971236292,1120.3823529411766,12.0,7.0,31.0,203.0,17.0
24,5600.0,0.42,561.6514423076923,0.19650132771167372,1120.3823529411766,11.0,8.0,31.0,208.0,17.0
24,5800.0,0.48,562.9305555555555,0.1966432205623011,1369.7222222222222,11.0,8.0,31.0,216.0,18.0
24,6000.0,0.48,558.8013698630137,0.1986905316927817,1369.7222222222222,13.0,6.0,31.0,219.0,18.0
24,6200.0,0.46,553.3,0.1975148480732978,1369.7222222222222,12.0,7.0,31.0,230.0,18.0
24,6400.0,0.48,554.9742489270386,0.19246751667240994,1369.7222222222222,13.0,6.0,31.0,233.0,18.0
24,6600.0,0.48,565.7602459016393,0.18969047088156002,1369.7222222222222,13.0,6.0,31.0,244.0,18.0
24,6800.0,0.46,567.4302325581396,0.19072426165041656,1369.7222222222222,15.0,4.0,31.0,258.0,18.0
24,7000.0,0.46,563.6104868913858,0.19344049621956905,1369.7222222222222,14.0,5.0,31.0,267.0,18.0
24,7200.0,0.46,565.279197080292,0.19082561368657897,1369.7222222222222,12.0,7.0,31.0,274.0,18.0
24,7400.0,0.46,565.2135231316726,0.19086615450104394,1681.3684210526317,13.0,6.0,31.0,281.0,19.0
24,7600.0,0.48,563.015625,0.1905620983925567,1681.3684210526317,13.0,6.0,31.0,288.0,19.0
24,7800.0,0.46,563.425925925926,0.187541807714917,1681.3684210526317,12.0,7.0,31.0,297.0,19.0
24,8000.0,0.46,557.8370607028754,0.18683234346178015,1681.3684210526317,13.0,6.0,31.0,313.0,19.0
24,8200.0,0.48,554.4578125,0.19137291468185597,1681.3684210526317,13.0,6.0,31.0,320.0,19.0
24,8400.0,0.48,555.3136363636364,0.19536618490665478,1681.3684210526317,13.0,6.0,31.0,330.0,19.0
24,8600.0,0.48,551.0,0.20037297549307764,1681.3684210526317,14.0,5.0,31.0,338.0,19.0
24,8800.0,0.48,552.4840579710145,0.20294731721160278,1681.3684210526317,14.0,5.0,31.0,345.0,19.0
24,9000.0,0.46,553.5197740112994,0.19781890418178502,1681.3684210526317,14.0,6.0,30.0,354.0,19.0
24,9200.0,0.48,553.2506887052342,0.19781890418178502,1681.3684210526317,13.0,7.0,30.0,363.0,19.0
24,9400.0,0.46,552.4487870619946,0.19824458273366713,1681.3684210526317,14.0,7.0,29.0,371.0,19.0
24,9600.0,0.46,552.2302631578947,0.19759592970222772,2076.45,15.0,6.0,29.0,380.0,20.0
24,9800.0,0.48,552.2493540051679,0.1964405164899763,2076.45,13.0,8.0,29.0,387.0,20.0
24,10000.0,0.46,546.926433915212,0.1957715930513044,2447.7380952380954,11.0,11.0,28.0,401.0,21.0
24,10200.0,0.48,546.1378048780488,0.2006567611943324,2447.7380952380954,11.0,12.0,27.0,410.0,21.0
24,10400.0,0.48,547.4516908212561,0.20205541929337362,2447.7380952380954,11.0,12.0,27.0,414.0,21.0
24,10600.0,0.46,548.1827830188679,0.204345975310644,2813.9545454545455,12.0,11.0,27.0,424.0,22.0
24,10800.0,0.48,548.7134570765661,0.20560274055905783,2813.9545454545455,13.0,10.0,27.0,431.0,22.0
24,11000.0,0.46,550.203196347032,0.20665680173514686,2813.9545454545455,14.0,9.0,27.0,438.0,22.0
24,11200.0,0.48,553.0111856823266,0.20767032209677092,2813.9545454545455,14.0,9.0,27.0,447.0,22.0
24,11400.0,0.46,553.8380743982494,0.2097581740417165,2813.9545454545455,14.0,10.0,26.0,457.0,22.0
24,11600.0,0.48,548.2202127659574,0.20973790363448402,2813.9545454545455,14.0,10.0,26.0,470.0,22.0
24,11800.0,0.46,545.5354166666667,0.2091095210102771,2813.9545454545455,15.0,9.0,26.0,480.0,22.0
24,12000.0,0.48,548.6779141104295,0.2081162710558855,2813.9545454545455,14.0,10.0,26.0,489.0,22.0
24,12200.0,0.48,547.7014170040486,0.2090081689741147,3217.782608695652,13.0,10.0,27.0,494.0,23.0
24,12400.0,0.44,545.9206349206349,0.20917033223197454,3217.782608695652,12.0,11.0,27.0,504.0,23.0
24,12600.0,0.48,547.1510721247563,0.20677842417854175,3217.782608695652,12.0,11.0,27.0,513.0,23.0
24,12800.0,0.48,546.8701923076923,0.20698112825086656,3217.782608695652,13.0,10.0,27.0,520.0,23.0
24,13000.0,0.48,543.9934210526316,0.21000141892850627,3217.782608695652,14.0,9.0,27.0,532.0,23.0
24,13200.0,0.46,544.3935185185185,0.21010277096466867,3217.782608695652,12.0,11.0,27.0,540.0,23.0
24,13400.0,0.46,544.2349177330896,0.21036628625869094,3217.782608695652,13.0,11.0,26.0,547.0,23.0
24,13600.0,0.46,542.4420677361854,0.208683842458395,3217.782608695652,14.0,10.0,26.0,561.0,23.0
24,13800.0,0.48,540.760034904014,0.20754869965337602,3217.782608695652,13.0,11.0,26.0,573.0,23.0
24,14000.0,0.46,538.0891938250429,0.21121764336245516,3659.8541666666665,13.0,12.0,25.0,583.0,24.0
24,14200.0,0.46,533.9932773109243,0.2069203170291691,3659.8541666666665,11.0,14.0,25.0,595.0,24.0
24,14400.0,0.48,531.9278606965174,0.20471084264082864,3659.8541666666665,8.0,17.0,25.0,603.0,24.0
24,14600.0,0.46,532.6765188834154,0.2008594652666572,3659.8541666666665,10.0,15.0,25.0,609.0,24.0
24,14800.0,0.48,535.6278135048232,0.2048730058986885,4098.24,12.0,13.0,25.0,622.0,25.0
24,15000.0,0.48,534.7841269841269,0.21024466381529605,4098.24,12.0,13.0,25.0,630.0,25.0
24,15200.0,0.48,532.4984447900466,0.21304198001337846,4098.24,14.0,10.0,26.0,643.0,25.0
24,15400.0,0.46,530.884024577573,0.21184602598666208,4098.24,14.0,10.0,26.0,651.0,25.0
24,15600.0,0.46,531.6899696048632,0.2083595159426753,4098.24,12.0,12.0,26.0,658.0,25.0
24,15800.0,0.46,534.0014947683109,0.20258244988141813,4098.24,12.0,12.0,26.0,669.0,25.0
24,16000.0,0.48,531.0125925925926,0.20027162345691524,4098.24,11.0,13.0,26.0,675.0,25.0
25,0.0,0.0,nan,0.015202805424360975,nan,0.0,0.0,50.0,0.0,0.0
25,200.0,0.22,41.833333333333336,0.03020290677639714,nan,0.0,9.0,41.0,3.0,0.0
25,400.0,0.38,41.833333333333336,0.06705450712504814,nan,0.0,14.0,36.0,3.0,0.0
25,600.0,0.46,113.66666666666667,0.10246690856019297,511.8333333333333,3.0,12.0,35.0,6.0,3.0
25,800.0,0.48,128.3125,0.13208197352684817,649.7222222222222,8.0,7.0,35.0,8.0,9.0
25,1000.0,0.48,269.90909090909093,0.15527131940080677,720.2142857142857,14.0,1.0,35.0,11.0,14.0
25,1200.0,0.5,496.20588235294116,0.16656193622929885,720.2142857142857,14.0,1.0,35.0,17.0,14.0
25,1400.0,0.48,600.3636363636364,0.1731092777653903,720.2142857142857,12.0,3.0,35.0,22.0,14.0
25,1600.0,0.48,672.8833333333333,0.18257555794295907,772.3666666666667,14.0,2.0,34.0,30.0,15.0
25,1800.0,0.48,646.4880952380952,0.19585267468023432,772.3666666666667,14.0,5.0,31.0,42.0,15.0
25,2000.0,0.5,689.7755102040817,0.20665680173514686,772.3666666666667,14.0,5.0,31.0,49.0,15.0
25,2200.0,0.48,688.6509433962265,0.21087304643950297,772.3666666666667,14.0,5.0,31.0,53.0,15.0
25,2400.0,0.48,652.28125,0.21032574544422597,866.6875,15.0,5.0,30.0,64.0,16.0
25,2600.0,0.48,652.2014925373135,0.21437982689072224,1045.388888888889,16.0,4.0,30.0,67.0,18.0
25,2800.0,0.5,665.3904109589041,0.2144203677051872,1129.1315789473683,16.0,4.0,30.0,73.0,19.0
25,3000.0,0.48,652.6705882352941,0.21399468915330508,1129.1315789473683,15.0,6.0,29.0,85.0,19.0
25,3200.0,0.48,670.4032258064516,0.21476496462813938,1129.1315789473683,15.0,7.0,28.0,93.0,19.0
25,3400.0,0.46,672.2623762376238,0.21541361765957878,1129.1315789473683,15.0,7.0,28.0,101.0,19.0
25,3600.0,0.5,676.588785046729,0.2174609287900594,1129.1315789473683,14.0,8.0,28.0,107.0,19.0
25,3800.0,0.48,670.219298245614,0.21770417367684916,1254.175,15.0,7.0,28.0,114.0,20.0
25,4000.0,0.5,668.7647058823529,0.2129203575699836,1379.7142857142858,15.0,9.0,26.0,119.0,21.0
25,4200.0,0.48,663.4765625,0.21397441874607262,1379.7142857142858,15.0,9.0,26.0,128.0,21.0
25,4400.0,0.48,652.4647887323944,0.21766363286238422,1514.159090909091,14.0,10.0,26.0,142.0,22.0
25,4600.0,0.48,643.510067114094,0.2228731275211319,1514.159090909091,14.0,10.0,26.0,149.0,22.0
25,4800.0,0.48,643.8987341772151,0.2327650862505828,1648.5434782608695,16.0,9.0,25.0,158.0,23.0
25,5000.0,0.5,631.364705882353,0.24091378995804025,1648.5434782608695,15.0,10.0,25.0,170.0,23.0
25,5200.0,0.5,616.792817679558,0.2443394887803296,1790.8958333333333,16.0,10.0,24.0,181.0,24.0
25,5400.0,0.48,604.3412698412699,0.24330569801147306,1930.94,15.0,11.0,24.0,189.0,25.0
25,5600.0,0.5,611.6142131979695,0.24180568787626944,1930.94,16.0,10.0,24.0,197.0,25.0
25,5800.0,0.48,604.4009900990098,0.2435894837127278,1930.94,15.0,11.0,24.0,202.0,25.0
25,6000.0,0.48,607.8038277511962,0.2413191981026899,2085.269230769231,14.0,12.0,24.0,209.0,26.0
25,6200.0,0.5,610.1736111111111,0.24310299393914825,2085.269230769231,14.0,12.0,24.0,216.0,26.0
25,6400.0,0.5,615.7057522123894,0.2448665193683741,2085.269230769231,14.0,12.0,24.0,226.0,26.0
25,6600.0,0.5,609.9915966386554,0.24283947864512598,2085.269230769231,15.0,11.0,24.0,238.0,26.0
25,6800.0,0.48,608.1305220883534,0.24123811647375995,2085.269230769231,14.0,13.0,23.0,249.0,26.0
25,7000.0,0.46,596.8429118773946,0.2402043257049034,2085.269230769231,14.0,13.0,23.0,261.0,26.0
25,7200.0,0.5,600.1231343283582,0.23505564226785317,2085.269230769231,14.0,13.0,23.0,268.0,26.0
25,7400.0,0.5,597.0322580645161,0.23535969837634038,2085.269230769231,16.0,12.0,22.0,279.0,26.0
25,7600.0,0.46,594.0786713286714,0.23892729004925709,2286.722222222222,15.0,13.0,22.0,286.0,27.0
25,7800.0,0.48,596.4848484848485,0.24111649403036506,2478.089285714286,13.0,15.0,22.0,297.0,28.0
25,8000.0,0.5,593.0664451827242,0.24480570814667665,2478.089285714286,14.0,14.0,22.0,301.0,28.0
25,8200.0,0.5,596.5661290322581,0.2485760038919182,2478.089285714286,16.0,13.0,21.0,310.0,28.0
25,8400.0,0.5,591.8467492260062,0.2537449577362009,2478.089285714286,17.0,12.0,21.0,323.0,28.0
25,8600.0,0.5,592.9156441717791,0.2485760038919182,2478.089285714286,15.0,14.0,21.0,326.0,28.0
25,8800.0,0.48,595.5225903614457,0.24624490706018284,2478.089285714286,16.0,13.0,21.0,332.0,28.0
25,9000.0,0.48,594.7008797653959,0.24427867755863214,2698.8275862068967,15.0,14.0,21.0,341.0,29.0
25,9200.0,0.48,595.0716332378223,0.24679220805545984,2698.8275862068967,16.0,13.0,21.0,349.0,29.0
25,9400.0,0.5,589.972299168975,0.24960979466077474,2698.8275862068967,17.0,12.0,21.0,361.0,29.0
25,9600.0,0.5,583.5,0.2528327894107393,2698.8275862068967,16.0,13.0,21.0,374.0,29.0
25,9800.0,0.5,586.5170603674541,0.25165710579125533,2698.8275862068967,17.0,12.0,21.0,381.0,29.0
25,10000.0,0.46,587.0440414507772,0.24963006506800722,2698.8275862068967,18.0,11.0,21.0,386.0,29.0
25,10200.0,0.46,587.4451371571072,0.24472462651774674,2698.8275862068967,17.0,12.0,21.0,401.0,29.0
25,10400.0,0.48,581.8260869565217,0.24046784099892568,2698.8275862068967,15.0,14.0,21.0,414.0,29.0
25,10600.0,0.48,578.1448598130842,0.23947459104453409,2698.8275862068967,16.0,13.0,21.0,428.0,29.0
25,10800.0,0.48,574.2251732101616,0.2393529686011392,2698.8275862068967,15.0,14.0,21.0,433.0,29.0
25,11000.0,0.5,569.3650793650794,0.23744755032128595,2698.8275862068967,13.0,16.0,21.0,441.0,29.0
25,11200.0,0.48,569.8668903803132,0.2367583564753816,2698.8275862068967,11.0,18.0,21.0,447.0,29.0
25,11400.0,0.48,568.847921225383,0.24028540733383333,2698.8275862068967,13.0,16.0,21.0,457.0,29.0
25,11600.0,0.5,569.083870967742,0.243893539821215,2698.8275862068967,14.0,16.0,20.0,465.0,29.0
25,11800.0,0.5,575.2463002114165,0.24405570307907487,2698.8275862068967,16.0,14.0,20.0,473.0,29.0
25,12000.0,0.5,577.24016563147,0.24555571321427846,2698.8275862068967,15.0,16.0,19.0,483.0,29.0
25,12200.0,0.48,573.4151515151515,0.24729896823627187,3011.9333333333334,17.0,13.0,20.0,495.0,30.0
25,12400.0,0.5,570.7623762376238,0.2477043763809215,3011.9333333333334,15.0,15.0,20.0,505.0,30.0
25,12600.0,0.5,571.5557729941291,0.2481300549328036,3011.9333333333334,14.0,17.0,19.0,511.0,30.0
25,12800.0,0.5,571.1644230769231,0.24892060081487036,3325.8870967741937,16.0,14.0,20.0,520.0,31.0
25,13000.0,0.48,569.7377819548872,0.25023817728498166,3325.8870967741937,15.0,15.0,20.0,532.0,31.0
25,13200.0,0.5,567.4214953271028,0.24496787140453652,3325.8870967741937,15.0,15.0,20.0,535.0,31.0
25,13400.0,0.5,571.8554327808472,0.2400016216325786,3325.8870967741937,15.0,15.0,20.0,543.0,31.0
25,13600.0,0.5,572.6119133574007,0.23568402489206008,3325.8870967741937,14.0,16.0,20.0,554.0,31.0
25,13800.0,0.5,573.3472468916518,0.23594754018608233,3325.8870967741937,15.0,15.0,20.0,563.0,31.0
25,14000.0,0.48,573.1421052631579,0.23558267285589768,3325.8870967741937,16.0,14.0,20.0,570.0,31.0
25,14200.0,0.48,573.6202749140894,0.23365698416881195,3325.8870967741937,14.0,16.0,20.0,582.0,31.0
25,14400.0,0.48,568.4563025210084,0.23651511158859181,3325.8870967741937,13.0,18.0,19.0,595.0,31.0
25,14600.0,0.48,567.8115702479339,0.24150163176778222,3325.8870967741937,12.0,19.0,19.0,605.0,31.0
25,14800.0,0.5,565.2609756097561,0.2407718971074129,3325.8870967741937,14.0,16.0,20.0,615.0,31.0
25,15000.0,0.5,562.573482428115,0.24338677964040298,3689.921875,15.0,15.0,20.0,626.0,32.0
25,15200.0,0.48,559.7578125,0.2386840451624673,3689.921875,15.0,16.0,19.0,640.0,32.0
25,15400.0,0.5,557.3032159264931,0.2388056676058622,3689.921875,10.0,22.0,18.0,653.0,32.0
25,15600.0,0.5,554.1857142857143,0.2445624632598869,3689.921875,10.0,22.0,18.0,665.0,32.0
25,15800.0,0.48,551.713649851632,0.24936654977398495,4051.121212121212,11.0,21.0,18.0,674.0,33.0
25,16000.0,0.5,550.1710719530103,0.2486976263353131,4303.5,13.0,19.0,18.0,681.0,35.0
26,0.0,0.0,nan,0.015202805424360975,nan,0.0,0.0,50.0,0.0,0.0
26,200.0,0.22,51.5,0.03150021283927594,nan,0.0,9.0,41.0,2.0,0.0
26,400.0,0.44,134.7,0.06125717065655849,nan,0.0,15.0,35.0,5.0,0.0
26,600.0,0.48,219.8125,0.09583848539517159,509.75,4.0,11.0,35.0,8.0,4.0
26,800.0,0.52,188.35,0.1272576166055176,625.45,10.0,5.0,35.0,10.0,10.0
26,1000.0,0.48,274.0769230769231,0.15267670727504914,625.45,10.0,5.0,35.0,13.0,10.0
26,1200.0,0.5,451.76190476190476,0.1686903289887094,789.1666666666666,15.0,0.0,35.0,21.0,15.0
26,1400.0,0.5,532.6379310344828,0.17619037966472748,789.1666666666666,15.0,0.0,35.0,29.0,15.0
26,1600.0,0.48,554.0897435897435,0.18040662436908358,789.1666666666666,15.0,0.0,35.0,39.0,15.0
26,1800.0,0.52,578.9387755102041,0.18367015993351307,789.1666666666666,15.0,1.0,34.0,49.0,15.0
26,2000.0,0.52,617.4285714285714,0.18940668518030526,789.1666666666666,15.0,1.0,34.0,56.0,15.0
26,2200.0,0.52,621.1693548387096,0.19052155757809175,789.1666666666666,14.0,2.0,34.0,62.0,15.0
26,2400.0,0.52,610.3913043478261,0.18626477205927067,789.1666666666666,13.0,3.0,34.0,69.0,15.0
26,2600.0,0.52,607.125,0.18399448644923277,789.1666666666666,13.0,3.0,34.0,80.0,15.0
26,2800.0,0.5,588.7712765957447,0.1870755883485699,906.5,15.0,2.0,33.0,94.0,16.0
26,3000.0,0.5,573.0714285714286,0.18780532300893926,906.5,14.0,3.0,33.0,105.0,16.0
26,3200.0,0.5,574.2692307692307,0.19224454219285264,906.5,15.0,2.0,33.0,117.0,16.0
26,3400.0,0.52,567.7357723577236,0.1971905215575781,906.5,15.0,2.0,33.0,123.0,16.0
26,3600.0,0.52,565.2653846153846,0.20002837857012548,906.5,13.0,4.0,33.0,130.0,16.0
26,3800.0,0.5,554.4295774647887,0.1954269961283522,906.5,13.0,4.0,33.0,142.0,16.0
26,4000.0,0.52,560.8848684210526,0.1927513023736647,906.5,13.0,6.0,31.0,152.0,16.0
26,4200.0,0.5,552.5590062111801,0.1914337259035534,906.5,14.0,5.0,31.0,161.0,16.0
26,4400.0,0.5,557.2587209302326,0.18622423124480572,906.5,13.0,6.0,31.0,172.0,16.0
26,4600.0,0.52,563.0589887640449,0.19358238907019643,1116.5,12.0,9.0,29.0,178.0,17.0
26,4800.0,0.5,561.8688524590164,0.2047919242697586,1315.4166666666667,14.0,7.0,29.0,183.0,18.0
26,5000.0,0.52,566.1447368421053,0.21188656680112702,1671.675,15.0,6.0,29.0,190.0,20.0
26,5200.0,0.52,569.3698979591836,0.2166095716862952,1837.857142857143,16.0,5.0,29.0,196.0,21.0
26,5400.0,0.48,572.3203883495146,0.21729876553219954,1837.857142857143,17.0,4.0,29.0,206.0,21.0
26,5600.0,0.5,580.363425925926,0.21877850526017067,1837.857142857143,16.0,5.0,29.0,216.0,21.0
26,5800.0,0.5,585.7149122807018,0.21476496462813938,1837.857142857143,19.0,2.0,29.0,228.0,21.0
26,6000.0,0.52,581.4555084745763,0.21687308698031743,1837.857142857143,19.0,2.0,29.0,236.0,21.0
26,6200.0,0.5,573.2215447154472,0.21790687774917397,1837.857142857143,19.0,2.0,29.0,246.0,21.0
26,6400.0,0.5,568.8063241106719,0.22283258670666695,1837.857142857143,18.0,3.0,29.0,253.0,21.0
26,6600.0,0.52,570.3352272727273,0.22712991303995297,1837.857142857143,18.0,3.0,29.0,264.0,21.0
26,6800.0,0.48,564.1587591240876,0.2293799282427584,1837.857142857143,17.0,4.0,29.0,274.0,21.0
26,7000.0,0.52,565.7561403508772,0.22700829059655808,1837.857142857143,16.0,5.0,29.0,285.0,21.0
26,7200.0,0.52,569.4844290657439,0.22117041331360346,1837.857142857143,16.0,5.0,29.0,289.0,21.0
26,7400.0,0.52,566.9013377926422,0.21563659213913608,1837.857142857143,16.0,5.0,29.0,299.0,21.0
26,7600.0,0.52,566.6516129032258,0.20987979648511138,1837.857142857143,14.0,7.0,29.0,310.0,21.0
26,7800.0,0.52,563.1898734177215,0.20420408246001662,1837.857142857143,16.0,5.0,29.0,316.0,21.0
26,8000.0,0.48,566.2660550458716,0.20071757241602983,1837.857142857143,15.0,6.0,29.0,327.0,21.0
26,8200.0,0.5,566.9073529411764,0.20173109277765391,1837.857142857143,14.0,7.0,29.0,340.0,21.0
26,8400.0,0.5,563.314447592068,0.20394056716599437,1837.857142857143,15.0,6.0,29.0,353.0,21.0
26,8600.0,0.52,553.1054794520549,0.20349461820687978,1837.857142857143,12.0,10.0,28.0,365.0,21.0
26,8800.0,0.52,554.0606469002695,0.20081892445219224,1837.857142857143,13.0,9.0,28.0,371.0,21.0
26,9000.0,0.5,553.225,0.1986905316927817,1837.857142857143,15.0,7.0,28.0,380.0,21.0
26,9200.0,0.5,554.7175572519084,0.20057567956540248,1837.857142857143,16.0,6.0,28.0,393.0,21.0
26,9400.0,0.52,554.2092731829574,0.20584598544584762,1837.857142857143,16.0,6.0,28.0,399.0,21.0
26,9600.0,0.5,555.9223300970874,0.2088865465307198,1837.857142857143,15.0,7.0,28.0,412.0,21.0
26,9800.0,0.52,548.0721040189126,0.20633247521942716,1837.857142857143,15.0,8.0,27.0,423.0,21.0
26,10000.0,0.5,546.469837587007,0.20730545476658627,1837.857142857143,14.0,9.0,27.0,431.0,21.0
26,10200.0,0.5,546.777027027027,0.20687977621470416,2217.5454545454545,15.0,8.0,27.0,444.0,22.0
26,10400.0,0.5,545.4061810154525,0.20777167413293332,2571.1739130434785,16.0,7.0,27.0,453.0,23.0
26,10600.0,0.5,540.8731182795699,0.20821762309204792,2571.1739130434785,14.0,9.0,27.0,465.0,23.0
26,10800.0,0.48,539.7663157894737,0.20892708734518475,2571.1739130434785,16.0,7.0,27.0,475.0,23.0
26,11000.0,0.52,541.8216494845361,0.2054203068939655,2571.1739130434785,12.0,11.0,27.0,485.0,23.0
26,11200.0,0.48,540.1961770623742,0.20767032209677092,2571.1739130434785,13.0,10.0,27.0,497.0,23.0
26,11400.0,0.52,538.2879684418145,0.2125960310542639,2571.1739130434785,13.0,10.0,27.0,507.0,23.0
26,11600.0,0.48,537.0472972972973,0.21437982689072224,2571.1739130434785,13.0,10.0,27.0,518.0,23.0
26,11800.0,0.5,536.0361216730038,0.21277846471935621,2571.1739130434785,13.0,10.0,27.0,526.0,23.0
26,12000.0,0.52,534.7725563909775,0.21085277603227048,2571.1739130434785,12.0,11.0,27.0,532.0,23.0
26,12200.0,0.48,533.7128440366972,0.20588652626031256,2571.1739130434785,11.0,13.0,26.0,545.0,23.0
26,12400.0,0.5,533.3745487364621,0.20592706707477754,2571.1739130434785,12.0,12.0,26.0,554.0,23.0
26,12600.0,0.52,535.7824156305506,0.20797437820525813,2571.1739130434785,12.0,12.0,26.0,563.0,23.0
26,12800.0,0.52,537.0944055944055,0.2117244035432672,2571.1739130434785,12.0,12.0,26.0,572.0,23.0
26,13000.0,0.52,536.3518835616438,0.21760282164068676,2999.9583333333335,14.0,10.0,26.0,584.0,24.0
26,13200.0,0.52,534.9839797639123,0.21920418381205278,2999.9583333333335,14.0,11.0,25.0,593.0,24.0
26,13400.0,0.5,532.5970394736842,0.22123122453530092,2999.9583333333335,13.0,12.0,25.0,608.0,24.0
26,13600.0,0.52,533.5508064516129,0.22246771937648227,2999.9583333333335,12.0,13.0,25.0,620.0,24.0
26,13800.0,0.5,530.0748407643312,0.22291366833559687,3426.76,13.0,12.0,25.0,628.0,25.0
26,14000.0,0.5,530.2223974763407,0.2201771633592119,3426.76,14.0,12.0,24.0,634.0,25.0
26,14200.0,0.48,528.1234472049689,0.22198122960290273,3426.76,13.0,13.0,24.0,644.0,25.0
26,14400.0,0.48,530.0115030674847,0.21630551557780797,3426.76,13.0,13.0,24.0,652.0,25.0
26,14600.0,0.52,532.382397572079,0.2193055358482152,3426.76,13.0,13.0,24.0,659.0,25.0
26,14800.0,0.52,535.9149253731343,0.22465692335759024,3862.480769230769,16.0,10.0,24.0,670.0,26.0
26,15000.0,0.52,535.639911634757,0.22702856100379057,3862.480769230769,16.0,10.0,24.0,679.0,26.0
26,15200.0,0.52,533.5428156748911,0.23002858127419779,3862.480769230769,15.0,11.0,24.0,689.0,26.0
26,15400.0,0.52,532.8497854077253,0.23359617294711452,3862.480769230769,15.0,12.0,23.0,699.0,26.0
26,15600.0,0.52,530.7708039492243,0.23341373928202216,3862.480769230769,14.0,13.0,23.0,709.0,26.0
26,15800.0,0.5,528.7939142461964,0.23515699430401557,3862.480769230769,14.0,11.0,25.0,723.0,26.0
26,16000.0,0.52,528.0613915416099,0.23606916262947722,3862.480769230769,14.0,11.0,25.0,733.0,26.0
27,0.0,0.0,nan,0.015202805424360975,nan,0.0,0.0,50.0,0.0,0.0
27,200.0,0.24,nan,0.02882451908458841,nan,0.0,9.0,41.0,0.0,0.0
27,400.0,0.44,126.66666666666667,0.05464901789876959,nan,0.0,11.0,39.0,3.0,0.0
27,600.0,0.52,201.9,0.08586544503679079,515.8333333333334,3.0,10.0,37.0,5.0,3.0
27,800.0,0.52,321.55,0.11367644375975514,633.3125,8.0,6.0,36.0,10.0,8.0
27,1000.0,0.52,305.77272727272725,0.13860904465570714,679.55,10.0,4.0,36.0,11.0,10.0
27,1200.0,0.52,452.96875,0.1556564571382239,709.8181818181819,11.0,4.0,35.0,16.0,11.0
27,1400.0,0.54,609.1136363636364,0.16905519631889404,756.375,12.0,3.0,35.0,22.0,12.0
27,1600.0,0.5,634.5588235294117,0.17803498672288326,810.7307692307693,13.0,4.0,33.0,34.0,13.0
27,1800.0,0.52,644.8023255813954,0.1885350576693086,869.25,14.0,4.0,32.0,43.0,14.0
27,2000.0,0.54,704.9489795918367,0.19808241947580726,869.25,14.0,4.0,32.0,49.0,14.0
27,2200.0,0.54,684.6875,0.20408246001662173,946.9666666666667,14.0,5.0,31.0,56.0,15.0
27,2400.0,0.52,685.560606060606,0.20732572517381875,1096.5882352941176,15.0,4.0,31.0,66.0,17.0
27,2600.0,0.52,675.8356164383562,0.20892708734518475,1096.5882352941176,15.0,4.0,31.0,73.0,17.0
27,2800.0,0.54,670.703947368421,0.20663653132791437,1180.888888888889,14.0,4.0,32.0,76.0,18.0
27,3000.0,0.52,695.5802469135803,0.20242028662355827,1180.888888888889,13.0,5.0,32.0,81.0,18.0
27,3200.0,0.52,704.9147727272727,0.19929864390975616,1180.888888888889,13.0,5.0,32.0,88.0,18.0
27,3400.0,0.54,697.0,0.19700808789248575,1180.888888888889,13.0,5.0,32.0,98.0,18.0
27,3600.0,0.54,703.4120370370371,0.19915675105912878,1180.888888888889,14.0,5.0,31.0,108.0,18.0
27,3800.0,0.52,703.5867768595041,0.20657572010621694,1180.888888888889,16.0,4.0,30.0,121.0,18.0
27,4000.0,0.54,680.58203125,0.21685281657308494,1180.888888888889,14.0,6.0,30.0,128.0,18.0
27,4200.0,0.52,678.6678832116788,0.22044067865323413,1336.842105263158,16.0,4.0,30.0,137.0,19.0
27,4400.0,0.54,664.0238095238095,0.2198528368434922,1482.65,18.0,2.0,30.0,147.0,20.0
27,4600.0,0.54,663.4391025641025,0.21727849512496705,1482.65,17.0,3.0,30.0,156.0,20.0
27,4800.0,0.5,657.3905325443787,0.21825147467212616,1482.65,16.0,4.0,30.0,169.0,20.0
27,5000.0,0.54,654.861581920904,0.21869742363124076,1482.65,17.0,4.0,29.0,177.0,20.0
27,5200.0,0.54,649.782967032967,0.22090689801958122,1482.65,15.0,6.0,29.0,182.0,20.0
27,5400.0,0.52,648.7047872340426,0.21975148480732978,1482.65,14.0,7.0,29.0,188.0,20.0
27,5600.0,0.54,654.4897959183673,0.2235015101453388,1482.65,15.0,7.0,28.0,196.0,20.0
27,5800.0,0.52,640.7843601895735,0.2277380252569274,1686.0714285714287,17.0,5.0,28.0,211.0,21.0
27,6000.0,0.52,643.3851351351351,0.22986641801633795,1686.0714285714287,16.0,7.0,27.0,222.0,21.0
27,6200.0,0.52,642.2466960352423,0.2313056169298441,1686.0714285714287,16.0,7.0,27.0,227.0,21.0
27,6400.0,0.52,642.5299145299145,0.22913668335596862,1895.6136363636363,16.0,7.0,27.0,234.0,22.0
27,6600.0,0.52,631.663967611336,0.2320758924046784,1895.6136363636363,15.0,8.0,27.0,247.0,22.0
27,6800.0,0.52,629.4302325581396,0.2349137494172258,1895.6136363636363,15.0,9.0,26.0,258.0,22.0
27,7000.0,0.52,628.0456273764258,0.2386840451624673,2109.782608695652,17.0,7.0,26.0,263.0,23.0
27,7200.0,0.52,625.0535055350554,0.2405286522206231,2109.782608695652,16.0,9.0,25.0,271.0,23.0
27,7400.0,0.52,626.918439716312,0.24036648896276328,2109.782608695652,16.0,10.0,24.0,282.0,23.0
27,7600.0,0.54,624.5838926174497,0.24121784606652746,2109.782608695652,16.0,11.0,23.0,298.0,23.0
27,7800.0,0.5,613.8208469055375,0.2437921877850526,2562.96,17.0,9.0,24.0,307.0,25.0
27,8000.0,0.54,613.5016025641025,0.24573814687937082,2562.96,14.0,12.0,24.0,312.0,25.0
27,8200.0,0.52,612.3683385579938,0.24513003466239636,2772.4615384615386,16.0,10.0,24.0,319.0,26.0
27,8400.0,0.54,612.7892307692308,0.24275839701619606,2772.4615384615386,15.0,11.0,24.0,325.0,26.0
27,8600.0,0.54,615.438622754491,0.2366570044392192,2772.4615384615386,14.0,12.0,24.0,334.0,26.0
27,8800.0,0.54,622.1489675516224,0.23213670362637587,2772.4615384615386,14.0,12.0,24.0,339.0,26.0
27,9000.0,0.54,624.9364161849711,0.23000831086696533,2772.4615384615386,14.0,13.0,23.0,346.0,26.0
27,9200.0,0.5,626.6657303370787,0.23195426996128352,2772.4615384615386,14.0,13.0,23.0,356.0,26.0
27,9400.0,0.54,624.616847826087,0.2358664585571524,2772.4615384615386,15.0,12.0,23.0,368.0,26.0
27,9600.0,0.54,617.3578811369509,0.2468327488699248,2772.4615384615386,17.0,10.0,23.0,387.0,26.0
27,9800.0,0.54,609.7670886075949,0.245535442807046,2772.4615384615386,16.0,11.0,23.0,395.0,26.0
27,10000.0,0.5,610.4641089108911,0.2442381367441672,2772.4615384615386,16.0,11.0,23.0,404.0,26.0
27,10200.0,0.52,606.8381642512078,0.2437921877850526,2772.4615384615386,15.0,12.0,23.0,414.0,26.0
27,10400.0,0.52,601.627358490566,0.24273812660896357,2772.4615384615386,15.0,13.0,22.0,424.0,26.0
27,10600.0,0.52,599.6227064220184,0.24101514199420265,2772.4615384615386,13.0,15.0,22.0,436.0,26.0
27,10800.0,0.52,595.7511111111111,0.2402043257049034,2772.4615384615386,13.0,15.0,22.0,450.0,26.0
27,11000.0,0.54,598.7620614035088,0.2394543206373016,3076.3703703703704,14.0,14.0,22.0,456.0,27.0
27,11200.0,0.5,597.4421841541756,0.23801512172379544,3076.3703703703704,14.0,14.0,22.0,467.0,27.0
27,11400.0,0.54,595.1428571428571,0.23801512172379544,3076.3703703703704,15.0,13.0,22.0,476.0,27.0
27,11600.0,0.52,596.2371134020618,0.23280562706504773,3076.3703703703704,16.0,12.0,22.0,485.0,27.0
27,11800.0,0.54,591.9939024390244,0.2293799282427584,3076.3703703703704,15.0,13.0,22.0,492.0,27.0
27,12000.0,0.5,595.1254940711462,0.23623132588733708,3076.3703703703704,16.0,12.0,22.0,506.0,27.0
27,12200.0,0.54,594.7857142857143,0.2442178663369347,3401.0714285714284,18.0,9.0,23.0,511.0,28.0
27,12400.0,0.54,593.4846449136277,0.24904222325826525,3401.0714285714284,18.0,10.0,22.0,521.0,28.0
27,12600.0,0.52,588.4074766355141,0.2488800600004054,3401.0714285714284,16.0,12.0,22.0,535.0,28.0
27,12800.0,0.52,588.0184162062615,0.245535442807046,3401.0714285714284,14.0,14.0,22.0,543.0,28.0
27,13000.0,0.48,587.8824057450628,0.24245434090770884,3401.0714285714284,14.0,13.0,23.0,557.0,28.0
27,13200.0,0.52,585.472027972028,0.23704214217663633,3401.0714285714284,12.0,15.0,23.0,572.0,28.0
27,13400.0,0.54,581.590206185567,0.23884620842032717,3401.0714285714284,14.0,13.0,23.0,582.0,28.0
27,13600.0,0.54,578.1788135593221,0.24127865728822492,3332.0689655172414,15.0,13.0,22.0,590.0,29.0
27,13800.0,0.54,576.2979966611018,0.24427867755863214,3332.0689655172414,15.0,13.0,22.0,599.0,29.0
27,14000.0,0.54,573.9810855263158,0.24121784606652746,3332.0689655172414,15.0,14.0,21.0,608.0,29.0
27,14200.0,0.54,576.5259319286872,0.23927188697220927,3693.6,15.0,15.0,20.0,617.0,30.0
27,14400.0,0.54,576.9810126582279,0.24243407050047636,4038.2258064516127,16.0,14.0,20.0,632.0,31.0
27,14600.0,0.54,575.6830218068536,0.25066385583686374,4038.2258064516127,16.0,15.0,19.0,642.0,31.0
27,14800.0,0.54,574.3694316436251,0.2585287738430665,4038.2258064516127,17.0,14.0,19.0,651.0,31.0
27,15000.0,0.54,572.4287878787878,0.2586706666936939,4377.71875,17.0,13.0,20.0,660.0,32.0
27,15200.0,0.54,568.8562962962963,0.2521841363792999,4377.71875,17.0,13.0,20.0,675.0,32.0
27,15400.0,0.54,568.2649199417758,0.24573814687937082,4377.71875,15.0,15.0,20.0,687.0,32.0
27,15600.0,0.52,567.5286944045911,0.24150163176778222,4377.71875,13.0,17.0,20.0,697.0,32.0
27,15800.0,0.54,564.181946403385,0.24081243792187784,4377.71875,14.0,16.0,20.0,709.0,32.0
27,16000.0,0.54,563.931659693166,0.23929215737944176,4377.71875,15.0,14.0,21.0,717.0,32.0
28,0.0,0.0,nan,0.015202805424360975,nan,0.0,0.0,50.0,0.0,0.0
28,200.0,0.26,nan,0.030162365961932176,nan,0.0,8.0,42.0,0.0,0.0
28,400.0,0.42,149.75,0.0648247623294752,nan,0.0,13.0,37.0,2.0,0.0
28,600.0,0.52,213.75,0.09683173534956317,497.5,2.0,12.0,36.0,6.0,2.0
28,800.0,0.56,213.75,0.12697383090426287,643.0625,8.0,6.0,36.0,6.0,8.0
28,1000.0,0.54,386.59090909090907,0.15277805931121155,737.3333333333334,12.0,3.0,35.0,11.0,12.0
28,1200.0,0.54,461.90625,0.1722579206616261,782.2142857142857,13.0,3.0,34.0,16.0,14.0
28,1400.0,0.56,564.6666666666666,0.18855532807654105,782.2142857142857,12.0,5.0,33.0,21.0,14.0
28,1600.0,0.54,697.3793103448276,0.19842701639875945,829.6333333333333,13.0,4.0,33.0,29.0,15.0
28,1800.0,0.54,799.9230769230769,0.20274461313927797,884.6875,15.0,2.0,33.0,39.0,16.0
28,2000.0,0.56,834.202380952381,0.20513652119271075,884.6875,13.0,5.0,32.0,42.0,16.0
28,2200.0,0.56,761.7727272727273,0.20406218960938927,884.6875,13.0,5.0,32.0,55.0,16.0
28,2400.0,0.52,757.5078125,0.19980540409056818,884.6875,14.0,4.0,32.0,64.0,16.0
28,2600.0,0.56,740.5352112676056,0.1993594551314536,981.3529411764706,14.0,5.0,31.0,71.0,17.0
28,2800.0,0.54,715.2083333333334,0.19789998581071494,981.3529411764706,14.0,5.0,31.0,84.0,17.0
28,3000.0,0.56,686.0315789473684,0.20217704173676848,1086.611111111111,15.0,4.0,31.0,95.0,18.0
28,3200.0,0.54,681.9108910891089,0.20829870472097783,1086.611111111111,14.0,5.0,31.0,101.0,18.0
28,3400.0,0.56,674.7342342342342,0.21263657186872884,1086.611111111111,15.0,5.0,30.0,111.0,18.0
28,3600.0,0.5,653.6056910569106,0.2149473982932317,1086.611111111111,14.0,6.0,30.0,123.0,18.0
28,3800.0,0.56,648.7442748091603,0.21652849005736524,1086.611111111111,13.0,6.0,31.0,131.0,18.0
28,4000.0,0.56,640.9782608695652,0.2167920053513875,1086.611111111111,14.0,5.0,31.0,138.0,18.0
28,4200.0,0.56,647.734693877551,0.21587983702592586,1242.5526315789473,15.0,4.0,31.0,147.0,19.0
28,4400.0,0.56,655.9387096774194,0.21861634200231084,1242.5526315789473,15.0,4.0,31.0,155.0,19.0
28,4600.0,0.54,656.1459627329192,0.22311637240792168,1242.5526315789473,17.0,2.0,31.0,161.0,19.0
28,4800.0,0.54,661.0538922155689,0.22607585186386395,1242.5526315789473,17.0,3.0,30.0,167.0,19.0
28,5000.0,0.54,662.5028409090909,0.22901506091257373,1242.5526315789473,16.0,5.0,29.0,176.0,19.0
28,5200.0,0.54,656.7367021276596,0.2279812701437172,1242.5526315789473,15.0,6.0,29.0,188.0,19.0
28,5400.0,0.54,656.4849246231156,0.2251434131311698,1242.5526315789473,14.0,7.0,29.0,199.0,19.0
28,5600.0,0.54,648.2775119617224,0.22856911195345914,1455.9,15.0,7.0,28.0,209.0,20.0
28,5800.0,0.56,640.2557603686636,0.23594754018608233,1455.9,15.0,8.0,27.0,217.0,20.0
28,6000.0,0.54,634.9669603524229,0.23985972878195122,1666.4761904761904,16.0,7.0,27.0,227.0,21.0
28,6200.0,0.54,628.4765957446808,0.24223136642815155,1870.7727272727273,17.0,6.0,27.0,235.0,22.0
28,6400.0,0.54,634.2357723577236,0.24121784606652746,1870.7727272727273,16.0,7.0,27.0,246.0,22.0
28,6600.0,0.54,632.1620553359684,0.24365029493442522,1870.7727272727273,17.0,7.0,26.0,253.0,22.0
28,6800.0,0.56,636.3494208494209,0.24294083068128838,1870.7727272727273,16.0,8.0,26.0,259.0,22.0
28,7000.0,0.56,627.3621323529412,0.24415705511523728,1870.7727272727273,14.0,11.0,25.0,272.0,22.0
28,7200.0,0.56,628.1095406360424,0.24656923357590255,1870.7727272727273,15.0,10.0,25.0,283.0,22.0
28,7400.0,0.56,620.2210884353741,0.24709626416394706,2103.217391304348,15.0,10.0,25.0,294.0,23.0
28,7600.0,0.56,622.2233009708738,0.2486976263353131,2331.2708333333335,16.0,9.0,25.0,309.0,24.0
28,7800.0,0.54,612.8824451410659,0.2510692639815134,2331.2708333333335,17.0,8.0,25.0,319.0,24.0
28,8000.0,0.54,611.6727828746177,0.2536436057000385,2331.2708333333335,17.0,9.0,24.0,327.0,24.0
28,8200.0,0.56,609.3223880597014,0.2560152433462388,2331.2708333333335,17.0,9.0,24.0,335.0,24.0
28,8400.0,0.56,612.5804093567251,0.2554679423509618,2331.2708333333335,17.0,10.0,23.0,342.0,24.0
28,8600.0,0.54,612.2648725212465,0.2548192893195224,2577.46,16.0,11.0,23.0,353.0,25.0
28,8800.0,0.54,605.6856368563685,0.255305779093102,2577.46,18.0,9.0,23.0,369.0,25.0
28,9000.0,0.56,603.128,0.25889364117325114,2821.730769230769,18.0,8.0,24.0,375.0,26.0
28,9200.0,0.52,607.3290155440415,0.25966391664808547,2821.730769230769,19.0,7.0,24.0,386.0,26.0
28,9400.0,0.56,599.6746231155779,0.2540692842519206,2821.730769230769,15.0,11.0,24.0,398.0,26.0
28,9600.0,0.56,597.3913580246914,0.2513935904972331,2821.730769230769,16.0,10.0,24.0,405.0,26.0
28,9800.0,0.56,598.3764988009592,0.25192062108527763,2821.730769230769,17.0,12.0,21.0,417.0,26.0
28,10000.0,0.54,599.9637002341921,0.2564611923053534,2821.730769230769,16.0,13.0,21.0,427.0,26.0
28,10200.0,0.56,596.3425287356322,0.26252204406786533,2821.730769230769,17.0,13.0,20.0,435.0,26.0
28,10400.0,0.56,594.7138084632517,0.2652585490442503,2821.730769230769,14.0,16.0,20.0,449.0,26.0
28,10600.0,0.52,593.3526200873363,0.26769099791214807,2821.730769230769,14.0,16.0,20.0,458.0,26.0
28,10800.0,0.56,594.3390557939914,0.2664342326637342,2821.730769230769,13.0,18.0,19.0,466.0,26.0
28,11000.0,0.54,592.4947589098532,0.26846127338698234,3397.8214285714284,15.0,16.0,19.0,477.0,28.0
28,11200.0,0.56,592.952182952183,0.27202886505989904,3397.8214285714284,16.0,15.0,19.0,481.0,28.0
28,11400.0,0.54,596.152977412731,0.2721910283177589,3670.1206896551726,18.0,13.0,19.0,487.0,29.0
28,11600.0,0.56,598.8606060606061,0.2663126102203393,3670.1206896551726,15.0,16.0,19.0,495.0,29.0
28,11800.0,0.54,601.2380952380952,0.26724504895303347,3670.1206896551726,15.0,16.0,19.0,504.0,29.0
28,12000.0,0.52,601.1348747591522,0.2658261204467598,3670.1206896551726,15.0,16.0,19.0,519.0,29.0
28,12200.0,0.54,599.3528301886793,0.2673058601747309,4213.596774193548,16.0,15.0,19.0,530.0,31.0
28,12400.0,0.56,596.925925925926,0.2697991202643261,4213.596774193548,14.0,19.0,17.0,540.0,31.0
28,12600.0,0.56,594.9225865209472,0.2696977682281637,4473.390625,16.0,17.0,17.0,549.0,32.0
28,12800.0,0.54,593.4964412811388,0.2696369570064663,4724.530303030303,16.0,17.0,17.0,562.0,33.0
28,13000.0,0.56,592.969298245614,0.2670018040662437,4724.530303030303,18.0,14.0,18.0,570.0,33.0
28,13200.0,0.56,593.2443868739206,0.2688464111243995,4724.530303030303,16.0,16.0,18.0,579.0,33.0
28,13400.0,0.56,592.7397959183673,0.2731437374576855,4724.530303030303,17.0,14.0,19.0,588.0,33.0
28,13600.0,0.56,594.1705490848585,0.27699511483185696,4724.530303030303,16.0,15.0,19.0,601.0,33.0
28,13800.0,0.52,588.4739837398374,0.2784951249670606,4724.530303030303,17.0,14.0,19.0,615.0,33.0
28,14000.0,0.54,587.3438003220612,0.27660997709443985,4724.530303030303,19.0,12.0,19.0,621.0,33.0
28,14200.0,0.56,587.4275477707006,0.2728396813491983,4724.530303030303,18.0,13.0,19.0,628.0,33.0
28,14400.0,0.54,583.3372093023256,0.27095453347657755,4724.530303030303,16.0,16.0,18.0,645.0,33.0
28,14600.0,0.56,582.9619482496195,0.27168426813694685,4624.588235294118,16.0,16.0,18.0,657.0,34.0
28,14800.0,0.54,583.9411764705883,0.2708734518476476,4624.588235294118,16.0,16.0,18.0,663.0,34.0
28,15000.0,0.54,579.9520648967551,0.2674274826181258,4624.588235294118,14.0,18.0,18.0,678.0,34.0
28,15200.0,0.56,575.9494949494949,0.26811667646403015,4624.588235294118,15.0,17.0,18.0,693.0,34.0
28,15400.0,0.56,578.3438395415473,0.27194778343096915,4624.588235294118,17.0,14.0,19.0,698.0,34.0
28,15600.0,0.54,577.5513361462729,0.2732856303083129,4624.588235294118,18.0,13.0,19.0,711.0,34.0
28,15800.0,0.54,575.0393103448276,0.2712383191778323,4624.588235294118,17.0,14.0,19.0,725.0,34.0
28,16000.0,0.56,574.7554495912807,0.266130176555247,4624.588235294118,18.0,13.0,19.0,734.0,34.0
29,0.0,0.0,nan,0.015202805424360975,nan,0.0,0.0,50.0,0.0,0.0
29,200.0,0.34,nan,0.035189426955587536,nan,0.0,12.0,38.0,0.0,0.0
29,400.0,0.5,105.83333333333333,0.07418969047088156,nan,0.0,16.0,34.0,3.0,0.0
29,600.0,0.58,105.83333333333333,0.11379806620315003,522.75,2.0,17.0,31.0,3.0,2.0
29,800.0,0.58,220.875,0.1502442584071514,668.5909090909091,11.0,8.0,31.0,4.0,11.0
29,1000.0,0.58,220.875,0.18087284373543064,706.8928571428571,14.0,4.0,32.0,4.0,14.0
29,1200.0,0.54,629.1363636363636,0.20191352644274624,755.5625,16.0,2.0,32.0,11.0,16.0
29,1400.0,0.52,745.4090909090909,0.21107575051182778,782.5588235294117,17.0,1.0,32.0,22.0,17.0
29,1600.0,0.58,800.2878787878788,0.22238663774755235,782.5588235294117,17.0,1.0,32.0,33.0,17.0
29,1800.0,0.54,805.8809523809524,0.2310826424502868,782.5588235294117,17.0,1.0,32.0,42.0,17.0
29,2000.0,0.56,741.5588235294117,0.2283055966594369,841.0833333333334,17.0,1.0,32.0,51.0,18.0
29,2200.0,0.56,741.8492063492064,0.2269880201893256,841.0833333333334,17.0,5.0,28.0,63.0,18.0
29,2400.0,0.52,692.972972972973,0.23059615267670727,841.0833333333334,16.0,6.0,28.0,74.0,18.0
29,2600.0,0.56,664.5853658536586,0.23462996371597106,928.7894736842105,17.0,5.0,28.0,82.0,19.0
29,2800.0,0.58,673.3111111111111,0.24095433077250522,1016.6,18.0,5.0,27.0,90.0,20.0
29,3000.0,0.56,658.1782178217821,0.24190703991243184,1108.8809523809523,19.0,5.0,26.0,101.0,21.0
29,3200.0,0.58,646.563063063063,0.23724484624896114,1108.8809523809523,19.0,4.0,27.0,111.0,21.0
29,3400.0,0.54,648.9758064516129,0.23582591774268746,1204.9545454545455,17.0,6.0,27.0,124.0,22.0
29,3600.0,0.58,638.3768656716418,0.23576510652099,1303.0,19.0,5.0,26.0,134.0,23.0
29,3800.0,0.58,644.4895833333334,0.2365353819958243,1303.0,18.0,6.0,26.0,144.0,23.0
29,4000.0,0.58,633.9105960264901,0.2362110554801046,1303.0,16.0,8.0,26.0,151.0,23.0
29,4200.0,0.58,621.4539877300614,0.23292724950844262,1303.0,16.0,8.0,26.0,163.0,23.0
29,4400.0,0.56,623.0029239766081,0.23102183122858938,1427.0208333333333,16.0,8.0,26.0,171.0,24.0
29,4600.0,0.58,614.9184782608696,0.23071777512010216,1427.0208333333333,15.0,9.0,26.0,184.0,24.0
29,4800.0,0.58,610.0699481865284,0.232521841363793,1427.0208333333333,15.0,9.0,26.0,193.0,24.0
29,5000.0,0.58,601.8574879227053,0.23736646869235603,1427.0208333333333,16.0,8.0,26.0,207.0,24.0
29,5200.0,0.56,599.574074074074,0.23773133602254068,1427.0208333333333,17.0,7.0,26.0,216.0,24.0
29,5400.0,0.56,597.1381578947369,0.23742727991405346,1427.0208333333333,16.0,8.0,26.0,228.0,24.0
29,5600.0,0.58,596.7468085106383,0.23892729004925709,1427.0208333333333,16.0,8.0,26.0,235.0,24.0
29,5800.0,0.56,594.936475409836,0.2392516165649768,1427.0208333333333,17.0,7.0,26.0,244.0,24.0
29,6000.0,0.54,595.5590551181102,0.23915026452881438,1427.0208333333333,17.0,7.0,26.0,254.0,24.0
29,6200.0,0.56,592.077358490566,0.24056919303508809,1427.0208333333333,19.0,5.0,26.0,265.0,24.0
29,6400.0,0.56,593.7644927536232,0.24642734072527517,1427.0208333333333,20.0,4.0,26.0,276.0,24.0
29,6600.0,0.58,604.319298245614,0.24772464678815398,1427.0208333333333,21.0,3.0,26.0,285.0,24.0
29,6800.0,0.58,597.3554421768707,0.24861654470638314,1427.0208333333333,19.0,5.0,26.0,294.0,24.0
29,7000.0,0.58,595.4292763157895,0.2434475908621004,1427.0208333333333,18.0,6.0,26.0,304.0,24.0
29,7200.0,0.56,592.5438871473355,0.2393326981939067,1427.0208333333333,16.0,8.0,26.0,319.0,24.0
29,7400.0,0.58,589.1395705521472,0.2354610504125028,1427.0208333333333,17.0,7.0,26.0,326.0,24.0
29,7600.0,0.58,585.3426470588236,0.23803539213102792,1427.0208333333333,17.0,7.0,26.0,340.0,24.0
29,7800.0,0.56,579.9545454545455,0.23941377982283665,1427.0208333333333,16.0,10.0,24.0,352.0,24.0
29,8000.0,0.56,577.506906077348,0.24318407556807817,1427.0208333333333,19.0,7.0,24.0,362.0,24.0
29,8200.0,0.52,574.75,0.24934627936675247,1693.98,17.0,10.0,23.0,370.0,25.0
29,8400.0,0.56,581.5759162303665,0.24717734579287698,1945.25,17.0,9.0,24.0,382.0,26.0
29,8600.0,0.58,573.8486005089059,0.24442057040925952,1945.25,17.0,9.0,24.0,393.0,26.0
29,8800.0,0.56,571.9378048780488,0.24083270832911033,1945.25,15.0,11.0,24.0,410.0,26.0
29,9000.0,0.52,570.0921985815603,0.2395759430806965,1945.25,18.0,8.0,24.0,423.0,26.0
29,9200.0,0.58,565.9722222222222,0.23831917783228265,1945.25,18.0,8.0,24.0,432.0,26.0
29,9400.0,0.58,559.4785553047404,0.23537996878357287,1945.25,19.0,7.0,24.0,443.0,26.0
29,9600.0,0.54,563.4139072847682,0.23140696896600652,1945.25,15.0,11.0,24.0,453.0,26.0
29,9800.0,0.58,565.4967811158798,0.2321975148480733,1945.25,17.0,10.0,23.0,466.0,26.0
29,10000.0,0.56,564.4547368421053,0.23353536172541706,1945.25,15.0,12.0,23.0,475.0,26.0
29,10200.0,0.56,562.3839835728953,0.22940019864999087,1945.25,14.0,13.0,23.0,487.0,26.0
29,10400.0,0.54,557.254016064257,0.22822451503050697,2256.240740740741,13.0,15.0,22.0,498.0,27.0
29,10600.0,0.56,554.5745098039216,0.23017047412482516,2256.240740740741,15.0,13.0,22.0,510.0,27.0
29,10800.0,0.56,554.1443594646272,0.23183264751788862,2256.240740740741,16.0,12.0,22.0,523.0,27.0
29,11000.0,0.56,555.1616541353384,0.23473131575213346,2256.240740740741,16.0,12.0,22.0,532.0,27.0
29,11200.0,0.56,550.8563636363637,0.23483266778829587,2572.910714285714,17.0,11.0,22.0,550.0,28.0
29,11400.0,0.58,544.1014109347443,0.23562321367036262,2572.910714285714,16.0,11.0,23.0,567.0,28.0
29,11600.0,0.58,543.5495652173913,0.23438671882918127,2572.910714285714,14.0,13.0,23.0,575.0,28.0
29,11800.0,0.56,540.9392123287671,0.2356434840775951,2572.910714285714,13.0,14.0,23.0,584.0,28.0
29,12000.0,0.56,538.157237936772,0.23817728498165527,2572.910714285714,14.0,13.0,23.0,601.0,28.0
29,12200.0,0.58,539.1117455138663,0.24083270832911033,2572.910714285714,16.0,11.0,23.0,613.0,28.0
29,12400.0,0.58,537.8138041733547,0.24594085095169563,2572.910714285714,16.0,12.0,22.0,623.0,28.0
29,12600.0,0.58,538.5880952380952,0.2446840857032818,2572.910714285714,17.0,11.0,22.0,630.0,28.0
29,12800.0,0.54,535.4058641975308,0.23791376968763303,2572.910714285714,17.0,10.0,23.0,648.0,28.0
29,13000.0,0.58,529.1475903614457,0.24024486651936838,2929.206896551724,18.0,9.0,23.0,664.0,29.0
29,13200.0,0.52,528.1352154531946,0.24393408063567998,2929.206896551724,16.0,12.0,22.0,673.0,29.0
29,13400.0,0.56,528.2768895348837,0.24916384570166014,2929.206896551724,17.0,11.0,22.0,688.0,29.0
29,13600.0,0.56,527.2640287769784,0.2530963047047615,2929.206896551724,16.0,12.0,22.0,695.0,29.0
29,13800.0,0.58,527.4738700564972,0.2543125291387104,2929.206896551724,17.0,11.0,22.0,708.0,29.0
29,14000.0,0.56,525.9185236768802,0.2548395597267549,2929.206896551724,17.0,11.0,22.0,718.0,29.0
29,14200.0,0.58,526.5827633378933,0.25459631483996514,2929.206896551724,17.0,11.0,22.0,731.0,29.0
29,14400.0,0.58,525.8051420838972,0.254170636288083,2929.206896551724,18.0,10.0,22.0,739.0,29.0
29,14600.0,0.56,528.1225033288948,0.25212332515760244,2929.206896551724,16.0,12.0,22.0,751.0,29.0
29,14800.0,0.58,526.6857707509881,0.247684105973689,2929.206896551724,15.0,13.0,22.0,759.0,29.0
29,15000.0,0.52,527.9086229086229,0.23985972878195122,2929.206896551724,15.0,13.0,22.0,777.0,29.0
29,15200.0,0.56,527.4402035623409,0.23363671376157946,2929.206896551724,13.0,14.0,23.0,786.0,29.0
29,15400.0,0.56,524.6171679197995,0.23006912208866276,2929.206896551724,12.0,16.0,22.0,798.0,29.0
29,15600.0,0.54,524.4938347718866,0.23213670362637587,2929.206896551724,13.0,15.0,22.0,811.0,29.0
29,15800.0,0.56,524.2344701583435,0.24050838181339063,2929.206896551724,14.0,14.0,22.0,821.0,29.0
29,16000.0,0.56,525.7328519855596,0.24648815194697263,3364.75,15.0,13.0,22.0,831.0,30.0
30,0.0,0.0,nan,0.015202805424360975,nan,0.0,0.0,50.0,0.0,0.0
30,200.0,0.22,nan,0.029331279265400443,nan,0.0,8.0,42.0,0.0,0.0
30,400.0,0.48,nan,0.06399367563294346,nan,0.0,14.0,36.0,0.0,0.0
30,600.0,0.6,160.75,0.1023250157095656,506.1666666666667,3.0,13.0,34.0,2.0,3.0
30,800.0,0.6,307.25,0.1361563253805769,653.2222222222222,9.0,7.0,34.0,6.0,9.0
30,1000.0,0.58,437.8333333333333,0.167494374961993,739.0357142857143,14.0,3.0,33.0,9.0,14.0
30,1200.0,0.54,560.3947368421053,0.19206210852776032,760.1333333333333,15.0,3.0,32.0,19.0,15.0
30,1400.0,0.6,630.5714285714286,0.20471084264082864,792.96875,16.0,3.0,31.0,28.0,16.0
30,1600.0,0.56,695.3472222222222,0.21456226055581457,835.5588235294117,17.0,2.0,31.0,36.0,17.0
30,1800.0,0.58,679.8469387755102,0.21936634706991265,835.5588235294117,17.0,2.0,31.0,49.0,17.0
30,2000.0,0.6,669.2083333333334,0.22415016317677822,899.1666666666666,18.0,1.0,31.0,60.0,18.0
30,2200.0,0.58,619.5743243243244,0.22238663774755235,899.1666666666666,18.0,1.0,31.0,74.0,18.0
30,2400.0,0.58,611.656626506024,0.221150142906371,975.7105263157895,19.0,0.0,31.0,83.0,19.0
30,2600.0,0.6,584.2947368421053,0.2251434131311698,975.7105263157895,17.0,2.0,31.0,95.0,19.0
30,2800.0,0.58,587.5619469026549,0.23148805059493646,975.7105263157895,18.0,2.0,30.0,113.0,19.0
30,3000.0,0.6,581.7310924369748,0.23394076987006668,975.7105263157895,17.0,4.0,29.0,119.0,19.0
30,3200.0,0.6,581.0573770491803,0.23503537186062068,975.7105263157895,17.0,4.0,29.0,122.0,19.0
30,3400.0,0.6,571.1285714285714,0.2357853769282225,1201.7619047619048,19.0,3.0,28.0,140.0,21.0
30,3600.0,0.58,565.1895424836601,0.23872458597693227,1201.7619047619048,19.0,3.0,28.0,153.0,21.0
30,3800.0,0.58,567.533950617284,0.2392516165649768,1201.7619047619048,18.0,4.0,28.0,162.0,21.0
30,4000.0,0.6,569.8678160919541,0.24225163683538403,1323.75,17.0,6.0,27.0,174.0,22.0
30,4200.0,0.6,568.8867403314918,0.24985303954756452,1323.75,20.0,3.0,27.0,181.0,22.0
30,4400.0,0.58,570.4705882352941,0.2524679220805546,1323.75,20.0,4.0,26.0,187.0,22.0
30,4600.0,0.58,569.780303030303,0.2553868607220319,1461.9347826086957,20.0,4.0,26.0,198.0,23.0
30,4800.0,0.6,569.627962085308,0.2576774167393023,1461.9347826086957,20.0,4.0,26.0,211.0,23.0
30,5000.0,0.6,577.8431818181818,0.25747471266697747,1461.9347826086957,21.0,3.0,26.0,220.0,23.0
30,5200.0,0.56,577.4804347826087,0.25727200859465266,1615.9583333333333,21.0,3.0,26.0,230.0,24.0
30,5400.0,0.58,569.2895833333333,0.2559138913100764,1615.9583333333333,20.0,4.0,26.0,240.0,24.0
30,5600.0,0.6,567.2131474103586,0.2533395495915513,1615.9583333333333,19.0,6.0,25.0,251.0,24.0
30,5800.0,0.6,569.4087452471483,0.255305779093102,1615.9583333333333,18.0,7.0,25.0,263.0,24.0
30,6000.0,0.56,576.6490909090909,0.2540895546591531,1615.9583333333333,19.0,6.0,25.0,275.0,24.0
30,6200.0,0.58,570.1496478873239,0.25490037094845236,1793.26,18.0,7.0,25.0,284.0,25.0
30,6400.0,0.6,573.5154109589041,0.255265238278637,1793.26,17.0,8.0,25.0,292.0,25.0
30,6600.0,0.6,573.0230263157895,0.2517381874201853,1793.26,17.0,8.0,25.0,304.0,25.0
30,6800.0,0.6,570.4016129032258,0.24667058561206495,1793.26,18.0,7.0,25.0,310.0,25.0
30,7000.0,0.56,569.5356037151703,0.24646788153974014,1793.26,18.0,7.0,25.0,323.0,25.0
30,7200.0,0.6,572.9790419161677,0.24695437131331968,1793.26,20.0,5.0,25.0,334.0,25.0
30,7400.0,0.58,574.4607558139535,0.24658950398313503,1793.26,21.0,4.0,25.0,344.0,25.0
30,7600.0,0.6,572.3988764044943,0.24827194778343098,1793.26,17.0,8.0,25.0,356.0,25.0
30,7800.0,0.58,566.9086021505376,0.2468124784626923,1793.26,17.0,8.0,25.0,372.0,25.0
30,8000.0,0.58,565.0665796344648,0.24170433584010703,1793.26,15.0,10.0,25.0,383.0,25.0
30,8200.0,0.56,557.0982367758187,0.23659619321752173,1793.26,16.0,9.0,25.0,397.0,25.0
30,8400.0,0.6,554.4655172413793,0.2391299941215819,1793.26,16.0,9.0,25.0,406.0,25.0
30,8600.0,0.6,552.927380952381,0.24204893276305922,1793.26,17.0,8.0,25.0,420.0,25.0
30,8800.0,0.58,551.2401392111369,0.23746782072851844,1793.26,15.0,10.0,25.0,431.0,25.0
30,9000.0,0.6,546.6085011185683,0.2316299434455638,1793.26,13.0,12.0,25.0,447.0,25.0
30,9200.0,0.58,543.7911255411256,0.22826505584497192,1793.26,16.0,9.0,25.0,462.0,25.0
30,9400.0,0.6,546.103813559322,0.2324204893276306,1793.26,16.0,9.0,25.0,472.0,25.0
30,9600.0,0.6,543.2280334728033,0.2315285914094014,1793.26,14.0,12.0,24.0,478.0,25.0
30,9800.0,0.6,539.6543967280163,0.2288326272474814,1793.26,13.0,13.0,24.0,489.0,25.0
30,10000.0,0.58,544.7739043824702,0.22678531611700078,1793.26,13.0,14.0,23.0,502.0,25.0
30,10200.0,0.58,543.771484375,0.2309812904141244,1793.26,14.0,13.0,23.0,512.0,25.0
30,10400.0,0.6,544.3638095238096,0.23471104534490098,2123.903846153846,14.0,13.0,23.0,525.0,26.0
30,10600.0,0.6,542.8895131086142,0.2408935195508078,2123.903846153846,14.0,13.0,23.0,534.0,26.0
30,10800.0,0.6,545.1552680221812,0.24251515212940628,2441.4444444444443,17.0,10.0,23.0,541.0,27.0
30,11000.0,0.58,548.008137432188,0.2485760038919182,2441.4444444444443,16.0,11.0,23.0,553.0,27.0
30,11200.0,0.56,546.4451327433628,0.2546368556544301,2441.4444444444443,16.0,12.0,22.0,565.0,27.0
30,11400.0,0.56,546.5422413793103,0.2542719883242454,2441.4444444444443,14.0,14.0,22.0,580.0,27.0
30,11600.0,0.6,544.0399659863946,0.25232602922992725,2441.4444444444443,15.0,13.0,22.0,588.0,27.0
30,11800.0,0.56,541.9342762063228,0.2488800600004054,2441.4444444444443,13.0,15.0,22.0,601.0,27.0
30,12000.0,0.6,542.0745901639344,0.24819086615450103,2441.4444444444443,12.0,17.0,21.0,610.0,27.0
30,12200.0,0.58,541.0298387096774,0.24701518253501714,2441.4444444444443,14.0,15.0,21.0,620.0,27.0
30,12400.0,0.56,540.724960254372,0.24669085601929744,2441.4444444444443,14.0,15.0,21.0,629.0,27.0
30,12600.0,0.54,544.0829457364341,0.24588003972999817,2799.1428571428573,15.0,13.0,22.0,645.0,28.0
30,12800.0,0.54,544.8186646433991,0.2412989276954574,2799.1428571428573,16.0,12.0,22.0,659.0,28.0
30,13000.0,0.56,541.2667161961367,0.24164352461840957,2799.1428571428573,12.0,18.0,20.0,673.0,28.0
30,13200.0,0.6,539.383431085044,0.2450894938479314,3156.0862068965516,12.0,19.0,19.0,682.0,29.0
30,13400.0,0.6,536.0,0.24731923864350436,3156.0862068965516,12.0,19.0,19.0,701.0,29.0
30,13600.0,0.58,533.3946629213483,0.253623335292806,3156.0862068965516,14.0,16.0,20.0,712.0,29.0
30,13800.0,0.56,531.7420689655172,0.2622179879593781,3504.85,14.0,16.0,20.0,725.0,30.0
30,14000.0,0.6,531.908719346049,0.26511665619362296,3504.85,16.0,15.0,19.0,734.0,30.0
30,14200.0,0.56,529.5957446808511,0.26704234488070866,3504.85,14.0,18.0,18.0,752.0,30.0
30,14400.0,0.6,529.1716906946265,0.26821802850019255,3855.7741935483873,14.0,19.0,17.0,763.0,31.0
30,14600.0,0.6,529.2919896640827,0.2765288954655099,3855.7741935483873,16.0,17.0,17.0,774.0,31.0
30,14800.0,0.6,528.2047193877551,0.2771572780897168,4516.530303030303,17.0,16.0,17.0,784.0,33.0
30,15000.0,0.58,528.140605296343,0.2747856404435165,4821.985294117647,18.0,15.0,17.0,793.0,34.0
30,15200.0,0.6,527.9589041095891,0.274299150669937,4728.871428571429,16.0,18.0,16.0,803.0,35.0
30,15400.0,0.6,526.8829656862745,0.2778262015283887,4728.871428571429,16.0,18.0,16.0,816.0,35.0
30,15600.0,0.58,530.9426328502416,0.28135325238684045,4728.871428571429,17.0,16.0,17.0,828.0,35.0
30,15800.0,0.6,527.5411203814065,0.27926540044189485,5035.972222222223,19.0,14.0,17.0,839.0,36.0
30,16000.0,0.58,528.4812426729192,0.279650538179312,5035.972222222223,18.0,16.0,16.0,853.0,36.0
31,0.0,0.0,nan,0.015202805424360975,nan,0.0,0.0,50.0,0.0,0.0
31,200.0,0.32,67.25,0.036567814647396266,nan,0.0,9.0,41.0,4.0,0.0
31,400.0,0.56,84.375,0.07104777734984696,nan,0.0,14.0,36.0,8.0,0.0
31,600.0,0.6,92.0,0.1113250765207873,518.125,4.0,13.0,33.0,9.0,4.0
31,800.0,0.62,133.0,0.1444063811241968,587.5625,8.0,9.0,33.0,11.0,8.0
31,1000.0,0.62,221.4375,0.17010925749498307,672.0,11.0,8.0,31.0,16.0,11.0
31,1200.0,0.6,407.5,0.19189994526990048,777.9,15.0,5.0,30.0,24.0,15.0
31,1400.0,0.6,525.8709677419355,0.20886627612348732,777.9,15.0,5.0,30.0,31.0,15.0
31,1600.0,0.62,607.8947368421053,0.22380556625382603,859.9411764705883,17.0,4.0,29.0,38.0,17.0
31,1800.0,0.62,642.9019607843137,0.23096102000689195,859.9411764705883,17.0,3.0,30.0,51.0,17.0
31,2000.0,0.62,656.1101694915254,0.2282042446232745,859.9411764705883,17.0,3.0,30.0,59.0,17.0
31,2200.0,0.6,666.0869565217391,0.2227717754849695,859.9411764705883,17.0,3.0,30.0,69.0,17.0
31,2400.0,0.62,691.7763157894736,0.2265623416374435,859.9411764705883,17.0,4.0,29.0,76.0,17.0
31,2600.0,0.6,688.222891566265,0.22832586706666938,859.9411764705883,17.0,4.0,29.0,83.0,17.0
31,2800.0,0.56,679.7578947368421,0.23363671376157946,960.1388888888889,18.0,4.0,28.0,95.0,18.0
31,3000.0,0.6,667.7877358490566,0.24083270832911033,1151.5,18.0,3.0,29.0,106.0,20.0
31,3200.0,0.62,663.0296610169491,0.2446638152960493,1151.5,18.0,3.0,29.0,118.0,20.0
31,3400.0,0.6,658.10546875,0.24348813167656538,1252.3809523809523,18.0,3.0,29.0,128.0,21.0
31,3600.0,0.62,660.6407407407407,0.24407597348630733,1252.3809523809523,18.0,3.0,29.0,135.0,21.0
31,3800.0,0.62,657.3137931034482,0.24101514199420265,1252.3809523809523,17.0,4.0,29.0,145.0,21.0
31,4000.0,0.62,657.5457516339869,0.23819755538888776,1252.3809523809523,17.0,4.0,29.0,153.0,21.0
31,4200.0,0.62,648.6676646706587,0.23803539213102792,1252.3809523809523,16.0,5.0,29.0,167.0,21.0
31,4400.0,0.6,641.8954802259886,0.24079216751464536,1252.3809523809523,18.0,3.0,29.0,177.0,21.0
31,4600.0,0.62,647.8252688172043,0.23823809620335273,1252.3809523809523,18.0,3.0,29.0,186.0,21.0
31,4800.0,0.62,636.6173469387755,0.2405286522206231,1252.3809523809523,17.0,4.0,29.0,196.0,21.0
31,5000.0,0.6,633.4879807692307,0.2365556524030568,1252.3809523809523,16.0,5.0,29.0,208.0,21.0
31,5200.0,0.62,635.0202702702703,0.2356637544848276,1252.3809523809523,17.0,4.0,29.0,222.0,21.0
31,5400.0,0.58,627.4504310344828,0.2345691524942736,1252.3809523809523,16.0,5.0,29.0,232.0,21.0
31,5600.0,0.56,620.1666666666666,0.2312042648936817,1252.3809523809523,15.0,6.0,29.0,246.0,21.0
31,5800.0,0.6,619.2431906614786,0.23288670869397765,1252.3809523809523,15.0,6.0,29.0,257.0,21.0
31,6000.0,0.62,612.7992565055762,0.23442725964364625,1252.3809523809523,16.0,6.0,28.0,269.0,21.0
31,6200.0,0.62,606.3960573476703,0.2333934688747897,1252.3809523809523,17.0,5.0,28.0,279.0,21.0
31,6400.0,0.62,605.8460207612457,0.23442725964364625,1252.3809523809523,16.0,6.0,28.0,289.0,21.0
31,6600.0,0.62,602.75,0.23315022398799992,1252.3809523809523,15.0,7.0,28.0,300.0,21.0
31,6800.0,0.62,599.6634615384615,0.2334948209109521,1498.2727272727273,16.0,6.0,28.0,312.0,22.0
31,7000.0,0.58,597.321875,0.23420428516408895,1498.2727272727273,16.0,6.0,28.0,320.0,22.0
31,7200.0,0.58,596.2637195121952,0.23493401982445827,1498.2727272727273,15.0,7.0,28.0,328.0,22.0
31,7400.0,0.62,603.5798816568048,0.2331907648024649,1498.2727272727273,17.0,5.0,28.0,338.0,22.0
31,7600.0,0.58,608.6235632183908,0.23278535665781525,1498.2727272727273,16.0,6.0,28.0,348.0,22.0
31,7800.0,0.6,606.1298342541437,0.23562321367036262,1498.2727272727273,17.0,6.0,27.0,362.0,22.0
31,8000.0,0.6,600.4348404255319,0.24257596335110373,1498.2727272727273,17.0,6.0,27.0,376.0,22.0
31,8200.0,0.6,599.3102094240837,0.2504611517645389,1498.2727272727273,17.0,6.0,27.0,382.0,22.0
31,8400.0,0.62,598.7461340206186,0.24892060081487036,1793.108695652174,17.0,7.0,26.0,388.0,23.0
31,8600.0,0.6,599.8098236775819,0.25066385583686374,1793.108695652174,17.0,7.0,26.0,397.0,23.0
31,8800.0,0.62,606.9166666666666,0.2535625240711086,1793.108695652174,17.0,8.0,25.0,408.0,23.0
31,9000.0,0.6,608.5203836930456,0.25771795755376725,1793.108695652174,19.0,6.0,25.0,417.0,23.0
31,9200.0,0.6,608.3025700934579,0.25642065149088844,1793.108695652174,17.0,8.0,25.0,428.0,23.0
31,9400.0,0.62,606.4510250569476,0.2536436057000385,1793.108695652174,17.0,8.0,25.0,439.0,23.0
31,9600.0,0.58,601.9491150442478,0.24956925384630976,2116.5833333333335,16.0,9.0,25.0,452.0,24.0
31,9800.0,0.62,596.416488222698,0.24687328968438976,2116.5833333333335,15.0,10.0,25.0,467.0,24.0
31,10000.0,0.6,598.541928721174,0.2467111264265299,2116.5833333333335,17.0,8.0,25.0,477.0,24.0
31,10200.0,0.6,597.296106557377,0.25171791701295276,2116.5833333333335,17.0,8.0,25.0,488.0,24.0
31,10400.0,0.62,591.09,0.25567064642328663,2116.5833333333335,18.0,7.0,25.0,500.0,24.0
31,10600.0,0.62,592.073673870334,0.2546571260616626,2116.5833333333335,18.0,7.0,25.0,509.0,24.0
31,10800.0,0.62,591.0711538461538,0.2567855188210731,2462.46,19.0,6.0,25.0,520.0,25.0
31,11000.0,0.6,590.8672897196261,0.2548801005412199,2462.46,17.0,8.0,25.0,535.0,25.0
31,11200.0,0.6,588.7779816513762,0.25613686578963374,2462.46,17.0,7.0,26.0,545.0,25.0
31,11400.0,0.6,588.6079136690647,0.2546165852471976,2462.46,17.0,7.0,26.0,556.0,25.0
31,11600.0,0.58,587.953982300885,0.25548821275819433,2462.46,17.0,7.0,26.0,565.0,25.0
31,11800.0,0.62,586.8385146804836,0.2542314475097805,2462.46,18.0,6.0,26.0,579.0,25.0
31,12000.0,0.62,584.299831081081,0.25579226886668155,2462.46,20.0,4.0,26.0,592.0,25.0
31,12200.0,0.6,584.78073089701,0.258042284069487,2462.46,17.0,7.0,26.0,602.0,25.0
31,12400.0,0.62,583.8270799347472,0.2619139318508909,2462.46,17.0,8.0,25.0,613.0,25.0
31,12600.0,0.62,580.944089456869,0.27030588044513815,2462.46,19.0,6.0,25.0,626.0,25.0
31,12800.0,0.62,578.757911392405,0.27158291610078444,2462.46,18.0,7.0,25.0,632.0,25.0
31,13000.0,0.6,580.3013910355487,0.27277887012750085,2862.3076923076924,22.0,3.0,25.0,647.0,26.0
31,13200.0,0.56,577.886191198786,0.2735896864168001,2862.3076923076924,19.0,7.0,24.0,659.0,26.0
31,13400.0,0.62,578.8620689655172,0.2756369975472807,2862.3076923076924,21.0,5.0,24.0,667.0,26.0
31,13600.0,0.6,582.1899852724595,0.27259643646240855,2862.3076923076924,20.0,6.0,24.0,679.0,26.0
31,13800.0,0.62,582.3615160349855,0.2697788498570936,2862.3076923076924,19.0,7.0,24.0,686.0,26.0
31,14000.0,0.62,579.9161891117478,0.26838019175805244,2862.3076923076924,20.0,7.0,23.0,698.0,26.0
31,14200.0,0.62,575.723163841808,0.2656639571888999,2862.3076923076924,18.0,9.0,23.0,708.0,26.0
31,14400.0,0.62,578.5811373092927,0.26876532949546955,2862.3076923076924,19.0,8.0,23.0,721.0,26.0
31,14600.0,0.62,578.7789115646259,0.26777207954107796,2862.3076923076924,19.0,8.0,23.0,735.0,26.0
31,14800.0,0.6,577.8042895442359,0.2649747633429956,2862.3076923076924,19.0,9.0,22.0,746.0,26.0
31,15000.0,0.6,576.6399204244032,0.26063689619524455,2862.3076923076924,17.0,11.0,22.0,754.0,26.0
31,15200.0,0.62,573.9986962190352,0.2585287738430665,2862.3076923076924,16.0,11.0,23.0,767.0,26.0
31,15400.0,0.62,574.7719072164948,0.2581841769201143,3322.703703703704,17.0,10.0,23.0,776.0,27.0
31,15600.0,0.62,574.7992376111818,0.25512334542800963,3322.703703703704,16.0,11.0,23.0,787.0,27.0
31,15800.0,0.58,574.6897627965044,0.2521435955648349,3322.703703703704,19.0,8.0,23.0,801.0,27.0
31,16000.0,0.62,574.0833333333334,0.24881924877870795,3322.703703703704,16.0,10.0,24.0,816.0,27.0
32,0.0,0.0,nan,0.015202805424360975,nan,0.0,0.0,50.0,0.0,0.0
32,200.0,0.22,48.25,0.030000202704072325,nan,0.0,9.0,41.0,2.0,0.0
32,400.0,0.5,67.5,0.0640747572618734,394.5,1.0,14.0,35.0,6.0,1.0
32,600.0,0.6,121.45,0.1000547300995277,444.1666666666667,3.0,13.0,34.0,10.0,3.0
32,800.0,0.62,205.32142857142858,0.13295360103784484,607.9285714285714,7.0,11.0,32.0,14.0,7.0
32,1000.0,0.6,320.60526315789474,0.15960918654855777,695.2727272727273,11.0,7.0,32.0,19.0,11.0
32,1200.0,0.6,426.28,0.18202825694768207,730.1666666666666,12.0,6.0,32.0,25.0,12.0
32,1400.0,0.64,471.63793103448273,0.203798674315367,837.6666666666666,15.0,4.0,31.0,29.0,15.0
32,1600.0,0.6,628.5975609756098,0.22056230109662903,837.6666666666666,15.0,4.0,31.0,41.0,15.0
32,1800.0,0.58,593.4245283018868,0.2319948107757485,897.25,16.0,3.0,31.0,53.0,16.0
32,2000.0,0.64,628.452380952381,0.23617051466563962,951.5588235294117,17.0,2.0,31.0,63.0,17.0
32,2200.0,0.64,637.8116883116883,0.2355624024486652,951.5588235294117,16.0,4.0,30.0,77.0,17.0
32,2400.0,0.64,622.8928571428571,0.2404273001844607,951.5588235294117,15.0,7.0,28.0,84.0,17.0
32,2600.0,0.62,628.3711340206186,0.24111649403036506,1115.2368421052631,17.0,5.0,28.0,97.0,19.0
32,2800.0,0.64,616.875,0.23921107575051181,1115.2368421052631,18.0,4.0,28.0,108.0,19.0
32,3000.0,0.64,616.2330508474577,0.24006243285427603,1205.475,20.0,2.0,28.0,118.0,20.0
32,3200.0,0.64,580.7765151515151,0.24095433077250522,1205.475,20.0,2.0,28.0,132.0,20.0
32,3400.0,0.6,586.0384615384615,0.24069081547848295,1205.475,19.0,3.0,28.0,143.0,20.0
32,3600.0,0.62,586.259375,0.24158271339671214,1205.475,20.0,2.0,28.0,160.0,20.0
32,3800.0,0.62,570.8679775280899,0.24083270832911033,1205.475,19.0,3.0,28.0,178.0,20.0
32,4000.0,0.6,550.093085106383,0.2431435347536132,1205.475,19.0,4.0,27.0,188.0,20.0
32,4200.0,0.58,549.605,0.24474489692497922,1205.475,20.0,3.0,27.0,200.0,20.0
32,4400.0,0.6,547.4241706161138,0.24669085601929744,1205.475,17.0,6.0,27.0,211.0,20.0
32,4600.0,0.64,546.777027027027,0.24721788660734195,1358.9761904761904,18.0,5.0,27.0,222.0,21.0
32,4800.0,0.62,541.3382352941177,0.25577199845944903,1358.9761904761904,19.0,5.0,26.0,238.0,21.0
32,5000.0,0.6,542.6474103585657,0.2615085237062413,1517.5681818181818,21.0,3.0,26.0,251.0,22.0
32,5200.0,0.64,546.7807692307692,0.2635963756511868,1824.0208333333333,23.0,2.0,25.0,260.0,24.0
32,5400.0,0.62,545.3141263940521,0.2713396712139947,1824.0208333333333,19.0,8.0,23.0,269.0,24.0
32,5600.0,0.64,547.1357142857142,0.2713396712139947,1824.0208333333333,19.0,8.0,23.0,280.0,24.0
32,5800.0,0.64,550.7854671280277,0.2783532321164332,1979.14,18.0,10.0,22.0,289.0,25.0
32,6000.0,0.62,551.9338983050848,0.28394786451259807,2127.0384615384614,20.0,8.0,22.0,295.0,26.0
32,6200.0,0.64,551.0973597359736,0.2902519611618997,2276.203703703704,21.0,7.0,22.0,303.0,27.0
32,6400.0,0.62,558.7650793650794,0.2912857519307563,2420.5535714285716,21.0,7.0,22.0,315.0,28.0
32,6600.0,0.62,558.047987616099,0.28800194595909434,2420.5535714285716,19.0,10.0,21.0,323.0,28.0
32,6800.0,0.62,563.4215976331361,0.28895465509902096,2420.5535714285716,18.0,11.0,21.0,338.0,28.0
32,7000.0,0.64,565.396501457726,0.2905965580848519,2420.5535714285716,18.0,11.0,21.0,343.0,28.0
32,7200.0,0.62,569.2136752136752,0.28814383880972166,2582.5689655172414,18.0,11.0,21.0,351.0,29.0
32,7400.0,0.64,571.9285714285714,0.2871303184480976,2582.5689655172414,19.0,10.0,21.0,364.0,29.0
32,7600.0,0.64,576.5401069518716,0.28735329292765494,2582.5689655172414,21.0,8.0,21.0,374.0,29.0
32,7800.0,0.64,580.5546875,0.2849816552814546,2582.5689655172414,20.0,9.0,21.0,384.0,29.0
32,8000.0,0.62,574.6721105527638,0.290515476455922,2582.5689655172414,21.0,8.0,21.0,398.0,29.0
32,8200.0,0.64,574.9841075794621,0.2946100987168832,2582.5689655172414,21.0,8.0,21.0,409.0,29.0
32,8400.0,0.62,580.29216152019,0.29146818559584864,2582.5689655172414,21.0,8.0,21.0,421.0,29.0
32,8600.0,0.64,579.5316901408451,0.28753572659274723,2582.5689655172414,21.0,8.0,21.0,426.0,29.0
32,8800.0,0.64,576.0239726027397,0.27973161980824196,2582.5689655172414,18.0,11.0,21.0,438.0,29.0
32,9000.0,0.62,575.281045751634,0.27229238035392134,2582.5689655172414,17.0,12.0,21.0,459.0,29.0
32,9200.0,0.64,572.2225806451613,0.265076115379158,2582.5689655172414,17.0,11.0,22.0,465.0,29.0
32,9400.0,0.64,572.6791666666667,0.2582247177345793,2582.5689655172414,15.0,13.0,22.0,480.0,29.0
32,9600.0,0.64,568.6440162271805,0.2557111872377516,2582.5689655172414,15.0,14.0,21.0,493.0,29.0
32,9800.0,0.64,569.0139720558882,0.25589362090284395,2582.5689655172414,14.0,15.0,21.0,501.0,29.0
32,10000.0,0.62,568.4372549019607,0.2573936310380476,2582.5689655172414,17.0,12.0,21.0,510.0,29.0
32,10200.0,0.64,567.6682692307693,0.25510307502077717,2833.3333333333335,17.0,12.0,21.0,520.0,30.0
32,10400.0,0.64,567.8220338983051,0.26039365130845477,2833.3333333333335,17.0,13.0,20.0,531.0,30.0
32,10600.0,0.64,566.679889298893,0.26434638071878863,2833.3333333333335,16.0,14.0,20.0,542.0,30.0
32,10800.0,0.64,574.2163636363637,0.27215048750329396,2833.3333333333335,19.0,12.0,19.0,550.0,30.0
32,11000.0,0.6,574.5978835978837,0.2828329921148116,2833.3333333333335,17.0,17.0,16.0,567.0,30.0
32,11200.0,0.64,569.0051369863014,0.28958303772322785,2833.3333333333335,21.0,13.0,16.0,584.0,30.0
32,11400.0,0.64,565.4126050420168,0.2906168284920844,3106.1451612903224,18.0,16.0,16.0,595.0,31.0
32,11600.0,0.64,564.6441515650741,0.2949749660470679,3106.1451612903224,18.0,16.0,16.0,607.0,31.0
32,11800.0,0.58,561.5569105691056,0.29229927229238034,3106.1451612903224,17.0,16.0,17.0,615.0,31.0
32,12000.0,0.64,561.8746006389777,0.29531956297002004,3106.1451612903224,17.0,16.0,17.0,626.0,31.0
32,12200.0,0.64,563.0990566037735,0.29317089980337707,3106.1451612903224,21.0,12.0,17.0,636.0,31.0
32,12400.0,0.64,562.2852760736197,0.29621146088824923,3393.25,23.0,10.0,17.0,652.0,32.0
32,12600.0,0.64,564.3637724550898,0.29720471084264083,3393.939393939394,23.0,11.0,16.0,668.0,33.0
32,12800.0,0.62,562.9322533136966,0.3008533841444875,3393.939393939394,22.0,11.0,17.0,679.0,33.0
32,13000.0,0.64,561.2301587301587,0.2957047007074372,3393.939393939394,22.0,11.0,17.0,693.0,33.0
32,13200.0,0.62,560.8169515669516,0.28786005310846696,3393.939393939394,20.0,13.0,17.0,702.0,33.0
32,13400.0,0.62,560.1391608391608,0.28621815012263596,3393.939393939394,18.0,15.0,17.0,715.0,33.0
32,13600.0,0.64,559.5117241379311,0.28848843573267385,3972.2428571428572,19.0,14.0,17.0,725.0,35.0
32,13800.0,0.64,557.9891451831751,0.29023169075466726,3972.2428571428572,20.0,14.0,16.0,737.0,35.0
32,14000.0,0.64,555.5199733688415,0.2906573693065494,3972.2428571428572,20.0,14.0,16.0,751.0,35.0
32,14200.0,0.64,554.3324572930355,0.29319117021060953,3972.2428571428572,18.0,16.0,16.0,761.0,35.0
32,14400.0,0.64,555.1232166018158,0.29825877201872986,3972.2428571428572,15.0,19.0,16.0,771.0,35.0
32,14600.0,0.62,556.9053708439898,0.2957452415219022,4266.652777777777,15.0,19.0,16.0,782.0,36.0
32,14800.0,0.64,554.5829145728643,0.294853343603673,4266.652777777777,19.0,15.0,16.0,796.0,36.0
32,15000.0,0.62,550.5928659286593,0.29250197636470515,4266.652777777777,18.0,15.0,17.0,813.0,36.0
32,15200.0,0.62,552.222891566265,0.2883465428820465,4266.652777777777,18.0,16.0,16.0,830.0,36.0
32,15400.0,0.62,552.513723150358,0.28938033365090304,4266.652777777777,18.0,17.0,15.0,838.0,36.0
32,15600.0,0.64,548.5880281690141,0.28749518577828226,4570.121621621622,19.0,16.0,15.0,852.0,37.0
32,15800.0,0.64,547.1855491329479,0.2897654713883202,4570.121621621622,17.0,19.0,14.0,865.0,37.0
32,16000.0,0.64,547.8822857142857,0.29448847627348834,4570.121621621622,19.0,17.0,14.0,875.0,37.0
33,0.0,0.0,nan,0.015202805424360975,nan,0.0,0.0,50.0,0.0,0.0
33,200.0,0.32,63.0,0.037743498266880185,nan,0.0,12.0,38.0,1.0,0.0
33,400.0,0.6,151.5,0.07354103743944215,388.0,1.0,13.0,36.0,4.0,1.0
33,600.0,0.66,186.14285714285714,0.10447367887620862,471.6,5.0,9.0,36.0,7.0,5.0
33,800.0,0.66,219.4375,0.1321427847485456,532.5714285714286,7.0,7.0,36.0,8.0,7.0
33,1000.0,0.66,446.0,0.15387266130176555,697.9230769230769,13.0,1.0,36.0,14.0,13.0
33,1200.0,0.64,519.5909090909091,0.17120385948553707,697.9230769230769,13.0,1.0,36.0,22.0,13.0
33,1400.0,0.62,497.2741935483871,0.1845012466300448,745.7142857142857,14.0,0.0,36.0,31.0,14.0
33,1600.0,0.66,573.4166666666666,0.19473780228244786,745.7142857142857,14.0,0.0,36.0,36.0,14.0
33,1800.0,0.66,680.4255319148937,0.19980540409056818,745.7142857142857,14.0,1.0,35.0,47.0,14.0
33,2000.0,0.64,729.0593220338983,0.20327164372732248,745.7142857142857,13.0,3.0,34.0,59.0,14.0
33,2200.0,0.66,756.1328125,0.20987979648511138,745.7142857142857,14.0,2.0,34.0,64.0,14.0
33,2400.0,0.66,745.875,0.21336630652909816,852.2333333333333,15.0,1.0,34.0,76.0,15.0
33,2600.0,0.64,719.9,0.2171366022743397,950.0,16.0,0.0,34.0,85.0,16.0
33,2800.0,0.64,703.055,0.21829201548659113,950.0,15.0,1.0,34.0,100.0,16.0
33,3000.0,0.66,680.3130841121496,0.2240690815478483,950.0,15.0,1.0,34.0,107.0,16.0
33,3200.0,0.62,697.3771186440678,0.2280623517726471,950.0,16.0,1.0,33.0,118.0,16.0
33,3400.0,0.66,687.2790697674419,0.23171102507449376,950.0,15.0,4.0,31.0,129.0,16.0
33,3600.0,0.64,666.7412587412588,0.22854884154622665,950.0,15.0,4.0,31.0,143.0,16.0
33,3800.0,0.62,657.3846153846154,0.22670423448807087,1115.9705882352941,17.0,3.0,30.0,156.0,17.0
33,4000.0,0.66,651.6084337349398,0.23075831593456714,1115.9705882352941,17.0,3.0,30.0,166.0,17.0
33,4200.0,0.64,651.5233918128655,0.23004885168143027,1115.9705882352941,17.0,3.0,30.0,171.0,17.0
33,4400.0,0.66,643.5664893617021,0.2318529179251211,1115.9705882352941,17.0,3.0,30.0,188.0,17.0
33,4600.0,0.64,634.3034825870647,0.2325421117710255,1467.8684210526317,19.0,1.0,30.0,201.0,19.0
33,4800.0,0.66,628.2581395348838,0.23051507104777735,1467.8684210526317,16.0,4.0,30.0,215.0,19.0
33,5000.0,0.66,621.7114537444934,0.22725153548334787,1467.8684210526317,17.0,3.0,30.0,227.0,19.0
33,5200.0,0.66,613.5808510638298,0.23053534145500984,1467.8684210526317,17.0,3.0,30.0,235.0,19.0
33,5400.0,0.64,616.776,0.23183264751788862,1467.8684210526317,16.0,4.0,30.0,250.0,19.0
33,5600.0,0.66,600.5095419847328,0.23471104534490098,1467.8684210526317,15.0,5.0,30.0,262.0,19.0
33,5800.0,0.66,609.7886029411765,0.24016378489043844,1682.35,17.0,3.0,30.0,272.0,20.0
33,6000.0,0.64,612.0123674911661,0.23947459104453409,1682.35,18.0,2.0,30.0,283.0,20.0
33,6200.0,0.66,607.4129692832764,0.23809620335272536,1682.35,17.0,3.0,30.0,293.0,20.0
33,6400.0,0.62,612.7236842105264,0.23529888715464295,1682.35,16.0,4.0,30.0,304.0,20.0
33,6600.0,0.64,610.5903225806452,0.235217805525713,1682.35,16.0,4.0,30.0,310.0,20.0
33,6800.0,0.64,610.975,0.24217055520645409,1682.35,17.0,3.0,30.0,320.0,20.0
33,7000.0,0.66,612.3708708708708,0.24202866235582673,1682.35,17.0,3.0,30.0,333.0,20.0
33,7200.0,0.64,613.1734104046243,0.23975837674578881,1682.35,17.0,3.0,30.0,346.0,20.0
33,7400.0,0.64,608.3088642659279,0.23637321873796444,1682.35,17.0,5.0,28.0,361.0,20.0
33,7600.0,0.64,606.7878378378379,0.24133946850992236,1682.35,17.0,5.0,28.0,370.0,20.0
33,7800.0,0.64,606.9628647214854,0.24288001945959095,1682.35,17.0,5.0,28.0,377.0,20.0
33,8000.0,0.64,609.4339378238342,0.24008270326150852,1682.35,18.0,4.0,28.0,386.0,20.0
33,8200.0,0.64,611.4179104477612,0.2397786471530213,1682.35,17.0,5.0,28.0,402.0,20.0
33,8400.0,0.66,604.3191747572815,0.242798937830661,1682.35,19.0,3.0,28.0,412.0,20.0
33,8600.0,0.66,607.0744680851063,0.2462854478746478,1682.35,18.0,4.0,28.0,423.0,20.0
33,8800.0,0.64,606.4467592592592,0.2561165953824012,2016.6666666666667,20.0,2.0,28.0,432.0,21.0
33,9000.0,0.66,606.4636363636364,0.25954229420469055,2326.909090909091,21.0,1.0,28.0,440.0,22.0
33,9200.0,0.64,608.3557046979865,0.26073824823140695,2326.909090909091,21.0,1.0,28.0,447.0,22.0
33,9400.0,0.62,606.6475054229935,0.25494091176291733,2326.909090909091,20.0,2.0,28.0,461.0,22.0
33,9600.0,0.66,608.9194915254237,0.25141386090446555,2326.909090909091,19.0,4.0,27.0,472.0,22.0
33,9800.0,0.66,609.7123711340206,0.25380576895789836,2326.909090909091,19.0,4.0,27.0,485.0,22.0
33,10000.0,0.64,607.038,0.25425171791701295,2655.586956521739,17.0,7.0,26.0,500.0,23.0
33,10200.0,0.62,602.4337231968811,0.2568057892283056,2655.586956521739,17.0,7.0,26.0,513.0,23.0
33,10400.0,0.64,602.5977011494252,0.25846796262136906,2655.586956521739,17.0,7.0,26.0,522.0,23.0
33,10600.0,0.66,601.1902071563088,0.25905580443111104,2985.8541666666665,20.0,4.0,26.0,531.0,24.0
33,10800.0,0.66,602.9916512059369,0.2587314779153913,2985.8541666666665,22.0,2.0,26.0,539.0,24.0
33,11000.0,0.66,605.4361313868613,0.25603551375347133,2985.8541666666665,18.0,7.0,25.0,548.0,24.0
33,11200.0,0.64,603.0760286225402,0.2537652281434334,2985.8541666666665,17.0,8.0,25.0,559.0,24.0
33,11400.0,0.66,607.9878048780488,0.2546165852471976,3322.14,16.0,10.0,24.0,574.0,25.0
33,11600.0,0.64,602.3504273504274,0.2564611923053534,3322.14,16.0,10.0,24.0,585.0,25.0
33,11800.0,0.66,601.18,0.2592990493179008,3322.14,16.0,10.0,24.0,600.0,25.0
33,12000.0,0.66,600.7147540983607,0.2600693247927351,3650.1153846153848,18.0,8.0,24.0,610.0,26.0
33,12200.0,0.66,597.9483870967742,0.2649342225285306,3650.1153846153848,19.0,9.0,22.0,620.0,26.0
33,12400.0,0.66,599.7049050632911,0.2663734214420368,3650.1153846153848,17.0,11.0,22.0,632.0,26.0
33,12600.0,0.64,600.7920560747664,0.26467070723450836,3980.1296296296296,18.0,10.0,22.0,642.0,27.0
33,12800.0,0.66,599.8099236641222,0.2724140027973162,4292.892857142857,20.0,9.0,21.0,655.0,28.0
33,13000.0,0.62,596.9470149253731,0.2775626862343665,4292.892857142857,20.0,9.0,21.0,670.0,28.0
33,13200.0,0.66,595.9530102790014,0.2771775484969493,4292.892857142857,20.0,9.0,21.0,681.0,28.0
33,13400.0,0.66,592.9486994219653,0.271015344698275,4292.892857142857,18.0,11.0,21.0,692.0,28.0
33,13600.0,0.66,593.6348074179743,0.2685018142014473,4292.892857142857,16.0,13.0,21.0,701.0,28.0
33,13800.0,0.64,593.7447405329593,0.26878559990270207,4292.892857142857,15.0,14.0,21.0,713.0,28.0
33,14000.0,0.64,595.0925414364641,0.26811667646403015,4292.892857142857,16.0,13.0,21.0,724.0,28.0
33,14200.0,0.64,595.1678035470668,0.2719680538382016,4292.892857142857,19.0,10.0,21.0,733.0,28.0
33,14400.0,0.66,594.5390309555854,0.2714207528429246,4292.892857142857,21.0,8.0,21.0,743.0,28.0
33,14600.0,0.62,597.609561752988,0.27160318650801696,4292.892857142857,19.0,10.0,21.0,753.0,28.0
33,14800.0,0.64,597.8864229765013,0.2713194008067622,4292.892857142857,18.0,10.0,22.0,766.0,28.0
33,15000.0,0.66,596.997432605905,0.2715423752863195,4659.5,20.0,9.0,21.0,779.0,29.0
33,15200.0,0.66,595.0220680958386,0.27352887519510266,4659.5,18.0,11.0,21.0,793.0,29.0
33,15400.0,0.66,593.8890274314215,0.27427888026270447,5011.583333333333,20.0,10.0,20.0,802.0,30.0
33,15600.0,0.64,592.1135531135532,0.26888695193886447,5011.583333333333,18.0,13.0,19.0,819.0,30.0
33,15800.0,0.66,589.0156438026474,0.265035574564693,5011.583333333333,17.0,15.0,18.0,831.0,30.0
33,16000.0,0.66,587.8453364817001,0.2714410232501571,5011.583333333333,17.0,15.0,18.0,847.0,30.0
34,0.0,0.0,nan,0.015202805424360975,nan,0.0,0.0,50.0,0.0,0.0
34,200.0,0.32,62.5,0.03484483003263535,nan,0.0,9.0,41.0,1.0,0.0
34,400.0,0.52,88.41666666666667,0.07125048142217177,nan,0.0,16.0,34.0,6.0,0.0
34,600.0,0.68,88.41666666666667,0.11185210710883181,526.25,2.0,16.0,32.0,6.0,2.0
34,800.0,0.68,197.8125,0.1451563861917986,622.7142857142857,7.0,11.0,32.0,8.0,7.0
34,1000.0,0.68,206.44444444444446,0.17394036446192204,724.6818181818181,11.0,7.0,32.0,9.0,11.0
34,1200.0,0.68,418.65384615384613,0.19579186345853689,814.6333333333333,15.0,3.0,32.0,13.0,15.0
34,1400.0,0.66,596.5882352941177,0.2106298015527132,844.5625,15.0,3.0,32.0,17.0,16.0
34,1600.0,0.66,834.5,0.22224474489692497,844.5625,15.0,3.0,32.0,25.0,16.0
34,1800.0,0.64,911.2439024390244,0.231427239373239,899.5882352941177,16.0,3.0,31.0,41.0,17.0
34,2000.0,0.66,880.2,0.2347921269738309,899.5882352941177,16.0,3.0,31.0,55.0,17.0
34,2200.0,0.68,864.4396551724138,0.23819755538888776,899.5882352941177,17.0,3.0,30.0,58.0,17.0
34,2400.0,0.66,808.3857142857142,0.24517057547686133,975.2777777777778,16.0,4.0,30.0,70.0,18.0
34,2600.0,0.66,799.5384615384615,0.2463867999108102,975.2777777777778,16.0,4.0,30.0,78.0,18.0
34,2800.0,0.68,783.1333333333333,0.2472381570145744,1061.2894736842106,16.0,4.0,30.0,90.0,19.0
34,3000.0,0.66,781.8520408163265,0.2477043763809215,1061.2894736842106,16.0,4.0,30.0,98.0,19.0
34,3200.0,0.68,748.4818181818182,0.24365029493442522,1168.1,17.0,3.0,30.0,110.0,20.0
34,3400.0,0.66,734.8145161290323,0.24365029493442522,1168.1,18.0,2.0,30.0,124.0,20.0
34,3600.0,0.68,716.0875912408759,0.24223136642815155,1168.1,17.0,3.0,30.0,137.0,20.0
34,3800.0,0.66,693.8053691275168,0.23623132588733708,1168.1,16.0,4.0,30.0,149.0,20.0
34,4000.0,0.66,693.9281437125749,0.23809620335272536,1168.1,16.0,4.0,30.0,167.0,20.0
34,4200.0,0.66,674.9634831460675,0.24300164190298584,1168.1,17.0,3.0,30.0,178.0,20.0
34,4400.0,0.68,670.9297297297297,0.24277866742342855,1168.1,16.0,4.0,30.0,185.0,20.0
34,4600.0,0.68,668.8193717277487,0.23797458090933046,1168.1,15.0,5.0,30.0,191.0,20.0
34,4800.0,0.68,672.7537313432836,0.2332921168386273,1168.1,14.0,6.0,30.0,201.0,20.0
34,5000.0,0.64,666.813679245283,0.2315285914094014,1168.1,14.0,7.0,29.0,212.0,20.0
34,5200.0,0.68,671.7300884955753,0.23736646869235603,1168.1,15.0,6.0,29.0,226.0,20.0
34,5400.0,0.66,670.0723404255319,0.24395435104291247,1367.7619047619048,17.0,4.0,29.0,235.0,21.0
34,5600.0,0.68,667.7540983606557,0.24782599882431638,1367.7619047619048,18.0,3.0,29.0,244.0,21.0
34,5800.0,0.64,660.8871595330739,0.2531976567409239,1367.7619047619048,17.0,4.0,29.0,257.0,21.0
34,6000.0,0.66,655.0555555555555,0.2604747329373847,1367.7619047619048,17.0,6.0,27.0,270.0,21.0
34,6200.0,0.64,656.2017543859649,0.26213690633044817,1367.7619047619048,17.0,6.0,27.0,285.0,21.0
34,6400.0,0.66,658.0625,0.26783289076277544,1367.7619047619048,20.0,3.0,27.0,288.0,21.0
34,6600.0,0.68,653.9221854304636,0.26692072243731374,1598.090909090909,19.0,4.0,27.0,302.0,22.0
34,6800.0,0.64,649.2199367088608,0.2635355644294894,1820.6521739130435,19.0,4.0,27.0,316.0,23.0
34,7000.0,0.68,651.1559633027523,0.2615490645207062,1820.6521739130435,19.0,4.0,27.0,327.0,23.0
34,7200.0,0.68,638.4049707602339,0.2616504165568686,1820.6521739130435,18.0,6.0,26.0,342.0,23.0
34,7400.0,0.68,638.2571839080459,0.26554233474550504,1820.6521739130435,19.0,5.0,26.0,348.0,23.0
34,7600.0,0.66,638.312324929972,0.2668801816228488,1820.6521739130435,19.0,5.0,26.0,357.0,23.0
34,7800.0,0.68,638.4692513368984,0.26773153872661304,2065.6875,20.0,5.0,25.0,374.0,24.0
34,8000.0,0.68,638.2034120734908,0.27085318144041515,2065.6875,21.0,4.0,25.0,381.0,24.0
34,8200.0,0.68,636.5076335877862,0.27277887012750085,2065.6875,21.0,4.0,25.0,393.0,24.0
34,8400.0,0.68,638.9413965087282,0.2773802525692741,2065.6875,21.0,4.0,25.0,401.0,24.0
34,8600.0,0.66,634.728028503563,0.278596477003223,2065.6875,22.0,3.0,25.0,421.0,24.0
34,8800.0,0.66,628.769053117783,0.27744106379097155,2065.6875,21.0,4.0,25.0,433.0,24.0
34,9000.0,0.68,624.493273542601,0.2744005027060994,2065.6875,19.0,6.0,25.0,446.0,24.0
34,9200.0,0.64,616.6850649350649,0.27060993655362536,2065.6875,17.0,8.0,25.0,462.0,24.0
34,9400.0,0.68,612.2150423728814,0.2654207123021102,2065.6875,17.0,9.0,24.0,472.0,24.0
34,9600.0,0.68,611.2979381443299,0.2646098960128109,2065.6875,17.0,9.0,24.0,485.0,24.0
34,9800.0,0.68,614.3380281690141,0.26327204913546715,2654.980769230769,17.0,9.0,24.0,497.0,26.0
34,10000.0,0.68,613.2337278106509,0.2589949932094136,2654.980769230769,16.0,10.0,24.0,507.0,26.0
34,10200.0,0.68,606.9212523719165,0.2545152332110352,2654.980769230769,15.0,11.0,24.0,527.0,26.0
34,10400.0,0.68,605.2842592592592,0.2579814728477895,2654.980769230769,16.0,10.0,24.0,540.0,26.0
34,10600.0,0.66,599.2716606498195,0.26193420225812336,2654.980769230769,15.0,11.0,24.0,554.0,26.0
34,10800.0,0.66,596.1471631205674,0.26351529402225693,2654.980769230769,15.0,11.0,24.0,564.0,26.0
34,11000.0,0.68,595.8892733564014,0.2631909675065372,2654.980769230769,17.0,9.0,24.0,578.0,26.0
34,11200.0,0.68,595.0093062605753,0.2673058601747309,2654.980769230769,16.0,11.0,23.0,591.0,26.0
34,11400.0,0.64,593.7772277227723,0.2691707376401192,2654.980769230769,17.0,10.0,23.0,606.0,26.0
34,11600.0,0.62,592.7177419354839,0.2638801613524416,2654.980769230769,16.0,12.0,22.0,620.0,26.0
34,11800.0,0.66,587.7156398104265,0.26396124298137147,2987.185185185185,19.0,9.0,22.0,633.0,27.0
34,12000.0,0.68,585.6425269645608,0.2663531510348043,2987.185185185185,19.0,9.0,22.0,649.0,27.0
34,12200.0,0.68,580.5713213213213,0.2705693957391604,3314.7321428571427,20.0,9.0,21.0,666.0,28.0
34,12400.0,0.66,577.8814432989691,0.27764376786329636,3314.7321428571427,21.0,8.0,21.0,679.0,28.0
34,12600.0,0.66,578.3033381712627,0.2801370279528916,3314.7321428571427,20.0,9.0,21.0,689.0,28.0
34,12800.0,0.66,577.4687055476529,0.27774511989945877,3314.7321428571427,19.0,10.0,21.0,703.0,28.0
34,13000.0,0.68,576.2902097902098,0.2738329313035899,3314.7321428571427,18.0,12.0,20.0,715.0,28.0
34,13200.0,0.68,575.2469050894085,0.2743396914844019,3314.7321428571427,19.0,11.0,20.0,727.0,28.0
34,13400.0,0.66,575.5378890392423,0.27658970668720734,3314.7321428571427,22.0,8.0,20.0,739.0,28.0
34,13600.0,0.68,573.5653333333333,0.27952891573591715,3314.7321428571427,22.0,8.0,20.0,750.0,28.0
34,13800.0,0.66,573.3202614379085,0.2799951351022642,3314.7321428571427,20.0,10.0,20.0,765.0,28.0
34,14000.0,0.64,572.6290115532735,0.27853566578152555,3314.7321428571427,19.0,11.0,20.0,779.0,28.0
34,14200.0,0.64,571.6994949494949,0.2788194514827803,3314.7321428571427,21.0,9.0,20.0,792.0,28.0
34,14400.0,0.68,570.1868811881188,0.27981270143717185,3695.0689655172414,20.0,10.0,20.0,808.0,29.0
34,14600.0,0.68,567.7448107448107,0.2812721707579105,4057.15,20.0,11.0,19.0,819.0,30.0
34,14800.0,0.68,566.0657418576599,0.2854073338333367,4057.15,20.0,11.0,19.0,829.0,30.0
34,15000.0,0.64,567.373063170441,0.2868870735613078,4057.15,20.0,11.0,19.0,839.0,30.0
34,15200.0,0.64,567.2842907385698,0.2860559868647761,4415.8387096774195,20.0,11.0,19.0,853.0,31.0
34,15400.0,0.68,568.6157834101382,0.28646139500942575,4415.8387096774195,19.0,11.0,20.0,868.0,31.0
34,15600.0,0.66,566.6467576791808,0.28729248170595745,4415.8387096774195,22.0,8.0,20.0,879.0,31.0
34,15800.0,0.68,563.3218262806236,0.28808302758802423,4415.8387096774195,19.0,10.0,21.0,898.0,31.0
34,16000.0,0.68,563.1406593406593,0.2824883951918594,4415.8387096774195,20.0,9.0,21.0,910.0,31.0
35,0.0,0.0,nan,0.015202805424360975,nan,0.0,0.0,50.0,0.0,0.0
35,200.0,0.28,17.666666666666668,0.03581780957979446,nan,0.0,10.0,40.0,3.0,0.0
35,400.0,0.6,94.5,0.07850728721140007,nan,0.0,18.0,32.0,6.0,0.0
35,600.0,0.68,186.1818181818182,0.12435894837127277,524.625,4.0,17.0,29.0,11.0,4.0
35,800.0,0.7,185.60714285714286,0.16244704356110515,597.5625,8.0,13.0,29.0,14.0,8.0
35,1000.0,0.68,326.4,0.18991344536111732,713.3571428571429,13.0,8.0,29.0,20.0,14.0
35,1200.0,0.68,400.3333333333333,0.21296089838444854,807.8333333333334,17.0,4.0,29.0,27.0,18.0
35,1400.0,0.66,501.8378378378378,0.2279812701437172,807.8333333333334,17.0,4.0,29.0,37.0,18.0
35,1600.0,0.66,599.3333333333334,0.2399002695964162,807.8333333333334,17.0,5.0,28.0,48.0,18.0
35,1800.0,0.7,646.1639344262295,0.24533273873472117,854.421052631579,18.0,4.0,28.0,61.0,19.0
35,2000.0,0.68,655.8819444444445,0.24969087628970466,854.421052631579,17.0,5.0,28.0,72.0,19.0
35,2200.0,0.7,650.9807692307693,0.2527314373745769,917.025,18.0,4.0,28.0,78.0,20.0
35,2400.0,0.68,653.3876404494382,0.25692741167170047,983.0,20.0,2.0,28.0,89.0,21.0
35,2600.0,0.68,635.6037735849056,0.2557517280522166,983.0,19.0,3.0,28.0,106.0,21.0
35,2800.0,0.7,636.0555555555555,0.2584476922141366,983.0,19.0,3.0,28.0,117.0,21.0
35,3000.0,0.7,633.80859375,0.25935986053959825,983.0,19.0,3.0,28.0,128.0,21.0
35,3200.0,0.7,634.9962962962964,0.26489368171406563,983.0,20.0,2.0,28.0,135.0,21.0
35,3400.0,0.68,629.7808219178082,0.25974499827701536,983.0,19.0,3.0,28.0,146.0,21.0
35,3600.0,0.7,603.7018633540373,0.2535625240711086,983.0,19.0,3.0,28.0,161.0,21.0
35,3800.0,0.7,613.9537572254335,0.25469766687612755,983.0,19.0,2.0,29.0,173.0,21.0
35,4000.0,0.64,621.4782608695652,0.25686660045000304,983.0,19.0,2.0,29.0,184.0,21.0
35,4200.0,0.7,616.0670103092783,0.2651369266008554,983.0,18.0,3.0,29.0,194.0,21.0
35,4400.0,0.7,619.1361386138614,0.2671639673241035,983.0,20.0,1.0,29.0,202.0,21.0
35,4600.0,0.68,608.5184331797235,0.2652788194514828,983.0,19.0,3.0,28.0,217.0,21.0
35,4800.0,0.7,619.8245614035088,0.26943425293414147,983.0,19.0,5.0,26.0,228.0,21.0
35,5000.0,0.7,614.9609053497942,0.2743396914844019,983.0,18.0,7.0,25.0,243.0,21.0
35,5200.0,0.68,605.4787644787644,0.2737923904891249,1166.8181818181818,18.0,7.0,25.0,259.0,22.0
35,5400.0,0.7,595.9737827715355,0.27494780370137634,1509.3958333333333,20.0,5.0,25.0,267.0,24.0
35,5600.0,0.7,595.28,0.27208967628159647,1509.3958333333333,17.0,8.0,25.0,275.0,24.0
35,5800.0,0.7,600.9317406143344,0.27569780876897815,1674.74,19.0,7.0,24.0,293.0,25.0
35,6000.0,0.7,600.3513071895425,0.2812721707579105,1674.74,20.0,7.0,23.0,306.0,25.0
35,6200.0,0.68,597.8296178343949,0.28183974216042,1848.1538461538462,20.0,8.0,22.0,314.0,26.0
35,6400.0,0.7,599.8521341463414,0.27640727302211504,1848.1538461538462,20.0,8.0,22.0,328.0,26.0
35,6600.0,0.7,597.5353982300885,0.27853566578152555,1848.1538461538462,19.0,10.0,21.0,339.0,26.0
35,6800.0,0.68,601.4166666666666,0.2869681551902378,2031.111111111111,18.0,12.0,20.0,348.0,27.0
35,7000.0,0.7,601.8227146814404,0.289461415279833,2031.111111111111,20.0,10.0,20.0,361.0,27.0
35,7200.0,0.7,598.7088948787062,0.2896641193521578,2383.344827586207,20.0,10.0,20.0,371.0,29.0
35,7400.0,0.7,597.0301047120419,0.2898060122027852,2383.344827586207,20.0,10.0,20.0,382.0,29.0
35,7600.0,0.7,596.1982323232323,0.29000871627511,2383.344827586207,19.0,11.0,20.0,396.0,29.0
35,7800.0,0.68,597.760391198044,0.294306042608396,2559.0333333333333,21.0,9.0,20.0,409.0,30.0
35,8000.0,0.7,595.2,0.2984817464982871,2559.0333333333333,22.0,8.0,20.0,425.0,30.0
35,8200.0,0.68,596.4793577981651,0.2996168893033061,2559.0333333333333,22.0,8.0,20.0,436.0,30.0
35,8400.0,0.66,598.6677852348994,0.30052905762876775,2559.0333333333333,19.0,11.0,20.0,447.0,30.0
35,8600.0,0.66,591.7268817204301,0.29850201690551964,2559.0333333333333,21.0,9.0,20.0,465.0,30.0
35,8800.0,0.68,586.530462184874,0.30044797599983786,2760.0806451612902,22.0,8.0,20.0,476.0,31.0
35,9000.0,0.7,582.3466257668712,0.3030425881255954,2760.0806451612902,24.0,7.0,19.0,489.0,31.0
35,9200.0,0.7,585.6194779116466,0.30594125635984026,2702.40625,25.0,6.0,19.0,498.0,32.0
35,9400.0,0.7,584.743137254902,0.3072385624227191,2702.40625,21.0,10.0,19.0,510.0,32.0
35,9600.0,0.68,582.427358490566,0.3049682768126812,2702.40625,19.0,12.0,19.0,530.0,32.0
35,9800.0,0.68,579.950184501845,0.30162365961932175,2702.40625,20.0,12.0,18.0,542.0,32.0
35,10000.0,0.68,579.7410071942446,0.29736687410050067,2702.40625,19.0,13.0,18.0,556.0,32.0
35,10200.0,0.7,578.3154657293497,0.2947519915675106,2702.40625,19.0,13.0,18.0,569.0,32.0
35,10400.0,0.7,575.917677642981,0.2935560375407942,2930.4545454545455,21.0,11.0,18.0,577.0,33.0
35,10600.0,0.7,574.570707070707,0.28978574179555266,2930.4545454545455,20.0,12.0,18.0,594.0,33.0
35,10800.0,0.7,573.110197368421,0.29000871627511,2930.4545454545455,19.0,13.0,18.0,608.0,33.0
35,11000.0,0.68,571.5344551282051,0.2875965378144447,2930.4545454545455,19.0,13.0,18.0,624.0,33.0
35,11200.0,0.66,572.4244094488189,0.28895465509902096,2930.4545454545455,19.0,13.0,18.0,635.0,33.0
35,11400.0,0.68,569.2962962962963,0.29000871627511,2930.4545454545455,19.0,13.0,18.0,648.0,33.0
35,11600.0,0.68,566.9236006051437,0.29383982324204894,2930.4545454545455,18.0,14.0,18.0,661.0,33.0
35,11800.0,0.68,567.5044444444444,0.2949749660470679,2930.4545454545455,18.0,14.0,18.0,675.0,33.0
35,12000.0,0.7,565.042212518195,0.2937790120203515,2930.4545454545455,19.0,13.0,18.0,687.0,33.0
35,12200.0,0.7,565.9124820659971,0.29359657835525915,2930.4545454545455,20.0,12.0,18.0,697.0,33.0
35,12400.0,0.66,568.0707213578501,0.29221819066345045,2930.4545454545455,19.0,13.0,18.0,707.0,33.0
35,12600.0,0.7,570.4257975034674,0.28958303772322785,2930.4545454545455,18.0,14.0,18.0,721.0,33.0
35,12800.0,0.68,564.334008097166,0.29373847120588653,2930.4545454545455,16.0,16.0,18.0,741.0,33.0
35,13000.0,0.7,564.0867549668874,0.2869681551902378,2930.4545454545455,17.0,15.0,18.0,755.0,33.0
35,13200.0,0.66,561.9388816644994,0.2849613848742221,2930.4545454545455,17.0,15.0,18.0,769.0,33.0
35,13400.0,0.7,560.706940874036,0.28092757383495837,2930.4545454545455,18.0,15.0,17.0,778.0,33.0
35,13600.0,0.7,561.3650190114068,0.27774511989945877,2930.4545454545455,17.0,16.0,17.0,789.0,33.0
35,13800.0,0.66,563.0111662531017,0.2778262015283887,2930.4545454545455,16.0,17.0,17.0,806.0,33.0
35,14000.0,0.7,561.3766788766789,0.2781505280441084,3254.5588235294117,17.0,16.0,17.0,819.0,34.0
35,14200.0,0.7,558.1808383233533,0.28042081365414634,3254.5588235294117,15.0,18.0,17.0,835.0,34.0
35,14400.0,0.7,558.4479289940829,0.28382624206920315,3254.5588235294117,18.0,15.0,17.0,845.0,34.0
35,14600.0,0.7,554.8132250580046,0.28396813491983053,3254.5588235294117,19.0,15.0,16.0,862.0,34.0
35,14800.0,0.7,554.4589041095891,0.2852857113899418,3254.5588235294117,18.0,16.0,16.0,876.0,34.0
35,15000.0,0.7,555.2508436445445,0.28698842559747023,3254.5588235294117,18.0,17.0,15.0,889.0,34.0
35,15200.0,0.7,554.3609566184649,0.2851438185393145,3254.5588235294117,20.0,14.0,16.0,899.0,34.0
35,15400.0,0.68,552.978711790393,0.28494111446698966,3254.5588235294117,16.0,18.0,16.0,916.0,34.0
35,15600.0,0.68,550.2315901814301,0.28749518577828226,3254.5588235294117,16.0,19.0,15.0,937.0,34.0
35,15800.0,0.68,549.5084299262381,0.2833600227028561,3180.1285714285714,18.0,16.0,16.0,949.0,35.0
35,16000.0,0.7,546.9522326064382,0.2784951249670606,3180.1285714285714,17.0,17.0,16.0,963.0,35.0
36,0.0,0.0,nan,0.015202805424360975,nan,0.0,0.0,50.0,0.0,0.0
36,200.0,0.36,21.5,0.040135406320312976,nan,0.0,11.0,39.0,1.0,0.0
36,400.0,0.6,52.833333333333336,0.07420996087811405,nan,0.0,14.0,36.0,3.0,0.0
36,600.0,0.7,165.16666666666666,0.11089939796890519,535.0,3.0,13.0,34.0,6.0,3.0
36,800.0,0.7,240.5625,0.14213609551415887,640.0454545454545,11.0,5.0,34.0,8.0,11.0
36,1000.0,0.68,405.2692307692308,0.16680518111608864,658.8333333333334,12.0,4.0,34.0,13.0,12.0
36,1200.0,0.7,419.53333333333336,0.18837289441144872,719.25,14.0,3.0,33.0,15.0,14.0
36,1400.0,0.7,707.6458333333334,0.20556219974459286,719.25,14.0,3.0,33.0,24.0,14.0
36,1600.0,0.7,754.2432432432432,0.21399468915330508,719.25,14.0,4.0,32.0,37.0,14.0
36,1800.0,0.72,813.13,0.21861634200231084,788.6333333333333,14.0,6.0,30.0,50.0,15.0
36,2000.0,0.7,793.8416666666667,0.22311637240792168,788.6333333333333,14.0,7.0,29.0,60.0,15.0
36,2200.0,0.66,759.9868421052631,0.22512314272393733,788.6333333333333,14.0,7.0,29.0,76.0,15.0
36,2400.0,0.7,746.6511627906976,0.2316704842600288,882.28125,15.0,6.0,29.0,86.0,16.0
36,2600.0,0.72,718.360824742268,0.24117730525206252,1143.9473684210527,16.0,6.0,28.0,97.0,19.0
36,2800.0,0.72,701.8349514563107,0.24904222325826525,1226.725,17.0,4.0,29.0,103.0,20.0
36,3000.0,0.72,716.6725663716815,0.25682605963553806,1305.6666666666667,19.0,2.0,29.0,113.0,21.0
36,3200.0,0.68,714.128,0.26065716660247706,1305.6666666666667,18.0,3.0,29.0,125.0,21.0
36,3400.0,0.72,715.8649635036496,0.2616909573713336,1305.6666666666667,20.0,1.0,29.0,137.0,21.0
36,3600.0,0.7,704.0590277777778,0.25806255447671944,1305.6666666666667,20.0,1.0,29.0,144.0,21.0
36,3800.0,0.72,708.0392156862745,0.25613686578963374,1305.6666666666667,19.0,2.0,29.0,153.0,21.0
36,4000.0,0.7,717.0451807228916,0.2578395799971621,1305.6666666666667,17.0,5.0,28.0,166.0,21.0
36,4200.0,0.66,699.4171270718232,0.2615490645207062,1305.6666666666667,17.0,5.0,28.0,181.0,21.0
36,4400.0,0.68,696.5394736842105,0.2646098960128109,1445.4772727272727,19.0,3.0,28.0,190.0,22.0
36,4600.0,0.72,682.8731707317073,0.27158291610078444,1445.4772727272727,20.0,3.0,27.0,205.0,22.0
36,4800.0,0.7,684.6421800947867,0.27746133419820407,1445.4772727272727,20.0,3.0,27.0,211.0,22.0
36,5000.0,0.72,678.9683257918552,0.2751910485881661,1445.4772727272727,19.0,4.0,27.0,221.0,22.0
36,5200.0,0.72,675.5840336134454,0.27259643646240855,1604.2391304347825,20.0,3.0,27.0,238.0,23.0
36,5400.0,0.7,669.8522267206478,0.27377212008189244,1604.2391304347825,22.0,1.0,27.0,247.0,23.0
36,5600.0,0.72,660.5596153846154,0.2744815843350293,1604.2391304347825,21.0,3.0,26.0,260.0,23.0
36,5800.0,0.7,665.9335793357934,0.278596477003223,1604.2391304347825,21.0,3.0,26.0,271.0,23.0
36,6000.0,0.66,658.9689655172414,0.2799951351022642,1604.2391304347825,20.0,5.0,25.0,290.0,23.0
36,6200.0,0.72,651.2532894736842,0.2835627267751809,1790.7708333333333,21.0,4.0,25.0,304.0,24.0
36,6400.0,0.72,641.192429022082,0.2851032777248495,1790.7708333333333,21.0,4.0,25.0,317.0,24.0
36,6600.0,0.72,639.5435435435436,0.2836032675896459,1790.7708333333333,20.0,6.0,24.0,333.0,24.0
36,6800.0,0.72,632.603498542274,0.2860965276792411,1984.32,21.0,5.0,24.0,343.0,25.0
36,7000.0,0.72,626.6408450704225,0.2871303184480976,1984.32,20.0,6.0,24.0,355.0,25.0
36,7200.0,0.72,618.1478494623656,0.2885289765471388,1984.32,20.0,6.0,24.0,372.0,25.0
36,7400.0,0.7,620.0181818181818,0.28725194089149253,2189.423076923077,19.0,7.0,24.0,385.0,26.0
36,7600.0,0.68,614.9398496240601,0.28070459935540104,2189.423076923077,20.0,6.0,24.0,399.0,26.0
36,7800.0,0.72,615.8789731051345,0.2739342833397523,2189.423076923077,20.0,6.0,24.0,409.0,26.0
36,8000.0,0.7,613.3841607565012,0.2686031662376097,2189.423076923077,19.0,7.0,24.0,423.0,26.0
36,8200.0,0.68,608.1681922196797,0.26846127338698234,2189.423076923077,16.0,10.0,24.0,437.0,26.0
36,8400.0,0.7,609.1526548672566,0.26531936026594777,2189.423076923077,17.0,9.0,24.0,452.0,26.0
36,8600.0,0.72,601.62660944206,0.26529908985871525,2189.423076923077,17.0,9.0,24.0,466.0,26.0
36,8800.0,0.7,604.7728237791932,0.2618125798147285,2189.423076923077,18.0,8.0,24.0,471.0,26.0
36,9000.0,0.72,602.0859213250518,0.26290718180528244,2189.423076923077,19.0,7.0,24.0,483.0,26.0
36,9200.0,0.72,604.822,0.2719680538382016,2189.423076923077,20.0,6.0,24.0,500.0,26.0
36,9400.0,0.72,605.5599214145383,0.2767721403522997,2189.423076923077,20.0,7.0,23.0,509.0,26.0
36,9600.0,0.7,606.4739382239383,0.2814951452374678,2189.423076923077,20.0,8.0,22.0,518.0,26.0
36,9800.0,0.72,606.3208255159475,0.28818437962418664,2730.214285714286,23.0,5.0,22.0,533.0,28.0
36,10000.0,0.7,602.0469613259669,0.29513712930492775,2730.214285714286,21.0,7.0,22.0,543.0,28.0
36,10200.0,0.68,601.2173524150269,0.29404252731437375,2730.214285714286,22.0,7.0,21.0,559.0,28.0
36,10400.0,0.72,604.8409490333919,0.2878803235156994,2730.214285714286,20.0,9.0,21.0,569.0,28.0
36,10600.0,0.7,604.8088737201365,0.2829140737437415,2730.214285714286,19.0,10.0,21.0,586.0,28.0
36,10800.0,0.72,599.5844481605351,0.28471813998743234,2730.214285714286,18.0,11.0,21.0,598.0,28.0
36,11000.0,0.7,597.7388797364085,0.28666409908175056,3014.6206896551726,19.0,10.0,21.0,607.0,29.0
36,11200.0,0.7,596.1850079744817,0.28615733890093853,3014.6206896551726,19.0,11.0,20.0,627.0,29.0
36,11400.0,0.72,591.0634674922601,0.28755599699997975,3014.6206896551726,21.0,9.0,20.0,646.0,29.0
36,11600.0,0.7,588.5995475113123,0.2892992520219731,3014.6206896551726,19.0,11.0,20.0,663.0,29.0
36,11800.0,0.68,584.6817507418398,0.2905965580848519,3303.3333333333335,21.0,9.0,20.0,674.0,30.0
36,12000.0,0.72,584.7896652110626,0.2884478949182089,3303.3333333333335,21.0,9.0,20.0,687.0,30.0
36,12200.0,0.72,581.0617021276596,0.2862992317515659,3303.3333333333335,19.0,11.0,20.0,705.0,30.0
36,12400.0,0.72,581.4441340782123,0.28437354306448015,3303.3333333333335,20.0,10.0,20.0,716.0,30.0
36,12600.0,0.7,579.157967032967,0.2859546348286137,3303.3333333333335,19.0,11.0,20.0,728.0,30.0
36,12800.0,0.72,579.7814614343707,0.28708977763363264,3303.3333333333335,19.0,11.0,20.0,739.0,30.0
36,13000.0,0.72,579.2892287234042,0.28244785437739445,3303.3333333333335,17.0,13.0,20.0,752.0,30.0
36,13200.0,0.72,578.4746753246753,0.2790424259623376,3303.3333333333335,17.0,13.0,20.0,770.0,30.0
36,13400.0,0.7,575.3286802030457,0.27559645673281574,3303.3333333333335,17.0,13.0,20.0,788.0,30.0
36,13600.0,0.68,571.5883084577115,0.2724545436117812,3303.3333333333335,17.0,13.0,20.0,804.0,30.0
36,13800.0,0.7,568.6283618581907,0.27636673220765007,3303.3333333333335,19.0,11.0,20.0,818.0,30.0
36,14000.0,0.72,568.1723095525998,0.2825086655990919,3303.3333333333335,22.0,8.0,20.0,827.0,30.0
36,14200.0,0.72,567.4054696789536,0.28571138994182393,3303.3333333333335,21.0,9.0,20.0,841.0,30.0
36,14400.0,0.72,568.4918128654971,0.2847992216163623,3303.3333333333335,19.0,11.0,20.0,855.0,30.0
36,14600.0,0.7,567.3014874141876,0.28060324731923864,3303.3333333333335,18.0,12.0,20.0,874.0,30.0
36,14800.0,0.72,565.5790358744395,0.281880282974885,3303.3333333333335,20.0,10.0,20.0,892.0,30.0
36,15000.0,0.72,562.4790055248619,0.28155595645916526,3303.3333333333335,18.0,12.0,20.0,905.0,30.0
36,15200.0,0.72,558.728555917481,0.2795491861431496,3303.3333333333335,16.0,14.0,20.0,921.0,30.0
36,15400.0,0.7,560.0085744908896,0.2808667626132609,3303.3333333333335,18.0,12.0,20.0,933.0,30.0
36,15600.0,0.72,557.3868921775899,0.2865830174528206,3303.3333333333335,18.0,12.0,20.0,946.0,30.0
36,15800.0,0.72,557.3875523012553,0.2875965378144447,3303.3333333333335,17.0,13.0,20.0,956.0,30.0
36,16000.0,0.72,556.9576446280992,0.28830600206758156,3303.3333333333335,20.0,10.0,20.0,968.0,30.0
37,0.0,0.0,nan,0.015202805424360975,nan,0.0,0.0,50.0,0.0,0.0
37,200.0,0.32,15.5,0.040763788944519895,nan,0.0,15.0,35.0,1.0,0.0
37,400.0,0.7,84.5,0.09127764376786329,nan,0.0,20.0,30.0,3.0,0.0
37,600.0,0.74,108.8,0.1422171771430888,561.0,2.0,19.0,29.0,5.0,2.0
37,800.0,0.74,227.57142857142858,0.1849269251819269,683.0714285714286,14.0,7.0,29.0,7.0,14.0
37,1000.0,0.74,354.1,0.2209271684268137,720.3529411764706,17.0,4.0,29.0,10.0,17.0
37,1200.0,0.72,456.35714285714283,0.24926519773782255,776.475,20.0,1.0,29.0,14.0,20.0
37,1400.0,0.74,693.7,0.270468043702998,798.547619047619,20.0,1.0,29.0,25.0,21.0
37,1600.0,0.74,852.3421052631579,0.2748869924796789,798.547619047619,20.0,2.0,28.0,38.0,21.0
37,1800.0,0.72,833.52,0.2755761863255833,798.547619047619,20.0,2.0,28.0,50.0,21.0
37,2000.0,0.68,812.671875,0.27192751302373663,798.547619047619,20.0,2.0,28.0,64.0,21.0
37,2200.0,0.74,797.3285714285714,0.2679950540206353,858.9545454545455,19.0,3.0,28.0,70.0,22.0
37,2400.0,0.72,776.3456790123457,0.26594774289015466,858.9545454545455,17.0,5.0,28.0,81.0,22.0
37,2600.0,0.74,767.6117021276596,0.2714612936573896,858.9545454545455,18.0,4.0,28.0,94.0,22.0
37,2800.0,0.74,726.65,0.278596477003223,858.9545454545455,19.0,3.0,28.0,110.0,22.0
37,3000.0,0.74,722.6764705882352,0.2757383495834431,858.9545454545455,20.0,2.0,28.0,119.0,22.0
37,3200.0,0.72,703.1846153846154,0.270468043702998,858.9545454545455,21.0,2.0,27.0,130.0,22.0
37,3400.0,0.72,692.1133333333333,0.2695761457847688,858.9545454545455,19.0,4.0,27.0,150.0,22.0
37,3600.0,0.68,675.7713414634146,0.2771775484969493,858.9545454545455,19.0,5.0,26.0,164.0,22.0
37,3800.0,0.74,661.82,0.28224515030506964,858.9545454545455,18.0,6.0,26.0,175.0,22.0
37,4000.0,0.7,645.3198924731183,0.27973161980824196,994.2826086956521,20.0,4.0,26.0,186.0,23.0
37,4200.0,0.74,638.2025,0.2834613747390185,994.2826086956521,19.0,5.0,26.0,200.0,23.0
37,4400.0,0.72,629.4626168224299,0.29081953256440923,994.2826086956521,22.0,2.0,26.0,214.0,23.0
37,4600.0,0.74,626.1155555555556,0.29325198143230696,994.2826086956521,22.0,2.0,26.0,225.0,23.0
37,4800.0,0.72,638.2625,0.29067763971378185,994.2826086956521,20.0,6.0,24.0,240.0,23.0
37,5000.0,0.68,629.594861660079,0.2923803539213103,994.2826086956521,20.0,7.0,23.0,253.0,23.0
37,5200.0,0.7,626.3169811320755,0.2932317110250745,994.2826086956521,19.0,8.0,23.0,265.0,23.0
37,5400.0,0.66,606.5853658536586,0.29542091500618245,1169.75,20.0,7.0,23.0,287.0,24.0
37,5600.0,0.74,608.7734899328859,0.29631281292441164,1343.32,21.0,6.0,23.0,298.0,25.0
37,5800.0,0.72,610.1132686084143,0.2979952567247076,1343.32,21.0,6.0,23.0,309.0,25.0
37,6000.0,0.74,607.7406832298136,0.298643909756147,1343.32,22.0,5.0,23.0,322.0,25.0
37,6200.0,0.74,603.4761194029851,0.29613037925931934,1525.7115384615386,23.0,4.0,23.0,335.0,26.0
37,6400.0,0.74,604.4912023460411,0.28883303265562604,1525.7115384615386,20.0,8.0,22.0,341.0,26.0
37,6600.0,0.74,604.2371428571429,0.2860965276792411,1525.7115384615386,17.0,11.0,22.0,350.0,26.0
37,6800.0,0.72,614.9191780821918,0.2824681247846269,1525.7115384615386,17.0,12.0,21.0,365.0,26.0
37,7000.0,0.74,612.0413333333333,0.2807654105770985,1525.7115384615386,17.0,12.0,21.0,375.0,26.0
37,7200.0,0.7,615.1304909560723,0.2826100176352543,1729.5925925925926,18.0,11.0,21.0,387.0,27.0
37,7400.0,0.72,613.9055415617129,0.287778971479537,1926.517857142857,16.0,14.0,20.0,397.0,28.0
37,7600.0,0.72,618.0843373493976,0.2882654612531166,2116.9137931034484,16.0,14.0,20.0,415.0,29.0
37,7800.0,0.74,617.8305687203791,0.2881235684024892,2116.9137931034484,17.0,13.0,20.0,422.0,29.0
37,8000.0,0.74,620.518648018648,0.28938033365090304,2116.9137931034484,19.0,11.0,20.0,429.0,29.0
37,8200.0,0.72,620.3295454545455,0.28873168061946364,2116.9137931034484,20.0,10.0,20.0,440.0,29.0
37,8400.0,0.72,620.9504405286343,0.2949546956398354,2325.2833333333333,22.0,8.0,20.0,454.0,30.0
37,8600.0,0.74,613.3972457627119,0.294306042608396,2325.2833333333333,21.0,9.0,20.0,472.0,30.0
37,8800.0,0.72,608.6128048780488,0.29890742505016926,2325.2833333333333,22.0,8.0,20.0,492.0,30.0
37,9000.0,0.74,609.065868263473,0.3044209758174042,2325.2833333333333,23.0,7.0,20.0,501.0,30.0
37,9200.0,0.68,610.216504854369,0.3063061236900249,2325.2833333333333,20.0,10.0,20.0,515.0,30.0
37,9400.0,0.68,602.5216572504709,0.3067520726491395,2325.2833333333333,19.0,11.0,20.0,531.0,30.0
37,9600.0,0.7,600.3688524590164,0.2989885066790992,2325.2833333333333,18.0,12.0,20.0,549.0,30.0
37,9800.0,0.72,597.5696428571429,0.29576551192913464,2325.2833333333333,18.0,11.0,21.0,560.0,30.0
37,10000.0,0.72,594.3813263525306,0.2968398435124562,2325.2833333333333,19.0,10.0,21.0,573.0,30.0
37,10200.0,0.7,596.1013628620102,0.29112358867289645,2325.2833333333333,18.0,11.0,21.0,587.0,30.0
37,10400.0,0.7,590.4295190713101,0.28745464496381734,2325.2833333333333,20.0,9.0,21.0,603.0,30.0
37,10600.0,0.74,588.9894480519481,0.288326272474814,2325.2833333333333,20.0,8.0,22.0,616.0,30.0
37,10800.0,0.74,590.720447284345,0.28749518577828226,2325.2833333333333,17.0,12.0,21.0,626.0,30.0
37,11000.0,0.7,590.33359375,0.28362353799687834,2325.2833333333333,16.0,13.0,21.0,640.0,30.0
37,11200.0,0.74,586.2534562211981,0.2787180994466179,2325.2833333333333,16.0,13.0,21.0,651.0,30.0
37,11400.0,0.74,587.3590704647676,0.2775626862343665,2325.2833333333333,17.0,12.0,21.0,667.0,30.0
37,11600.0,0.72,588.4345588235294,0.2800964871384266,2325.2833333333333,16.0,14.0,20.0,680.0,30.0
37,11800.0,0.72,585.3446531791908,0.2837046196258083,2325.2833333333333,17.0,14.0,19.0,692.0,30.0
37,12000.0,0.74,585.6833810888252,0.28526544098270934,2636.5,18.0,14.0,18.0,698.0,31.0
37,12200.0,0.74,587.7039381153305,0.2873735633348874,2636.5,18.0,14.0,18.0,711.0,31.0
37,12400.0,0.72,588.6643741403026,0.29195467536942815,3221.651515151515,19.0,13.0,18.0,727.0,33.0
37,12600.0,0.74,590.5215924426451,0.2968398435124562,3221.651515151515,20.0,12.0,18.0,741.0,33.0
37,12800.0,0.74,590.3041168658699,0.29653578740396896,3221.651515151515,21.0,11.0,18.0,753.0,33.0
37,13000.0,0.7,586.6768929503917,0.295947945594227,3221.651515151515,19.0,12.0,19.0,766.0,33.0
37,13200.0,0.74,583.7019230769231,0.2918330529260333,3221.651515151515,19.0,12.0,19.0,780.0,33.0
37,13400.0,0.74,582.7641509433962,0.28676545111791296,3221.651515151515,18.0,12.0,20.0,795.0,33.0
37,13600.0,0.72,585.8378881987578,0.2901708795329698,3221.651515151515,19.0,11.0,20.0,805.0,33.0
37,13800.0,0.72,584.0590742996346,0.2935763079480267,3220.176470588235,20.0,11.0,19.0,821.0,34.0
37,14000.0,0.72,583.0425149700599,0.2965965986256664,3220.176470588235,19.0,12.0,19.0,835.0,34.0
37,14200.0,0.74,582.0112160566706,0.3057588226947479,3220.176470588235,17.0,15.0,18.0,847.0,34.0
37,14400.0,0.74,581.2057803468208,0.30484665436928626,3220.176470588235,17.0,15.0,18.0,865.0,34.0
37,14600.0,0.74,580.6059564719359,0.30395475645105713,3220.176470588235,19.0,13.0,18.0,873.0,34.0
37,14800.0,0.74,580.2995495495495,0.29538037419171753,3220.176470588235,18.0,14.0,18.0,888.0,34.0
37,15000.0,0.74,579.8511705685619,0.2898060122027852,3220.176470588235,20.0,11.0,19.0,897.0,34.0
37,15200.0,0.74,578.2058177826564,0.2836640788113433,3220.176470588235,19.0,12.0,19.0,911.0,34.0
37,15400.0,0.74,583.2219222462203,0.28230596152676707,3220.176470588235,19.0,13.0,18.0,926.0,34.0
37,15600.0,0.74,580.2020148462354,0.2857924715707539,3220.176470588235,17.0,16.0,17.0,943.0,34.0
37,15800.0,0.74,578.571727748691,0.2892181703930432,3220.176470588235,18.0,15.0,17.0,955.0,34.0
37,16000.0,0.72,578.5621761658031,0.29434658342286096,3220.176470588235,20.0,14.0,16.0,965.0,34.0
38,0.0,0.0,nan,0.015202805424360975,nan,0.0,0.0,50.0,0.0,0.0
38,200.0,0.4,92.0,0.041980013378468774,nan,0.0,13.0,37.0,4.0,0.0
38,400.0,0.68,144.94444444444446,0.07864918006202745,nan,0.0,18.0,32.0,9.0,0.0
38,600.0,0.74,177.6818181818182,0.11677781606632477,568.75,4.0,14.0,32.0,11.0,4.0
38,800.0,0.72,235.76923076923077,0.15083210021689336,648.4444444444445,9.0,10.0,31.0,13.0,9.0
38,1000.0,0.76,313.47222222222223,0.17987959378103907,740.15625,16.0,3.0,31.0,18.0,16.0
38,1200.0,0.76,380.60869565217394,0.20981898526341394,740.15625,16.0,4.0,30.0,23.0,16.0
38,1400.0,0.74,535.2857142857143,0.22933938742829343,770.4411764705883,17.0,4.0,29.0,35.0,17.0
38,1600.0,0.74,651.2222222222222,0.24342732045486795,770.4411764705883,16.0,6.0,28.0,54.0,17.0
38,1800.0,0.76,709.4921875,0.24817059574726857,770.4411764705883,16.0,6.0,28.0,64.0,17.0
38,2000.0,0.74,669.8397435897435,0.254211177102548,886.5263157894736,18.0,4.0,28.0,78.0,19.0
38,2200.0,0.74,641.45,0.2579003912188596,943.825,19.0,3.0,28.0,90.0,20.0
38,2400.0,0.74,618.48,0.25674497800660817,943.825,19.0,3.0,28.0,100.0,20.0
38,2600.0,0.72,639.3407079646017,0.25944094216852814,1021.8333333333334,19.0,4.0,27.0,113.0,21.0
38,2800.0,0.72,631.8170731707318,0.2650153041574605,1021.8333333333334,19.0,5.0,26.0,123.0,21.0
38,3000.0,0.74,636.6347517730496,0.2698396610787911,1021.8333333333334,20.0,5.0,25.0,141.0,21.0
38,3200.0,0.76,618.6774193548387,0.2783532321164332,1206.8478260869565,21.0,4.0,25.0,155.0,23.0
38,3400.0,0.76,618.8079268292682,0.2836032675896459,1206.8478260869565,22.0,3.0,25.0,164.0,23.0
38,3600.0,0.74,619.31843575419,0.2849005736525247,1301.5416666666667,24.0,2.0,24.0,179.0,24.0
38,3800.0,0.74,598.9871794871794,0.2946100987168832,1301.5416666666667,23.0,3.0,24.0,195.0,24.0
38,4000.0,0.72,594.4275700934579,0.29177224170433586,1301.5416666666667,22.0,4.0,24.0,214.0,24.0
38,4200.0,0.76,599.6622807017544,0.29197494577666067,1301.5416666666667,23.0,2.0,25.0,228.0,24.0
38,4400.0,0.72,598.3780991735537,0.296454705775039,1417.76,25.0,0.0,25.0,242.0,25.0
38,4600.0,0.72,589.9862745098039,0.2995763484888411,1417.76,23.0,2.0,25.0,255.0,25.0
38,4800.0,0.72,581.407063197026,0.29661686903289886,1417.76,20.0,5.0,25.0,269.0,25.0
38,5000.0,0.7,578.0607638888889,0.289420874465368,1417.76,21.0,4.0,25.0,288.0,25.0
38,5200.0,0.76,579.1173469387755,0.2898060122027852,1417.76,22.0,3.0,25.0,294.0,25.0
38,5400.0,0.76,582.2878289473684,0.28875195102669615,1417.76,22.0,3.0,25.0,304.0,25.0
38,5600.0,0.7,583.2357594936709,0.2854276042405692,1417.76,20.0,5.0,25.0,316.0,25.0
38,5800.0,0.74,583.21875,0.27774511989945877,1417.76,19.0,6.0,25.0,336.0,25.0
38,6000.0,0.76,577.1321022727273,0.27963026777207955,1417.76,19.0,7.0,24.0,352.0,25.0
38,6200.0,0.74,573.2326869806094,0.2846978695801999,1417.76,21.0,5.0,24.0,361.0,25.0
38,6400.0,0.74,573.8994638069705,0.2887114102122312,1417.76,20.0,6.0,24.0,373.0,25.0
38,6600.0,0.74,578.5604113110539,0.289420874465368,1417.76,20.0,6.0,24.0,389.0,25.0
38,6800.0,0.76,578.0451127819549,0.2914479151886161,1617.0961538461538,21.0,7.0,22.0,399.0,26.0
38,7000.0,0.76,580.9117647058823,0.29146818559584864,1999.607142857143,24.0,4.0,22.0,408.0,28.0
38,7200.0,0.76,581.5870588235294,0.288873573470091,1999.607142857143,22.0,6.0,22.0,425.0,28.0
38,7400.0,0.76,582.4025229357799,0.29043439482699207,1999.607142857143,22.0,7.0,21.0,436.0,28.0
38,7600.0,0.76,579.8852097130243,0.2914884560030811,1999.607142857143,22.0,7.0,21.0,453.0,28.0
38,7800.0,0.74,578.2323340471092,0.29531956297002004,1999.607142857143,20.0,10.0,20.0,467.0,28.0
38,8000.0,0.76,576.2708333333334,0.29523848134109015,2205.9655172413795,21.0,9.0,20.0,480.0,29.0
38,8200.0,0.76,576.0672097759674,0.294265501793931,2205.9655172413795,23.0,7.0,20.0,491.0,29.0
38,8400.0,0.76,578.2785571142284,0.2895222265015304,2205.9655172413795,22.0,8.0,20.0,499.0,29.0
38,8600.0,0.7,578.4613152804642,0.2885695173616038,2205.9655172413795,23.0,7.0,20.0,517.0,29.0
38,8800.0,0.74,577.2990654205607,0.28879249184116107,2205.9655172413795,23.0,8.0,19.0,535.0,29.0
38,9000.0,0.7,573.2673357664233,0.2908398029716417,2205.9655172413795,22.0,9.0,19.0,548.0,29.0
38,9200.0,0.74,571.7923351158645,0.3018060932844141,2205.9655172413795,21.0,11.0,18.0,561.0,29.0
38,9400.0,0.74,571.078125,0.3147791539132021,2444.3333333333335,20.0,13.0,17.0,576.0,30.0
38,9600.0,0.76,568.1890971039182,0.32317110250744935,2671.2903225806454,20.0,14.0,16.0,587.0,31.0
38,9800.0,0.76,568.7638190954774,0.3249548983439077,2671.2903225806454,19.0,15.0,16.0,597.0,31.0
38,10000.0,0.76,569.4025974025974,0.325177872823465,3108.2272727272725,21.0,13.0,16.0,616.0,33.0
38,10200.0,0.74,561.5669291338583,0.3263940972574139,3315.3970588235293,20.0,14.0,16.0,635.0,34.0
38,10400.0,0.72,561.8207692307692,0.32463057182818805,3315.3970588235293,22.0,12.0,16.0,650.0,34.0
38,10600.0,0.76,562.8624060150375,0.3257859850404395,3315.3970588235293,23.0,11.0,16.0,665.0,34.0
38,10800.0,0.76,559.2917282127031,0.33176575517402146,3315.3970588235293,23.0,11.0,16.0,677.0,34.0
38,11000.0,0.76,560.5791001451379,0.3337117142683397,3315.3970588235293,23.0,11.0,16.0,689.0,34.0
38,11200.0,0.76,561.5805991440799,0.33131980621490686,3315.3970588235293,23.0,11.0,16.0,701.0,34.0
38,11400.0,0.76,561.0042075736326,0.32927249508442624,3315.3970588235293,24.0,10.0,16.0,713.0,34.0
38,11600.0,0.76,559.8018995929443,0.3232521841363793,3315.3970588235293,21.0,13.0,16.0,737.0,34.0
38,11800.0,0.76,555.913217623498,0.3167656538219853,3315.3970588235293,20.0,14.0,16.0,749.0,34.0
38,12000.0,0.76,555.562091503268,0.31520483246508424,3315.3970588235293,21.0,13.0,16.0,765.0,34.0
38,12200.0,0.74,557.0424164524421,0.31473861309873713,3315.3970588235293,20.0,14.0,16.0,778.0,34.0
38,12400.0,0.76,557.2110266159696,0.31188048567895726,3315.3970588235293,18.0,16.0,16.0,789.0,34.0
38,12600.0,0.76,557.316479400749,0.3049682768126812,3315.3970588235293,17.0,16.0,17.0,801.0,34.0
38,12800.0,0.74,555.5189950980392,0.3045020574463341,3315.3970588235293,20.0,13.0,17.0,816.0,34.0
38,13000.0,0.72,556.8967587034814,0.3101372306569639,3315.3970588235293,23.0,10.0,17.0,833.0,34.0
38,13200.0,0.74,556.0485207100592,0.31455617943364483,3315.3970588235293,24.0,9.0,17.0,845.0,34.0
38,13400.0,0.74,554.72668997669,0.3083939756349705,3315.3970588235293,23.0,10.0,17.0,858.0,34.0
38,13600.0,0.74,552.7859589041096,0.30642774613341983,3315.3970588235293,21.0,12.0,17.0,876.0,34.0
38,13800.0,0.74,553.1610549943883,0.30340745545578013,3315.3970588235293,19.0,14.0,17.0,891.0,34.0
38,14000.0,0.76,555.6026490066225,0.30354934830640745,3315.3970588235293,21.0,13.0,16.0,906.0,34.0
38,14200.0,0.7,552.528804347826,0.30316421056899034,3315.3970588235293,20.0,14.0,16.0,920.0,34.0
38,14400.0,0.76,551.8809012875537,0.30531287373563337,3315.3970588235293,18.0,16.0,16.0,932.0,34.0
38,14600.0,0.72,549.9109589041096,0.30851559807836537,3315.3970588235293,19.0,15.0,16.0,949.0,34.0
38,14800.0,0.74,549.7814122533749,0.3160156487543835,3640.057142857143,18.0,15.0,17.0,963.0,35.0
38,15000.0,0.74,549.4352701325179,0.3165224089351955,3640.057142857143,19.0,14.0,17.0,981.0,35.0
38,15200.0,0.76,548.3453815261045,0.31333995499969597,3640.057142857143,21.0,13.0,16.0,996.0,35.0
38,15400.0,0.76,548.8401191658392,0.3143737457685525,3640.057142857143,21.0,13.0,16.0,1007.0,35.0
38,15600.0,0.76,548.7401960784314,0.31733322522449475,3640.057142857143,23.0,11.0,16.0,1020.0,35.0
38,15800.0,0.74,546.7195945945946,0.31526564368678167,3640.057142857143,21.0,13.0,16.0,1036.0,35.0
38,16000.0,0.74,546.0539262062441,0.31153588875600513,3640.057142857143,19.0,15.0,16.0,1057.0,35.0
39,0.0,0.0,nan,0.015202805424360975,nan,0.0,0.0,50.0,0.0,0.0
39,200.0,0.4,11.5,0.03589889120872438,nan,0.0,12.0,38.0,1.0,0.0
39,400.0,0.7,71.0,0.08262217987959378,400.0,1.0,17.0,32.0,5.0,1.0
39,600.0,0.76,138.75,0.12695356049703038,400.0,1.0,18.0,31.0,8.0,1.0
39,800.0,0.78,206.86363636363637,0.17012952790221555,679.3636363636364,11.0,8.0,31.0,11.0,11.0
39,1000.0,0.74,348.94117647058823,0.2040013783876918,751.0,16.0,4.0,30.0,17.0,16.0
39,1200.0,0.76,427.70454545454544,0.23572456570652506,784.7222222222222,18.0,3.0,29.0,22.0,18.0
39,1400.0,0.78,539.0535714285714,0.2625423144750978,809.5,18.0,3.0,29.0,28.0,19.0
39,1600.0,0.74,754.0957446808511,0.27239373239008374,876.952380952381,21.0,0.0,29.0,47.0,21.0
39,1800.0,0.76,758.640350877193,0.27691403320292707,876.952380952381,20.0,1.0,29.0,57.0,21.0
39,2000.0,0.72,712.9791666666666,0.28214379826890723,876.952380952381,20.0,1.0,29.0,72.0,21.0
39,2200.0,0.74,686.1529411764706,0.2833194818883911,876.952380952381,20.0,2.0,28.0,85.0,21.0
39,2400.0,0.76,688.2908163265306,0.28461678795126993,876.952380952381,20.0,3.0,27.0,98.0,21.0
39,2600.0,0.76,659.0178571428571,0.2893195224292056,876.952380952381,20.0,3.0,27.0,112.0,21.0
39,2800.0,0.72,661.452,0.2912857519307563,961.3409090909091,22.0,1.0,27.0,125.0,22.0
39,3000.0,0.78,656.3321428571429,0.298137149575335,961.3409090909091,22.0,1.0,27.0,140.0,22.0
39,3200.0,0.78,640.6066666666667,0.2981168791681025,961.3409090909091,21.0,2.0,27.0,150.0,22.0
39,3400.0,0.78,632.0030864197531,0.29613037925931934,961.3409090909091,22.0,2.0,26.0,162.0,22.0
39,3600.0,0.76,621.0994475138122,0.29067763971378185,961.3409090909091,21.0,3.0,26.0,181.0,22.0
39,3800.0,0.76,619.2046632124352,0.2914884560030811,961.3409090909091,20.0,5.0,25.0,193.0,22.0
39,4000.0,0.78,614.5145631067961,0.29329252224677194,1203.125,22.0,3.0,25.0,206.0,24.0
39,4200.0,0.78,620.675799086758,0.29791417509577767,1322.92,24.0,2.0,24.0,219.0,25.0
39,4400.0,0.72,617.8577586206897,0.3026574503881783,1322.92,23.0,3.0,24.0,232.0,25.0
39,4600.0,0.76,614.0946502057614,0.3060628788032352,1322.92,21.0,5.0,24.0,243.0,25.0
39,4800.0,0.78,617.1303501945525,0.3066709910202096,1449.1346153846155,22.0,5.0,23.0,257.0,26.0
39,5000.0,0.78,614.4148148148148,0.3115156183487726,1449.1346153846155,22.0,5.0,23.0,270.0,26.0
39,5200.0,0.7,606.8850174216028,0.3117183224210974,1449.1346153846155,22.0,5.0,23.0,287.0,26.0
39,5400.0,0.78,603.7475247524752,0.30588044513814283,1589.8333333333333,23.0,4.0,23.0,303.0,27.0
39,5600.0,0.74,600.4416403785489,0.30182636369164656,1589.8333333333333,22.0,5.0,23.0,317.0,27.0
39,5800.0,0.76,599.1111111111111,0.2982182312042649,1589.8333333333333,19.0,8.0,23.0,324.0,27.0
39,6000.0,0.78,595.8611111111111,0.29994121581902583,1589.8333333333333,18.0,9.0,23.0,342.0,27.0
39,6200.0,0.78,600.4817415730337,0.2994749964526787,1589.8333333333333,21.0,6.0,23.0,356.0,27.0
39,6400.0,0.78,602.0525606469002,0.30508989925607605,1589.8333333333333,21.0,7.0,22.0,371.0,27.0
39,6600.0,0.78,596.0207792207792,0.30811018993371575,1589.8333333333333,21.0,7.0,22.0,385.0,27.0
39,6800.0,0.78,595.5931989924434,0.3064074757261873,1769.1964285714287,21.0,7.0,22.0,397.0,28.0
39,7000.0,0.78,588.7506024096385,0.3060628788032352,1769.1964285714287,24.0,4.0,22.0,415.0,28.0
39,7200.0,0.76,579.8933486238532,0.30865749092899275,1769.1964285714287,23.0,6.0,21.0,436.0,28.0
39,7400.0,0.76,577.7850877192982,0.3101169602497314,1769.1964285714287,22.0,7.0,21.0,456.0,28.0
39,7600.0,0.78,573.1396588486141,0.3114142663126102,1967.7413793103449,23.0,6.0,21.0,469.0,29.0
39,7800.0,0.78,563.9845679012345,0.30995479699187156,1967.7413793103449,23.0,7.0,20.0,486.0,29.0
39,8000.0,0.78,562.8916500994036,0.31297508766951126,1967.7413793103449,21.0,9.0,20.0,503.0,29.0
39,8200.0,0.78,561.9375,0.3125088683031642,1967.7413793103449,21.0,9.0,20.0,520.0,29.0
39,8400.0,0.78,556.9057835820895,0.31060345002331097,1967.7413793103449,23.0,7.0,20.0,536.0,29.0
39,8600.0,0.76,559.4678899082569,0.3086372205217603,1967.7413793103449,22.0,8.0,20.0,545.0,29.0
39,8800.0,0.76,556.2763864042934,0.3068939654997669,1967.7413793103449,22.0,7.0,21.0,559.0,29.0
39,9000.0,0.78,556.9097222222222,0.3088804654085501,1967.7413793103449,23.0,7.0,20.0,576.0,29.0
39,9200.0,0.72,556.5505050505051,0.3043196237812418,1967.7413793103449,23.0,7.0,20.0,594.0,29.0
39,9400.0,0.78,555.5635313531353,0.29846147609105467,1967.7413793103449,22.0,9.0,19.0,606.0,29.0
39,9600.0,0.74,554.5873786407767,0.2956033486712748,1967.7413793103449,21.0,11.0,18.0,618.0,29.0
39,9800.0,0.78,555.8926868044515,0.3006101392576977,1967.7413793103449,20.0,11.0,19.0,629.0,29.0
39,10000.0,0.78,555.8627906976744,0.30658990939127967,2232.2,23.0,8.0,19.0,645.0,30.0
39,10200.0,0.74,557.3924242424242,0.3134413070358584,2488.8225806451615,24.0,7.0,19.0,660.0,31.0
39,10400.0,0.78,556.077037037037,0.318691342509071,2488.8225806451615,23.0,8.0,19.0,675.0,31.0
39,10600.0,0.74,555.3972503617945,0.32363732187379646,2488.8225806451615,21.0,10.0,19.0,691.0,31.0
39,10800.0,0.78,555.4936079545455,0.3256846330042771,2488.8225806451615,23.0,8.0,19.0,704.0,31.0
39,11000.0,0.78,556.8349788434415,0.32937384712058865,2753.359375,24.0,7.0,19.0,709.0,32.0
39,11200.0,0.78,557.8051317614425,0.3258670666693694,2753.359375,25.0,6.0,19.0,721.0,32.0
39,11400.0,0.78,557.556693989071,0.31897512821032575,2753.359375,22.0,9.0,19.0,732.0,32.0
39,11600.0,0.72,557.0418882978723,0.3130358988912087,2753.359375,20.0,11.0,19.0,752.0,32.0
39,11800.0,0.76,561.0168831168832,0.32353596983763405,2753.359375,22.0,11.0,17.0,770.0,32.0
39,12000.0,0.74,559.8147208121827,0.3288873573470091,2753.359375,24.0,9.0,17.0,788.0,32.0
39,12200.0,0.74,555.3605230386053,0.3288670869397766,2753.359375,24.0,9.0,17.0,803.0,32.0
39,12400.0,0.76,554.1986552567237,0.33016439300265543,2753.359375,22.0,12.0,16.0,818.0,32.0
39,12600.0,0.78,550.6500600240096,0.3299819593375631,3325.6617647058824,24.0,10.0,16.0,833.0,34.0
39,12800.0,0.78,548.271495877503,0.33438063770701154,3325.6617647058824,24.0,10.0,16.0,849.0,34.0
39,13000.0,0.78,547.2271147161066,0.3341982040419192,3325.6617647058824,21.0,13.0,16.0,863.0,34.0
39,13200.0,0.78,547.912471395881,0.3309346684774897,3603.7285714285713,19.0,15.0,16.0,874.0,35.0
39,13400.0,0.78,548.7457912457912,0.3274684288407354,3603.7285714285713,19.0,16.0,15.0,891.0,35.0
39,13600.0,0.78,548.6801104972376,0.3269211278454584,3603.7285714285713,19.0,16.0,15.0,905.0,35.0
39,13800.0,0.78,547.9869706840391,0.33046844911114265,3884.5833333333335,20.0,15.0,15.0,921.0,36.0
39,14000.0,0.76,545.586078639745,0.33369144386110716,3884.5833333333335,21.0,14.0,15.0,941.0,36.0
39,14200.0,0.78,545.9743186582809,0.3413536577949851,3884.5833333333335,22.0,13.0,15.0,954.0,36.0
39,14400.0,0.76,544.9459459459459,0.3361847039507024,3884.5833333333335,21.0,14.0,15.0,962.0,36.0
39,14600.0,0.78,544.7106076210092,0.3347657754444287,3884.5833333333335,21.0,14.0,15.0,971.0,36.0
39,14800.0,0.76,546.2883064516129,0.3306914235906999,3884.5833333333335,20.0,15.0,15.0,992.0,36.0
39,15000.0,0.78,546.9021847070507,0.32353596983763405,3884.5833333333335,19.0,16.0,15.0,1007.0,36.0
39,15200.0,0.78,546.1051859099804,0.31747511807512213,3884.5833333333335,16.0,19.0,15.0,1022.0,36.0
39,15400.0,0.76,546.4494706448509,0.31875215373076843,3884.5833333333335,16.0,19.0,15.0,1039.0,36.0
39,15600.0,0.78,544.1280834914611,0.319785944499625,3884.5833333333335,18.0,17.0,15.0,1054.0,36.0
39,15800.0,0.78,543.2429511278195,0.3213062250420611,3884.5833333333335,19.0,16.0,15.0,1064.0,36.0
39,16000.0,0.74,544.2101113172541,0.3177386333691444,3884.5833333333335,18.0,18.0,14.0,1078.0,36.0
40,0.0,0.0,nan,0.015202805424360975,nan,0.0,0.0,50.0,0.0,0.0
40,200.0,0.38,73.5,0.03952729410333854,nan,0.0,12.0,38.0,1.0,0.0
40,400.0,0.66,139.0,0.07514239961080818,nan,0.0,14.0,36.0,5.0,0.0
40,600.0,0.74,201.33333333333334,0.11130480611355482,491.0,4.0,14.0,32.0,12.0,4.0
40,800.0,0.78,209.10714285714286,0.14969695741187442,591.5,8.0,10.0,32.0,14.0,8.0
40,1000.0,0.78,246.88235294117646,0.17977824174487667,661.1363636363636,11.0,7.0,32.0,17.0,11.0
40,1200.0,0.78,443.98,0.20633247521942716,779.2,15.0,3.0,32.0,25.0,15.0
40,1400.0,0.78,524.0483870967741,0.22623801512172378,842.8823529411765,16.0,2.0,32.0,31.0,17.0
40,1600.0,0.8,709.5243902439024,0.24006243285427603,842.8823529411765,17.0,1.0,32.0,41.0,17.0
40,1800.0,0.8,747.8529411764706,0.24883951918594044,842.8823529411765,17.0,1.0,32.0,51.0,17.0
40,2000.0,0.76,773.7461538461539,0.25208278434313747,842.8823529411765,17.0,1.0,32.0,65.0,17.0
40,2200.0,0.76,764.3827160493827,0.25435306995317536,913.0277777777778,18.0,0.0,32.0,81.0,18.0
40,2400.0,0.78,723.6326530612245,0.25826525854904425,913.0277777777778,18.0,0.0,32.0,98.0,18.0
40,2600.0,0.76,670.7300884955753,0.2592179676889709,913.0277777777778,18.0,0.0,32.0,113.0,18.0
40,2800.0,0.78,664.9453125,0.2617112277785661,913.0277777777778,18.0,1.0,31.0,128.0,18.0
40,3000.0,0.8,656.1666666666666,0.2606774370097095,913.0277777777778,18.0,1.0,31.0,141.0,18.0
40,3200.0,0.8,648.2203947368421,0.255812539273914,913.0277777777778,17.0,3.0,30.0,152.0,18.0
40,3400.0,0.8,639.6226993865031,0.2553665903147994,1036.7631578947369,18.0,3.0,29.0,163.0,19.0
40,3600.0,0.78,640.7257142857143,0.25881255954432125,1036.7631578947369,16.0,5.0,29.0,175.0,19.0
40,3800.0,0.78,645.2258064516129,0.2642450286826262,1167.35,19.0,2.0,29.0,186.0,20.0
40,4000.0,0.8,655.5612244897959,0.26856262542314474,1167.35,19.0,2.0,29.0,196.0,20.0
40,4200.0,0.78,650.3816425120773,0.27302211501429063,1309.1666666666667,21.0,0.0,29.0,207.0,21.0
40,4400.0,0.76,660.1697247706422,0.2715423752863195,1309.1666666666667,20.0,1.0,29.0,218.0,21.0
40,4600.0,0.78,658.3480176211453,0.2660288245190846,1309.1666666666667,19.0,2.0,29.0,227.0,21.0
40,4800.0,0.76,658.6375,0.26392070216690655,1309.1666666666667,18.0,3.0,29.0,240.0,21.0
40,5000.0,0.78,658.0949612403101,0.26337340117162955,1309.1666666666667,18.0,3.0,29.0,258.0,21.0
40,5200.0,0.76,657.9249084249084,0.2614679828917763,1309.1666666666667,19.0,2.0,29.0,273.0,21.0
40,5400.0,0.78,653.8044982698962,0.2619544726653558,1309.1666666666667,20.0,1.0,29.0,289.0,21.0
40,5600.0,0.78,645.6970198675497,0.2664342326637342,1309.1666666666667,20.0,1.0,29.0,302.0,21.0
40,5800.0,0.8,638.7555205047319,0.2728396813491983,1309.1666666666667,19.0,2.0,29.0,317.0,21.0
40,6000.0,0.76,634.2664670658683,0.27636673220765007,1309.1666666666667,19.0,3.0,28.0,334.0,21.0
40,6200.0,0.78,632.1028985507246,0.2797518902154744,1309.1666666666667,20.0,2.0,28.0,345.0,21.0
40,6400.0,0.8,628.9267605633803,0.27932621166359234,1309.1666666666667,19.0,3.0,28.0,355.0,21.0
40,6600.0,0.76,623.7013513513514,0.2831573186305313,1544.6818181818182,20.0,3.0,27.0,370.0,22.0
40,6800.0,0.72,624.855091383812,0.2862789613443334,1544.6818181818182,21.0,2.0,27.0,383.0,22.0
40,7000.0,0.78,623.6935897435898,0.2875154561855148,1778.3260869565217,22.0,1.0,27.0,390.0,23.0
40,7200.0,0.8,627.2111111111111,0.2874749153710498,1778.3260869565217,18.0,5.0,27.0,405.0,23.0
40,7400.0,0.8,627.0384615384615,0.285083007317617,1778.3260869565217,20.0,3.0,27.0,416.0,23.0
40,7600.0,0.78,636.6786542923434,0.2906168284920844,1778.3260869565217,20.0,4.0,26.0,431.0,23.0
40,7800.0,0.78,632.1261261261261,0.2933736038757019,1778.3260869565217,21.0,3.0,26.0,444.0,23.0
40,8000.0,0.8,628.9439560439561,0.29252224677193767,1778.3260869565217,20.0,5.0,25.0,455.0,23.0
40,8200.0,0.8,623.6893617021277,0.29623173129548175,2040.3541666666667,22.0,4.0,24.0,470.0,24.0
40,8400.0,0.8,625.7520746887967,0.3015020371759269,2293.94,22.0,5.0,23.0,482.0,25.0
40,8600.0,0.8,628.9453441295547,0.30065068007216267,2293.94,21.0,6.0,23.0,494.0,25.0
40,8800.0,0.76,627.3589743589744,0.2983398536476598,2293.94,19.0,8.0,23.0,507.0,25.0
40,9000.0,0.78,622.5718390804598,0.3035898891208724,2782.9074074074074,20.0,7.0,23.0,522.0,27.0
40,9200.0,0.8,623.5566037735849,0.30902235825917745,2782.9074074074074,22.0,6.0,22.0,530.0,27.0
40,9400.0,0.76,624.5658135283364,0.30965074088338435,2782.9074074074074,22.0,6.0,22.0,547.0,27.0
40,9600.0,0.78,626.1967799642218,0.3103196643220562,3021.3214285714284,22.0,6.0,22.0,559.0,28.0
40,9800.0,0.8,625.9038461538462,0.31084669491010075,3021.3214285714284,24.0,4.0,22.0,572.0,28.0
40,10000.0,0.76,625.8622448979592,0.3067926134636045,3021.3214285714284,24.0,4.0,22.0,588.0,28.0
40,10200.0,0.78,623.9560530679934,0.30425881255954434,3021.3214285714284,24.0,5.0,21.0,603.0,28.0
40,10400.0,0.78,621.7540453074433,0.3009547361806499,3021.3214285714284,24.0,5.0,21.0,618.0,28.0
40,10600.0,0.78,617.0513428120063,0.29671822106906126,3279.448275862069,23.0,6.0,21.0,633.0,29.0
40,10800.0,0.8,614.3955108359133,0.28927898161474064,3279.448275862069,20.0,9.0,21.0,646.0,29.0
40,11000.0,0.78,615.124810892587,0.288873573470091,3279.448275862069,21.0,8.0,21.0,661.0,29.0
40,11200.0,0.8,616.5837037037037,0.29469118034581315,3279.448275862069,20.0,10.0,20.0,675.0,29.0
40,11400.0,0.8,616.368804664723,0.3022115014290637,3279.448275862069,22.0,8.0,20.0,686.0,29.0
40,11600.0,0.8,615.4706723891273,0.30825208278434313,3279.448275862069,20.0,10.0,20.0,699.0,29.0
40,11800.0,0.78,610.289764868603,0.30867776133622526,3279.448275862069,22.0,8.0,20.0,723.0,29.0
40,12000.0,0.72,606.9372469635628,0.31153588875600513,3279.448275862069,23.0,7.0,20.0,741.0,29.0
40,12200.0,0.8,603.5849933598938,0.31352238866478827,3279.448275862069,25.0,5.0,20.0,753.0,29.0
40,12400.0,0.74,601.7028795811518,0.30851559807836537,3279.448275862069,22.0,8.0,20.0,764.0,29.0
40,12600.0,0.8,603.1232349165597,0.30286015446050313,3279.448275862069,23.0,7.0,20.0,779.0,29.0
40,12800.0,0.8,602.6717171717172,0.3015425779903918,3279.448275862069,22.0,8.0,20.0,792.0,29.0
40,13000.0,0.78,602.8471534653465,0.29825877201872986,3279.448275862069,23.0,7.0,20.0,808.0,29.0
40,13200.0,0.8,599.5407047387606,0.29424523138669856,3279.448275862069,21.0,9.0,20.0,823.0,29.0
40,13400.0,0.78,598.4386904761905,0.2899884458678775,3279.448275862069,22.0,8.0,20.0,840.0,29.0
40,13600.0,0.72,594.9936416184971,0.29250197636470515,3279.448275862069,20.0,11.0,19.0,865.0,29.0
40,13800.0,0.8,591.7083333333334,0.29935337400928386,3279.448275862069,22.0,9.0,19.0,876.0,29.0
40,14000.0,0.8,589.283371040724,0.30511016966330856,3279.448275862069,21.0,10.0,19.0,884.0,29.0
40,14200.0,0.8,590.4844789356985,0.30965074088338435,3279.448275862069,23.0,9.0,18.0,902.0,29.0
40,14400.0,0.78,588.8781420765027,0.3085358684855979,3279.448275862069,22.0,10.0,18.0,915.0,29.0
40,14600.0,0.8,590.2260495156082,0.3097115521050818,3279.448275862069,24.0,8.0,18.0,929.0,29.0
40,14800.0,0.8,584.7093389296957,0.3096304704761519,3657.5666666666666,23.0,9.0,18.0,953.0,30.0
40,15000.0,0.78,581.1680412371134,0.30766424097460116,3657.5666666666666,20.0,12.0,18.0,970.0,30.0
40,15200.0,0.78,581.7274111675127,0.3104818275799161,3657.5666666666666,22.0,10.0,18.0,985.0,30.0
40,15400.0,0.8,580.594472361809,0.3149818579855269,4032.4193548387098,23.0,8.0,19.0,995.0,31.0
40,15600.0,0.78,581.5712151394422,0.31554942938803643,4032.4193548387098,22.0,10.0,18.0,1004.0,31.0
40,15800.0,0.8,581.7748279252704,0.317596740518517,4032.4193548387098,22.0,10.0,18.0,1017.0,31.0
40,16000.0,0.8,583.0291262135922,0.3200291893864148,4032.4193548387098,23.0,9.0,18.0,1030.0,31.0
41,0.0,0.0,nan,0.015202805424360975,nan,0.0,0.0,50.0,0.0,0.0
41,200.0,0.34,15.75,0.03447996270245069,nan,0.0,9.0,41.0,2.0,0.0
41,400.0,0.66,44.333333333333336,0.07368293029006953,370.5,1.0,17.0,32.0,6.0,1.0
41,600.0,0.82,93.21428571428571,0.11758863235562403,505.6,5.0,15.0,30.0,7.0,5.0
41,800.0,0.82,205.45,0.15701457442280015,615.75,10.0,10.0,30.0,10.0,10.0
41,1000.0,0.8,391.2647058823529,0.1883120831897513,717.40625,16.0,3.0,31.0,17.0,16.0
41,1200.0,0.82,537.2758620689655,0.21697443901647984,742.1176470588235,17.0,2.0,31.0,29.0,17.0
41,1400.0,0.78,553.8625,0.23592726977884987,768.6944444444445,18.0,1.0,31.0,40.0,18.0
41,1600.0,0.82,646.0535714285714,0.25137332009000063,768.6944444444445,18.0,3.0,29.0,56.0,18.0
41,1800.0,0.78,650.0694444444445,0.25633956986195855,768.6944444444445,18.0,4.0,28.0,72.0,18.0
41,2000.0,0.82,629.8214285714286,0.25579226886668155,829.0526315789474,18.0,6.0,26.0,84.0,19.0
41,2200.0,0.78,625.7886597938144,0.2620152838870533,892.15,19.0,5.0,26.0,97.0,20.0
41,2400.0,0.8,646.2336448598131,0.26801532442786774,955.5714285714286,19.0,5.0,26.0,107.0,21.0
41,2600.0,0.82,657.0294117647059,0.2712788599922972,1021.5227272727273,19.0,4.0,27.0,119.0,22.0
41,2800.0,0.8,641.6074074074074,0.2706910181825553,1021.5227272727273,21.0,2.0,27.0,135.0,22.0
41,3000.0,0.82,649.2152777777778,0.2730018446070582,1106.4130434782608,22.0,2.0,26.0,144.0,23.0
41,3200.0,0.78,636.389880952381,0.27754241582713396,1106.4130434782608,21.0,3.0,26.0,168.0,23.0
41,3400.0,0.8,626.74,0.2808870330204934,1196.8541666666667,22.0,2.0,26.0,175.0,24.0
41,3600.0,0.78,611.7751322751323,0.286684369488983,1196.8541666666667,22.0,2.0,26.0,189.0,24.0
41,3800.0,0.82,624.3712871287129,0.28615733890093853,1196.8541666666667,20.0,4.0,26.0,202.0,24.0
41,4000.0,0.82,625.311320754717,0.28329921148115866,1196.8541666666667,21.0,3.0,26.0,212.0,24.0
41,4200.0,0.82,623.7420814479638,0.2759207832485355,1196.8541666666667,20.0,4.0,26.0,221.0,24.0
41,4400.0,0.76,624.3179916317991,0.26758964587598566,1196.8541666666667,19.0,5.0,26.0,239.0,24.0
41,4600.0,0.8,615.3062015503876,0.2653396306731802,1196.8541666666667,19.0,6.0,25.0,258.0,24.0
41,4800.0,0.8,620.574074074074,0.2687450590882371,1196.8541666666667,20.0,6.0,24.0,270.0,24.0
41,5000.0,0.78,618.1892361111111,0.27288022216366326,1196.8541666666667,20.0,6.0,24.0,288.0,24.0
41,5200.0,0.8,610.9667774086379,0.2738126608963574,1196.8541666666667,19.0,7.0,24.0,301.0,24.0
41,5400.0,0.82,605.2697160883281,0.27525185980986355,1196.8541666666667,18.0,8.0,24.0,317.0,24.0
41,5600.0,0.82,589.6997041420118,0.28125190035067804,1532.173076923077,22.0,4.0,24.0,338.0,26.0
41,5800.0,0.8,585.3081232492997,0.28982628261001764,1532.173076923077,22.0,4.0,24.0,357.0,26.0
41,6000.0,0.82,580.2092391304348,0.2925425171791701,1532.173076923077,20.0,6.0,24.0,368.0,26.0
41,6200.0,0.82,583.4087301587301,0.29221819066345045,1532.173076923077,21.0,5.0,24.0,378.0,26.0
41,6400.0,0.8,583.7320512820513,0.29215737944175296,1532.173076923077,21.0,5.0,24.0,390.0,26.0
41,6600.0,0.8,581.4459459459459,0.2891573591713458,1532.173076923077,21.0,5.0,24.0,407.0,26.0
41,6800.0,0.82,584.1764705882352,0.2847992216163623,1532.173076923077,22.0,4.0,24.0,425.0,26.0
41,7000.0,0.8,585.1494252873563,0.27873836985385037,1532.173076923077,20.0,6.0,24.0,435.0,26.0
41,7200.0,0.76,583.1884700665189,0.27373157926742747,1532.173076923077,18.0,8.0,24.0,451.0,26.0
41,7400.0,0.8,582.6174568965517,0.2700829059655808,1532.173076923077,20.0,6.0,24.0,464.0,26.0
41,7600.0,0.82,580.0434782608696,0.2687450590882371,1532.173076923077,17.0,9.0,24.0,483.0,26.0
41,7800.0,0.8,578.1437125748503,0.2646098960128109,1532.173076923077,18.0,10.0,22.0,501.0,26.0
41,8000.0,0.8,577.4252427184466,0.26708288569517363,1532.173076923077,19.0,10.0,21.0,515.0,26.0
41,8200.0,0.8,571.8175046554935,0.2744005027060994,1532.173076923077,21.0,8.0,21.0,537.0,26.0
41,8400.0,0.8,565.3306306306306,0.2881235684024892,1532.173076923077,23.0,6.0,21.0,555.0,26.0
41,8600.0,0.8,562.201230228471,0.2939614456854438,1532.173076923077,23.0,6.0,21.0,569.0,26.0
41,8800.0,0.78,556.3840947546531,0.2931303589889121,1794.2962962962963,21.0,8.0,21.0,591.0,27.0
41,9000.0,0.8,553.2075782537067,0.28838708369651145,1794.2962962962963,20.0,9.0,21.0,607.0,27.0
41,9200.0,0.8,550.200956937799,0.28587355319968377,1794.2962962962963,19.0,10.0,21.0,627.0,27.0
41,9400.0,0.82,552.1122448979592,0.2859749052358462,1794.2962962962963,18.0,11.0,21.0,637.0,27.0
41,9600.0,0.8,550.2526799387442,0.2868870735613078,1794.2962962962963,19.0,10.0,21.0,653.0,27.0
41,9800.0,0.78,545.9955423476969,0.28700869600470275,2076.4464285714284,20.0,9.0,21.0,673.0,28.0
41,10000.0,0.82,544.795918367347,0.29211683862728804,2345.5862068965516,20.0,10.0,20.0,686.0,29.0
41,10200.0,0.8,545.2297297297297,0.29720471084264083,2607.1666666666665,20.0,10.0,20.0,703.0,30.0
41,10400.0,0.76,547.2709497206704,0.2978330934668478,2607.1666666666665,18.0,12.0,20.0,716.0,30.0
41,10600.0,0.82,545.4780521262003,0.3014006851397645,2607.1666666666665,18.0,12.0,20.0,729.0,30.0
41,10800.0,0.78,548.182123655914,0.30231285346522613,2607.1666666666665,19.0,11.0,20.0,744.0,30.0
41,11000.0,0.78,547.7057667103538,0.3033871850485476,2607.1666666666665,20.0,11.0,19.0,763.0,30.0
41,11200.0,0.78,545.9388674388674,0.30583990432367786,2607.1666666666665,21.0,10.0,19.0,777.0,30.0
41,11400.0,0.76,545.8562421185372,0.30738045527334645,2889.8064516129034,22.0,9.0,19.0,793.0,31.0
41,11600.0,0.82,542.8552795031056,0.30965074088338435,2889.8064516129034,22.0,9.0,19.0,805.0,31.0
41,11800.0,0.82,542.2719512195122,0.31129264386921535,2889.8064516129034,20.0,11.0,19.0,820.0,31.0
41,12000.0,0.8,543.618138424821,0.3100358786208015,2889.8064516129034,20.0,11.0,19.0,838.0,31.0
41,12200.0,0.82,542.0633802816901,0.3072993736444165,2889.8064516129034,21.0,10.0,19.0,852.0,31.0
41,12400.0,0.8,542.8362268518518,0.3108872357245657,2889.8064516129034,22.0,8.0,20.0,864.0,31.0
41,12600.0,0.82,544.0266439909298,0.3128940060405814,2889.8064516129034,20.0,10.0,20.0,882.0,31.0
41,12800.0,0.8,545.8709315375982,0.30847505726390045,2889.8064516129034,19.0,11.0,20.0,891.0,31.0
41,13000.0,0.8,542.8270925110132,0.30583990432367786,2889.8064516129034,18.0,12.0,20.0,908.0,31.0
41,13200.0,0.8,543.0935483870968,0.30543449617902824,2889.8064516129034,18.0,14.0,18.0,930.0,31.0
41,13400.0,0.78,542.9925768822906,0.30440070541017167,2889.8064516129034,18.0,14.0,18.0,943.0,31.0
41,13600.0,0.8,543.4287211740042,0.30162365961932175,2889.8064516129034,19.0,13.0,18.0,954.0,31.0
41,13800.0,0.8,541.3415637860082,0.30083311373725496,2889.8064516129034,20.0,12.0,18.0,972.0,31.0
41,14000.0,0.8,541.7610441767068,0.2943668538300934,2889.8064516129034,20.0,12.0,18.0,996.0,31.0
41,14200.0,0.8,540.1645193260654,0.30436016459570675,2889.8064516129034,21.0,11.0,18.0,1009.0,31.0
41,14400.0,0.82,538.0632295719844,0.30628585328279245,2889.8064516129034,21.0,11.0,18.0,1028.0,31.0
41,14600.0,0.82,537.5288739172281,0.3053534145500983,2889.8064516129034,20.0,12.0,18.0,1039.0,31.0
41,14800.0,0.82,538.039886039886,0.3041777309306144,3257.703125,20.0,13.0,17.0,1053.0,32.0
41,15000.0,0.8,537.9551401869159,0.3059615267670728,3611.4242424242425,20.0,13.0,17.0,1070.0,33.0
41,15200.0,0.8,536.6130952380952,0.3101169602497314,3611.4242424242425,23.0,10.0,17.0,1092.0,33.0
41,15400.0,0.82,537.6278331822302,0.3175156588895871,3611.4242424242425,23.0,10.0,17.0,1103.0,33.0
41,15600.0,0.82,537.9286355475763,0.3212048730058987,3611.4242424242425,23.0,10.0,17.0,1114.0,33.0
41,15800.0,0.82,537.001329787234,0.31873188332353597,3611.4242424242425,21.0,12.0,17.0,1128.0,33.0
41,16000.0,0.8,536.6540469973891,0.31236697545253683,3611.4242424242425,22.0,11.0,17.0,1149.0,33.0
42,0.0,0.0,nan,0.015202805424360975,nan,0.0,0.0,50.0,0.0,0.0
42,200.0,0.42,5.0,0.0436827275859972,nan,0.0,16.0,34.0,2.0,0.0
42,400.0,0.76,110.08333333333333,0.0933249548983439,389.0,1.0,20.0,29.0,6.0,1.0
42,600.0,0.82,137.94444444444446,0.14539963107858836,506.6666666666667,3.0,19.0,28.0,9.0,3.0
42,800.0,0.82,242.33333333333334,0.19483915431861026,643.7916666666666,12.0,11.0,27.0,12.0,12.0
42,1000.0,0.82,334.0,0.231427239373239,707.9375,16.0,7.0,27.0,20.0,16.0
42,1200.0,0.84,363.0416666666667,0.2636369164656518,779.15,20.0,3.0,27.0,24.0,20.0
42,1400.0,0.8,512.8484848484849,0.29219792025621794,845.3695652173913,23.0,0.0,27.0,33.0,23.0
42,1600.0,0.84,653.2439024390244,0.3055155778079582,845.3695652173913,23.0,1.0,26.0,41.0,23.0
42,1800.0,0.84,713.6960784313726,0.3083939756349705,845.3695652173913,23.0,1.0,26.0,51.0,23.0
42,2000.0,0.8,802.2313432835821,0.30693450631423186,888.5416666666666,23.0,2.0,25.0,67.0,24.0
42,2200.0,0.82,804.6392405063291,0.310562909208846,888.5416666666666,23.0,2.0,25.0,79.0,24.0
42,2400.0,0.82,779.9948453608248,0.3179413374414692,888.5416666666666,23.0,2.0,25.0,97.0,24.0
42,2600.0,0.84,757.4047619047619,0.3168264650436827,953.22,22.0,3.0,25.0,105.0,25.0
42,2800.0,0.82,718.2909836065573,0.31636024567733567,953.22,22.0,3.0,25.0,122.0,25.0
42,3000.0,0.84,707.2340425531914,0.3195832404273002,953.22,23.0,3.0,24.0,141.0,25.0
42,3200.0,0.84,702.3523489932886,0.3207791944540166,953.22,23.0,3.0,24.0,149.0,25.0
42,3400.0,0.8,688.2,0.31970486287069505,953.22,23.0,3.0,24.0,165.0,25.0
42,3600.0,0.84,679.3644067796611,0.3152251028723167,953.22,24.0,2.0,24.0,177.0,25.0
42,3800.0,0.82,669.9869791666666,0.312711572375489,953.22,22.0,4.0,24.0,192.0,25.0
42,4000.0,0.84,669.9422110552764,0.31311698052013864,953.22,21.0,5.0,24.0,199.0,25.0
42,4200.0,0.84,684.8443396226415,0.30717775120102164,953.22,21.0,5.0,24.0,212.0,25.0
42,4400.0,0.82,685.5444444444445,0.3037723227859648,953.22,22.0,4.0,24.0,225.0,25.0
42,4600.0,0.8,677.7254098360655,0.3038736748221272,1088.8653846153845,23.0,3.0,24.0,244.0,26.0
42,4800.0,0.84,677.1673151750973,0.30314394016175783,1088.8653846153845,20.0,6.0,24.0,257.0,26.0
42,5000.0,0.78,663.6868131868132,0.30004256785518824,1088.8653846153845,20.0,6.0,24.0,273.0,26.0
42,5200.0,0.82,659.4028268551236,0.29692092514138607,1088.8653846153845,21.0,5.0,24.0,283.0,26.0
42,5400.0,0.84,655.5919732441472,0.29698173636308356,1088.8653846153845,22.0,4.0,24.0,299.0,26.0
42,5600.0,0.82,658.710355987055,0.3015425779903918,1088.8653846153845,22.0,5.0,23.0,309.0,26.0
42,5800.0,0.84,650.4573170731708,0.303529077899175,1088.8653846153845,20.0,8.0,22.0,328.0,26.0
42,6000.0,0.84,652.9808259587021,0.3047047615186589,1266.2592592592594,21.0,7.0,22.0,339.0,27.0
42,6200.0,0.84,655.1923076923077,0.3057588226947479,1266.2592592592594,20.0,8.0,22.0,351.0,27.0
42,6400.0,0.82,641.0905405405406,0.30152230758315934,1266.2592592592594,21.0,7.0,22.0,370.0,27.0
42,6600.0,0.8,635.1576923076923,0.30196825654227394,1266.2592592592594,21.0,7.0,22.0,390.0,27.0
42,6800.0,0.8,633.9875311720698,0.3045020574463341,1266.2592592592594,21.0,7.0,22.0,401.0,27.0
42,7000.0,0.8,637.3297101449275,0.30900208785194494,1266.2592592592594,21.0,7.0,22.0,414.0,27.0
42,7200.0,0.84,635.6445221445222,0.3098129041412442,1473.0535714285713,25.0,3.0,22.0,429.0,28.0
42,7400.0,0.82,632.5330296127563,0.3064074757261873,1473.0535714285713,24.0,4.0,22.0,439.0,28.0
42,7600.0,0.84,630.632967032967,0.3032250217906878,1473.0535714285713,23.0,5.0,22.0,455.0,28.0
42,7800.0,0.8,629.2111344537815,0.3021912310218312,1473.0535714285713,21.0,7.0,22.0,476.0,28.0
42,8000.0,0.78,622.1792260692464,0.29979932296839845,1473.0535714285713,21.0,8.0,21.0,491.0,28.0
42,8200.0,0.82,618.2165354330708,0.29538037419171753,1473.0535714285713,20.0,9.0,21.0,508.0,28.0
42,8400.0,0.84,612.8387404580153,0.30073176170109256,1473.0535714285713,22.0,8.0,20.0,524.0,28.0
42,8600.0,0.82,612.1361111111111,0.30671153183467453,1473.0535714285713,24.0,6.0,20.0,540.0,28.0
42,8800.0,0.84,611.7567324955116,0.31252913871039667,1473.0535714285713,23.0,8.0,19.0,557.0,28.0
42,9000.0,0.84,606.6546572934974,0.3101372306569639,1473.0535714285713,22.0,8.0,20.0,569.0,28.0
42,9200.0,0.78,605.217094017094,0.3101575010641964,1473.0535714285713,23.0,7.0,20.0,585.0,28.0
42,9400.0,0.8,598.718438538206,0.3103399347292887,1745.1379310344828,21.0,9.0,20.0,602.0,29.0
42,9600.0,0.84,596.8741883116883,0.3083939756349705,1745.1379310344828,21.0,9.0,20.0,616.0,29.0
42,9800.0,0.84,599.245238095238,0.3096912816978493,2013.25,21.0,10.0,19.0,630.0,30.0
42,10000.0,0.84,600.754303599374,0.3138872559949729,2013.25,21.0,10.0,19.0,639.0,30.0
42,10200.0,0.84,599.7003034901365,0.32148865870715343,2013.25,25.0,6.0,19.0,659.0,30.0
42,10400.0,0.8,599.1497050147493,0.32090081689741146,2013.25,24.0,7.0,19.0,678.0,30.0
42,10600.0,0.84,599.9001457725948,0.3155696997952689,2287.7903225806454,23.0,8.0,19.0,686.0,31.0
42,10800.0,0.8,598.9068278805121,0.3135021182575558,2287.7903225806454,23.0,8.0,19.0,703.0,31.0
42,11000.0,0.84,596.0449515905948,0.3118602152717248,2287.7903225806454,21.0,11.0,18.0,723.0,31.0
42,11200.0,0.84,595.7472752043597,0.31064399083777594,2287.7903225806454,21.0,11.0,18.0,734.0,31.0
42,11400.0,0.84,594.0599201065246,0.30661017979851213,2287.7903225806454,17.0,15.0,18.0,751.0,31.0
42,11600.0,0.82,592.552734375,0.30877911337238767,2287.7903225806454,17.0,15.0,18.0,768.0,31.0
42,11800.0,0.82,585.9905063291139,0.31127237346198283,2287.7903225806454,22.0,10.0,18.0,790.0,31.0
42,12000.0,0.84,586.2577833125779,0.31585348549652364,2588.03125,23.0,9.0,18.0,803.0,32.0
42,12200.0,0.82,584.08262454435,0.31753592929681956,2588.03125,23.0,9.0,18.0,823.0,32.0
42,12400.0,0.82,579.8967780429595,0.31692781707984513,2588.03125,19.0,13.0,18.0,838.0,32.0
42,12600.0,0.84,580.6067216981132,0.3144953682119474,2588.03125,20.0,12.0,18.0,848.0,32.0
42,12800.0,0.82,576.8388952819332,0.30681288387083694,2588.03125,19.0,13.0,18.0,869.0,32.0
42,13000.0,0.78,574.0780898876404,0.30399529726552205,2588.03125,20.0,12.0,18.0,890.0,32.0
42,13200.0,0.84,574.1754675467547,0.3032858330123852,2588.03125,21.0,11.0,18.0,909.0,32.0
42,13400.0,0.8,575.925,0.29404252731437375,2588.03125,18.0,14.0,18.0,920.0,32.0
42,13600.0,0.82,573.192636072572,0.28933979283643807,2588.03125,18.0,14.0,18.0,937.0,32.0
42,13800.0,0.84,572.8040966386554,0.2896235785376928,2588.03125,19.0,14.0,17.0,952.0,32.0
42,14000.0,0.82,569.4752577319588,0.28646139500942575,2588.03125,15.0,18.0,17.0,970.0,32.0
42,14200.0,0.84,568.4292260692464,0.2851843593537794,2588.03125,16.0,16.0,18.0,982.0,32.0
42,14400.0,0.84,570.2147852147853,0.2918330529260333,2941.0757575757575,18.0,15.0,17.0,1001.0,33.0
42,14600.0,0.82,566.4872922776149,0.2992114811586565,2941.0757575757575,20.0,13.0,17.0,1023.0,33.0
42,14800.0,0.8,566.3885658914729,0.3046844911114264,2941.0757575757575,21.0,12.0,17.0,1032.0,33.0
42,15000.0,0.82,565.9431709646609,0.3053736849573308,2941.0757575757575,21.0,12.0,17.0,1047.0,33.0
42,15200.0,0.8,564.9153339604892,0.3020087973567389,2941.0757575757575,19.0,14.0,17.0,1063.0,33.0
42,15400.0,0.84,563.5521217712177,0.30618450124663005,2941.0757575757575,20.0,13.0,17.0,1084.0,33.0
42,15600.0,0.84,563.2570518653321,0.30845478685666794,2941.0757575757575,17.0,16.0,17.0,1099.0,33.0
42,15800.0,0.84,562.9014401440144,0.30474530233312386,2941.0757575757575,17.0,15.0,18.0,1111.0,33.0
42,16000.0,0.82,562.2298850574713,0.3022925830579936,3321.6323529411766,14.0,18.0,18.0,1131.0,34.0
43,0.0,0.0,nan,0.015202805424360975,nan,0.0,0.0,50.0,0.0,0.0
43,200.0,0.34,107.0,0.03612186568828168,nan,0.0,10.0,40.0,2.0,0.0
43,400.0,0.7,115.875,0.08008837897553361,nan,0.0,19.0,31.0,4.0,0.0
43,600.0,0.84,185.35,0.13609551415887944,574.25,2.0,23.0,25.0,10.0,2.0
43,800.0,0.86,225.1818181818182,0.18713639957026737,679.9444444444445,9.0,16.0,25.0,11.0,9.0
43,1000.0,0.84,340.2,0.23043398941884743,773.3125,16.0,9.0,25.0,15.0,16.0
43,1200.0,0.86,403.5208333333333,0.26558287555997,862.3409090909091,22.0,4.0,24.0,24.0,22.0
43,1400.0,0.84,497.8636363636364,0.29588713437252956,862.3409090909091,21.0,5.0,24.0,33.0,22.0
43,1600.0,0.84,620.0853658536586,0.3079480266758559,911.8125,23.0,2.0,25.0,41.0,24.0
43,1800.0,0.86,715.2727272727273,0.31108993979689054,911.8125,22.0,4.0,24.0,55.0,24.0
43,2000.0,0.84,745.2388059701492,0.30827235319157564,911.8125,20.0,6.0,24.0,67.0,24.0
43,2200.0,0.84,772.6219512195122,0.3067520726491395,911.8125,19.0,8.0,23.0,82.0,24.0
43,2400.0,0.82,734.469696969697,0.3054142257717958,1020.3076923076923,22.0,5.0,23.0,99.0,26.0
43,2600.0,0.86,710.4090909090909,0.3023331238724586,1075.111111111111,22.0,5.0,23.0,110.0,27.0
43,2800.0,0.82,695.5077519379845,0.2963938945533416,1075.111111111111,20.0,7.0,23.0,129.0,27.0
43,3000.0,0.84,675.4206896551724,0.2914884560030811,1075.111111111111,19.0,8.0,23.0,145.0,27.0
43,3200.0,0.82,676.579754601227,0.2906168284920844,1075.111111111111,19.0,8.0,23.0,163.0,27.0
43,3400.0,0.82,665.6797752808989,0.2940019864999088,1075.111111111111,21.0,6.0,23.0,178.0,27.0
43,3600.0,0.84,659.8619791666666,0.30573855228751545,1075.111111111111,24.0,3.0,23.0,192.0,27.0
43,3800.0,0.84,650.7775,0.3127318427827215,1075.111111111111,25.0,2.0,23.0,200.0,27.0
43,4000.0,0.84,644.472972972973,0.31147507753430764,1075.111111111111,24.0,3.0,23.0,222.0,27.0
43,4200.0,0.86,639.1059322033898,0.31159669997770256,1075.111111111111,22.0,5.0,23.0,236.0,27.0
43,4400.0,0.86,632.1204819277109,0.30296150649666553,1075.111111111111,22.0,5.0,23.0,249.0,27.0
43,4600.0,0.86,631.1992337164751,0.2981776903897999,1075.111111111111,21.0,6.0,23.0,261.0,27.0
43,4800.0,0.82,623.1334519572954,0.2939614456854438,1075.111111111111,21.0,6.0,23.0,281.0,27.0
43,5000.0,0.86,619.0454545454545,0.2997587821539335,1075.111111111111,22.0,5.0,23.0,297.0,27.0
43,5200.0,0.86,614.4396825396825,0.30421827174507937,1075.111111111111,22.0,5.0,23.0,315.0,27.0
43,5400.0,0.8,607.3573573573574,0.3050696288488436,1075.111111111111,21.0,6.0,23.0,333.0,27.0
43,5600.0,0.86,610.9838235294118,0.30142095554699694,1075.111111111111,20.0,7.0,23.0,340.0,27.0
43,5800.0,0.84,606.612676056338,0.30093446577341737,1075.111111111111,21.0,6.0,23.0,355.0,27.0
43,6000.0,0.82,606.9056603773585,0.3054750369934932,1075.111111111111,23.0,4.0,23.0,371.0,27.0
43,6200.0,0.8,609.3072916666666,0.3137453631443456,1075.111111111111,22.0,5.0,23.0,384.0,27.0
43,6400.0,0.82,610.0409429280397,0.3184075568078163,1075.111111111111,22.0,6.0,22.0,403.0,27.0
43,6600.0,0.84,604.0745192307693,0.3166643017858229,1075.111111111111,23.0,5.0,22.0,416.0,27.0
43,6800.0,0.84,605.0932400932401,0.3137859039588105,1075.111111111111,22.0,6.0,22.0,429.0,27.0
43,7000.0,0.84,602.0581655480985,0.3059209859526078,1285.4285714285713,22.0,6.0,22.0,447.0,28.0
43,7200.0,0.82,590.513829787234,0.3095696592544544,1285.4285714285713,23.0,6.0,21.0,470.0,28.0
43,7400.0,0.82,588.9673469387756,0.31311698052013864,1285.4285714285713,24.0,7.0,19.0,490.0,28.0
43,7600.0,0.84,587.3316733067729,0.3268400462165285,1502.8103448275863,26.0,6.0,18.0,502.0,29.0
43,7800.0,0.86,586.9408914728682,0.3387590456692275,1502.8103448275863,25.0,7.0,18.0,516.0,29.0
43,8000.0,0.86,583.9291187739464,0.33869823444753006,1918.1129032258063,24.0,8.0,18.0,522.0,31.0
43,8200.0,0.84,581.7898148148148,0.33675227535321184,2114.125,23.0,9.0,18.0,540.0,32.0
43,8400.0,0.84,586.4845735027224,0.3334076581598524,2114.125,23.0,9.0,18.0,551.0,32.0
43,8600.0,0.86,589.7535460992908,0.32728599517564305,2114.125,22.0,10.0,18.0,564.0,32.0
43,8800.0,0.82,591.6649484536083,0.329049520604869,2114.125,23.0,9.0,18.0,582.0,32.0
43,9000.0,0.86,590.9840871021776,0.3301846634098879,2114.125,22.0,10.0,18.0,597.0,32.0
43,9200.0,0.82,589.3977086743045,0.33131980621490686,2114.125,23.0,9.0,18.0,611.0,32.0
43,9400.0,0.84,587.9153354632588,0.33002250015202805,2114.125,22.0,10.0,18.0,626.0,32.0
43,9600.0,0.86,586.0644409937888,0.3340563111912918,2114.125,23.0,10.0,17.0,644.0,32.0
43,9800.0,0.82,586.6514459665144,0.33541442847586805,2114.125,22.0,11.0,17.0,657.0,32.0
43,10000.0,0.82,586.5413533834586,0.3321711633186711,2114.125,21.0,12.0,17.0,665.0,32.0
43,10200.0,0.86,588.5722713864307,0.32313056169298443,2114.125,19.0,14.0,17.0,678.0,32.0
43,10400.0,0.84,591.0607142857143,0.3221170413313603,2360.6060606060605,21.0,12.0,17.0,700.0,33.0
43,10600.0,0.86,590.1078431372549,0.327326535990108,2360.6060606060605,22.0,11.0,17.0,714.0,33.0
43,10800.0,0.86,589.2658402203857,0.32631301562848397,2360.6060606060605,19.0,15.0,16.0,726.0,33.0
43,11000.0,0.86,585.1140350877193,0.3233940769870067,2360.6060606060605,18.0,16.0,16.0,741.0,33.0
43,11200.0,0.86,583.9235836627141,0.3180426894776316,2360.6060606060605,18.0,17.0,15.0,759.0,33.0
43,11400.0,0.84,583.9694805194805,0.31842782721504875,2622.8823529411766,22.0,13.0,15.0,770.0,34.0
43,11600.0,0.86,582.4981084489281,0.3236575922810289,2622.8823529411766,20.0,16.0,14.0,793.0,34.0
43,11800.0,0.82,581.3944444444444,0.33350901019601487,2882.0857142857144,21.0,15.0,14.0,810.0,35.0
43,12000.0,0.86,581.0986682808717,0.3380698518233231,3131.0,21.0,15.0,14.0,826.0,36.0
43,12200.0,0.86,581.0651913875598,0.34409016277137006,3131.0,22.0,14.0,14.0,836.0,36.0
43,12400.0,0.82,578.1161026837806,0.3442725964364624,3131.0,23.0,12.0,15.0,857.0,36.0
43,12600.0,0.84,579.0498281786942,0.3413941986094501,3131.0,23.0,12.0,15.0,873.0,36.0
43,12800.0,0.84,576.6244419642857,0.3399144588814789,3131.0,23.0,12.0,15.0,896.0,36.0
43,13000.0,0.84,575.2821782178218,0.33912391299941214,3131.0,24.0,11.0,15.0,909.0,36.0
43,13200.0,0.8,575.9032608695652,0.334988749923986,3131.0,25.0,10.0,15.0,920.0,36.0
43,13400.0,0.86,574.3192060085837,0.33225224494760097,3131.0,22.0,13.0,15.0,932.0,36.0
43,13600.0,0.86,576.0401267159451,0.3275900512841303,3131.0,21.0,14.0,15.0,947.0,36.0
43,13800.0,0.86,576.9703742203742,0.32937384712058865,3131.0,24.0,11.0,15.0,962.0,36.0
43,14000.0,0.84,573.9327902240326,0.33229278576206595,3131.0,22.0,13.0,15.0,982.0,36.0
43,14200.0,0.86,574.6163490471414,0.3341576632274542,3131.0,23.0,12.0,15.0,997.0,36.0
43,14400.0,0.86,571.5225933202357,0.3371171426833965,3131.0,23.0,12.0,15.0,1018.0,36.0
43,14600.0,0.86,568.7480620155038,0.3355968621409604,3131.0,23.0,12.0,15.0,1032.0,36.0
43,14800.0,0.86,567.3342830009497,0.33616443354346986,3131.0,20.0,15.0,15.0,1053.0,36.0
43,15000.0,0.84,565.7544351073763,0.33523199481077576,3131.0,19.0,16.0,15.0,1071.0,36.0
43,15200.0,0.84,564.8003663003662,0.33531307643970565,3131.0,20.0,15.0,15.0,1092.0,36.0
43,15400.0,0.86,562.7392280071813,0.3388198568909249,3131.0,23.0,12.0,15.0,1114.0,36.0
43,15600.0,0.82,561.4418294849023,0.34325907607483835,3131.0,23.0,11.0,16.0,1126.0,36.0
43,15800.0,0.84,560.476733977173,0.33942796910789935,3131.0,22.0,13.0,15.0,1139.0,36.0
43,16000.0,0.84,560.3030172413793,0.3344211785214765,3131.0,20.0,15.0,15.0,1160.0,36.0
44,0.0,0.0,nan,0.015202805424360975,nan,0.0,0.0,50.0,0.0,0.0
44,200.0,0.52,25.5,0.054953074007256804,nan,0.0,21.0,29.0,3.0,0.0
44,400.0,0.78,136.83333333333334,0.10597368901141224,324.0,1.0,21.0,28.0,9.0,1.0
44,600.0,0.86,119.8076923076923,0.1502442584071514,449.6666666666667,3.0,20.0,27.0,13.0,3.0
44,800.0,0.88,246.55263157894737,0.18506881803255426,623.4230769230769,13.0,10.0,27.0,19.0,13.0
44,1000.0,0.88,312.78846153846155,0.2229744795572943,698.0277777777778,18.0,6.0,26.0,26.0,18.0
44,1200.0,0.86,439.1142857142857,0.25165710579125533,720.3157894736842,19.0,5.0,26.0,35.0,19.0
44,1400.0,0.88,503.7717391304348,0.27373157926742747,748.925,20.0,4.0,26.0,46.0,20.0
44,1600.0,0.88,634.4206349206349,0.28719112966979504,783.6904761904761,21.0,3.0,26.0,63.0,21.0
44,1800.0,0.88,669.2785714285715,0.2925627875864026,783.6904761904761,21.0,4.0,25.0,70.0,21.0
44,2000.0,0.86,715.2901234567901,0.29501550686153283,835.7727272727273,21.0,5.0,24.0,81.0,22.0
44,2200.0,0.88,719.2872340425532,0.29503577726876534,894.804347826087,22.0,4.0,24.0,94.0,23.0
44,2400.0,0.88,689.3045454545454,0.30117771066020715,894.804347826087,21.0,6.0,23.0,110.0,23.0
44,2600.0,0.88,692.9180327868852,0.31421158251069264,965.3958333333334,23.0,4.0,23.0,122.0,24.0
44,2800.0,0.88,696.3357664233577,0.3243062453124683,965.3958333333334,24.0,3.0,23.0,137.0,24.0
44,3000.0,0.86,688.5354838709677,0.32471165345711794,1040.72,23.0,5.0,22.0,155.0,25.0
44,3200.0,0.88,675.3765432098766,0.3259886891127643,1040.72,23.0,5.0,22.0,162.0,25.0
44,3400.0,0.88,675.5170454545455,0.3201913526442746,1040.72,23.0,5.0,22.0,176.0,25.0
44,3600.0,0.86,675.7356020942408,0.32061703119615675,1132.5192307692307,22.0,6.0,22.0,191.0,26.0
44,3800.0,0.86,678.2835820895523,0.3247521942715829,1231.037037037037,22.0,7.0,21.0,201.0,27.0
44,4000.0,0.88,681.1307339449542,0.328421137980662,1231.037037037037,25.0,5.0,20.0,218.0,27.0
44,4200.0,0.86,684.1310043668122,0.33513064277461335,1231.037037037037,26.0,4.0,20.0,229.0,27.0
44,4400.0,0.88,679.95,0.3382117446739505,1337.392857142857,26.0,5.0,19.0,240.0,28.0
44,4600.0,0.88,663.9884615384616,0.3426509638578639,1447.2758620689656,28.0,3.0,19.0,260.0,29.0
44,4800.0,0.86,660.5284697508897,0.34587395860782844,1447.2758620689656,28.0,3.0,19.0,281.0,29.0
44,5000.0,0.88,651.0,0.35217805525713014,1447.2758620689656,27.0,4.0,19.0,297.0,29.0
44,5200.0,0.84,649.0744336569579,0.3487726268420733,1447.2758620689656,28.0,3.0,19.0,309.0,29.0
44,5400.0,0.88,638.6734375,0.3398536476597815,1572.9333333333334,26.0,5.0,19.0,320.0,30.0
44,5600.0,0.88,642.6681681681682,0.3356374029554254,1572.9333333333334,26.0,5.0,19.0,333.0,30.0
44,5800.0,0.86,641.1968390804598,0.3343198264853141,1705.5483870967741,28.0,3.0,19.0,348.0,31.0
44,6000.0,0.86,640.5315068493151,0.335454969290333,1705.5483870967741,25.0,6.0,19.0,365.0,31.0
44,6200.0,0.86,635.2847769028872,0.3322319745403685,1705.5483870967741,25.0,6.0,19.0,381.0,31.0
44,6400.0,0.88,629.3208020050125,0.3345022601504064,1705.5483870967741,26.0,5.0,19.0,399.0,31.0
44,6600.0,0.88,626.5760869565217,0.33760363245697605,1705.5483870967741,25.0,7.0,18.0,414.0,31.0
44,6800.0,0.86,622.4802784222737,0.3363874080230272,1705.5483870967741,21.0,12.0,17.0,431.0,31.0
44,7000.0,0.88,613.9944933920705,0.32838059716619705,1705.5483870967741,22.0,11.0,17.0,454.0,31.0
44,7200.0,0.88,610.5585106382979,0.3300833113737255,1705.5483870967741,21.0,12.0,17.0,470.0,31.0
44,7400.0,0.86,606.2120582120582,0.3373198467557213,1882.828125,22.0,11.0,17.0,481.0,32.0
44,7600.0,0.86,605.4523326572008,0.3364887600591896,1882.828125,21.0,12.0,17.0,493.0,32.0
44,7800.0,0.86,606.6988188976378,0.3445969229521821,2058.0151515151515,23.0,11.0,16.0,508.0,33.0
44,8000.0,0.88,607.0650095602294,0.3502320961628119,2058.0151515151515,24.0,10.0,16.0,523.0,33.0
44,8200.0,0.88,609.2176360225141,0.35242130014391987,2235.25,25.0,9.0,16.0,533.0,34.0
44,8400.0,0.88,609.0,0.35063750430746154,2235.25,24.0,10.0,16.0,546.0,34.0
44,8600.0,0.84,614.265541740675,0.3460158514584558,2235.25,25.0,9.0,16.0,563.0,34.0
44,8800.0,0.88,617.40625,0.34023878539719865,2235.25,24.0,10.0,16.0,576.0,34.0
44,9000.0,0.88,618.6847457627118,0.33087385725579227,2235.25,22.0,12.0,16.0,590.0,34.0
44,9200.0,0.88,615.799173553719,0.32576571463320697,2235.25,21.0,13.0,16.0,605.0,34.0
44,9400.0,0.86,611.4112519809826,0.3267386941803661,2235.25,21.0,13.0,16.0,631.0,34.0
44,9600.0,0.82,604.1513056835637,0.3312387245859769,2235.25,20.0,14.0,16.0,651.0,34.0
44,9800.0,0.88,598.2329376854599,0.33448198974317395,2235.25,22.0,12.0,16.0,674.0,34.0
44,10000.0,0.88,595.2210834553441,0.337684714085906,2235.25,23.0,11.0,16.0,683.0,34.0
44,10200.0,0.84,593.4570200573066,0.3389212089270873,2235.25,22.0,12.0,16.0,698.0,34.0
44,10400.0,0.84,592.3963585434174,0.34390772910627776,2235.25,25.0,9.0,16.0,714.0,34.0
44,10600.0,0.86,589.1214382632293,0.3446171933594146,2235.25,23.0,11.0,16.0,737.0,34.0
44,10800.0,0.88,585.340848806366,0.33969148440192165,2235.25,21.0,13.0,16.0,754.0,34.0
44,11000.0,0.84,583.1727509778357,0.33472523462996373,2235.25,21.0,13.0,16.0,767.0,34.0
44,11200.0,0.86,583.748717948718,0.33369144386110716,2235.25,23.0,11.0,16.0,780.0,34.0
44,11400.0,0.88,582.8817271589487,0.3337522550828046,2235.25,23.0,11.0,16.0,799.0,34.0
44,11600.0,0.86,582.2100122100122,0.3343198264853141,2235.25,24.0,10.0,16.0,819.0,34.0
44,11800.0,0.86,579.3023952095808,0.33527253562524073,2235.25,23.0,11.0,16.0,835.0,34.0
44,12000.0,0.86,581.2964705882353,0.33373198467557214,2235.25,21.0,13.0,16.0,850.0,34.0
44,12200.0,0.86,579.5570276497696,0.33229278576206595,2235.25,20.0,14.0,16.0,868.0,34.0
44,12400.0,0.88,580.0739476678043,0.33229278576206595,2235.25,19.0,15.0,16.0,879.0,34.0
44,12600.0,0.88,577.51679731243,0.32927249508442624,2235.25,20.0,14.0,16.0,893.0,34.0
44,12800.0,0.88,579.1688741721854,0.330650882776235,2235.25,21.0,13.0,16.0,906.0,34.0
44,13000.0,0.86,581.9420368364031,0.32461030142095554,2235.25,22.0,12.0,16.0,923.0,34.0
44,13200.0,0.88,579.0585106382979,0.3229075872134271,2235.25,21.0,13.0,16.0,940.0,34.0
44,13400.0,0.86,578.9826132771339,0.3231102912857519,2235.25,20.0,14.0,16.0,949.0,34.0
44,13600.0,0.88,580.7902388369678,0.3160764599760809,2235.25,20.0,14.0,16.0,963.0,34.0
44,13800.0,0.88,579.311099796334,0.3098331745484767,2235.25,20.0,14.0,16.0,982.0,34.0
44,14000.0,0.82,579.2952286282306,0.30847505726390045,2235.25,19.0,15.0,16.0,1006.0,34.0
44,14200.0,0.88,579.0458536585365,0.3117994040500274,2235.25,20.0,15.0,15.0,1025.0,34.0
44,14400.0,0.84,576.1753121998079,0.31575213346036124,2582.6857142857143,20.0,14.0,16.0,1041.0,35.0
44,14600.0,0.84,573.4241996233521,0.3185494496584436,2582.6857142857143,22.0,13.0,15.0,1062.0,35.0
44,14800.0,0.86,572.8689591078067,0.32254271988324246,2582.6857142857143,21.0,15.0,14.0,1076.0,35.0
44,15000.0,0.86,571.0766423357665,0.33156305110169665,2582.6857142857143,22.0,14.0,14.0,1096.0,35.0
44,15200.0,0.88,568.3636363636364,0.34216447408428435,2533.2638888888887,20.0,16.0,14.0,1111.0,36.0
44,15400.0,0.88,569.124,0.34854965236251595,2876.027027027027,24.0,12.0,14.0,1125.0,37.0
44,15600.0,0.86,569.1115013169447,0.3513266981533659,2876.027027027027,26.0,11.0,13.0,1139.0,37.0
44,15800.0,0.82,569.0372616984403,0.3490766829505605,2876.027027027027,23.0,14.0,13.0,1154.0,37.0
44,16000.0,0.86,568.7534188034188,0.35114426448827357,2876.027027027027,24.0,13.0,13.0,1170.0,37.0
45,0.0,0.0,nan,0.015202805424360975,nan,0.0,0.0,50.0,0.0,0.0
45,200.0,0.56,nan,0.056331461699065534,nan,0.0,20.0,30.0,0.0,0.0
45,400.0,0.84,250.875,0.1122980560679464,353.0,1.0,21.0,28.0,4.0,1.0
45,600.0,0.9,268.25,0.16046054365232199,426.125,4.0,18.0,28.0,8.0,4.0
45,800.0,0.9,327.1923076923077,0.19860945006385178,603.7916666666666,12.0,10.0,28.0,13.0,12.0
45,1000.0,0.86,451.675,0.22858938236069162,712.4,20.0,2.0,28.0,20.0,20.0
45,1200.0,0.86,536.5535714285714,0.2519408914925101,712.4,20.0,2.0,28.0,28.0,20.0
45,1400.0,0.86,606.3243243243244,0.2753329414387935,712.4,20.0,2.0,28.0,37.0,20.0
45,1600.0,0.88,745.5192307692307,0.289420874465368,712.4,20.0,3.0,27.0,52.0,20.0
45,1800.0,0.86,811.9850746268656,0.2917925121115683,763.1428571428571,21.0,2.0,27.0,67.0,21.0
45,2000.0,0.86,783.79375,0.297589848580058,763.1428571428571,20.0,4.0,26.0,80.0,21.0
45,2200.0,0.84,746.5364583333334,0.3019479861350415,825.4318181818181,20.0,4.0,26.0,96.0,22.0
45,2400.0,0.86,712.4043478260869,0.30922506233150227,887.1521739130435,21.0,5.0,24.0,115.0,23.0
45,2600.0,0.9,688.68359375,0.3136034702937182,887.1521739130435,22.0,4.0,24.0,128.0,23.0
45,2800.0,0.88,694.0390070921986,0.32041432712383194,962.9375,24.0,2.0,24.0,141.0,24.0
45,3000.0,0.9,687.218954248366,0.3232521841363793,1036.64,24.0,2.0,24.0,153.0,25.0
45,3200.0,0.86,658.7485549132948,0.32398191879674865,1036.64,24.0,2.0,24.0,173.0,25.0
45,3400.0,0.88,645.0846560846561,0.32144811789268846,1036.64,24.0,2.0,24.0,189.0,25.0
45,3600.0,0.86,633.4804878048781,0.31569132223866375,1036.64,24.0,2.0,24.0,205.0,25.0
45,3800.0,0.9,631.4147465437788,0.3091642511098048,1036.64,24.0,2.0,24.0,217.0,25.0
45,4000.0,0.9,637.6255230125523,0.3098331745484767,1036.64,23.0,3.0,24.0,239.0,25.0
45,4200.0,0.9,629.55078125,0.3141913121034602,1036.64,22.0,5.0,23.0,256.0,25.0
45,4400.0,0.86,622.4055555555556,0.31129264386921535,1162.9807692307693,22.0,5.0,23.0,270.0,26.0
45,4600.0,0.9,619.0920138888889,0.3128534652261164,1162.9807692307693,23.0,4.0,23.0,288.0,26.0
45,4800.0,0.86,613.0844370860927,0.31074534287393835,1162.9807692307693,22.0,5.0,23.0,302.0,26.0
45,5000.0,0.9,608.8513931888544,0.3099142561774066,1162.9807692307693,21.0,7.0,22.0,323.0,26.0
45,5200.0,0.84,604.1740412979351,0.3104818275799161,1162.9807692307693,22.0,6.0,22.0,339.0,26.0
45,5400.0,0.88,591.2742382271468,0.310562909208846,1162.9807692307693,23.0,5.0,22.0,361.0,26.0
45,5600.0,0.9,586.4010554089709,0.3182656639571889,1326.5925925925926,23.0,5.0,22.0,379.0,27.0
45,5800.0,0.88,586.1073232323232,0.31832647517888635,1326.5925925925926,23.0,5.0,22.0,396.0,27.0
45,6000.0,0.9,584.2226277372263,0.3236575922810289,1326.5925925925926,23.0,5.0,22.0,411.0,27.0
45,6200.0,0.88,583.06993006993,0.32309002087851946,1326.5925925925926,22.0,6.0,22.0,429.0,27.0
45,6400.0,0.86,576.7611111111111,0.3158737559037561,1501.0714285714287,24.0,4.0,22.0,450.0,28.0
45,6600.0,0.88,576.6366594360087,0.31455617943364483,1501.0714285714287,22.0,6.0,22.0,461.0,28.0
45,6800.0,0.9,570.1738683127572,0.3190156690247907,1501.0714285714287,23.0,5.0,22.0,486.0,28.0
45,7000.0,0.88,563.8577075098814,0.3201913526442746,1501.0714285714287,24.0,4.0,22.0,506.0,28.0
45,7200.0,0.88,564.1669884169884,0.32341434739423913,1501.0714285714287,24.0,4.0,22.0,518.0,28.0
45,7400.0,0.9,565.172607879925,0.3298400664869357,1501.0714285714287,24.0,4.0,22.0,533.0,28.0
45,7600.0,0.86,565.7368421052631,0.33373198467557214,1501.0714285714287,24.0,5.0,21.0,551.0,28.0
45,7800.0,0.88,563.7513416815742,0.33446171933594143,1501.0714285714287,25.0,4.0,21.0,559.0,28.0
45,8000.0,0.88,562.9931271477664,0.33164413273062654,1501.0714285714287,24.0,5.0,21.0,582.0,28.0
45,8200.0,0.88,566.212020033389,0.3278130257636876,1501.0714285714287,24.0,5.0,21.0,599.0,28.0
45,8400.0,0.9,565.4617263843649,0.3295360103784485,1501.0714285714287,23.0,6.0,21.0,614.0,28.0
45,8600.0,0.86,562.6147151898734,0.33251576024162327,1739.0862068965516,24.0,5.0,21.0,632.0,29.0
45,8800.0,0.88,560.74296875,0.33265765309225065,1739.0862068965516,23.0,6.0,21.0,640.0,29.0
45,9000.0,0.88,562.739263803681,0.32686031662376097,1739.0862068965516,23.0,6.0,21.0,652.0,29.0
45,9200.0,0.9,564.7410714285714,0.3185899904729086,1739.0862068965516,22.0,7.0,21.0,672.0,29.0
45,9400.0,0.88,565.030612244898,0.31475888350596964,1739.0862068965516,21.0,8.0,21.0,686.0,29.0
45,9600.0,0.84,565.7782485875706,0.3094885776255245,1739.0862068965516,19.0,10.0,21.0,708.0,29.0
45,9800.0,0.9,565.4107883817427,0.3094885776255245,1739.0862068965516,20.0,9.0,21.0,723.0,29.0
45,10000.0,0.88,560.7479674796748,0.30825208278434313,1739.0862068965516,22.0,7.0,21.0,738.0,29.0
45,10200.0,0.9,561.99604743083,0.3149818579855269,1739.0862068965516,22.0,7.0,21.0,759.0,29.0
45,10400.0,0.88,561.6919060052219,0.31723187318833235,1739.0862068965516,23.0,6.0,21.0,766.0,29.0
45,10600.0,0.88,559.8769035532995,0.3166643017858229,1739.0862068965516,22.0,7.0,21.0,788.0,29.0
45,10800.0,0.88,562.4422360248448,0.3165629497496605,1739.0862068965516,23.0,6.0,21.0,805.0,29.0
45,11000.0,0.9,561.146593673966,0.31733322522449475,1739.0862068965516,22.0,7.0,21.0,822.0,29.0
45,11200.0,0.88,560.2315476190477,0.3161778120122433,1739.0862068965516,22.0,7.0,21.0,840.0,29.0
45,11400.0,0.9,558.9790940766551,0.31818458232825897,1739.0862068965516,24.0,5.0,21.0,861.0,29.0
45,11600.0,0.86,553.5772266065389,0.3174143068534247,1739.0862068965516,24.0,5.0,21.0,887.0,29.0
45,11800.0,0.9,551.2225913621262,0.3212048730058987,1739.0862068965516,24.0,5.0,21.0,903.0,29.0
45,12000.0,0.88,550.3850762527234,0.3233535361725417,1739.0862068965516,21.0,8.0,21.0,918.0,29.0
45,12200.0,0.86,551.2099892588615,0.32388056676058624,1739.0862068965516,22.0,7.0,21.0,931.0,29.0
45,12400.0,0.88,550.8400211193242,0.31692781707984513,1739.0862068965516,21.0,8.0,21.0,947.0,29.0
45,12600.0,0.88,552.0250783699059,0.31202237852958464,1739.0862068965516,20.0,9.0,21.0,957.0,29.0
45,12800.0,0.86,552.2272262026612,0.30817100115541324,1739.0862068965516,18.0,11.0,21.0,977.0,29.0
45,13000.0,0.88,550.3409090909091,0.3048669247765188,1739.0862068965516,19.0,10.0,21.0,990.0,29.0
45,13200.0,0.9,553.4542743538767,0.3023331238724586,1739.0862068965516,19.0,10.0,21.0,1006.0,29.0
45,13400.0,0.88,552.8033980582525,0.30227231265076115,1739.0862068965516,19.0,10.0,21.0,1030.0,29.0
45,13600.0,0.9,550.9367816091954,0.3037317819714998,1739.0862068965516,20.0,9.0,21.0,1044.0,29.0
45,13800.0,0.88,549.7735849056604,0.3074007256805789,1739.0862068965516,20.0,9.0,21.0,1060.0,29.0
45,14000.0,0.9,549.0097402597403,0.3129953580767438,1739.0862068965516,19.0,10.0,21.0,1078.0,29.0
45,14200.0,0.9,550.5935218978102,0.31595483753268605,1739.0862068965516,22.0,7.0,21.0,1096.0,29.0
45,14400.0,0.84,547.7874439461883,0.31483996513489954,1739.0862068965516,21.0,8.0,21.0,1115.0,29.0
45,14600.0,0.9,547.342175066313,0.30896154703747997,1739.0862068965516,22.0,7.0,21.0,1131.0,29.0
45,14800.0,0.9,547.5039301310044,0.30202906776397137,1739.0862068965516,20.0,9.0,21.0,1145.0,29.0
45,15000.0,0.9,547.642055267703,0.3015628483976243,1739.0862068965516,20.0,9.0,21.0,1158.0,29.0
45,15200.0,0.9,547.9104859335039,0.3005087872215353,1739.0862068965516,20.0,10.0,20.0,1173.0,29.0
45,15400.0,0.88,546.9359933499585,0.30618450124663005,1739.0862068965516,21.0,10.0,19.0,1203.0,29.0
45,15600.0,0.88,545.4358660130719,0.31583321508929113,1739.0862068965516,21.0,11.0,18.0,1224.0,29.0
45,15800.0,0.88,543.1374292643492,0.32061703119615675,2204.233333333333,21.0,11.0,18.0,1237.0,30.0
45,16000.0,0.86,542.5059665871122,0.32844140838789454,2204.233333333333,19.0,15.0,16.0,1257.0,30.0
46,0.0,0.0,nan,0.015202805424360975,nan,0.0,0.0,50.0,0.0,0.0
46,200.0,0.52,39.0,0.049926013013601445,nan,0.0,15.0,35.0,2.0,0.0
46,400.0,0.82,149.75,0.10465611254130096,355.5,1.0,22.0,27.0,6.0,1.0
46,600.0,0.9,225.55,0.16242677315387266,455.625,4.0,22.0,24.0,10.0,4.0
46,800.0,0.92,303.26666666666665,0.21421766363286238,602.5,12.0,14.0,24.0,15.0,13.0
46,1000.0,0.92,456.3181818181818,0.2527719781890418,671.6764705882352,16.0,10.0,24.0,22.0,17.0
46,1200.0,0.9,502.5,0.2828329921148116,736.325,19.0,7.0,24.0,29.0,20.0
46,1400.0,0.9,639.2738095238095,0.30054932803600026,784.1818181818181,20.0,6.0,24.0,42.0,22.0
46,1600.0,0.92,646.0948275862069,0.3119615673078872,814.804347826087,21.0,6.0,23.0,58.0,23.0
46,1800.0,0.9,661.1851851851852,0.3173940364461922,814.804347826087,22.0,6.0,22.0,81.0,23.0
46,2000.0,0.9,684.4782608695652,0.31670484260028786,814.804347826087,23.0,5.0,22.0,92.0,23.0
46,2200.0,0.88,666.7293577981651,0.31690754667261267,866.8333333333334,23.0,5.0,22.0,109.0,24.0
46,2400.0,0.9,666.8875,0.32436705653416575,924.94,24.0,4.0,22.0,120.0,25.0
46,2600.0,0.92,656.078125,0.32769140332029273,924.94,22.0,6.0,22.0,128.0,25.0
46,2800.0,0.9,663.8862068965517,0.328968438975939,992.0576923076923,23.0,5.0,22.0,145.0,26.0
46,3000.0,0.92,671.335403726708,0.3301441225954229,992.0576923076923,23.0,5.0,22.0,161.0,26.0
46,3200.0,0.9,658.8742857142857,0.33253603064885573,1070.4259259259259,24.0,4.0,22.0,175.0,27.0
46,3400.0,0.88,655.2642487046633,0.32902925019763646,1070.4259259259259,24.0,5.0,21.0,193.0,27.0
46,3600.0,0.88,651.9783653846154,0.3271238319177832,1070.4259259259259,22.0,7.0,21.0,208.0,27.0
46,3800.0,0.88,652.5896860986547,0.32432651571970084,1166.642857142857,19.0,10.0,21.0,223.0,28.0
46,4000.0,0.92,637.8522267206478,0.3247724646788154,1166.642857142857,21.0,8.0,21.0,247.0,28.0
46,4200.0,0.9,626.2115384615385,0.33154278069446413,1270.1896551724137,22.0,7.0,21.0,260.0,29.0
46,4400.0,0.92,622.5184501845018,0.33667119372428195,1270.1896551724137,24.0,5.0,21.0,271.0,29.0
46,4600.0,0.92,630.3732394366198,0.3377657957148359,1270.1896551724137,25.0,4.0,21.0,284.0,29.0
46,4800.0,0.9,626.2798013245033,0.3383130967101129,1270.1896551724137,24.0,5.0,21.0,302.0,29.0
46,5000.0,0.92,625.7915360501568,0.34246853019277157,1270.1896551724137,24.0,5.0,21.0,319.0,29.0
46,5200.0,0.88,621.7307692307693,0.34250907100723654,1270.1896551724137,26.0,3.0,21.0,338.0,29.0
46,5400.0,0.92,619.2542372881356,0.3415360914600774,1270.1896551724137,26.0,3.0,21.0,354.0,29.0
46,5600.0,0.9,613.3663101604278,0.34082662720694057,1270.1896551724137,27.0,3.0,20.0,374.0,29.0
46,5800.0,0.9,607.2751256281407,0.3459550402367584,1270.1896551724137,26.0,4.0,20.0,398.0,29.0
46,6000.0,0.9,596.2167070217918,0.34425232602922995,1270.1896551724137,26.0,4.0,20.0,413.0,29.0
46,6200.0,0.92,591.0781990521327,0.3410090608720329,1270.1896551724137,25.0,7.0,18.0,422.0,29.0
46,6400.0,0.92,593.9134396355353,0.3428333975229562,1270.1896551724137,24.0,8.0,18.0,439.0,29.0
46,6600.0,0.92,595.7688053097345,0.34725234629963714,1447.4166666666667,25.0,7.0,18.0,452.0,30.0
46,6800.0,0.92,592.6609808102345,0.3472118054851722,1447.4166666666667,25.0,7.0,18.0,469.0,30.0
46,7000.0,0.88,591.1584867075665,0.34735369833579954,1620.1935483870968,26.0,6.0,18.0,489.0,31.0
46,7200.0,0.92,593.5219123505976,0.35088074919425133,1620.1935483870968,25.0,7.0,18.0,502.0,31.0
46,7400.0,0.92,593.6228239845261,0.3492591166156528,1620.1935483870968,26.0,6.0,18.0,517.0,31.0
46,7600.0,0.86,597.7406015037594,0.3471104534490098,1620.1935483870968,27.0,5.0,18.0,532.0,31.0
46,7800.0,0.92,594.2321755027423,0.3411104129081953,1811.671875,27.0,5.0,18.0,547.0,32.0
46,8000.0,0.92,596.2719928186715,0.33884012729815743,1811.671875,25.0,8.0,17.0,557.0,32.0
46,8200.0,0.9,593.7603806228374,0.3373401171629538,1811.671875,25.0,8.0,17.0,578.0,32.0
46,8400.0,0.92,591.4228187919463,0.3394076987006669,2008.8030303030303,25.0,8.0,17.0,596.0,33.0
46,8600.0,0.92,591.2001620745543,0.33794822937992824,2008.8030303030303,25.0,8.0,17.0,617.0,33.0
46,8800.0,0.86,588.9488993710692,0.33884012729815743,2008.8030303030303,24.0,10.0,16.0,636.0,33.0
46,9000.0,0.9,582.7407692307693,0.3444144892870898,2008.8030303030303,23.0,11.0,16.0,650.0,33.0
46,9200.0,0.9,581.5449101796407,0.34484016783897187,2220.3088235294117,26.0,7.0,17.0,668.0,34.0
46,9400.0,0.92,580.4369565217391,0.3413536577949851,2220.3088235294117,25.0,9.0,16.0,690.0,34.0
46,9600.0,0.9,578.2620396600566,0.3415766322745424,2220.3088235294117,25.0,9.0,16.0,706.0,34.0
46,9800.0,0.9,573.0316804407713,0.345306387205319,2220.3088235294117,25.0,11.0,14.0,726.0,34.0
46,10000.0,0.88,570.3620457604306,0.35191453996310784,2220.3088235294117,26.0,10.0,14.0,743.0,34.0
46,10200.0,0.9,571.3842105263158,0.3565361928121136,2447.385714285714,23.0,13.0,14.0,760.0,35.0
46,10400.0,0.9,571.3331177231565,0.3560699734457665,2667.875,25.0,11.0,14.0,773.0,36.0
46,10600.0,0.9,567.9520202020202,0.3556240244866519,2667.875,26.0,10.0,14.0,792.0,36.0
46,10800.0,0.9,570.0142150803462,0.35450915208886546,2667.875,26.0,10.0,14.0,809.0,36.0
46,11000.0,0.9,573.0091240875912,0.3591916161595686,2667.875,25.0,11.0,14.0,822.0,36.0
46,11200.0,0.92,572.4665871121719,0.35704295299292566,2667.875,24.0,12.0,14.0,838.0,36.0
46,11400.0,0.88,568.1298020954598,0.3504753410496017,2667.875,22.0,14.0,14.0,859.0,36.0
46,11600.0,0.9,565.9119318181819,0.34755640240812435,2667.875,23.0,13.0,14.0,880.0,36.0
46,11800.0,0.9,568.3311111111111,0.3510631828593436,2667.875,23.0,13.0,14.0,900.0,36.0
46,12000.0,0.9,563.4896288209607,0.34929965743011776,2667.875,22.0,15.0,13.0,916.0,36.0
46,12200.0,0.92,561.8684210526316,0.34901587172886306,2667.875,21.0,16.0,13.0,931.0,36.0
46,12400.0,0.92,562.7413249211356,0.3437455658484179,2667.875,22.0,15.0,13.0,951.0,36.0
46,12600.0,0.92,560.5695159629248,0.3423266373421442,2934.608108108108,20.0,17.0,13.0,971.0,37.0
46,12800.0,0.92,559.760649087221,0.3454482800559463,2934.608108108108,20.0,17.0,13.0,986.0,37.0
46,13000.0,0.92,557.7625,0.3477388360732167,2934.608108108108,19.0,18.0,13.0,1000.0,37.0
46,13200.0,0.9,557.2163886162905,0.34631990756694303,2934.608108108108,21.0,16.0,13.0,1019.0,37.0
46,13400.0,0.92,559.3288201160542,0.34443475969432225,2934.608108108108,21.0,16.0,13.0,1034.0,37.0
46,13600.0,0.92,561.1248808388942,0.33164413273062654,2934.608108108108,21.0,16.0,13.0,1049.0,37.0
46,13800.0,0.9,557.1015769944341,0.32690085743822594,2934.608108108108,19.0,19.0,12.0,1078.0,37.0
46,14000.0,0.9,555.0721415607985,0.3339144183406645,2934.608108108108,17.0,22.0,11.0,1102.0,37.0
46,14200.0,0.9,550.9441964285714,0.3378874181582308,2934.608108108108,18.0,21.0,11.0,1120.0,37.0
46,14400.0,0.9,547.0175131348511,0.3429752903735836,2934.608108108108,18.0,21.0,11.0,1142.0,37.0
46,14600.0,0.92,545.8943054357204,0.34652261163926784,3238.8815789473683,19.0,20.0,11.0,1159.0,38.0
46,14800.0,0.92,545.141638225256,0.3516104838546206,3534.448717948718,24.0,15.0,11.0,1172.0,39.0
46,15000.0,0.92,545.014619883041,0.3567186264772059,3534.448717948718,24.0,16.0,10.0,1197.0,39.0
46,15200.0,0.92,544.4814509480626,0.36367137615794703,3534.448717948718,24.0,16.0,10.0,1213.0,39.0
46,15400.0,0.9,545.2389885807504,0.37293495226319096,3829.3625,27.0,13.0,10.0,1226.0,40.0
46,15600.0,0.92,546.2375401929261,0.38400259461212577,3829.3625,27.0,13.0,10.0,1244.0,40.0
46,15800.0,0.92,544.3632038065027,0.3921918391340482,3829.3625,28.0,13.0,9.0,1261.0,40.0
46,16000.0,0.92,544.2030516431925,0.39269859931486023,3829.3625,26.0,15.0,9.0,1278.0,40.0
47,0.0,0.0,nan,0.015202805424360975,nan,0.0,0.0,50.0,0.0,0.0
47,200.0,0.46,29.25,0.043561105142602315,nan,0.0,14.0,36.0,2.0,0.0
47,400.0,0.82,141.375,0.09533172521435955,nan,0.0,21.0,29.0,8.0,0.0
47,600.0,0.92,242.73076923076923,0.13921715687268157,529.5,3.0,18.0,29.0,13.0,3.0
47,800.0,0.92,305.1666666666667,0.18310258853100359,636.4444444444445,9.0,12.0,29.0,18.0,9.0
47,1000.0,0.94,341.35,0.2196298623639349,760.0294117647059,17.0,4.0,29.0,20.0,17.0
47,1200.0,0.88,519.5,0.24885978959317293,795.8157894736842,19.0,3.0,28.0,31.0,19.0
47,1400.0,0.92,593.0888888888888,0.27298157419982566,817.425,20.0,2.0,28.0,45.0,20.0
47,1600.0,0.9,641.6465517241379,0.2932317110250745,854.0238095238095,21.0,2.0,27.0,58.0,21.0
47,1800.0,0.88,709.082191780822,0.29829931283319483,854.0238095238095,21.0,2.0,27.0,73.0,21.0
47,2000.0,0.88,690.0611111111111,0.3011168994385097,899.5681818181819,21.0,3.0,26.0,90.0,22.0
47,2200.0,0.94,657.6376146788991,0.3050290880343786,899.5681818181819,21.0,4.0,25.0,109.0,22.0
47,2400.0,0.92,656.6572580645161,0.3092858735531997,899.5681818181819,22.0,3.0,25.0,124.0,22.0
47,2600.0,0.94,653.1267605633802,0.3202318934587396,972.3913043478261,22.0,4.0,24.0,142.0,23.0
47,2800.0,0.92,640.3867924528302,0.32327245454361175,972.3913043478261,22.0,4.0,24.0,159.0,23.0
47,3000.0,0.94,631.1424418604652,0.3179616078487017,972.3913043478261,22.0,4.0,24.0,172.0,23.0
47,3200.0,0.94,623.5218579234972,0.32165082196501327,972.3913043478261,22.0,4.0,24.0,183.0,23.0
47,3400.0,0.94,621.2474747474747,0.32090081689741146,972.3913043478261,22.0,4.0,24.0,198.0,23.0
47,3600.0,0.92,627.131455399061,0.32081973526848157,972.3913043478261,22.0,4.0,24.0,213.0,23.0
47,3800.0,0.88,626.2190265486726,0.3196845924634626,972.3913043478261,21.0,5.0,24.0,226.0,23.0
47,4000.0,0.92,625.1867219917012,0.31905620983925564,972.3913043478261,21.0,5.0,24.0,241.0,23.0
47,4200.0,0.92,629.0428015564203,0.3179210670342367,972.3913043478261,20.0,6.0,24.0,257.0,23.0
47,4400.0,0.86,621.4074733096086,0.31808323029209656,1114.8333333333333,21.0,5.0,24.0,281.0,24.0
47,4600.0,0.92,613.690635451505,0.31986702612855494,1252.0,23.0,3.0,24.0,299.0,25.0
47,4800.0,0.94,611.0945512820513,0.3243467861269333,1252.0,24.0,3.0,23.0,312.0,25.0
47,5000.0,0.9,603.6015151515152,0.32817789309387224,1395.0384615384614,25.0,3.0,22.0,330.0,26.0
47,5200.0,0.92,608.072463768116,0.32923195426996127,1395.0384615384614,24.0,4.0,22.0,345.0,26.0
47,5400.0,0.94,610.7282913165266,0.3293333063061237,1536.4444444444443,23.0,5.0,22.0,357.0,27.0
47,5600.0,0.92,608.9142091152816,0.3362860559868648,1674.8214285714287,24.0,4.0,22.0,373.0,28.0
47,5800.0,0.94,612.0248691099476,0.33671173453874687,1674.8214285714287,25.0,3.0,22.0,382.0,28.0
47,6000.0,0.92,613.6949367088607,0.33879958648369246,1674.8214285714287,24.0,4.0,22.0,395.0,28.0
47,6200.0,0.9,616.6802884615385,0.3321306225042061,1674.8214285714287,24.0,4.0,22.0,416.0,28.0
47,6400.0,0.94,613.8942528735632,0.32949546956398357,1674.8214285714287,24.0,4.0,22.0,435.0,28.0
47,6600.0,0.94,612.8920704845815,0.33036709707498024,1674.8214285714287,24.0,4.0,22.0,454.0,28.0
47,6800.0,0.92,609.0801282051282,0.3312792654004419,1674.8214285714287,25.0,3.0,22.0,468.0,28.0
47,7000.0,0.94,603.7581967213115,0.325725173818742,1674.8214285714287,25.0,3.0,22.0,488.0,28.0
47,7200.0,0.88,597.6286836935167,0.32493462793667527,1674.8214285714287,24.0,5.0,21.0,509.0,28.0
47,7400.0,0.92,593.7390057361376,0.32773194413475765,1674.8214285714287,21.0,9.0,20.0,523.0,28.0
47,7600.0,0.94,594.2935185185186,0.3332657653092251,1674.8214285714287,22.0,8.0,20.0,540.0,28.0
47,7800.0,0.9,592.1648745519714,0.33275900512841305,1883.5689655172414,22.0,8.0,20.0,558.0,29.0
47,8000.0,0.94,589.6143106457242,0.3317252143595565,1883.5689655172414,21.0,9.0,20.0,573.0,29.0
47,8200.0,0.9,587.3347457627119,0.33541442847586805,1883.5689655172414,22.0,8.0,20.0,590.0,29.0
47,8400.0,0.94,591.3585690515807,0.34072527517077816,1883.5689655172414,24.0,6.0,20.0,601.0,29.0
47,8600.0,0.94,595.5565573770492,0.3414955506456125,1883.5689655172414,24.0,6.0,20.0,610.0,29.0
47,8800.0,0.94,598.9766129032258,0.341434739423915,2111.75,25.0,5.0,20.0,620.0,30.0
47,9000.0,0.9,599.2386185243328,0.3430969128169785,2111.75,25.0,5.0,20.0,637.0,30.0
47,9200.0,0.92,602.3641881638847,0.3454482800559463,2111.75,26.0,4.0,20.0,659.0,30.0
47,9400.0,0.92,604.184249628529,0.3503739890134393,2111.75,23.0,7.0,20.0,673.0,30.0
47,9600.0,0.92,603.3522561863173,0.35171183589078303,2111.75,25.0,6.0,19.0,687.0,30.0
47,9800.0,0.92,605.808844507846,0.3488739788782357,2111.75,24.0,7.0,19.0,701.0,30.0
47,10000.0,0.92,605.8621883656509,0.34315772403867595,2361.1612903225805,25.0,6.0,19.0,722.0,31.0
47,10200.0,0.92,601.8608458390178,0.3411104129081953,2361.1612903225805,23.0,8.0,19.0,733.0,31.0
47,10400.0,0.92,601.504679144385,0.3392049946283421,2361.1612903225805,24.0,7.0,19.0,748.0,31.0
47,10600.0,0.92,601.8635170603675,0.33500902033121843,2361.1612903225805,22.0,9.0,19.0,762.0,31.0
47,10800.0,0.88,599.6854942233633,0.3255427401536497,2361.1612903225805,24.0,7.0,19.0,779.0,31.0
47,11000.0,0.92,600.9619225967541,0.32570490341150954,2361.1612903225805,24.0,7.0,19.0,801.0,31.0
47,11200.0,0.94,597.7753357753357,0.32669815336590113,2361.1612903225805,21.0,10.0,19.0,819.0,31.0
47,11400.0,0.9,595.5955794504182,0.3221778525530578,2361.1612903225805,21.0,10.0,19.0,837.0,31.0
47,11600.0,0.94,589.4529616724739,0.31733322522449475,2361.1612903225805,22.0,9.0,19.0,861.0,31.0
47,11800.0,0.92,588.6548974943053,0.31575213346036124,2361.1612903225805,22.0,9.0,19.0,878.0,31.0
47,12000.0,0.94,588.3467561521253,0.3137453631443456,2361.1612903225805,19.0,12.0,19.0,894.0,31.0
47,12200.0,0.92,586.2181025081788,0.3216710923722458,2361.1612903225805,23.0,8.0,19.0,917.0,31.0
47,12400.0,0.92,582.4833512352309,0.32688058703099343,2361.1612903225805,24.0,6.0,20.0,931.0,31.0
47,12600.0,0.94,581.6414300736068,0.32961709200737843,2361.1612903225805,27.0,3.0,20.0,951.0,31.0
47,12800.0,0.94,582.6780538302278,0.33186710721018386,2361.1612903225805,26.0,5.0,19.0,966.0,31.0
47,13000.0,0.94,582.1367346938775,0.3337117142683397,2361.1612903225805,24.0,7.0,19.0,980.0,31.0
47,13200.0,0.94,582.1520644511581,0.3340563111912918,2694.765625,24.0,9.0,17.0,993.0,32.0
47,13400.0,0.94,582.0523198420533,0.3367320049459794,2694.765625,25.0,8.0,17.0,1013.0,32.0
47,13600.0,0.94,584.2373540856031,0.3387590456692275,2694.765625,23.0,11.0,16.0,1028.0,32.0
47,13800.0,0.92,581.5838095238096,0.34488070865343684,3031.242424242424,25.0,9.0,16.0,1050.0,33.0
47,14000.0,0.92,579.437265917603,0.3553402387853972,3353.6323529411766,28.0,6.0,16.0,1068.0,34.0
47,14200.0,0.94,578.3112858464385,0.3620092027648835,3661.0142857142855,29.0,5.0,16.0,1081.0,35.0
47,14400.0,0.94,579.713830755232,0.36377272819410944,3661.0142857142855,27.0,7.0,16.0,1099.0,35.0
47,14600.0,0.92,578.5130866425993,0.3648673301846634,3661.0142857142855,27.0,7.0,16.0,1108.0,35.0
47,14800.0,0.9,578.6175687666371,0.36373218737964447,3661.0142857142855,27.0,7.0,16.0,1127.0,35.0
47,15000.0,0.94,579.0772925764193,0.35906999371617376,3661.0142857142855,26.0,8.0,16.0,1145.0,35.0
47,15200.0,0.92,579.0808950086058,0.36028621815012263,3661.0142857142855,27.0,7.0,16.0,1162.0,35.0
47,15400.0,0.92,579.8688663282572,0.3567591672916709,3661.0142857142855,25.0,9.0,16.0,1182.0,35.0
47,15600.0,0.94,579.7784757118928,0.3527861674741046,3661.0142857142855,23.0,12.0,15.0,1194.0,35.0
47,15800.0,0.94,576.4991755976916,0.35128615733890095,3661.0142857142855,25.0,10.0,15.0,1213.0,35.0
47,16000.0,0.84,576.2126111560226,0.3531915756187542,3661.0142857142855,26.0,9.0,15.0,1237.0,35.0
48,0.0,0.0,nan,0.015202805424360975,nan,0.0,0.0,50.0,0.0,0.0
48,200.0,0.5,7.0,0.038716477814039287,nan,0.0,12.0,38.0,2.0,0.0
48,400.0,0.86,42.375,0.08912898060122028,385.0,1.0,19.0,30.0,4.0,1.0
48,600.0,0.92,133.95,0.14280501895283076,460.125,4.0,17.0,29.0,10.0,4.0
48,800.0,0.96,280.27777777777777,0.1854742261772039,615.7083333333334,12.0,9.0,29.0,18.0,12.0
48,1000.0,0.94,349.5,0.21879877566740316,697.9705882352941,16.0,5.0,29.0,24.0,17.0
48,1200.0,0.92,492.2352941176471,0.2485557334846857,765.125,20.0,1.0,29.0,34.0,20.0
48,1400.0,0.94,577.0978260869565,0.2695356049703039,793.4285714285714,21.0,0.0,29.0,46.0,21.0
48,1600.0,0.92,646.859649122807,0.28025865039628645,793.4285714285714,21.0,0.0,29.0,57.0,21.0
48,1800.0,0.94,697.2662337662338,0.2860357164575436,793.4285714285714,21.0,0.0,29.0,77.0,21.0
48,2000.0,0.94,685.6443298969073,0.2917317008898709,793.4285714285714,20.0,1.0,29.0,97.0,21.0
48,2200.0,0.96,670.1203703703703,0.2956033486712748,793.4285714285714,20.0,3.0,27.0,108.0,21.0
48,2400.0,0.96,654.8266129032259,0.3007114912938601,793.4285714285714,20.0,3.0,27.0,124.0,21.0
48,2600.0,0.96,659.2313432835821,0.30014391989135064,793.4285714285714,20.0,3.0,27.0,134.0,21.0
48,2800.0,0.92,652.4865771812081,0.3036304299353374,960.3260869565217,22.0,2.0,26.0,149.0,23.0
48,3000.0,0.94,658.3040935672515,0.30354934830640745,960.3260869565217,22.0,2.0,26.0,171.0,23.0
48,3200.0,0.96,647.6888888888889,0.30529260332840086,960.3260869565217,21.0,3.0,26.0,180.0,23.0
48,3400.0,0.94,660.9195979899497,0.3117588632355624,960.3260869565217,22.0,2.0,26.0,199.0,23.0
48,3600.0,0.96,646.7230046948357,0.3142521233251576,960.3260869565217,21.0,4.0,25.0,213.0,23.0
48,3800.0,0.94,643.0701754385965,0.3108061540956358,1071.9791666666667,22.0,3.0,25.0,228.0,24.0
48,4000.0,0.94,639.2970711297071,0.3132791437779985,1188.74,23.0,2.0,25.0,239.0,25.0
48,4200.0,0.94,640.4901960784314,0.31246832748869924,1188.74,21.0,5.0,24.0,255.0,25.0
48,4400.0,0.94,641.6171003717473,0.3141507712889952,1188.74,20.0,7.0,23.0,269.0,25.0
48,4600.0,0.94,649.6892857142857,0.3140899600672977,1188.74,21.0,7.0,22.0,280.0,25.0
48,4800.0,0.94,652.7558922558923,0.3173129548172623,1188.74,21.0,7.0,22.0,297.0,25.0
48,5000.0,0.96,654.0539215686274,0.3213062250420611,1330.173076923077,22.0,6.0,22.0,306.0,26.0
48,5200.0,0.96,646.7676923076923,0.31984675572132243,1330.173076923077,21.0,8.0,21.0,325.0,26.0
48,5400.0,0.96,649.1548672566372,0.31605618956884846,1475.9814814814815,21.0,8.0,21.0,339.0,27.0
48,5600.0,0.94,646.2338028169014,0.31808323029209656,1620.1785714285713,23.0,7.0,20.0,355.0,28.0
48,5800.0,0.94,651.7059620596206,0.32025216386597205,1620.1785714285713,20.0,10.0,20.0,369.0,28.0
48,6000.0,0.92,649.1240409207161,0.32223866377475524,1620.1785714285713,23.0,8.0,19.0,391.0,28.0
48,6200.0,0.96,646.5724815724816,0.3316035919161616,1620.1785714285713,24.0,7.0,19.0,407.0,28.0
48,6400.0,0.96,645.2410501193317,0.3351509131818458,1620.1785714285713,24.0,5.0,21.0,419.0,28.0
48,6600.0,0.96,642.9907192575406,0.33687389779660676,1788.2931034482758,26.0,3.0,21.0,431.0,29.0
48,6800.0,0.96,644.5301339285714,0.33612389272900495,1788.2931034482758,26.0,4.0,20.0,448.0,29.0
48,7000.0,0.94,645.6403887688984,0.3377657957148359,1788.2931034482758,25.0,5.0,20.0,463.0,29.0
48,7200.0,0.94,645.2348008385744,0.3405833823201508,1788.2931034482758,25.0,6.0,19.0,477.0,29.0
48,7400.0,0.96,642.189898989899,0.3485901931769809,1971.2,26.0,5.0,19.0,495.0,30.0
48,7600.0,0.96,638.3888888888889,0.35375914702126365,1971.2,27.0,4.0,19.0,513.0,30.0
48,7800.0,0.96,639.4434865900383,0.35503618267691,1971.2,25.0,7.0,18.0,522.0,30.0
48,8000.0,0.94,641.6353383458646,0.35619159588916144,2337.734375,25.0,7.0,18.0,532.0,32.0
48,8200.0,0.94,639.4331501831501,0.35440780005270306,2320.0,25.0,7.0,18.0,546.0,33.0
48,8400.0,0.96,642.6714285714286,0.35742809073034276,2320.0,23.0,9.0,18.0,560.0,33.0
48,8600.0,0.96,646.9160899653979,0.35300914195366184,2320.0,23.0,9.0,18.0,578.0,33.0
48,8800.0,0.94,648.3327702702703,0.34498206068959925,2320.0,24.0,8.0,18.0,592.0,33.0
48,9000.0,0.94,643.2890879478828,0.34356313218332557,2320.0,24.0,8.0,18.0,614.0,33.0
48,9200.0,0.94,638.9529780564263,0.3430969128169785,2320.0,23.0,10.0,17.0,638.0,33.0
48,9400.0,0.96,631.9189602446484,0.34779964729491414,2320.0,24.0,9.0,17.0,654.0,33.0
48,9600.0,0.96,628.5451183431952,0.34974560638923236,2320.0,23.0,11.0,16.0,676.0,33.0
48,9800.0,0.96,626.099423631124,0.35801593254008474,2320.0,24.0,10.0,16.0,694.0,33.0
48,10000.0,0.96,621.0823943661971,0.3614213609551416,2320.0,23.0,11.0,16.0,710.0,33.0
48,10200.0,0.96,621.3190607734807,0.3591916161595686,2320.0,22.0,11.0,17.0,724.0,33.0
48,10400.0,0.96,618.3728129205922,0.35722538665801795,2553.6470588235293,23.0,11.0,16.0,743.0,34.0
48,10600.0,0.96,619.4986807387863,0.35300914195366184,2553.6470588235293,23.0,11.0,16.0,758.0,34.0
48,10800.0,0.94,617.526282051282,0.34435367806539235,2553.6470588235293,24.0,10.0,16.0,780.0,34.0
48,11000.0,0.94,617.1530740276036,0.3462388259380131,2792.114285714286,25.0,9.0,16.0,797.0,35.0
48,11200.0,0.94,612.9133089133089,0.34631990756694303,2792.114285714286,26.0,8.0,16.0,819.0,35.0
48,11400.0,0.94,608.4227544910179,0.35142805018952833,2792.114285714286,26.0,9.0,15.0,835.0,35.0
48,11600.0,0.9,604.8111888111888,0.3527861674741046,2792.114285714286,25.0,10.0,15.0,858.0,35.0
48,11800.0,0.94,604.6298627002288,0.3527861674741046,2792.114285714286,26.0,9.0,15.0,874.0,35.0
48,12000.0,0.96,602.626404494382,0.3616240650274664,2792.114285714286,25.0,11.0,14.0,890.0,35.0
48,12200.0,0.96,600.2672886937431,0.36713761579470133,3296.8513513513512,27.0,9.0,14.0,911.0,37.0
48,12400.0,0.94,601.201516793066,0.37684714085905985,3296.8513513513512,27.0,10.0,13.0,923.0,37.0
48,12600.0,0.96,599.5731056563501,0.37932013054142255,3296.8513513513512,27.0,10.0,13.0,937.0,37.0
48,12800.0,0.96,601.4511554621848,0.3809012223055561,3296.8513513513512,27.0,10.0,13.0,952.0,37.0
48,13000.0,0.94,601.6113402061856,0.381022844748951,3549.4736842105262,28.0,10.0,12.0,970.0,38.0
48,13200.0,0.96,599.0958417849898,0.3852390894533071,3549.4736842105262,27.0,10.0,13.0,986.0,38.0
48,13400.0,0.96,597.9607355864811,0.3875296454705775,3549.4736842105262,27.0,10.0,13.0,1006.0,38.0
48,13600.0,0.94,596.6515151515151,0.3868404516246731,3802.6794871794873,27.0,11.0,12.0,1023.0,39.0
48,13800.0,0.94,596.9846449136277,0.3861917985932337,3802.6794871794873,28.0,10.0,12.0,1042.0,39.0
48,14000.0,0.96,593.4002808988764,0.37932013054142255,3802.6794871794873,27.0,11.0,12.0,1068.0,39.0
48,14200.0,0.94,593.043438077634,0.3790971560618653,3802.6794871794873,27.0,11.0,12.0,1082.0,39.0
48,14400.0,0.96,590.0990909090909,0.37709038574584963,3802.6794871794873,25.0,13.0,12.0,1100.0,39.0
48,14600.0,0.94,589.1247755834829,0.3754890235744836,3802.6794871794873,23.0,15.0,12.0,1114.0,39.0
48,14800.0,0.92,588.896109637489,0.36758356475381593,3802.6794871794873,21.0,17.0,12.0,1131.0,39.0
48,15000.0,0.94,587.6004347826087,0.36421867715322404,3802.6794871794873,21.0,17.0,12.0,1150.0,39.0
48,15200.0,0.94,588.1158798283262,0.36582003932459,3802.6794871794873,23.0,15.0,12.0,1165.0,39.0
48,15400.0,0.96,588.7649789029535,0.36192812113595363,3802.6794871794873,26.0,12.0,12.0,1185.0,39.0
48,15600.0,0.94,586.0872622001655,0.3583402590558044,3802.6794871794873,22.0,16.0,12.0,1209.0,39.0
48,15800.0,0.9,583.8606356968215,0.3586037743498267,3802.6794871794873,23.0,15.0,12.0,1227.0,39.0
48,16000.0,0.92,582.9581993569132,0.35986053959824055,3802.6794871794873,23.0,15.0,12.0,1244.0,39.0
49,0.0,0.0,nan,0.015202805424360975,nan,0.0,0.0,50.0,0.0,0.0
49,200.0,0.58,6.0,0.05081791093183062,nan,0.0,17.0,33.0,1.0,0.0
49,400.0,0.9,127.0,0.10946019905539903,367.5,1.0,23.0,26.0,3.0,1.0
49,600.0,0.98,210.4375,0.1692173595767539,495.85714285714283,7.0,20.0,23.0,8.0,7.0
49,800.0,0.96,327.84615384615387,0.21926499503375022,612.8666666666667,15.0,12.0,23.0,13.0,15.0
49,1000.0,0.98,374.71875,0.2627652889546551,707.8636363636364,22.0,5.0,23.0,16.0,22.0
49,1200.0,0.96,505.89130434782606,0.2907992621571767,725.1739130434783,23.0,4.0,23.0,23.0,23.0
49,1400.0,0.98,618.1285714285714,0.3157724038675937,747.6041666666666,24.0,3.0,23.0,35.0,24.0
49,1600.0,0.98,778.5294117647059,0.329008979790404,747.6041666666666,24.0,3.0,23.0,51.0,24.0
49,1800.0,0.98,860.1760563380282,0.3340765815985243,784.44,25.0,2.0,23.0,71.0,25.0
49,2000.0,0.98,781.203488372093,0.33225224494760097,784.44,25.0,2.0,23.0,86.0,25.0
49,2200.0,0.98,772.4642857142857,0.3313806174366043,833.7307692307693,24.0,3.0,23.0,98.0,26.0
49,2400.0,0.96,741.5833333333334,0.329049520604869,891.3333333333334,23.0,4.0,23.0,114.0,27.0
49,2600.0,0.94,729.2480620155038,0.33383333671173454,891.3333333333334,25.0,2.0,23.0,129.0,27.0
49,2800.0,0.98,717.0486111111111,0.3405023006912209,891.3333333333334,26.0,1.0,23.0,144.0,27.0
49,3000.0,0.98,713.2269938650306,0.34686720856222003,891.3333333333334,27.0,0.0,23.0,163.0,27.0
49,3200.0,0.94,695.4754098360655,0.3541645551659133,891.3333333333334,26.0,2.0,22.0,183.0,27.0
49,3400.0,0.96,661.8951219512195,0.353434820505544,891.3333333333334,27.0,1.0,22.0,205.0,27.0
49,3600.0,0.96,655.2217194570136,0.350151014533882,891.3333333333334,25.0,4.0,21.0,221.0,27.0
49,3800.0,0.98,645.195744680851,0.346907749376685,992.3392857142857,27.0,2.0,21.0,235.0,28.0
49,4000.0,0.98,641.1802325581396,0.3449617902823668,1091.4137931034484,28.0,1.0,21.0,258.0,29.0
49,4200.0,0.98,639.5654545454546,0.34672531571159265,1091.4137931034484,28.0,1.0,21.0,275.0,29.0
49,4400.0,0.98,636.3339041095891,0.3513266981533659,1091.4137931034484,27.0,2.0,21.0,292.0,29.0
49,4600.0,0.96,637.6405228758169,0.35331319806214906,1091.4137931034484,27.0,2.0,21.0,306.0,29.0
49,4800.0,0.98,625.4816513761468,0.3453469280197839,1091.4137931034484,26.0,3.0,21.0,327.0,29.0
49,5000.0,0.96,615.2471098265896,0.3417996067540997,1091.4137931034484,25.0,4.0,21.0,346.0,29.0
49,5200.0,0.94,617.2843137254902,0.33956986195852673,1091.4137931034484,26.0,3.0,21.0,357.0,29.0
49,5400.0,0.98,613.0598404255319,0.3307522348123974,1091.4137931034484,24.0,5.0,21.0,376.0,29.0
49,5600.0,0.96,605.5303797468355,0.32505625038007013,1091.4137931034484,23.0,6.0,21.0,395.0,29.0
49,5800.0,0.94,610.2572463768116,0.32298866884235705,1091.4137931034484,25.0,4.0,21.0,414.0,29.0
49,6000.0,0.94,604.6848837209302,0.32700220947438835,1091.4137931034484,22.0,8.0,20.0,430.0,29.0
49,6200.0,0.94,600.039911308204,0.3295360103784485,1091.4137931034484,23.0,7.0,20.0,451.0,29.0
49,6400.0,0.96,596.18669527897,0.33142115825106927,1091.4137931034484,23.0,7.0,20.0,466.0,29.0
49,6600.0,0.98,594.9989733059548,0.32947519915675105,1269.45,22.0,8.0,20.0,487.0,30.0
49,6800.0,0.98,595.2140039447731,0.3327184643139481,1269.45,23.0,7.0,20.0,507.0,30.0
49,7000.0,0.96,589.3895238095238,0.3378671477509983,1269.45,25.0,6.0,19.0,525.0,30.0
49,7200.0,0.98,587.390310786106,0.34305637200251354,1269.45,24.0,7.0,19.0,547.0,30.0
49,7400.0,0.98,586.3076923076923,0.350698315529159,1269.45,25.0,7.0,18.0,559.0,30.0
49,7600.0,0.96,582.1837088388215,0.34974560638923236,1469.5967741935483,26.0,6.0,18.0,577.0,31.0
49,7800.0,0.94,580.304347826087,0.3493604686518152,1469.5967741935483,26.0,6.0,18.0,598.0,31.0
49,8000.0,0.98,576.5866773675763,0.34390772910627776,1469.5967741935483,26.0,6.0,18.0,623.0,31.0
49,8200.0,0.94,574.2245370370371,0.3464415300103379,1675.3125,25.0,7.0,18.0,648.0,32.0
49,8400.0,0.94,572.2757575757576,0.3465834228609653,1675.3125,28.0,4.0,18.0,660.0,32.0
49,8600.0,0.94,568.3394428152493,0.34929965743011776,1675.3125,26.0,6.0,18.0,682.0,32.0
49,8800.0,0.92,564.8065433854907,0.3510226420448787,1675.3125,27.0,5.0,18.0,703.0,32.0
49,9000.0,0.98,565.3386648122392,0.3525226521800823,1675.3125,28.0,4.0,18.0,719.0,32.0
49,9200.0,0.98,566.2670299727521,0.3567591672916709,1675.3125,27.0,5.0,18.0,734.0,32.0
49,9400.0,0.94,563.2649006622516,0.3542456367948432,1675.3125,27.0,5.0,18.0,755.0,32.0
49,9600.0,0.98,559.7653846153846,0.3498266880181623,1675.3125,24.0,8.0,18.0,780.0,32.0
49,9800.0,0.94,556.2246558197747,0.34285366793018873,1675.3125,22.0,10.0,18.0,799.0,32.0
49,10000.0,0.98,555.4335793357934,0.3402995966188961,1675.3125,23.0,9.0,18.0,813.0,32.0
49,10200.0,0.98,557.2989130434783,0.33294143879350535,1675.3125,21.0,11.0,18.0,828.0,32.0
49,10400.0,0.98,556.6721893491124,0.3293535767133562,1675.3125,19.0,13.0,18.0,845.0,32.0
49,10600.0,0.96,557.4421965317919,0.33046844911114265,1675.3125,20.0,12.0,18.0,865.0,32.0
49,10800.0,0.98,555.0691788526434,0.33671173453874687,1675.3125,28.0,4.0,18.0,889.0,32.0
49,11000.0,0.98,553.8091309130913,0.33890093851985487,1675.3125,26.0,6.0,18.0,909.0,32.0
49,11200.0,0.98,551.046723952739,0.3396104027729917,1675.3125,23.0,9.0,18.0,931.0,32.0
49,11400.0,0.94,552.5509989484752,0.33697524983276916,1675.3125,22.0,11.0,17.0,951.0,32.0
49,11600.0,0.98,550.6398348813209,0.33204954087527616,1675.3125,23.0,10.0,17.0,969.0,32.0
49,11800.0,0.94,549.7311991869918,0.33770498449313846,1675.3125,23.0,10.0,17.0,984.0,32.0
49,12000.0,0.98,547.7512487512488,0.3400158109176413,1675.3125,20.0,13.0,17.0,1001.0,32.0
49,12200.0,0.94,547.6425762045232,0.34323880566760584,1675.3125,22.0,11.0,17.0,1017.0,32.0
49,12400.0,0.96,550.0222007722008,0.34542800964871384,2000.2272727272727,25.0,8.0,17.0,1036.0,33.0
49,12600.0,0.96,548.4605887939222,0.3417996067540997,2000.2272727272727,23.0,10.0,17.0,1053.0,33.0
49,12800.0,0.98,544.3665743305633,0.3349684795167535,2000.2272727272727,21.0,12.0,17.0,1083.0,33.0
49,13000.0,0.92,542.3324299909666,0.3420428516408895,2000.2272727272727,25.0,8.0,17.0,1107.0,33.0
49,13200.0,0.98,542.578596802842,0.34141446901668254,2000.2272727272727,22.0,11.0,17.0,1126.0,33.0
49,13400.0,0.92,539.2134146341464,0.33671173453874687,2000.2272727272727,23.0,10.0,17.0,1148.0,33.0
49,13600.0,0.96,538.8784364261169,0.33740092838465124,2000.2272727272727,24.0,9.0,17.0,1164.0,33.0
49,13800.0,0.96,538.6829679595278,0.3353941580686356,2000.2272727272727,24.0,9.0,17.0,1186.0,33.0
49,14000.0,0.96,537.9054954204829,0.3304076378894452,2000.2272727272727,23.0,11.0,16.0,1201.0,33.0
49,14200.0,0.96,536.9177577741408,0.32708329110331824,2000.2272727272727,24.0,10.0,16.0,1222.0,33.0
49,14400.0,0.96,535.9747393744988,0.3290900614193339,2000.2272727272727,21.0,14.0,15.0,1247.0,33.0
49,14600.0,0.98,536.645634920635,0.33423874485638416,2367.3088235294117,21.0,14.0,15.0,1260.0,34.0
49,14800.0,0.96,535.2108339828527,0.3422050148987493,2717.9285714285716,22.0,12.0,16.0,1283.0,35.0
49,15000.0,0.96,534.9086021505376,0.3551172643058399,2717.9285714285716,22.0,13.0,15.0,1302.0,35.0
49,15200.0,0.96,533.1218867924529,0.36417813633875906,2717.9285714285716,25.0,11.0,14.0,1325.0,35.0
49,15400.0,0.98,532.1116504854369,0.3666713964283542,2717.9285714285716,25.0,11.0,14.0,1339.0,35.0
49,15600.0,0.96,530.3162142333089,0.3618267690997912,2717.9285714285716,27.0,9.0,14.0,1363.0,35.0
49,15800.0,0.98,529.8519188993483,0.35637402955425374,3081.0833333333335,25.0,11.0,14.0,1381.0,36.0
49,16000.0,0.98,530.5150322118826,0.35592808059513914,3081.0833333333335,23.0,13.0,14.0,1397.0,36.0
50,0.0,0.0,nan,0.015202805424360975,nan,0.0,0.0,50.0,0.0,0.0
50,200.0,0.38,nan,0.034946182068797765,nan,0.0,11.0,39.0,0.0,0.0
50,400.0,0.9,129.3,0.07887215454158474,395.0,1.0,18.0,31.0,5.0,1.0
50,600.0,0.9,178.375,0.12960898384448544,471.1666666666667,3.0,21.0,26.0,12.0,3.0
50,800.0,0.98,229.13333333333333,0.17359576753896985,593.3571428571429,7.0,16.0,27.0,15.0,7.0
50,1000.0,0.98,341.6578947368421,0.21081223521780554,748.75,14.0,9.0,27.0,19.0,14.0
50,1200.0,1.0,472.88461538461536,0.24150163176778222,852.9,20.0,3.0,27.0,26.0,20.0
50,1400.0,0.96,586.1388888888889,0.26752883465428823,852.9,20.0,3.0,27.0,36.0,20.0
50,1600.0,0.94,623.0686274509804,0.29373847120588653,882.8571428571429,21.0,5.0,24.0,51.0,21.0
50,1800.0,1.0,678.1911764705883,0.30930614396043216,882.8571428571429,20.0,8.0,22.0,68.0,21.0
50,2000.0,0.92,710.7921348314607,0.31504266920722435,882.8571428571429,20.0,8.0,22.0,89.0,21.0
50,2200.0,0.98,717.126168224299,0.3206778424178542,942.4318181818181,21.0,9.0,20.0,107.0,22.0
50,2400.0,0.98,697.7142857142857,0.33740092838465124,1140.4038461538462,26.0,4.0,20.0,119.0,26.0
50,2600.0,0.98,691.2554744525547,0.3519550807775728,1140.4038461538462,25.0,4.0,21.0,137.0,26.0
50,2800.0,0.98,659.762987012987,0.3636511057507145,1197.4074074074074,25.0,5.0,20.0,154.0,27.0
50,3000.0,1.0,650.9821428571429,0.36504976384975574,1257.6964285714287,25.0,5.0,20.0,168.0,28.0
50,3200.0,0.98,658.436170212766,0.36371191697241195,1257.6964285714287,25.0,5.0,20.0,188.0,28.0
50,3400.0,0.98,649.6835748792271,0.36192812113595363,1330.8103448275863,28.0,2.0,20.0,207.0,29.0
50,3600.0,0.98,644.9266055045872,0.35578618774451176,1406.0333333333333,27.0,3.0,20.0,218.0,30.0
50,3800.0,1.0,640.7297872340425,0.3586443151642916,1406.0333333333333,26.0,5.0,19.0,235.0,30.0
50,4000.0,0.98,640.0258964143426,0.366407881134332,1406.0333333333333,26.0,6.0,18.0,251.0,30.0
50,4200.0,1.0,639.4628252788104,0.36950925344090163,1406.0333333333333,26.0,6.0,18.0,269.0,30.0
50,4400.0,1.0,636.3021201413428,0.3722457584172866,1498.5645161290322,26.0,6.0,18.0,283.0,31.0
50,4600.0,1.0,644.3260869565217,0.37244846248961144,1498.5645161290322,26.0,6.0,18.0,299.0,31.0
50,4800.0,0.94,644.6072555205047,0.3677051871972108,1498.5645161290322,27.0,5.0,18.0,317.0,31.0
50,5000.0,0.98,637.4653614457832,0.365860580139055,1498.5645161290322,26.0,6.0,18.0,332.0,31.0
50,5200.0,0.98,636.6815561959654,0.3681308657490929,1612.71875,26.0,6.0,18.0,347.0,32.0
50,5400.0,1.0,632.1776859504132,0.37694849289522225,1612.71875,28.0,4.0,18.0,363.0,32.0
50,5600.0,0.96,632.7624020887729,0.3792593193197251,1612.71875,26.0,6.0,18.0,383.0,32.0
50,5800.0,1.0,633.9558080808081,0.3775363347049642,1612.71875,29.0,3.0,18.0,396.0,32.0
50,6000.0,0.98,628.0372596153846,0.3720633247521943,1612.71875,28.0,4.0,18.0,416.0,32.0
50,6200.0,0.98,622.516129032258,0.37121196764843006,1612.71875,26.0,6.0,18.0,434.0,32.0
50,6400.0,1.0,623.209534368071,0.3654754424016379,1612.71875,27.0,5.0,18.0,451.0,32.0
50,6600.0,0.98,621.0190274841437,0.3665295035777269,1612.71875,27.0,6.0,17.0,473.0,32.0
50,6800.0,0.96,617.6244897959184,0.3639348914519693,1612.71875,26.0,7.0,17.0,490.0,32.0
50,7000.0,0.96,613.8518518518518,0.3690024932600896,1612.71875,28.0,6.0,16.0,513.0,32.0
50,7200.0,1.0,608.8361904761905,0.37001601362171366,1612.71875,29.0,5.0,16.0,525.0,32.0
50,7400.0,1.0,604.5449541284404,0.37143494212798733,1612.71875,28.0,6.0,16.0,545.0,32.0
50,7600.0,1.0,608.6099290780141,0.3826444773275495,1790.909090909091,28.0,6.0,16.0,564.0,33.0
50,7800.0,1.0,604.5077586206896,0.38884722194068877,1790.909090909091,29.0,5.0,16.0,580.0,33.0
50,8000.0,1.0,599.2714285714286,0.38552287515456185,1790.909090909091,28.0,6.0,16.0,595.0,33.0
50,8200.0,0.98,601.5578175895765,0.3888674923479213,1974.0735294117646,29.0,5.0,16.0,614.0,34.0
50,8400.0,0.98,601.4322169059011,0.38856343623943407,1974.0735294117646,28.0,6.0,16.0,627.0,34.0
50,8600.0,1.0,606.1671875,0.384306650720613,1974.0735294117646,27.0,7.0,16.0,640.0,34.0
50,8800.0,1.0,603.2647951441578,0.3825228548841546,1974.0735294117646,27.0,7.0,16.0,659.0,34.0
50,9000.0,1.0,601.5758017492711,0.3804552733464415,1974.0735294117646,28.0,6.0,16.0,686.0,34.0
50,9200.0,1.0,596.0274647887323,0.3812458192285083,1974.0735294117646,28.0,6.0,16.0,710.0,34.0
50,9400.0,0.96,590.7835616438356,0.38294853343603674,1974.0735294117646,28.0,7.0,15.0,730.0,34.0
50,9600.0,1.0,586.8492695883134,0.3901445280035676,1974.0735294117646,29.0,6.0,15.0,753.0,34.0
50,9800.0,0.98,585.7772727272727,0.39166480854600366,2195.8142857142857,29.0,6.0,15.0,770.0,35.0
50,10000.0,0.96,584.4785894206549,0.39186751261832853,2195.8142857142857,28.0,7.0,15.0,794.0,35.0
50,10200.0,0.98,580.4968944099379,0.38394178339042834,2195.8142857142857,27.0,8.0,15.0,805.0,35.0
50,10400.0,1.0,582.0570388349514,0.37368495733079277,2195.8142857142857,27.0,9.0,14.0,824.0,35.0
50,10600.0,0.98,579.8264462809917,0.3688606004094622,2195.8142857142857,26.0,10.0,14.0,847.0,35.0
50,10800.0,1.0,580.1263035921205,0.3700768248434111,2195.8142857142857,26.0,10.0,14.0,863.0,35.0
50,11000.0,0.98,578.9994292237443,0.37198224312326433,2195.8142857142857,26.0,10.0,14.0,876.0,35.0
50,11200.0,1.0,577.3407325194229,0.3750633450226015,2195.8142857142857,25.0,11.0,14.0,901.0,35.0
50,11400.0,0.98,577.158817086528,0.3829282630288042,2195.8142857142857,25.0,11.0,14.0,913.0,35.0
50,11600.0,0.98,573.7810492505354,0.3780836357002412,2195.8142857142857,26.0,10.0,14.0,934.0,35.0
50,11800.0,1.0,572.8587866108786,0.37988770194393207,2195.8142857142857,25.0,11.0,14.0,956.0,35.0
50,12000.0,1.0,572.1274409044194,0.3825431252913871,2195.8142857142857,26.0,10.0,14.0,973.0,35.0
50,12200.0,1.0,573.2444444444444,0.37632011027101536,2195.8142857142857,26.0,10.0,14.0,990.0,35.0
50,12400.0,1.0,572.9717542120911,0.3746984776924168,2195.8142857142857,27.0,9.0,14.0,1009.0,35.0
50,12600.0,0.98,570.5948693126816,0.3771309265603146,2195.8142857142857,26.0,11.0,13.0,1033.0,35.0
50,12800.0,0.98,570.9937739463602,0.3780025540713113,2195.8142857142857,27.0,11.0,12.0,1044.0,35.0
50,13000.0,0.98,569.5680112570357,0.385401252711167,2195.8142857142857,25.0,13.0,12.0,1066.0,35.0
50,13200.0,0.94,569.868202764977,0.3860904465570713,2497.2638888888887,25.0,13.0,12.0,1085.0,36.0
50,13400.0,0.98,567.7026291931097,0.38607017614983885,2787.608108108108,27.0,11.0,12.0,1103.0,37.0
50,13600.0,0.98,567.5941964285714,0.3879755944296921,2787.608108108108,28.0,9.0,13.0,1120.0,37.0
50,13800.0,0.98,566.7942731277533,0.3876512679139724,2787.608108108108,25.0,12.0,13.0,1135.0,37.0
50,14000.0,1.0,567.9991341991342,0.38929317089980336,2787.608108108108,22.0,15.0,13.0,1155.0,37.0
50,14200.0,0.96,568.4821124361158,0.3851377374171447,2787.608108108108,24.0,13.0,13.0,1174.0,37.0
50,14400.0,1.0,566.743288590604,0.3869012628463706,2787.608108108108,25.0,12.0,13.0,1192.0,37.0
50,14600.0,1.0,565.36454018227,0.3932661707173697,2787.608108108108,27.0,10.0,13.0,1207.0,37.0
50,14800.0,0.98,566.3993453355156,0.3953337522550828,2787.608108108108,26.0,12.0,12.0,1222.0,37.0
50,15000.0,1.0,569.536032388664,0.395131048182758,2787.608108108108,26.0,12.0,12.0,1235.0,37.0
50,15200.0,1.0,569.1462639109698,0.3935702268258569,3111.1973684210525,27.0,11.0,12.0,1258.0,38.0
50,15400.0,0.98,569.7698039215686,0.3965297062817992,3111.1973684210525,27.0,11.0,12.0,1275.0,38.0
50,15600.0,1.0,567.5921052631579,0.39725944094216853,3111.1973684210525,29.0,9.0,12.0,1292.0,38.0
50,15800.0,1.0,566.9236902050114,0.39517158899722293,3111.1973684210525,29.0,9.0,12.0,1317.0,38.0
50,16000.0,0.94,564.0208488458675,0.3889688443840837,3111.1973684210525,28.0,12.0,10.0,1343.0,38.0
51,0.0,0.0,nan,0.015202805424360975,nan,0.0,0.0,50.0,0.0,0.0
51,200.0,0.38,32.25,0.03786512071027507,nan,0.0,13.0,37.0,2.0,0.0
51,400.0,0.82,81.64285714285714,0.0904060162568666,396.0,1.0,22.0,27.0,7.0,1.0
51,600.0,0.96,188.5,0.14422394745910444,516.2,5.0,20.0,25.0,15.0,5.0
51,800.0,1.02,218.42,0.19818377151196967,655.7333333333333,15.0,11.0,24.0,25.0,15.0
51,1000.0,1.02,268.48148148148147,0.24669085601929744,731.6904761904761,21.0,5.0,24.0,27.0,21.0
51,1200.0,1.02,439.425,0.2770559260535544,745.1818181818181,20.0,6.0,24.0,40.0,22.0
51,1400.0,1.0,471.55454545454546,0.30192771572780897,766.7391304347826,22.0,4.0,24.0,55.0,23.0
51,1600.0,1.02,550.5466666666666,0.313846715180508,795.8125,23.0,3.0,24.0,75.0,24.0
51,1800.0,1.02,619.0572916666666,0.3193399955405104,829.36,24.0,2.0,24.0,96.0,25.0
51,2000.0,0.98,596.025641025641,0.32323191372914684,829.36,25.0,1.0,24.0,117.0,25.0
51,2200.0,1.02,593.3768656716418,0.31733322522449475,829.36,24.0,2.0,24.0,134.0,25.0
51,2400.0,0.98,573.0,0.3129345468550463,829.36,24.0,2.0,24.0,155.0,25.0
51,2600.0,1.02,576.9147058823529,0.30867776133622526,829.36,24.0,2.0,24.0,170.0,25.0
51,2800.0,0.98,574.7068062827225,0.3108061540956358,829.36,23.0,3.0,24.0,191.0,25.0
51,3000.0,1.0,559.9186602870814,0.3174953884823546,906.4807692307693,24.0,3.0,23.0,209.0,26.0
51,3200.0,0.96,562.0243362831858,0.32051567915999435,906.4807692307693,23.0,5.0,22.0,226.0,26.0
51,3400.0,1.0,566.6611570247934,0.3194413475766728,906.4807692307693,23.0,5.0,22.0,242.0,26.0
51,3600.0,1.02,568.1609195402299,0.3199886485719498,1002.7962962962963,24.0,5.0,21.0,261.0,27.0
51,3800.0,1.0,573.570652173913,0.3258873370766019,1002.7962962962963,25.0,4.0,21.0,276.0,27.0
51,4000.0,1.02,569.0033898305085,0.3306914235906999,1103.357142857143,26.0,4.0,20.0,295.0,28.0
51,4200.0,0.94,563.6021671826626,0.3345630713721039,1103.357142857143,27.0,3.0,20.0,323.0,28.0
51,4400.0,1.0,564.2559880239521,0.3378874181582308,1103.357142857143,26.0,4.0,20.0,334.0,28.0
51,4600.0,0.98,561.1420454545455,0.3460361218656883,1222.0172413793102,27.0,3.0,20.0,352.0,29.0
51,4800.0,1.02,555.426273458445,0.3498672288326273,1222.0172413793102,26.0,5.0,19.0,373.0,29.0
51,5000.0,0.98,556.3635204081633,0.3502118257555794,1222.0172413793102,26.0,5.0,19.0,392.0,29.0
51,5200.0,1.0,552.4012048192772,0.35400239190805344,1222.0172413793102,26.0,5.0,19.0,415.0,29.0
51,5400.0,1.02,545.1778290993071,0.3502320961628119,1222.0172413793102,27.0,5.0,18.0,433.0,29.0
51,5600.0,1.0,549.014348785872,0.34964425435306995,1222.0172413793102,27.0,5.0,18.0,453.0,29.0
51,5800.0,1.02,551.8963675213676,0.3494618206879776,1222.0172413793102,26.0,6.0,18.0,468.0,29.0
51,6000.0,1.0,552.671875,0.3461172034946182,1377.1166666666666,27.0,4.0,19.0,480.0,30.0
51,6200.0,0.98,548.5524752475247,0.3465631524537328,1377.1166666666666,26.0,5.0,19.0,505.0,30.0
51,6400.0,1.02,544.047619047619,0.34086716802140554,1377.1166666666666,24.0,7.0,19.0,525.0,30.0
51,6600.0,1.02,547.8435185185185,0.3416374434962398,1377.1166666666666,24.0,8.0,18.0,540.0,30.0
51,6800.0,1.02,552.9032258064516,0.3476780248515193,1377.1166666666666,24.0,10.0,16.0,558.0,30.0
51,7000.0,1.0,550.6273666092943,0.35604970303853406,1554.0,25.0,9.0,16.0,581.0,31.0
51,7200.0,1.0,548.9115191986645,0.36377272819410944,1725.3125,26.0,8.0,16.0,599.0,32.0
51,7400.0,0.96,549.0284552845528,0.3628402894614153,1891.439393939394,29.0,5.0,16.0,615.0,33.0
51,7600.0,1.02,547.1766561514196,0.3618267690997912,1891.439393939394,29.0,5.0,16.0,634.0,33.0
51,7800.0,1.0,545.6339969372128,0.3699552024000162,2059.455882352941,29.0,6.0,15.0,653.0,34.0
51,8000.0,1.02,546.8946188340807,0.3751849674659964,2059.455882352941,29.0,6.0,15.0,669.0,34.0
51,8200.0,1.0,546.7566176470589,0.38031338049581415,2059.455882352941,27.0,8.0,15.0,680.0,34.0
51,8400.0,1.0,550.3578571428571,0.37595524294083066,2059.455882352941,27.0,8.0,15.0,700.0,34.0
51,8600.0,1.0,549.937587657784,0.37252954411854133,2059.455882352941,27.0,8.0,15.0,713.0,34.0
51,8800.0,0.98,553.5013642564802,0.3669349117223765,2059.455882352941,26.0,9.0,15.0,733.0,34.0
51,9000.0,1.02,555.6564580559254,0.3707862890965479,2059.455882352941,26.0,10.0,14.0,751.0,34.0
51,9200.0,1.02,557.5189790575917,0.3684957330792776,2059.455882352941,26.0,10.0,14.0,764.0,34.0
51,9400.0,1.02,554.3123409669212,0.36784708004783817,2264.385714285714,27.0,9.0,14.0,786.0,35.0
51,9600.0,1.02,554.03,0.36758356475381593,2264.385714285714,28.0,9.0,13.0,800.0,35.0
51,9800.0,1.0,556.6028151774785,0.3699754728072487,2264.385714285714,29.0,9.0,12.0,817.0,35.0
51,10000.0,0.98,557.9110576923077,0.37417144710437233,2264.385714285714,29.0,8.0,13.0,832.0,35.0
51,10200.0,1.02,559.731850117096,0.37423225832606977,2479.875,29.0,9.0,12.0,854.0,36.0
51,10400.0,1.02,560.8235632183909,0.3770295745241522,2479.875,28.0,10.0,12.0,870.0,36.0
51,10600.0,0.98,556.2146042363433,0.3766241663795026,2479.875,26.0,12.0,12.0,897.0,36.0
51,10800.0,1.0,557.2979189485213,0.3778809316279164,2910.842105263158,25.0,14.0,11.0,913.0,38.0
51,11000.0,1.02,555.1781115879828,0.37520523787322885,2910.842105263158,24.0,15.0,11.0,932.0,38.0
51,11200.0,1.0,554.9684210526316,0.3770295745241522,2910.842105263158,22.0,18.0,10.0,950.0,38.0
51,11400.0,1.02,553.8546391752577,0.3742119879188373,3126.3205128205127,23.0,17.0,10.0,970.0,39.0
51,11600.0,0.96,553.8695652173913,0.3759349725335982,3126.3205128205127,23.0,17.0,10.0,989.0,39.0
51,11800.0,1.02,552.8219246031746,0.3762795694565504,3339.7625,23.0,17.0,10.0,1008.0,40.0
51,12000.0,1.0,554.5316455696203,0.3794012121703525,3339.7625,26.0,15.0,9.0,1027.0,40.0
51,12200.0,1.02,553.313155386082,0.38335394158068636,3339.7625,26.0,15.0,9.0,1049.0,40.0
51,12400.0,0.96,553.3912639405205,0.38592828329921147,3339.7625,28.0,13.0,9.0,1076.0,40.0
51,12600.0,0.98,550.2402005469462,0.39494861451766566,3339.7625,29.0,12.0,9.0,1097.0,40.0
51,12800.0,1.0,547.6910313901345,0.39930675207264915,3570.0243902439024,27.0,15.0,8.0,1115.0,41.0
51,13000.0,1.02,545.0488126649077,0.4009689254657126,3790.1785714285716,25.0,17.0,8.0,1137.0,42.0
51,13200.0,1.02,543.273593073593,0.3969959256481463,3790.1785714285716,26.0,16.0,8.0,1155.0,42.0
51,13400.0,0.98,543.1113463166807,0.3946850992236434,3790.1785714285716,26.0,16.0,8.0,1181.0,42.0
51,13600.0,0.98,542.9207673060884,0.3952526706261529,3790.1785714285716,25.0,17.0,8.0,1199.0,42.0
51,13800.0,1.0,541.7022932022932,0.3939148237488091,3790.1785714285716,25.0,17.0,8.0,1221.0,42.0
51,14000.0,1.0,540.5728744939271,0.39334725234629964,3790.1785714285716,24.0,18.0,8.0,1235.0,42.0
51,14200.0,1.02,540.7603668261563,0.39563780836357004,3790.1785714285716,23.0,19.0,8.0,1254.0,42.0
51,14400.0,1.02,539.7756059421423,0.3991243184075568,3790.1785714285716,27.0,15.0,8.0,1279.0,42.0
51,14600.0,1.02,538.9861111111111,0.40836762410556826,3790.1785714285716,29.0,12.0,9.0,1296.0,42.0
51,14800.0,1.0,538.8210205635949,0.4056311191291833,3790.1785714285716,26.0,15.0,9.0,1313.0,42.0
51,15000.0,1.0,538.798127340824,0.39845539496888494,3790.1785714285716,26.0,15.0,9.0,1335.0,42.0
51,15200.0,1.02,538.9988938053098,0.4015162264609896,3790.1785714285716,28.0,13.0,9.0,1356.0,42.0
51,15400.0,1.0,538.1378555798688,0.39940810410881156,3790.1785714285716,26.0,15.0,9.0,1371.0,42.0
51,15600.0,1.02,538.3346513299784,0.39796890519530537,3790.1785714285716,25.0,16.0,9.0,1391.0,42.0
51,15800.0,1.0,536.4436968838527,0.40536760383516107,3790.1785714285716,24.0,17.0,9.0,1412.0,42.0
51,16000.0,1.0,536.1059972105998,0.40871222102852045,3790.1785714285716,25.0,16.0,9.0,1434.0,42.0
52,0.0,0.0,nan,0.015202805424360975,nan,0.0,0.0,50.0,0.0,0.0
52,200.0,0.56,nan,0.0436827275859972,nan,0.0,15.0,35.0,0.0,0.0
52,400.0,0.92,191.9375,0.10303447996270244,nan,0.0,25.0,25.0,8.0,0.0
52,600.0,1.04,207.6,0.16212271704538544,598.25,2.0,25.0,23.0,15.0,2.0
52,800.0,1.02,255.3,0.2153730768451138,685.2272727272727,11.0,16.0,23.0,20.0,11.0
52,1000.0,1.04,271.6190476190476,0.25966391664808547,777.1842105263158,19.0,8.0,23.0,21.0,19.0
52,1200.0,1.0,375.3333333333333,0.2938600936492814,828.7173913043479,23.0,4.0,23.0,27.0,23.0
52,1400.0,1.02,534.125,0.32017108223704216,828.7173913043479,22.0,5.0,23.0,36.0,23.0
52,1600.0,1.04,688.8301886792453,0.3341982040419192,853.5625,23.0,4.0,23.0,53.0,24.0
52,1800.0,1.02,735.7702702702703,0.33087385725579227,853.5625,23.0,4.0,23.0,74.0,24.0
52,2000.0,1.0,748.3052631578947,0.33373198467557214,853.5625,23.0,4.0,23.0,95.0,24.0
52,2200.0,1.04,748.7752293577981,0.3410293312792654,853.5625,22.0,5.0,23.0,109.0,24.0
52,2400.0,1.04,721.3361344537815,0.33934688747896946,913.66,23.0,4.0,23.0,119.0,25.0
52,2600.0,1.04,715.0298507462686,0.33249548983439076,913.66,22.0,4.0,24.0,134.0,25.0
52,2800.0,1.04,702.0980392156863,0.32501570956560516,913.66,22.0,6.0,22.0,153.0,25.0
52,3000.0,1.0,701.9642857142857,0.3287049236819168,913.66,22.0,5.0,23.0,168.0,25.0
52,3200.0,1.02,687.4455958549223,0.3412928465732877,1001.5576923076923,24.0,4.0,22.0,193.0,26.0
52,3400.0,1.0,677.7975609756097,0.3496645247603024,1001.5576923076923,23.0,6.0,21.0,205.0,26.0
52,3600.0,1.02,677.010775862069,0.352299677700525,1091.3148148148148,24.0,5.0,21.0,232.0,27.0
52,3800.0,1.0,659.4554655870445,0.35152940222569073,1184.107142857143,27.0,2.0,21.0,247.0,28.0
52,4000.0,1.02,649.6106870229007,0.35043480023513673,1274.9137931034484,27.0,2.0,21.0,262.0,29.0
52,4200.0,1.04,647.268953068592,0.357691606024365,1274.9137931034484,28.0,1.0,21.0,277.0,29.0
52,4400.0,1.04,641.9058219178082,0.3629213710903452,1274.9137931034484,28.0,1.0,21.0,292.0,29.0
52,4600.0,1.02,649.6477272727273,0.3645835444834087,1274.9137931034484,27.0,2.0,21.0,308.0,29.0
52,4800.0,1.02,646.870820668693,0.36109703443942187,1274.9137931034484,28.0,1.0,21.0,329.0,29.0
52,5000.0,1.04,647.8434782608696,0.359880810005473,1274.9137931034484,26.0,3.0,21.0,345.0,29.0
52,5200.0,1.04,644.1527777777778,0.35732673869418036,1274.9137931034484,22.0,7.0,21.0,360.0,29.0
52,5400.0,1.04,637.15625,0.3534753613200089,1274.9137931034484,23.0,6.0,21.0,384.0,29.0
52,5600.0,1.04,633.9660804020101,0.35181318792694544,1274.9137931034484,24.0,5.0,21.0,398.0,29.0
52,5800.0,1.04,625.6457345971564,0.350110473719417,1274.9137931034484,27.0,2.0,21.0,422.0,29.0
52,6000.0,1.04,626.7860411899313,0.3552591571564673,1274.9137931034484,25.0,4.0,21.0,437.0,29.0
52,6200.0,1.02,621.9266958424507,0.35633348873978876,1274.9137931034484,25.0,4.0,21.0,457.0,29.0
52,6400.0,1.02,614.0699588477366,0.35201589199927025,1274.9137931034484,25.0,5.0,20.0,486.0,29.0
52,6600.0,1.04,613.8139763779527,0.34934019824458273,1274.9137931034484,26.0,4.0,20.0,508.0,29.0
52,6800.0,1.0,607.6924528301887,0.350657774714694,1274.9137931034484,25.0,6.0,19.0,530.0,29.0
52,7000.0,1.02,601.4761029411765,0.35094156041594876,1274.9137931034484,26.0,5.0,19.0,544.0,29.0
52,7200.0,1.02,599.34229390681,0.3552591571564673,1469.55,27.0,4.0,19.0,558.0,30.0
52,7400.0,1.04,598.9008695652174,0.35410374394421584,1469.55,26.0,5.0,19.0,575.0,30.0
52,7600.0,1.02,597.3731092436975,0.35217805525713014,1469.55,26.0,5.0,19.0,595.0,30.0
52,7800.0,1.02,596.0187296416938,0.35183345833417795,1667.4516129032259,27.0,4.0,19.0,614.0,31.0
52,8000.0,1.04,597.0337519623234,0.3593537794174285,1667.4516129032259,28.0,4.0,18.0,637.0,31.0
52,8200.0,1.04,593.584496124031,0.3626578557963229,1667.4516129032259,26.0,6.0,18.0,645.0,31.0
52,8400.0,1.0,594.1520119225037,0.36515111588591814,1667.4516129032259,27.0,5.0,18.0,671.0,31.0
52,8600.0,1.04,593.4992721979621,0.3633673200494598,1667.4516129032259,25.0,7.0,18.0,687.0,31.0
52,8800.0,1.02,592.5042313117066,0.3645835444834087,1888.453125,28.0,4.0,18.0,709.0,32.0
52,9000.0,1.02,587.8273480662983,0.3673808606814911,1888.453125,29.0,4.0,17.0,724.0,32.0
52,9200.0,1.04,588.6314016172506,0.37100926357610525,1888.453125,27.0,7.0,16.0,742.0,32.0
52,9400.0,1.02,586.7731421121251,0.3721241359738917,1888.453125,27.0,8.0,15.0,767.0,32.0
52,9600.0,1.02,584.3724747474747,0.3710498043905702,1888.453125,26.0,9.0,15.0,792.0,32.0
52,9800.0,1.0,581.937037037037,0.3650903046642207,2124.818181818182,27.0,8.0,15.0,810.0,33.0
52,10000.0,1.02,578.024154589372,0.3645835444834087,2124.818181818182,27.0,8.0,15.0,828.0,33.0
52,10200.0,1.04,576.1079478054567,0.3682119473780228,2124.818181818182,26.0,10.0,14.0,843.0,33.0
52,10400.0,1.02,575.4193548387096,0.36882005959499725,2124.818181818182,24.0,12.0,14.0,868.0,33.0
52,10600.0,1.02,576.0258426966292,0.37599578375529563,2124.818181818182,24.0,12.0,14.0,890.0,33.0
52,10800.0,1.0,571.8122941822173,0.37457685524902196,2615.5714285714284,26.0,10.0,14.0,911.0,35.0
52,11000.0,1.0,569.5091496232508,0.3744146919911621,2615.5714285714284,27.0,9.0,14.0,929.0,35.0
52,11200.0,0.98,568.2563157894737,0.37188089108710193,2615.5714285714284,26.0,10.0,14.0,950.0,35.0
52,11400.0,1.04,567.3513931888544,0.3774552530760343,2615.5714285714284,27.0,9.0,14.0,969.0,35.0
52,11600.0,1.0,567.8471241170535,0.3814485233008331,2615.5714285714284,26.0,10.0,14.0,991.0,35.0
52,11800.0,1.02,567.1920792079208,0.3825431252913871,2865.4444444444443,25.0,11.0,14.0,1010.0,36.0
52,12000.0,1.0,567.9188660801564,0.3825228548841546,2865.4444444444443,24.0,12.0,14.0,1023.0,36.0
52,12200.0,1.04,566.5397509578544,0.38333367117345385,2865.4444444444443,24.0,12.0,14.0,1044.0,36.0
52,12400.0,1.02,566.7107981220657,0.38795532402245964,2865.4444444444443,23.0,13.0,14.0,1065.0,36.0
52,12600.0,1.04,565.4114391143911,0.3880769464658545,2865.4444444444443,25.0,12.0,13.0,1084.0,36.0
52,12800.0,1.04,565.7853260869565,0.3893539821215008,2865.4444444444443,25.0,12.0,13.0,1104.0,36.0
52,13000.0,1.04,566.4311270125223,0.39190805343279345,2865.4444444444443,28.0,9.0,13.0,1118.0,36.0
52,13200.0,1.0,563.3965669014085,0.3894147933431983,3142.675675675676,25.0,12.0,13.0,1136.0,37.0
52,13400.0,1.04,565.5282854656223,0.3889485739768512,3142.675675675676,26.0,11.0,13.0,1149.0,37.0
52,13600.0,1.02,567.0497427101201,0.38963776782275555,3142.675675675676,26.0,11.0,13.0,1166.0,37.0
52,13800.0,1.04,568.2643824027073,0.39196886465449093,3142.675675675676,27.0,11.0,12.0,1182.0,37.0
52,14000.0,1.02,569.615095913261,0.38686072203190564,3142.675675675676,25.0,13.0,12.0,1199.0,37.0
52,14200.0,1.04,570.3210483210484,0.3764822735288752,3142.675675675676,23.0,15.0,12.0,1221.0,37.0
52,14400.0,1.02,568.5783132530121,0.3745971256562544,3436.2763157894738,23.0,15.0,12.0,1245.0,38.0
52,14600.0,1.04,565.3994479495268,0.3781647173291711,3436.2763157894738,25.0,14.0,11.0,1268.0,38.0
52,14800.0,1.02,563.8289166017147,0.3865566659234184,3436.2763157894738,25.0,14.0,11.0,1283.0,38.0
52,15000.0,0.96,563.6025248661056,0.39265805850039526,3728.4102564102564,28.0,11.0,11.0,1307.0,39.0
52,15200.0,1.0,563.209372637944,0.3948067216670383,3728.4102564102564,30.0,9.0,11.0,1323.0,39.0
52,15400.0,1.0,563.451564828614,0.3954553746984777,3728.4102564102564,28.0,11.0,11.0,1342.0,39.0
52,15600.0,1.02,562.0219298245614,0.39683376239028645,3728.4102564102564,26.0,13.0,11.0,1368.0,39.0
52,15800.0,1.04,560.5538294797688,0.3980702572314678,3728.4102564102564,26.0,13.0,11.0,1384.0,39.0
52,16000.0,1.02,560.8040685224839,0.39732025216386596,3728.4102564102564,27.0,12.0,11.0,1401.0,39.0
53,0.0,0.0,nan,0.015202805424360975,nan,0.0,0.0,50.0,0.0,0.0
53,200.0,0.54,91.5,0.045770579530942775,nan,0.0,17.0,33.0,2.0,0.0
53,400.0,0.98,185.71428571428572,0.10866965317333226,nan,0.0,27.0,23.0,7.0,0.0
53,600.0,1.06,190.38888888888889,0.17053493604686518,572.5,6.0,22.0,22.0,9.0,6.0
53,800.0,1.06,306.52941176470586,0.22640017837958365,620.3076923076923,13.0,15.0,22.0,17.0,13.0
53,1000.0,1.06,376.04347826086956,0.27229238035392134,709.2894736842105,18.0,10.0,22.0,23.0,19.0
53,1200.0,1.06,469.09090909090907,0.30521152169947097,801.0,23.0,5.0,22.0,33.0,25.0
53,1400.0,1.06,597.0,0.3247521942715829,820.0961538461538,24.0,4.0,22.0,49.0,26.0
53,1600.0,1.04,672.6666666666666,0.3345428009648714,820.0961538461538,24.0,4.0,22.0,66.0,26.0
53,1800.0,1.06,708.5595238095239,0.34131311698052014,820.0961538461538,24.0,4.0,22.0,84.0,26.0
53,2000.0,1.06,683.9852941176471,0.34400908114244017,820.0961538461538,24.0,5.0,21.0,102.0,26.0
53,2200.0,1.04,688.5775862068965,0.3497253359819999,820.0961538461538,24.0,6.0,20.0,116.0,26.0
53,2400.0,1.06,678.3272058823529,0.35234021851499,873.3888888888889,26.0,4.0,20.0,136.0,27.0
53,2600.0,1.04,667.7973856209151,0.3572659274724829,929.4107142857143,27.0,3.0,20.0,153.0,28.0
53,2800.0,1.04,659.3095238095239,0.36452273326171125,992.948275862069,27.0,3.0,20.0,168.0,29.0
53,3000.0,1.06,668.4203296703297,0.3726106257474713,992.948275862069,27.0,3.0,20.0,182.0,29.0
53,3200.0,1.06,660.8681592039801,0.37814444692193866,992.948275862069,29.0,1.0,20.0,201.0,29.0
53,3400.0,1.06,661.457345971564,0.38181339063101777,992.948275862069,29.0,1.0,20.0,211.0,29.0
53,3600.0,1.04,660.4025423728814,0.3862323394076987,1078.5833333333333,29.0,2.0,19.0,236.0,30.0
53,3800.0,1.04,655.8438735177865,0.384306650720613,1078.5833333333333,29.0,3.0,18.0,253.0,30.0
53,4000.0,1.02,646.8727272727273,0.3826444773275495,1172.483870967742,30.0,2.0,18.0,275.0,31.0
53,4200.0,1.04,634.981228668942,0.38302961506496663,1172.483870967742,27.0,6.0,17.0,293.0,31.0
53,4400.0,1.06,628.141935483871,0.38116473759957836,1172.483870967742,28.0,5.0,17.0,310.0,31.0
53,4600.0,1.04,623.3474320241692,0.3822796099973648,1279.5,27.0,6.0,17.0,331.0,32.0
53,4800.0,1.04,616.4355300859598,0.38002959479455944,1279.5,26.0,7.0,17.0,349.0,32.0
53,5000.0,1.0,618.4757412398922,0.37163764620031214,1279.5,23.0,10.0,17.0,371.0,32.0
53,5200.0,1.06,614.390625,0.36778626882614074,1279.5,24.0,9.0,17.0,384.0,32.0
53,5400.0,1.06,618.1666666666666,0.3648876005918959,1279.5,24.0,9.0,17.0,393.0,32.0
53,5600.0,1.02,614.1396181384248,0.3662862586909371,1279.5,22.0,11.0,17.0,419.0,32.0
53,5800.0,1.02,619.0560640732266,0.3694281718119717,1279.5,24.0,8.0,18.0,437.0,32.0
53,6000.0,1.06,619.3640350877193,0.3712727788701275,1279.5,25.0,7.0,18.0,456.0,32.0
53,6200.0,1.04,616.5851063829788,0.36861735552267244,1279.5,26.0,6.0,18.0,470.0,32.0
53,6400.0,1.02,614.9038854805726,0.3687795187805323,1279.5,27.0,5.0,18.0,489.0,32.0
53,6600.0,1.06,611.6115459882583,0.3694484422192042,1279.5,28.0,5.0,17.0,511.0,32.0
53,6800.0,1.06,614.1316287878788,0.3714957533496848,1279.5,28.0,5.0,17.0,528.0,32.0
53,7000.0,1.06,610.2104779411765,0.3723268400462165,1279.5,29.0,4.0,17.0,544.0,32.0
53,7200.0,1.04,608.3136042402826,0.3769282224879898,1456.5,29.0,4.0,17.0,566.0,33.0
53,7400.0,1.06,604.306779661017,0.3728133298197961,1456.5,25.0,8.0,17.0,590.0,33.0
53,7600.0,1.06,603.2687813021703,0.365860580139055,1456.5,23.0,10.0,17.0,599.0,33.0
53,7800.0,1.06,603.3957654723127,0.36425921796768895,1456.5,24.0,9.0,17.0,614.0,33.0
53,8000.0,1.02,607.5103011093503,0.36827275859972025,1456.5,25.0,9.0,16.0,631.0,33.0
53,8200.0,1.02,610.3533026113671,0.3698335799566213,1456.5,25.0,9.0,16.0,651.0,33.0
53,8400.0,1.06,607.1539611360239,0.3690024932600896,1456.5,27.0,7.0,16.0,669.0,33.0
53,8600.0,1.04,605.0795947901591,0.37200251353049685,1663.8529411764705,28.0,7.0,15.0,691.0,34.0
53,8800.0,1.06,605.9611032531825,0.377232278596477,1663.8529411764705,28.0,7.0,15.0,707.0,34.0
53,9000.0,1.06,603.5158839779006,0.3815498753369955,1663.8529411764705,26.0,9.0,15.0,724.0,34.0
53,9200.0,1.06,605.5885906040269,0.38412421705552063,1873.9714285714285,28.0,7.0,15.0,745.0,35.0
53,9400.0,1.02,602.8578947368421,0.38414448746275315,1873.9714285714285,28.0,7.0,15.0,760.0,35.0
53,9600.0,1.06,599.3554838709678,0.3854417935256319,1873.9714285714285,29.0,6.0,15.0,775.0,35.0
53,9800.0,1.06,598.6695869837297,0.38384043135426593,1873.9714285714285,29.0,6.0,15.0,799.0,35.0
53,10000.0,1.04,599.5085679314566,0.38061743660430136,1873.9714285714285,30.0,5.0,15.0,817.0,35.0
53,10200.0,1.06,598.9640718562874,0.3842052986844506,1873.9714285714285,29.0,6.0,15.0,835.0,35.0
53,10400.0,1.04,600.0919811320755,0.3817323090020879,1873.9714285714285,27.0,8.0,15.0,848.0,35.0
53,10600.0,1.04,599.6714614499425,0.3741511766971398,1873.9714285714285,28.0,7.0,15.0,869.0,35.0
53,10800.0,1.06,600.7057497181511,0.3718200798654045,1873.9714285714285,28.0,7.0,15.0,887.0,35.0
53,11000.0,1.06,601.3987764182425,0.3687592483732998,1873.9714285714285,25.0,10.0,15.0,899.0,35.0
53,11200.0,1.06,600.3693989071038,0.3730565747065859,1873.9714285714285,26.0,9.0,15.0,915.0,35.0
53,11400.0,1.06,601.2646121147715,0.3790566152474003,1873.9714285714285,29.0,7.0,14.0,941.0,35.0
53,11600.0,1.02,598.2966804979253,0.38759045669227493,1873.9714285714285,30.0,7.0,13.0,964.0,35.0
53,11800.0,1.06,593.217766497462,0.39097561470009934,1873.9714285714285,30.0,8.0,12.0,985.0,35.0
53,12000.0,1.04,592.1103896103896,0.3893742525287333,1873.9714285714285,27.0,12.0,11.0,1001.0,35.0
53,12200.0,1.06,590.0137659783677,0.39032696166865993,2428.2837837837837,26.0,13.0,11.0,1017.0,37.0
53,12400.0,1.04,591.5888568683957,0.3957999716214299,2428.2837837837837,25.0,15.0,10.0,1041.0,37.0
53,12600.0,1.04,587.6089622641509,0.39584051243589485,2692.25,30.0,10.0,10.0,1060.0,38.0
53,12800.0,1.02,588.0952821461609,0.4034824559625403,2692.25,27.0,14.0,9.0,1081.0,38.0
53,13000.0,1.04,587.9186363636363,0.410840613787931,2692.25,28.0,14.0,8.0,1100.0,38.0
53,13200.0,1.06,589.5340807174888,0.41534064419354183,2692.25,27.0,15.0,8.0,1115.0,38.0
53,13400.0,1.06,587.2252650176679,0.41878661342306367,2962.24358974359,27.0,15.0,8.0,1132.0,39.0
53,13600.0,1.06,586.0853552859619,0.4192528327894107,3477.548780487805,31.0,12.0,7.0,1154.0,41.0
53,13800.0,1.04,584.3905852417303,0.4165771390347232,3477.548780487805,31.0,12.0,7.0,1179.0,41.0
53,14000.0,1.06,583.010460251046,0.41152980763383534,3477.548780487805,29.0,14.0,7.0,1195.0,41.0
53,14200.0,1.04,582.2178217821782,0.41825958283501913,3477.548780487805,30.0,13.0,7.0,1212.0,41.0
53,14400.0,1.02,585.6040485829959,0.4210366286258691,3477.548780487805,30.0,13.0,7.0,1235.0,41.0
53,14600.0,1.06,584.11,0.42620558247015183,3477.548780487805,28.0,15.0,7.0,1250.0,41.0
53,14800.0,1.04,581.7525530243519,0.4251515212940628,3477.548780487805,30.0,13.0,7.0,1273.0,41.0
53,15000.0,1.04,581.1044083526682,0.4244623274481584,3751.1309523809523,28.0,15.0,7.0,1293.0,42.0
53,15200.0,1.04,579.6130997715156,0.4228609652767924,4016.4767441860463,29.0,14.0,7.0,1313.0,43.0
53,15400.0,1.06,580.4879969992498,0.4194149960472706,4016.4767441860463,30.0,13.0,7.0,1333.0,43.0
53,15600.0,1.04,578.142962962963,0.4134352259136886,4016.4767441860463,32.0,11.0,7.0,1350.0,43.0
53,15800.0,1.06,577.2385120350109,0.4064013946040176,4016.4767441860463,27.0,16.0,7.0,1371.0,43.0
53,16000.0,1.04,576.215770609319,0.4082460016621734,4016.4767441860463,29.0,14.0,7.0,1395.0,43.0
54,0.0,0.0,nan,0.015202805424360975,nan,0.0,0.0,50.0,0.0,0.0
54,200.0,0.52,71.75,0.04321650821965013,nan,0.0,13.0,37.0,2.0,0.0
54,400.0,1.0,106.25,0.10321691362779478,356.0,2.0,24.0,24.0,6.0,2.0
54,600.0,1.06,170.5909090909091,0.1654267934242799,463.375,4.0,23.0,23.0,11.0,4.0
54,800.0,1.08,225.03125,0.21596091865485578,618.4230769230769,13.0,14.0,23.0,16.0,13.0
54,1000.0,1.08,400.9130434782609,0.2592990493179008,709.825,20.0,7.0,23.0,23.0,20.0
54,1200.0,1.04,478.14285714285717,0.29438712423732594,788.62,24.0,3.0,23.0,35.0,25.0
54,1400.0,1.06,557.0952380952381,0.3261305819633916,788.62,24.0,4.0,22.0,42.0,25.0
54,1600.0,1.04,710.5508474576271,0.34259015263616643,817.6538461538462,24.0,4.0,22.0,59.0,26.0
54,1800.0,1.06,764.1,0.35258346340177976,817.6538461538462,25.0,2.0,23.0,75.0,26.0
54,2000.0,1.08,737.765625,0.35560375407941947,858.425925925926,26.0,1.0,23.0,96.0,27.0
54,2200.0,1.06,761.5045454545455,0.35493483064074755,858.425925925926,26.0,1.0,23.0,110.0,27.0
54,2400.0,1.08,741.2459016393443,0.35292806032473195,858.425925925926,25.0,2.0,23.0,122.0,27.0
54,2600.0,1.06,731.5827338129496,0.3467861269332901,858.425925925926,25.0,2.0,23.0,139.0,27.0
54,2800.0,1.04,721.7628205128206,0.34098879046480046,858.425925925926,25.0,2.0,23.0,156.0,27.0
54,3000.0,1.06,726.3895348837209,0.33987391806701395,858.425925925926,25.0,2.0,23.0,172.0,27.0
54,3200.0,1.06,702.1684210526316,0.33825228548841546,858.425925925926,25.0,2.0,23.0,190.0,27.0
54,3400.0,1.08,694.941037735849,0.3391644538138771,858.425925925926,24.0,3.0,23.0,212.0,27.0
54,3600.0,1.08,683.0151515151515,0.3454888208704113,858.425925925926,24.0,3.0,23.0,231.0,27.0
54,3800.0,1.08,678.5081632653062,0.3504145298279042,858.425925925926,25.0,2.0,23.0,245.0,27.0
54,4000.0,1.06,672.3966165413534,0.35207670322096773,858.425925925926,24.0,3.0,23.0,266.0,27.0
54,4200.0,1.06,657.577738515901,0.35073885634362395,858.425925925926,25.0,2.0,23.0,283.0,27.0
54,4400.0,1.02,643.8035714285714,0.3448604382462044,858.425925925926,23.0,4.0,23.0,308.0,27.0
54,4600.0,1.08,640.5490797546013,0.3461172034946182,858.425925925926,25.0,2.0,23.0,326.0,27.0
54,4800.0,1.08,646.5595238095239,0.34895506050716557,858.425925925926,24.0,3.0,23.0,336.0,27.0
54,5000.0,1.08,639.8370786516854,0.34994831046155717,858.425925925926,25.0,3.0,22.0,356.0,27.0
54,5200.0,1.08,643.1945945945946,0.3503537186062068,1013.4642857142857,27.0,1.0,22.0,370.0,28.0
54,5400.0,1.06,642.1770833333334,0.3459144994222934,1013.4642857142857,26.0,2.0,22.0,384.0,28.0
54,5600.0,1.08,640.2249388753056,0.3415360914600774,1013.4642857142857,24.0,4.0,22.0,409.0,28.0
54,5800.0,1.06,635.2698598130842,0.3384144487462753,1013.4642857142857,24.0,4.0,22.0,428.0,28.0
54,6000.0,1.08,636.6725663716815,0.33890093851985487,1013.4642857142857,26.0,3.0,21.0,452.0,28.0
54,6200.0,1.08,629.4852631578948,0.34638071878864046,1013.4642857142857,25.0,4.0,21.0,475.0,28.0
54,6400.0,1.06,623.4655870445345,0.35207670322096773,1013.4642857142857,24.0,5.0,21.0,494.0,28.0
54,6600.0,1.06,622.3656126482214,0.3491374941722579,1013.4642857142857,23.0,6.0,21.0,506.0,28.0
54,6800.0,1.04,618.0803059273422,0.34017797417550116,1013.4642857142857,23.0,6.0,21.0,523.0,28.0
54,7000.0,1.06,615.4080882352941,0.3362860559868648,1013.4642857142857,21.0,10.0,19.0,544.0,28.0
54,7200.0,1.06,617.3983957219251,0.3400563517321063,1013.4642857142857,23.0,8.0,19.0,561.0,28.0
54,7400.0,1.06,616.8037865748709,0.34313745363144343,1230.9655172413793,25.0,6.0,19.0,581.0,29.0
54,7600.0,1.06,615.7118927973199,0.3473942391502645,1230.9655172413793,25.0,6.0,19.0,597.0,29.0
54,7800.0,1.04,617.3024390243902,0.35108345326657614,1446.85,27.0,4.0,19.0,615.0,30.0
54,8000.0,1.04,617.3799058084772,0.35732673869418036,1446.85,26.0,7.0,17.0,637.0,30.0
54,8200.0,1.06,607.3701201201201,0.36081324873816717,1446.85,26.0,7.0,17.0,666.0,30.0
54,8400.0,1.08,605.5276564774381,0.3601848661139602,1446.85,27.0,6.0,17.0,687.0,30.0
54,8600.0,1.08,599.4421720733427,0.35560375407941947,1446.85,24.0,9.0,17.0,709.0,30.0
54,8800.0,1.04,596.1452933151432,0.34587395860782844,1446.85,24.0,9.0,17.0,733.0,30.0
54,9000.0,1.06,593.3178191489362,0.3400563517321063,1446.85,23.0,10.0,17.0,752.0,30.0
54,9200.0,1.02,590.5903225806452,0.34072527517077816,1446.85,24.0,9.0,17.0,775.0,30.0
54,9400.0,1.08,589.2246835443038,0.3468063973405226,1699.8387096774193,27.0,6.0,17.0,790.0,31.0
54,9600.0,1.08,587.8475308641976,0.35538077959986214,1941.0625,29.0,4.0,17.0,810.0,32.0
54,9800.0,1.06,586.6748798076923,0.3591308049378712,1941.0625,27.0,6.0,17.0,832.0,32.0
54,10000.0,1.06,583.4517078916372,0.3640970547098291,1941.0625,26.0,7.0,17.0,849.0,32.0
54,10200.0,1.0,580.9607061503417,0.36515111588591814,1941.0625,28.0,5.0,17.0,878.0,32.0
54,10400.0,1.06,579.2343049327354,0.3628402894614153,1941.0625,26.0,8.0,16.0,892.0,32.0
54,10600.0,1.06,580.6578947368421,0.3586443151642916,1941.0625,26.0,8.0,16.0,912.0,32.0
54,10800.0,1.06,575.7841993637328,0.35911053453063874,1941.0625,27.0,7.0,16.0,943.0,32.0
54,11000.0,1.06,572.5682291666667,0.36385380982303933,1941.0625,24.0,10.0,16.0,960.0,32.0
54,11200.0,1.08,573.2324516785351,0.3663876107270995,2221.242424242424,25.0,10.0,15.0,983.0,33.0
54,11400.0,1.06,572.6534603811434,0.36802951371293047,2221.242424242424,24.0,11.0,15.0,997.0,33.0
54,11600.0,1.08,571.2770669291339,0.37005655443617863,2496.1176470588234,24.0,12.0,14.0,1016.0,34.0
54,11800.0,1.06,569.9807135969141,0.3712727788701275,2496.1176470588234,23.0,13.0,14.0,1037.0,34.0
54,12000.0,1.06,568.8379408960915,0.3688808708166947,3018.8888888888887,25.0,11.0,14.0,1049.0,36.0
54,12200.0,1.06,570.5912921348314,0.37402955425374496,3018.8888888888887,25.0,12.0,13.0,1068.0,36.0
54,12400.0,1.08,572.1073394495413,0.37759714592666166,3018.8888888888887,25.0,12.0,13.0,1090.0,36.0
54,12600.0,1.08,571.7614968440037,0.38088095189832366,3018.8888888888887,24.0,13.0,13.0,1109.0,36.0
54,12800.0,1.06,571.3695458593054,0.38185393144548274,3281.837837837838,27.0,10.0,13.0,1123.0,37.0
54,13000.0,1.08,573.2671052631579,0.39063101777714715,3281.837837837838,25.0,12.0,13.0,1140.0,37.0
54,13200.0,1.08,574.1790980052039,0.3893539821215008,3281.837837837838,26.0,11.0,13.0,1153.0,37.0
54,13400.0,1.08,572.9944253859348,0.3857863904485841,3281.837837837838,23.0,15.0,12.0,1166.0,37.0
54,13600.0,1.08,576.0850168350169,0.382117446739505,3281.837837837838,25.0,13.0,12.0,1188.0,37.0
54,13800.0,1.06,575.5432811211872,0.38290799262157177,3281.837837837838,25.0,12.0,13.0,1213.0,37.0
54,14000.0,1.04,573.5919028340081,0.38457016601463523,3281.837837837838,24.0,14.0,12.0,1235.0,37.0
54,14200.0,1.04,570.7398729150119,0.383171507915594,3567.5,23.0,15.0,12.0,1259.0,38.0
54,14400.0,1.06,571.8217938631,0.3798471611294671,3567.5,24.0,13.0,13.0,1271.0,38.0
54,14600.0,1.06,571.1588098918083,0.37773903877728904,3567.5,23.0,16.0,11.0,1294.0,38.0
54,14800.0,1.04,570.5140364188164,0.375590375610646,3567.5,24.0,15.0,11.0,1318.0,38.0
54,15000.0,1.08,569.2707244212098,0.3784079622159609,3567.5,24.0,15.0,11.0,1339.0,38.0
54,15200.0,1.04,568.7044117647059,0.38479314049419255,4146.7875,27.0,13.0,10.0,1360.0,40.0
54,15400.0,1.06,566.1770231213873,0.3895566861938256,4146.7875,25.0,16.0,9.0,1384.0,40.0
54,15600.0,1.08,567.1773962804006,0.3946040175947135,4146.7875,26.0,15.0,9.0,1398.0,40.0
54,15800.0,1.08,565.3723628691984,0.4008675734295502,4427.987804878048,28.0,13.0,9.0,1422.0,41.0
54,16000.0,1.08,565.0559392265193,0.40441489469523445,4427.987804878048,27.0,14.0,9.0,1448.0,41.0
55,0.0,0.0,nan,0.015202805424360975,nan,0.0,0.0,50.0,0.0,0.0
55,200.0,0.5,119.83333333333333,0.047919242697585795,nan,0.0,14.0,36.0,3.0,0.0
55,400.0,1.02,139.42857142857142,0.10672369407901405,399.0,1.0,23.0,26.0,7.0,1.0
55,600.0,1.06,181.04545454545453,0.16593355360509193,440.5,5.0,19.0,26.0,11.0,5.0
55,800.0,1.1,277.0,0.21665011250076013,635.0666666666667,14.0,10.0,26.0,17.0,15.0
55,1000.0,1.08,431.01785714285717,0.2542922587314779,709.7727272727273,22.0,2.0,26.0,28.0,22.0
55,1200.0,1.08,523.5,0.28625869093710093,742.4166666666666,23.0,1.0,26.0,36.0,24.0
55,1400.0,1.08,570.8555555555556,0.3182048527354915,742.4166666666666,23.0,1.0,26.0,45.0,24.0
55,1600.0,1.08,667.85,0.33204954087527616,742.4166666666666,23.0,1.0,26.0,60.0,24.0
55,1800.0,1.08,717.7349397590361,0.3337725254900371,742.4166666666666,24.0,1.0,25.0,83.0,24.0
55,2000.0,1.06,731.65,0.3321711633186711,742.4166666666666,24.0,1.0,25.0,100.0,24.0
55,2200.0,1.06,703.5491803278688,0.3340157703768269,742.4166666666666,24.0,1.0,25.0,122.0,24.0
55,2400.0,1.08,700.5255474452555,0.3382725558956479,806.94,25.0,0.0,25.0,137.0,25.0
55,2600.0,1.08,664.6273291925465,0.33472523462996373,806.94,25.0,0.0,25.0,161.0,25.0
55,2800.0,1.08,648.6413043478261,0.33383333671173454,806.94,24.0,1.0,25.0,184.0,25.0
55,3000.0,1.08,631.1004901960785,0.33359009182494476,806.94,24.0,1.0,25.0,204.0,25.0
55,3200.0,1.1,626.3235294117648,0.3346441530010338,806.94,25.0,0.0,25.0,221.0,25.0
55,3400.0,1.1,620.3973799126637,0.33190764802464884,806.94,24.0,1.0,25.0,229.0,25.0
55,3600.0,1.08,621.7983870967741,0.33164413273062654,806.94,24.0,1.0,25.0,248.0,25.0
55,3800.0,1.02,630.0529197080292,0.3274886992479679,806.94,23.0,2.0,25.0,274.0,25.0
55,4000.0,1.06,623.9488054607508,0.3249954391583727,806.94,22.0,4.0,24.0,293.0,25.0
55,4200.0,1.1,621.8643790849674,0.32329272495084427,934.7884615384615,22.0,6.0,22.0,306.0,26.0
55,4400.0,1.1,621.848623853211,0.3240021892039811,934.7884615384615,23.0,5.0,22.0,327.0,26.0
55,4600.0,1.08,612.1647727272727,0.3309752092919547,1069.4074074074074,26.0,2.0,22.0,352.0,27.0
55,4800.0,1.06,614.0772357723578,0.34088743842863806,1069.4074074074074,27.0,1.0,22.0,369.0,27.0
55,5000.0,1.06,610.3385012919897,0.3459955810512233,1069.4074074074074,26.0,2.0,22.0,387.0,27.0
55,5200.0,1.02,611.8688725490196,0.34161717308900735,1069.4074074074074,24.0,4.0,22.0,408.0,27.0
55,5400.0,1.06,608.3583138173302,0.3445158413232522,1069.4074074074074,24.0,4.0,22.0,427.0,27.0
55,5600.0,1.1,608.0594965675057,0.3438671882918128,1069.4074074074074,23.0,5.0,22.0,437.0,27.0
55,5800.0,1.08,604.1183628318585,0.3392049946283421,1069.4074074074074,23.0,5.0,22.0,452.0,27.0
55,6000.0,1.08,612.0656779661017,0.3281170818721748,1069.4074074074074,24.0,4.0,22.0,472.0,27.0
55,6200.0,1.08,610.290909090909,0.3254413881174873,1069.4074074074074,23.0,5.0,22.0,495.0,27.0
55,6400.0,1.04,614.0175438596491,0.3256440921898121,1069.4074074074074,23.0,5.0,22.0,513.0,27.0
55,6600.0,1.08,610.1544256120527,0.3291508726410314,1069.4074074074074,22.0,6.0,22.0,531.0,27.0
55,6800.0,1.08,608.746835443038,0.33446171933594143,1272.2857142857142,23.0,5.0,22.0,553.0,28.0
55,7000.0,1.08,605.1070175438597,0.3339954999695944,1272.2857142857142,22.0,6.0,22.0,570.0,28.0
55,7200.0,1.1,605.9880952380952,0.32977925526523827,1272.2857142857142,23.0,5.0,22.0,588.0,28.0
55,7400.0,1.08,602.9760726072607,0.32690085743822594,1272.2857142857142,22.0,6.0,22.0,606.0,28.0
55,7600.0,1.1,597.7908082408875,0.32327245454361175,1272.2857142857142,23.0,5.0,22.0,631.0,28.0
55,7800.0,1.04,601.0623076923077,0.3224616382543125,1272.2857142857142,23.0,6.0,21.0,650.0,28.0
55,8000.0,1.1,600.1266968325792,0.3323535969837634,1272.2857142857142,24.0,5.0,21.0,663.0,28.0
55,8200.0,1.08,599.1807407407407,0.3417793363468672,1509.103448275862,25.0,5.0,20.0,675.0,29.0
55,8400.0,1.06,603.4877521613832,0.34522530557638903,1509.103448275862,25.0,5.0,20.0,694.0,29.0
55,8600.0,1.06,597.9018105849582,0.3445158413232522,1509.103448275862,24.0,6.0,20.0,718.0,29.0
55,8800.0,1.08,599.9158751696065,0.3409077088358705,1509.103448275862,24.0,6.0,20.0,737.0,29.0
55,9000.0,1.06,599.3311258278146,0.3345225305576389,1509.103448275862,24.0,6.0,20.0,755.0,29.0
55,9200.0,1.1,598.352140077821,0.32708329110331824,1764.55,24.0,6.0,20.0,771.0,30.0
55,9400.0,1.06,597.3987421383648,0.32675896458759857,1764.55,23.0,7.0,20.0,795.0,30.0
55,9600.0,1.08,596.2971639950678,0.328421137980662,1764.55,23.0,7.0,20.0,811.0,30.0
55,9800.0,1.1,596.6386554621848,0.32789410739261754,1764.55,23.0,7.0,20.0,833.0,30.0
55,10000.0,1.08,598.2256532066508,0.32807654105770984,1764.55,23.0,7.0,20.0,842.0,30.0
55,10200.0,1.06,596.0351382488479,0.33198872965357873,1764.55,23.0,7.0,20.0,868.0,30.0
55,10400.0,1.1,593.8016949152542,0.337137413090629,1764.55,24.0,6.0,20.0,885.0,30.0
55,10600.0,1.06,594.2968923418424,0.3332049540875276,1764.55,22.0,8.0,20.0,901.0,30.0
55,10800.0,1.08,596.2742980561555,0.32700220947438835,1764.55,22.0,8.0,20.0,926.0,30.0
55,11000.0,1.06,591.9848167539267,0.33081304603409484,1764.55,22.0,9.0,19.0,955.0,30.0
55,11200.0,1.08,587.8485158648925,0.33612389272900495,1764.55,23.0,8.0,19.0,977.0,30.0
55,11400.0,1.06,586.7530120481928,0.34230636693491173,1764.55,24.0,8.0,18.0,996.0,30.0
55,11600.0,1.06,587.0414201183432,0.34631990756694303,2075.8548387096776,26.0,7.0,17.0,1014.0,31.0
55,11800.0,1.1,584.9917715392062,0.3497253359819999,2075.8548387096776,26.0,8.0,16.0,1033.0,31.0
55,12000.0,1.08,586.4645557655955,0.35213751444266517,2675.257575757576,26.0,8.0,16.0,1058.0,33.0
55,12200.0,1.08,582.6728624535316,0.3564145703687187,2675.257575757576,26.0,8.0,16.0,1076.0,33.0
55,12400.0,1.08,579.3641750227895,0.352299677700525,2961.073529411765,26.0,8.0,16.0,1097.0,34.0
55,12600.0,1.08,578.9364368845121,0.35183345833417795,2961.073529411765,26.0,8.0,16.0,1117.0,34.0
55,12800.0,1.1,577.9578947368421,0.3550767234913749,2961.073529411765,26.0,8.0,16.0,1140.0,34.0
55,13000.0,1.1,578.9671564390666,0.35756998358097014,2961.073529411765,27.0,8.0,15.0,1157.0,34.0
55,13200.0,1.1,577.9684569479966,0.35659700403381106,2961.073529411765,26.0,9.0,15.0,1173.0,34.0
55,13400.0,1.06,578.5906801007557,0.35313076439705676,2961.073529411765,27.0,8.0,15.0,1191.0,34.0
55,13600.0,1.1,577.7991769547325,0.35163075426185314,2961.073529411765,29.0,7.0,14.0,1215.0,34.0
55,13800.0,1.08,576.0481391585761,0.3566578152555085,2961.073529411765,27.0,10.0,13.0,1236.0,34.0
55,14000.0,1.08,575.8576555023924,0.36288083027588025,2961.073529411765,25.0,12.0,13.0,1254.0,34.0
55,14200.0,1.06,573.4808743169399,0.3700362840289461,3582.3055555555557,28.0,9.0,13.0,1281.0,36.0
55,14400.0,1.1,571.1528735632183,0.3733200900006081,3582.3055555555557,24.0,13.0,13.0,1305.0,36.0
55,14600.0,1.1,569.6122913505311,0.3802931100885817,3879.3783783783783,24.0,14.0,12.0,1318.0,37.0
55,14800.0,1.06,570.6714178544636,0.3808404110838587,3879.3783783783783,24.0,14.0,12.0,1333.0,37.0
55,15000.0,1.08,570.8117603550296,0.37893499280400544,3879.3783783783783,22.0,17.0,11.0,1352.0,37.0
55,15200.0,1.1,571.3066278222869,0.3803944621247441,4175.671052631579,24.0,15.0,11.0,1373.0,38.0
55,15400.0,1.1,569.9077912794853,0.38075932945492874,4175.671052631579,28.0,11.0,11.0,1399.0,38.0
55,15600.0,1.1,570.1520056298382,0.3882188393164819,4465.833333333333,27.0,13.0,10.0,1421.0,39.0
55,15800.0,1.08,569.3392361111111,0.39845539496888494,4465.833333333333,29.0,12.0,9.0,1440.0,39.0
55,16000.0,1.08,568.9252049180328,0.3939756349705066,4465.833333333333,27.0,14.0,9.0,1464.0,39.0
56,0.0,0.0,nan,0.015202805424360975,nan,0.0,0.0,50.0,0.0,0.0
56,200.0,0.62,102.0,0.05618956884843816,nan,0.0,23.0,27.0,1.0,0.0
56,400.0,1.0,97.85714285714286,0.1256359840269191,364.5,1.0,27.0,22.0,7.0,1.0
56,600.0,1.12,225.57142857142858,0.1892850627369104,520.75,7.0,22.0,21.0,14.0,8.0
56,800.0,1.1,268.94117647058823,0.24527192751302374,640.1,20.0,9.0,21.0,17.0,20.0
56,1000.0,1.12,380.30434782608694,0.2881641092169542,666.304347826087,23.0,7.0,20.0,23.0,23.0
56,1200.0,1.08,502.8939393939394,0.3212859546348286,710.1923076923077,26.0,3.0,21.0,33.0,26.0
56,1400.0,1.12,643.3586956521739,0.34781991770214665,710.1923076923077,26.0,3.0,21.0,46.0,26.0
56,1600.0,1.1,771.6268656716418,0.35752944276650517,766.9464285714286,28.0,1.0,21.0,67.0,28.0
56,1800.0,1.12,761.5989010989011,0.3612186568828168,766.9464285714286,27.0,3.0,20.0,91.0,28.0
56,2000.0,1.1,721.2454545454545,0.36833356982141774,766.9464285714286,27.0,3.0,20.0,110.0,28.0
56,2200.0,1.12,687.9645669291339,0.3695903350698316,810.5862068965517,28.0,2.0,20.0,127.0,29.0
56,2400.0,1.12,677.303448275862,0.36957006466259906,810.5862068965517,28.0,2.0,20.0,145.0,29.0
56,2600.0,1.1,673.015625,0.3628402894614153,810.5862068965517,28.0,2.0,20.0,160.0,29.0
56,2800.0,1.12,654.6576086956521,0.35777268765329495,810.5862068965517,28.0,2.0,20.0,184.0,29.0
56,3000.0,1.1,659.9129353233831,0.3549145602335151,810.5862068965517,27.0,4.0,19.0,201.0,29.0
56,3200.0,1.12,663.3317757009346,0.3565159224048811,888.15,27.0,4.0,19.0,214.0,30.0
56,3400.0,1.12,648.1125,0.3650903046642207,888.15,28.0,3.0,19.0,240.0,30.0
56,3600.0,1.12,627.0399239543726,0.3712727788701275,888.15,26.0,5.0,19.0,263.0,30.0
56,3800.0,1.08,609.568661971831,0.3702997993229684,980.0645161290323,27.0,4.0,19.0,284.0,31.0
56,4000.0,1.12,610.2046204620463,0.3695497942553666,980.0645161290323,28.0,3.0,19.0,303.0,31.0
56,4200.0,1.06,611.7269938650306,0.3751444266515314,980.0645161290323,28.0,4.0,18.0,326.0,31.0
56,4400.0,1.12,611.5333333333333,0.3805971661970689,980.0645161290323,28.0,5.0,17.0,345.0,31.0
56,4600.0,1.12,599.8832417582418,0.385401252711167,980.0645161290323,30.0,3.0,17.0,364.0,31.0
56,4800.0,1.12,599.7174479166666,0.3863336914438611,1094.09375,30.0,3.0,17.0,384.0,32.0
56,5000.0,1.1,602.4052369077307,0.3872255893620903,1209.2121212121212,30.0,3.0,17.0,401.0,33.0
56,5200.0,1.1,595.827380952381,0.3862931506293961,1209.2121212121212,28.0,5.0,17.0,420.0,33.0
56,5400.0,1.12,600.474828375286,0.3826850181420145,1209.2121212121212,28.0,5.0,17.0,437.0,33.0
56,5600.0,1.08,599.2144396551724,0.38402286501935823,1209.2121212121212,28.0,5.0,17.0,464.0,33.0
56,5800.0,1.12,597.1760416666667,0.38836073216710926,1209.2121212121212,29.0,4.0,17.0,480.0,33.0
56,6000.0,1.12,597.3427419354839,0.38801613524415707,1209.2121212121212,29.0,4.0,17.0,496.0,33.0
56,6200.0,1.12,584.3266666666667,0.3810431151561835,1209.2121212121212,28.0,5.0,17.0,525.0,33.0
56,6400.0,1.1,579.8184306569343,0.3727119777836337,1209.2121212121212,26.0,8.0,16.0,548.0,33.0
56,6600.0,1.12,576.4825783972126,0.36882005959499725,1209.2121212121212,27.0,7.0,16.0,574.0,33.0
56,6800.0,1.1,579.8791946308725,0.3727119777836337,1209.2121212121212,28.0,6.0,16.0,596.0,33.0
56,7000.0,1.12,577.28022875817,0.3742119879188373,1376.514705882353,29.0,5.0,16.0,612.0,34.0
56,7200.0,1.12,569.6679748822606,0.3786106662882857,1376.514705882353,29.0,6.0,15.0,637.0,34.0
56,7400.0,1.1,568.4237288135594,0.3844688139784728,1376.514705882353,29.0,6.0,15.0,649.0,34.0
56,7600.0,1.12,573.946587537092,0.3852999006750046,1554.142857142857,30.0,6.0,14.0,674.0,35.0
56,7800.0,1.1,569.3474212034384,0.38963776782275555,1554.142857142857,30.0,6.0,14.0,698.0,35.0
56,8000.0,1.12,570.6225626740948,0.39290130338718504,1554.142857142857,27.0,9.0,14.0,718.0,35.0
56,8200.0,1.1,568.8620923913044,0.39235400239190804,1554.142857142857,25.0,12.0,13.0,736.0,35.0
56,8400.0,1.12,567.098544973545,0.39920540003648675,1741.4583333333333,30.0,7.0,13.0,756.0,36.0
56,8600.0,1.12,565.3896774193548,0.4015567672754546,1741.4583333333333,29.0,8.0,13.0,775.0,36.0
56,8800.0,1.1,567.4272271016312,0.4009689254657126,1741.4583333333333,28.0,10.0,12.0,797.0,36.0
56,9000.0,1.1,565.7432598039215,0.4002594612125758,1741.4583333333333,27.0,11.0,12.0,816.0,36.0
56,9200.0,1.1,568.3530465949821,0.4039892161433523,1741.4583333333333,28.0,11.0,11.0,837.0,36.0
56,9400.0,1.1,568.7646713615023,0.4026108284515436,1943.1756756756756,27.0,12.0,11.0,852.0,37.0
56,9600.0,1.12,566.6318493150685,0.4030365070034257,2142.3552631578946,30.0,9.0,11.0,876.0,38.0
56,9800.0,1.12,564.2421700223714,0.4000770275474834,2142.3552631578946,29.0,10.0,11.0,894.0,38.0
56,10000.0,1.12,567.3889496717725,0.3993472928871141,2142.3552631578946,27.0,12.0,11.0,914.0,38.0
56,10200.0,1.12,567.3794023479189,0.3961040277299171,2142.3552631578946,28.0,11.0,11.0,937.0,38.0
56,10400.0,1.1,566.6307531380753,0.3917864309893986,2142.3552631578946,28.0,11.0,11.0,956.0,38.0
56,10600.0,1.12,566.038105046344,0.39940810410881156,2142.3552631578946,30.0,10.0,10.0,971.0,38.0
56,10800.0,1.1,567.2637913741223,0.40157703768268704,2142.3552631578946,31.0,9.0,10.0,997.0,38.0
56,11000.0,1.1,565.5417075564279,0.3986783694484422,2142.3552631578946,30.0,10.0,10.0,1019.0,38.0
56,11200.0,1.1,563.2598842815814,0.3953134818478503,2371.5,31.0,8.0,11.0,1037.0,39.0
56,11400.0,1.12,561.7769376181475,0.39494861451766566,2371.5,28.0,11.0,11.0,1058.0,39.0
56,11600.0,1.12,559.7205746061168,0.39642835424563677,2371.5,29.0,10.0,11.0,1079.0,39.0
56,11800.0,1.1,560.7157129881925,0.3947864512598058,2371.5,28.0,11.0,11.0,1101.0,39.0
56,12000.0,1.1,559.9928507596068,0.3921918391340482,2371.5,26.0,13.0,11.0,1119.0,39.0
56,12200.0,1.06,560.7108274647887,0.38736748221271766,2371.5,25.0,15.0,10.0,1136.0,39.0
56,12400.0,1.1,562.513816925734,0.388603977053899,2371.5,27.0,14.0,9.0,1158.0,39.0
56,12600.0,1.12,562.8976109215017,0.3909148034784019,2625.7,28.0,13.0,9.0,1172.0,40.0
56,12800.0,1.1,563.3763621123219,0.38874586990452636,2625.7,27.0,14.0,9.0,1193.0,40.0
56,13000.0,1.12,562.1118421052631,0.38771207913566985,2625.7,25.0,16.0,9.0,1216.0,40.0
56,13200.0,1.12,561.5415322580645,0.38746883424888007,2880.890243902439,28.0,13.0,9.0,1240.0,41.0
56,13400.0,1.08,560.8133914421553,0.39409725741390145,2880.890243902439,28.0,13.0,9.0,1262.0,41.0
56,13600.0,1.12,560.7849336455894,0.40342164474084286,2880.890243902439,28.0,13.0,9.0,1281.0,41.0
56,13800.0,1.12,558.2853302611367,0.408651409806823,2880.890243902439,28.0,13.0,9.0,1302.0,41.0
56,14000.0,1.12,558.2947448591013,0.4056108487219508,2880.890243902439,26.0,15.0,9.0,1313.0,41.0
56,14200.0,1.08,560.2322893363162,0.40494192528327894,2880.890243902439,26.0,16.0,8.0,1341.0,41.0
56,14400.0,1.1,558.0602055800293,0.4030567774106582,2880.890243902439,27.0,15.0,8.0,1362.0,41.0
56,14600.0,1.08,559.5741142443962,0.3979891756025379,2880.890243902439,30.0,12.0,8.0,1383.0,41.0
56,14800.0,1.1,559.7094932191292,0.40494192528327894,2880.890243902439,30.0,12.0,8.0,1401.0,41.0
56,15000.0,1.12,557.8025946704067,0.402712180487706,3166.1309523809523,28.0,14.0,8.0,1426.0,42.0
56,15200.0,1.12,557.507975034674,0.4009081142440152,3166.1309523809523,26.0,17.0,7.0,1442.0,42.0
56,15400.0,1.12,556.9672131147541,0.39614456854438207,3166.1309523809523,28.0,15.0,7.0,1464.0,42.0
56,15600.0,1.08,554.7969065232011,0.3948269920742708,3166.1309523809523,29.0,14.0,7.0,1487.0,42.0
56,15800.0,1.1,554.8191771731917,0.39539456347678026,3166.1309523809523,27.0,16.0,7.0,1507.0,42.0
56,16000.0,1.12,553.6346153846154,0.40068513976445785,3166.1309523809523,28.0,16.0,6.0,1534.0,42.0
57,0.0,0.0,nan,0.015202805424360975,nan,0.0,0.0,50.0,0.0,0.0
57,200.0,0.66,33.833333333333336,0.049520604868951816,nan,0.0,21.0,29.0,3.0,0.0
57,400.0,1.0,60.125,0.1187035047534105,nan,0.0,27.0,23.0,4.0,0.0
57,600.0,1.14,144.9375,0.1840755680781627,515.5714285714286,7.0,22.0,21.0,8.0,7.0
57,800.0,1.14,265.42857142857144,0.23829890742505017,639.875,19.0,11.0,20.0,14.0,20.0
57,1000.0,1.12,450.25,0.2864208541949608,695.86,25.0,5.0,20.0,22.0,25.0
57,1200.0,1.1,572.8243243243244,0.3189143169886283,719.6481481481482,26.0,4.0,20.0,37.0,27.0
57,1400.0,1.14,616.4021739130435,0.34325907607483835,719.6481481481482,27.0,3.0,20.0,46.0,27.0
57,1600.0,1.12,708.0942028985507,0.3513469685605984,748.0714285714286,28.0,2.0,20.0,69.0,28.0
57,1800.0,1.14,712.8440860215054,0.3619686619504186,748.0714285714286,28.0,3.0,19.0,93.0,28.0
57,2000.0,1.1,707.6964285714286,0.36981330954938885,791.0172413793103,29.0,2.0,19.0,112.0,29.0
57,2200.0,1.14,683.0314960629921,0.37070520746761804,791.0172413793103,29.0,2.0,19.0,127.0,29.0
57,2400.0,1.14,663.1753246753246,0.3646848965195711,791.0172413793103,29.0,3.0,18.0,154.0,29.0
57,2600.0,1.12,650.1823529411764,0.35862404475705917,791.0172413793103,29.0,3.0,18.0,170.0,29.0
57,2800.0,1.14,629.8179487179488,0.35714430502908806,852.3333333333334,29.0,4.0,17.0,195.0,30.0
57,3000.0,1.14,639.9407582938388,0.35965783552591574,852.3333333333334,27.0,6.0,17.0,211.0,30.0
57,3200.0,1.14,615.0311203319502,0.3628402894614153,852.3333333333334,27.0,6.0,17.0,241.0,30.0
57,3400.0,1.12,606.7109375,0.3656781464739627,1002.28125,29.0,4.0,17.0,256.0,32.0
57,3600.0,1.14,604.1801470588235,0.36762410556828085,1002.28125,28.0,5.0,17.0,272.0,32.0
57,3800.0,1.12,597.3299663299663,0.37165791660754466,1086.6969696969697,30.0,3.0,17.0,297.0,33.0
57,4000.0,1.12,592.814696485623,0.38377962013256844,1086.6969696969697,30.0,3.0,17.0,313.0,33.0
57,4200.0,1.14,605.2590361445783,0.3903472320758924,1086.6969696969697,29.0,4.0,17.0,332.0,33.0
57,4400.0,1.12,605.0043103448276,0.3912188595868891,1086.6969696969697,30.0,3.0,17.0,348.0,33.0
57,4600.0,1.14,606.8232876712328,0.38973911985891796,1086.6969696969697,30.0,3.0,17.0,365.0,33.0
57,4800.0,1.12,609.701044386423,0.3894756045648957,1086.6969696969697,30.0,3.0,17.0,383.0,33.0
57,5000.0,1.1,606.3174019607843,0.391340482030284,1086.6969696969697,29.0,5.0,16.0,408.0,33.0
57,5200.0,1.14,605.1037735849056,0.3938337421198792,1086.6969696969697,29.0,5.0,16.0,424.0,33.0
57,5400.0,1.12,600.8814898419864,0.39105669632902923,1086.6969696969697,29.0,5.0,16.0,443.0,33.0
57,5600.0,1.14,601.6995708154507,0.38909046682747855,1218.3529411764705,30.0,5.0,15.0,466.0,34.0
57,5800.0,1.14,592.6340206185567,0.3901039871891026,1218.3529411764705,31.0,4.0,15.0,485.0,34.0
57,6000.0,1.14,593.425,0.3890296556057811,1218.3529411764705,27.0,8.0,15.0,500.0,34.0
57,6200.0,1.14,594.2303370786517,0.38696207406806804,1218.3529411764705,27.0,8.0,15.0,534.0,34.0
57,6400.0,1.14,588.1144144144145,0.3845093547929378,1361.3,28.0,8.0,14.0,555.0,35.0
57,6600.0,1.14,583.6295652173914,0.389698579044453,1361.3,28.0,9.0,13.0,575.0,35.0
57,6800.0,1.1,579.0966101694916,0.397279711349401,1509.375,30.0,7.0,13.0,590.0,36.0
57,7000.0,1.12,583.4860883797054,0.40698923641375956,1509.375,29.0,8.0,13.0,611.0,36.0
57,7200.0,1.12,582.4142857142857,0.41351630754261853,1658.6756756756756,30.0,7.0,13.0,630.0,37.0
57,7400.0,1.12,585.1666666666666,0.41367847080047837,1658.6756756756756,30.0,7.0,13.0,648.0,37.0
57,7600.0,1.14,587.9617117117117,0.40873249143575296,1658.6756756756756,29.0,8.0,13.0,666.0,37.0
57,7800.0,1.12,581.466521106259,0.40885411387914783,1658.6756756756756,29.0,8.0,13.0,687.0,37.0
57,8000.0,1.14,586.2019914651494,0.4049621956905114,1658.6756756756756,29.0,8.0,13.0,703.0,37.0
57,8200.0,1.14,587.0185950413223,0.39756349705065575,1658.6756756756756,28.0,10.0,12.0,726.0,37.0
57,8400.0,1.1,583.6977211796246,0.38825938013094685,1658.6756756756756,26.0,12.0,12.0,746.0,37.0
57,8600.0,1.12,583.0935064935065,0.38750937506334504,1658.6756756756756,25.0,13.0,12.0,770.0,37.0
57,8800.0,1.14,583.6007653061224,0.3862931506293961,1658.6756756756756,27.0,11.0,12.0,784.0,37.0
57,9000.0,1.12,582.7639405204461,0.38369853850363855,1850.8552631578948,28.0,10.0,12.0,807.0,38.0
57,9200.0,1.08,583.7022809123649,0.38432692112784544,1850.8552631578948,27.0,11.0,12.0,833.0,38.0
57,9400.0,1.1,580.3895417156286,0.38919181886364096,1850.8552631578948,28.0,10.0,12.0,851.0,38.0
57,9600.0,1.12,580.0686274509804,0.3899215535240103,1850.8552631578948,28.0,10.0,12.0,867.0,38.0
57,9800.0,1.14,571.9966592427617,0.3878337015790647,1850.8552631578948,29.0,9.0,12.0,898.0,38.0
57,10000.0,1.12,572.2191930207198,0.3868404516246731,1850.8552631578948,29.0,9.0,12.0,917.0,38.0
57,10200.0,1.12,572.131746031746,0.39083372184947196,1850.8552631578948,28.0,10.0,12.0,945.0,38.0
57,10400.0,1.12,572.5683937823834,0.3982324204893276,1850.8552631578948,29.0,9.0,12.0,965.0,38.0
57,10600.0,1.14,566.2115384615385,0.3991445888147893,1850.8552631578948,31.0,7.0,12.0,988.0,38.0
57,10800.0,1.14,565.4826904055391,0.4041919202156771,1850.8552631578948,29.0,9.0,12.0,1011.0,38.0
57,11000.0,1.12,565.6681201550388,0.40490138446881396,1850.8552631578948,28.0,10.0,12.0,1032.0,38.0
57,11200.0,1.12,564.3562618595826,0.40544868546409096,1850.8552631578948,30.0,9.0,11.0,1054.0,38.0
57,11400.0,1.02,563.079534883721,0.4066040986763424,1850.8552631578948,31.0,8.0,11.0,1075.0,38.0
57,11600.0,1.12,562.4256386861314,0.40471895080372167,1850.8552631578948,29.0,10.0,11.0,1096.0,38.0
57,11800.0,1.14,561.9667565139263,0.4028338029311009,1850.8552631578948,29.0,10.0,11.0,1113.0,38.0
57,12000.0,1.12,562.1672566371682,0.3980702572314678,2107.1794871794873,27.0,12.0,11.0,1130.0,39.0
57,12200.0,1.12,560.8722943722944,0.39462428800194593,2107.1794871794873,27.0,12.0,11.0,1155.0,39.0
57,12400.0,1.14,560.1912265758092,0.395131048182758,2107.1794871794873,26.0,13.0,11.0,1174.0,39.0
57,12600.0,1.08,560.3112970711297,0.3976851194940506,2107.1794871794873,24.0,16.0,10.0,1195.0,39.0
57,12800.0,1.14,562.2526617526618,0.4013540632031298,2107.1794871794873,25.0,15.0,10.0,1221.0,39.0
57,13000.0,1.1,559.4085072231139,0.40796221596091864,2107.1794871794873,26.0,14.0,10.0,1246.0,39.0
57,13200.0,1.14,559.9208860759494,0.40534733342792856,2107.1794871794873,26.0,14.0,10.0,1264.0,39.0
57,13400.0,1.12,558.9577191621412,0.3985972878195123,2107.1794871794873,26.0,15.0,9.0,1289.0,39.0
57,13600.0,1.1,554.1627554882665,0.39612429813714956,2107.1794871794873,25.0,16.0,9.0,1321.0,39.0
57,13800.0,1.14,553.5934475055845,0.4008675734295502,2398.3,26.0,15.0,9.0,1343.0,40.0
57,14000.0,1.12,550.9277329420396,0.4076581598524314,2677.182926829268,27.0,15.0,8.0,1363.0,41.0
57,14200.0,1.14,547.8802460202605,0.4112257515253481,2677.182926829268,27.0,15.0,8.0,1382.0,41.0
57,14400.0,1.1,549.6629814550641,0.4116717004844627,2677.182926829268,26.0,16.0,8.0,1402.0,41.0
57,14600.0,1.14,550.712976022567,0.41357711876431597,2958.7619047619046,22.0,20.0,8.0,1418.0,42.0
57,14800.0,1.1,551.5465196416264,0.41525956256461194,2958.7619047619046,27.0,15.0,8.0,1451.0,42.0
57,15000.0,1.1,550.7129692832765,0.4237528631950216,2958.7619047619046,28.0,14.0,8.0,1465.0,42.0
57,15200.0,1.1,549.0872909698996,0.42511098047959783,2958.7619047619046,28.0,15.0,7.0,1495.0,42.0
57,15400.0,1.08,547.1785478547855,0.4226582612044676,2958.7619047619046,29.0,14.0,7.0,1515.0,42.0
57,15600.0,1.14,545.8684895833334,0.4235501591226968,2958.7619047619046,31.0,12.0,7.0,1536.0,42.0
57,15800.0,1.12,546.8111753371869,0.4222325826525855,2958.7619047619046,30.0,13.0,7.0,1557.0,42.0
57,16000.0,1.14,545.499053030303,0.4203879755944297,2958.7619047619046,25.0,18.0,7.0,1584.0,42.0
58,0.0,0.0,nan,0.015202805424360975,nan,0.0,0.0,50.0,0.0,0.0
58,200.0,0.54,73.0,0.048567895729025194,nan,0.0,16.0,34.0,1.0,0.0
58,400.0,1.06,130.33333333333334,0.10777775525510308,337.5,1.0,24.0,25.0,6.0,1.0
58,600.0,1.16,179.25,0.16903492591166155,497.64285714285717,7.0,20.0,23.0,12.0,7.0
58,800.0,1.12,321.4,0.22244744896924978,594.4666666666667,15.0,12.0,23.0,20.0,15.0
58,1000.0,1.14,410.921875,0.2669815336590112,685.4285714285714,21.0,6.0,23.0,32.0,21.0
58,1200.0,1.16,506.45652173913044,0.29955607808160867,734.8541666666666,24.0,3.0,23.0,46.0,24.0
58,1400.0,1.14,515.5943396226415,0.3288873573470091,755.32,25.0,2.0,23.0,53.0,25.0
58,1600.0,1.16,610.7662337662338,0.344718545395577,755.32,25.0,2.0,23.0,77.0,25.0
58,1800.0,1.16,666.5721649484536,0.34867127480591087,789.0384615384615,26.0,2.0,22.0,97.0,26.0
58,2000.0,1.14,639.9237288135594,0.34950236150244257,789.0384615384615,26.0,2.0,22.0,118.0,26.0
58,2200.0,1.16,678.9580152671756,0.35236048892222244,789.0384615384615,26.0,2.0,22.0,131.0,26.0
58,2400.0,1.14,650.788961038961,0.3579348509111548,844.6481481481482,26.0,3.0,21.0,154.0,27.0
58,2600.0,1.12,632.4342857142857,0.3645835444834087,844.6481481481482,26.0,3.0,21.0,175.0,27.0
58,2800.0,1.1,626.7227979274611,0.36600247298968236,908.0714285714286,26.0,3.0,21.0,193.0,28.0
58,3000.0,1.16,623.0023809523809,0.37100926357610525,974.7931034482758,26.0,3.0,21.0,210.0,29.0
58,3200.0,1.14,627.452380952381,0.37482010013581174,974.7931034482758,26.0,3.0,21.0,231.0,29.0
58,3400.0,1.14,618.728,0.376178217420388,974.7931034482758,27.0,2.0,21.0,250.0,29.0
58,3600.0,1.14,618.3264150943396,0.3724687328968439,974.7931034482758,27.0,2.0,21.0,265.0,29.0
58,3800.0,1.16,621.0767918088737,0.37350252366570047,974.7931034482758,28.0,2.0,20.0,293.0,29.0
58,4000.0,1.16,613.9174757281553,0.3739687430320475,974.7931034482758,28.0,3.0,19.0,309.0,29.0
58,4200.0,1.12,616.5651515151516,0.3748606409502767,1180.9516129032259,29.0,2.0,19.0,330.0,31.0
58,4400.0,1.16,611.6375358166189,0.37998905398009447,1180.9516129032259,29.0,3.0,18.0,349.0,31.0
58,4600.0,1.16,604.4594594594595,0.3915026452881438,1180.9516129032259,30.0,3.0,17.0,370.0,31.0
58,4800.0,1.16,599.9702842377261,0.3968945736119839,1292.578125,31.0,3.0,16.0,387.0,32.0
58,5000.0,1.1,600.1569343065694,0.3946040175947135,1292.578125,29.0,5.0,16.0,411.0,32.0
58,5200.0,1.16,603.4882629107981,0.3949688849248981,1410.7575757575758,29.0,5.0,16.0,426.0,33.0
58,5400.0,1.14,608.0720620842573,0.39172561976770115,1410.7575757575758,30.0,5.0,15.0,451.0,33.0
58,5600.0,1.14,601.0972515856237,0.3866985587740458,1410.7575757575758,29.0,6.0,15.0,473.0,33.0
58,5800.0,1.16,600.9572301425662,0.3864350434800235,1410.7575757575758,29.0,6.0,15.0,491.0,33.0
58,6000.0,1.1,594.980694980695,0.3894553341576632,1540.985294117647,32.0,3.0,15.0,518.0,34.0
58,6200.0,1.12,583.6158759124088,0.39190805343279345,1540.985294117647,32.0,4.0,14.0,548.0,34.0
58,6400.0,1.14,586.1577540106952,0.3926377880931628,1540.985294117647,32.0,4.0,14.0,561.0,34.0
58,6600.0,1.16,581.4419795221843,0.39638781343117185,1681.2714285714285,33.0,3.0,14.0,586.0,35.0
58,6800.0,1.12,582.4013157894736,0.4020027162345692,1681.2714285714285,33.0,4.0,13.0,608.0,35.0
58,7000.0,1.14,578.5015898251193,0.40484057324711653,1823.611111111111,33.0,4.0,13.0,629.0,36.0
58,7200.0,1.16,572.9404580152672,0.4042324610301421,1823.611111111111,32.0,5.0,13.0,655.0,36.0
58,7400.0,1.14,573.1359583952452,0.3974418746072609,1823.611111111111,29.0,8.0,13.0,673.0,36.0
58,7600.0,1.16,572.200288184438,0.391847242211096,1975.4054054054054,29.0,8.0,13.0,694.0,37.0
58,7800.0,1.16,571.0839210155148,0.38880668112622385,1975.4054054054054,30.0,7.0,13.0,709.0,37.0
58,8000.0,1.14,567.2357336956521,0.3841647578699856,1975.4054054054054,28.0,9.0,13.0,736.0,37.0
58,8200.0,1.16,565.3709043250327,0.383212048730059,1975.4054054054054,26.0,11.0,13.0,763.0,37.0
58,8400.0,1.1,564.7003768844221,0.38477287008696004,1975.4054054054054,29.0,9.0,12.0,796.0,37.0
58,8600.0,1.12,561.5159901599015,0.383718808910871,1975.4054054054054,29.0,9.0,12.0,813.0,37.0
58,8800.0,1.14,558.7105263157895,0.3789552632112379,1975.4054054054054,28.0,10.0,12.0,836.0,37.0
58,9000.0,1.1,558.9452852153667,0.38487422212312244,1975.4054054054054,28.0,10.0,12.0,859.0,37.0
58,9200.0,1.12,557.1399317406143,0.3943810431151562,2163.407894736842,31.0,7.0,12.0,879.0,38.0
58,9400.0,1.14,557.4241917502787,0.3975837674578882,2163.407894736842,29.0,9.0,12.0,897.0,38.0
58,9600.0,1.16,556.9018538713195,0.3917458901749336,2163.407894736842,25.0,13.0,12.0,917.0,38.0
58,9800.0,1.12,556.7993596584845,0.38627288022216366,2163.407894736842,25.0,13.0,12.0,937.0,38.0
58,10000.0,1.16,557.7520703933748,0.39211075750511826,2163.407894736842,29.0,10.0,11.0,966.0,38.0
58,10200.0,1.14,552.6274014155713,0.40105000709464256,2163.407894736842,30.0,10.0,10.0,989.0,38.0
58,10400.0,1.14,551.2888229475767,0.41035412401435145,2163.407894736842,30.0,10.0,10.0,1011.0,38.0
58,10600.0,1.12,552.3195525291828,0.4170636288083028,2374.75641025641,34.0,7.0,9.0,1028.0,39.0
58,10800.0,1.14,552.4092219020173,0.41927310319664324,2583.725,33.0,8.0,9.0,1041.0,40.0
58,11000.0,1.14,553.2075117370892,0.41977986337745526,2583.725,33.0,8.0,9.0,1065.0,40.0
58,11200.0,1.14,556.5332717190388,0.41728660328786005,2583.725,34.0,7.0,9.0,1082.0,40.0
58,11400.0,1.14,556.3328792007267,0.4183001236494841,2583.725,33.0,8.0,9.0,1101.0,40.0
58,11600.0,1.14,555.4421888790821,0.4206312204812195,2583.725,32.0,9.0,9.0,1133.0,40.0
58,11800.0,1.12,553.6407599309154,0.4202866235582673,2583.725,34.0,7.0,9.0,1158.0,40.0
58,12000.0,1.16,552.7572402044293,0.4199420266353151,2583.725,31.0,10.0,9.0,1174.0,40.0
58,12200.0,1.14,550.8698915763136,0.41598929722498124,2583.725,29.0,12.0,9.0,1199.0,40.0
58,12400.0,1.14,549.8680327868852,0.40994871586970183,2583.725,30.0,11.0,9.0,1220.0,40.0
58,12600.0,1.16,550.7590945836702,0.4102325015709566,2583.725,29.0,12.0,9.0,1237.0,40.0
58,12800.0,1.12,550.50796812749,0.4102122311637241,2583.725,26.0,15.0,9.0,1255.0,40.0
58,13000.0,1.16,552.049648162627,0.40579328238704315,2837.0,27.0,14.0,9.0,1279.0,41.0
58,13200.0,1.16,549.1886936592819,0.40753653740903656,2837.0,29.0,13.0,8.0,1309.0,41.0
58,13400.0,1.14,547.7984234234234,0.40287434374556585,2837.0,26.0,16.0,8.0,1332.0,41.0
58,13600.0,1.12,546.9207227138643,0.40380678247825996,2837.0,28.0,14.0,8.0,1356.0,41.0
58,13800.0,1.16,545.453056768559,0.40925952202379745,2837.0,29.0,13.0,8.0,1374.0,41.0
58,14000.0,1.14,547.0531991373113,0.4096649301684471,3101.5714285714284,30.0,12.0,8.0,1391.0,42.0
58,14200.0,1.14,546.998941425547,0.4166176798491882,3101.5714285714284,32.0,10.0,8.0,1417.0,42.0
58,14400.0,1.14,545.9303534303534,0.42421908256136864,3101.5714285714284,31.0,12.0,7.0,1443.0,42.0
58,14600.0,1.14,545.2239726027398,0.4246042202987858,3101.5714285714284,30.0,13.0,7.0,1460.0,42.0
58,14800.0,1.16,545.2298578199052,0.4274218069041007,3101.5714285714284,30.0,13.0,7.0,1477.0,42.0
58,15000.0,1.16,545.9595588235294,0.42543530699531756,3101.5714285714284,29.0,14.0,7.0,1496.0,42.0
58,15200.0,1.12,548.2490118577075,0.4232055621997446,3379.779069767442,30.0,14.0,6.0,1518.0,43.0
58,15400.0,1.16,544.621456185567,0.4233677254576044,3379.779069767442,30.0,14.0,6.0,1552.0,43.0
58,15600.0,1.14,544.7409523809524,0.42758397016196054,3379.779069767442,32.0,12.0,6.0,1575.0,43.0
58,15800.0,1.14,543.110450563204,0.43210427097480386,3657.7613636363635,33.0,11.0,6.0,1598.0,44.0
58,16000.0,1.14,539.9461869618697,0.43362455151724,3657.7613636363635,31.0,13.0,6.0,1626.0,44.0
59,0.0,0.0,nan,0.015202805424360975,nan,0.0,0.0,50.0,0.0,0.0
59,200.0,0.62,65.0,0.05316927817079845,nan,0.0,20.0,30.0,2.0,0.0
59,400.0,1.06,133.75,0.12494679018101473,368.5,1.0,28.0,21.0,10.0,1.0
59,600.0,1.16,169.58333333333334,0.1965215981189062,510.4166666666667,6.0,25.0,19.0,12.0,6.0
59,800.0,1.18,232.03333333333333,0.25471793728336,613.6666666666666,15.0,16.0,19.0,15.0,15.0
59,1000.0,1.18,399.2692307692308,0.3053736849573308,708.1521739130435,23.0,7.0,20.0,26.0,23.0
59,1200.0,1.16,498.7878787878788,0.3474955911864269,771.6607142857143,28.0,2.0,20.0,33.0,28.0
59,1400.0,1.18,590.0326086956521,0.378326880587031,792.5,28.0,2.0,20.0,46.0,29.0
59,1600.0,1.16,729.276119402985,0.38963776782275555,792.5,29.0,1.0,20.0,67.0,29.0
59,1800.0,1.18,737.1162790697674,0.39409725741390145,792.5,29.0,1.0,20.0,86.0,29.0
59,2000.0,1.16,755.4065420560747,0.39221210954128066,792.5,29.0,2.0,19.0,107.0,29.0
59,2200.0,1.18,724.1496062992126,0.3843674619423104,792.5,27.0,4.0,19.0,127.0,29.0
59,2400.0,1.16,720.1402877697842,0.37911742646909774,792.5,28.0,3.0,19.0,139.0,29.0
59,2600.0,1.14,713.6614906832298,0.37417144710437233,792.5,29.0,1.0,20.0,161.0,29.0
59,2800.0,1.14,690.3060109289618,0.37477955932134677,792.5,28.0,2.0,20.0,183.0,29.0
59,3000.0,1.14,684.7307692307693,0.38171203859485536,792.5,28.0,3.0,19.0,208.0,29.0
59,3200.0,1.14,654.2424892703863,0.38043500293920907,792.5,26.0,5.0,19.0,233.0,29.0
59,3400.0,1.16,644.2379032258065,0.3831106966938966,952.241935483871,28.0,4.0,18.0,248.0,31.0
59,3600.0,1.18,652.5992217898832,0.38682018121744066,952.241935483871,28.0,4.0,18.0,257.0,31.0
59,3800.0,1.16,638.2109929078014,0.3872255893620903,952.241935483871,28.0,5.0,17.0,282.0,31.0
59,4000.0,1.16,639.2915309446254,0.3926377880931628,1045.203125,30.0,3.0,17.0,307.0,32.0
59,4200.0,1.12,636.5619195046439,0.40198244582733667,1140.2575757575758,30.0,4.0,16.0,323.0,33.0
59,4400.0,1.18,622.7204610951009,0.40469868039648915,1140.2575757575758,30.0,4.0,16.0,347.0,33.0
59,4600.0,1.16,616.5,0.40407029777228226,1140.2575757575758,31.0,3.0,16.0,380.0,33.0
59,4800.0,1.16,614.0252525252525,0.4064216650112501,1140.2575757575758,31.0,3.0,16.0,396.0,33.0
59,5000.0,1.18,611.1096385542169,0.4137392820221758,1250.5441176470588,33.0,2.0,15.0,415.0,34.0
59,5200.0,1.14,612.7712643678161,0.41554334826586664,1250.5441176470588,33.0,2.0,15.0,435.0,34.0
59,5400.0,1.16,604.3665207877461,0.42046905722335964,1367.3857142857144,33.0,2.0,15.0,457.0,35.0
59,5600.0,1.18,603.9588607594936,0.4194960776762005,1367.3857142857144,32.0,3.0,15.0,474.0,35.0
59,5800.0,1.14,604.928,0.4148541544199623,1367.3857142857144,29.0,6.0,15.0,500.0,35.0
59,6000.0,1.18,603.0067307692308,0.4183001236494841,1367.3857142857144,31.0,5.0,14.0,520.0,35.0
59,6200.0,1.12,599.3566176470588,0.42413800093243875,1367.3857142857144,32.0,4.0,14.0,544.0,35.0
59,6400.0,1.14,596.8180212014134,0.4278677558632153,1367.3857142857144,33.0,3.0,14.0,566.0,35.0
59,6600.0,1.18,594.8696763202726,0.4203474347799647,1367.3857142857144,33.0,3.0,14.0,587.0,35.0
59,6800.0,1.16,592.9654605263158,0.4259015263616646,1512.8055555555557,32.0,5.0,13.0,608.0,36.0
59,7000.0,1.16,589.3041074249605,0.42517179170129527,1512.8055555555557,31.0,6.0,13.0,633.0,36.0
59,7200.0,1.18,585.656923076923,0.41793525631929945,1661.945945945946,31.0,6.0,13.0,650.0,37.0
59,7400.0,1.14,586.9449404761905,0.4167190318853506,1661.945945945946,32.0,5.0,13.0,672.0,37.0
59,7600.0,1.14,587.4712230215828,0.42561774066040986,1661.945945945946,34.0,3.0,13.0,695.0,37.0
59,7800.0,1.18,581.4736842105264,0.4364015973080899,1661.945945945946,33.0,5.0,12.0,722.0,37.0
59,8000.0,1.16,576.8590785907859,0.438428638031338,1661.945945945946,33.0,5.0,12.0,738.0,37.0
59,8200.0,1.16,577.9710144927536,0.4335029290738451,1661.945945945946,34.0,4.0,12.0,759.0,37.0
59,8400.0,1.14,577.0868725868726,0.423266373421442,1661.945945945946,33.0,5.0,12.0,777.0,37.0
59,8600.0,1.16,576.8339529120199,0.4177933634686721,1661.945945945946,33.0,5.0,12.0,807.0,37.0
59,8800.0,1.18,575.7702863961814,0.41736768491679,1661.945945945946,32.0,6.0,12.0,838.0,37.0
59,9000.0,1.18,571.2229965156795,0.41649605740579326,1661.945945945946,31.0,7.0,12.0,861.0,37.0
59,9200.0,1.18,568.5131278538813,0.4117122412989277,1661.945945945946,30.0,8.0,12.0,876.0,37.0
59,9400.0,1.16,564.9130675526025,0.41207710862911234,1661.945945945946,28.0,10.0,12.0,903.0,37.0
59,9600.0,1.18,561.6818181818181,0.4210163582186366,1868.0131578947369,30.0,8.0,12.0,924.0,38.0
59,9800.0,1.18,558.6703470031546,0.4218677153224008,1868.0131578947369,29.0,9.0,12.0,951.0,38.0
59,10000.0,1.16,558.8832304526749,0.42010418989317494,1868.0131578947369,29.0,10.0,11.0,972.0,38.0
59,10200.0,1.12,558.501998001998,0.4185636389435064,1868.0131578947369,30.0,9.0,11.0,1001.0,38.0
59,10400.0,1.18,556.8464566929134,0.41923256238217826,1868.0131578947369,30.0,9.0,11.0,1016.0,38.0
59,10600.0,1.14,555.8885686839577,0.4237123223805566,2087.525641025641,30.0,9.0,11.0,1041.0,39.0
59,10800.0,1.16,555.3344370860927,0.43244886789775605,2087.525641025641,30.0,10.0,10.0,1057.0,39.0
59,11000.0,1.18,558.094243268338,0.4334015770376827,2087.525641025641,29.0,11.0,10.0,1077.0,39.0
59,11200.0,1.18,556.4185623293904,0.42730018446070583,2087.525641025641,28.0,13.0,9.0,1099.0,39.0
59,11400.0,1.18,557.0590339892666,0.424360975411996,2087.525641025641,28.0,13.0,9.0,1118.0,39.0
59,11600.0,1.16,560.4560246262093,0.42229339387428294,2322.725,29.0,12.0,9.0,1137.0,40.0
59,11800.0,1.18,560.3295750216826,0.42561774066040986,2550.6585365853657,33.0,8.0,9.0,1153.0,41.0
59,12000.0,1.16,559.9779847586791,0.42373259278778913,2550.6585365853657,32.0,9.0,9.0,1181.0,41.0
59,12200.0,1.16,557.7654682274248,0.42259744998277016,2550.6585365853657,31.0,10.0,9.0,1196.0,41.0
59,12400.0,1.16,559.7032019704434,0.42095554699693916,2550.6585365853657,30.0,11.0,9.0,1218.0,41.0
59,12600.0,1.18,559.9843247588425,0.41238116473759956,2550.6585365853657,29.0,13.0,8.0,1244.0,41.0
59,12800.0,1.18,559.0156985871272,0.4134960371353861,2550.6585365853657,28.0,14.0,8.0,1274.0,41.0
59,13000.0,1.18,558.5513513513514,0.430300204731113,2550.6585365853657,29.0,13.0,8.0,1295.0,41.0
59,13200.0,1.16,554.9844931921332,0.43463807187886405,2802.4523809523807,30.0,12.0,8.0,1322.0,42.0
59,13400.0,1.14,554.0516080777861,0.4320840005675714,2802.4523809523807,31.0,11.0,8.0,1337.0,42.0
59,13600.0,1.16,554.6488269794721,0.43086777613362254,2802.4523809523807,29.0,13.0,8.0,1364.0,42.0
59,13800.0,1.18,555.8808664259927,0.43309752092919546,2802.4523809523807,31.0,11.0,8.0,1385.0,42.0
59,14000.0,1.14,554.8551136363636,0.4316785924229218,2802.4523809523807,29.0,13.0,8.0,1408.0,42.0
59,14200.0,1.18,552.8067784765898,0.4309083169480875,2802.4523809523807,29.0,13.0,8.0,1431.0,42.0
59,14400.0,1.18,551.8601928374655,0.4299961486226258,2802.4523809523807,31.0,11.0,8.0,1452.0,42.0
59,14600.0,1.16,551.3440677966101,0.42661099061480146,2802.4523809523807,29.0,13.0,8.0,1475.0,42.0
59,14800.0,1.16,551.649367930805,0.4266312610220339,2802.4523809523807,30.0,12.0,8.0,1503.0,42.0
59,15000.0,1.16,550.0499015101773,0.43076642409746013,2802.4523809523807,32.0,10.0,8.0,1523.0,42.0
59,15200.0,1.18,549.9834523036989,0.42819208237893497,2802.4523809523807,33.0,9.0,8.0,1541.0,42.0
59,15400.0,1.18,550.4846449136277,0.42650963857863905,2802.4523809523807,31.0,12.0,7.0,1563.0,42.0
59,15600.0,1.14,549.6806962025316,0.4248271947783431,2802.4523809523807,31.0,12.0,7.0,1580.0,42.0
59,15800.0,1.12,549.6658354114713,0.42030689396549975,2802.4523809523807,27.0,16.0,7.0,1604.0,42.0
59,16000.0,1.16,550.6003694581281,0.4148541544199623,3105.813953488372,28.0,15.0,7.0,1624.0,43.0
60,0.0,0.0,nan,0.015202805424360975,nan,0.0,0.0,50.0,0.0,0.0
60,200.0,0.7,44.666666666666664,0.0570206555449699,nan,0.0,21.0,29.0,3.0,0.0
60,400.0,1.1,135.0,0.13037925931931973,nan,0.0,30.0,20.0,8.0,0.0
60,600.0,1.18,215.46666666666667,0.19398779721484605,524.4166666666666,6.0,24.0,20.0,15.0,6.0
60,800.0,1.2,281.7631578947368,0.24975168751140212,621.5,14.0,16.0,20.0,19.0,14.0
60,1000.0,1.2,324.2291666666667,0.29836012405489226,738.48,25.0,5.0,20.0,24.0,25.0
60,1200.0,1.2,481.5147058823529,0.33330630612369,774.6607142857143,26.0,4.0,20.0,34.0,28.0
60,1400.0,1.16,596.3367346938776,0.359333509010196,774.6607142857143,26.0,4.0,20.0,49.0,28.0
60,1600.0,1.16,728.28,0.37378630936695517,774.6607142857143,27.0,3.0,20.0,75.0,28.0
60,1800.0,1.18,744.1302083333334,0.37996878357286196,774.6607142857143,27.0,2.0,21.0,96.0,28.0
60,2000.0,1.18,727.570796460177,0.38457016601463523,774.6607142857143,27.0,2.0,21.0,113.0,28.0
60,2200.0,1.18,715.6162790697674,0.38499584456651736,774.6607142857143,28.0,1.0,21.0,129.0,28.0
60,2400.0,1.2,716.1541095890411,0.3861917985932337,774.6607142857143,26.0,3.0,21.0,146.0,28.0
60,2600.0,1.2,708.8553459119497,0.3801512172379543,774.6607142857143,25.0,5.0,20.0,159.0,28.0
60,2800.0,1.18,698.5988700564972,0.3796039162426773,774.6607142857143,25.0,6.0,19.0,177.0,28.0
60,3000.0,1.2,689.0561224489796,0.3828269109926418,849.1034482758621,25.0,6.0,19.0,196.0,29.0
60,3200.0,1.2,693.126168224299,0.383212048730059,849.1034482758621,26.0,6.0,18.0,214.0,29.0
60,3400.0,1.2,682.0735930735931,0.3851377374171447,849.1034482758621,25.0,10.0,15.0,231.0,29.0
60,3600.0,1.2,688.6471774193549,0.38671882918127826,1098.578125,26.0,9.0,15.0,248.0,32.0
60,3800.0,1.2,693.9944237918215,0.3930837370522774,1098.578125,27.0,8.0,15.0,269.0,32.0
60,4000.0,1.2,686.2206896551725,0.40733383333671175,1181.5757575757575,28.0,7.0,15.0,290.0,33.0
60,4200.0,1.16,684.7508090614887,0.4107189913445361,1268.264705882353,29.0,7.0,14.0,309.0,34.0
60,4400.0,1.18,682.3604294478528,0.41159061885553283,1268.264705882353,30.0,5.0,15.0,326.0,34.0
60,4600.0,1.16,671.0514285714286,0.41000952709139926,1361.2428571428572,32.0,3.0,15.0,350.0,35.0
60,4800.0,1.2,671.7303523035231,0.41264468003162186,1361.2428571428572,30.0,5.0,15.0,369.0,35.0
60,5000.0,1.2,663.0703324808184,0.41258386880992437,1361.2428571428572,31.0,4.0,15.0,391.0,35.0
60,5200.0,1.18,653.9878048780488,0.40346218555530783,1361.2428571428572,30.0,5.0,15.0,410.0,35.0
60,5400.0,1.2,646.7022471910112,0.40773924148136137,1361.2428571428572,30.0,5.0,15.0,445.0,35.0
60,5600.0,1.16,639.4051724137931,0.4135973891715485,1361.2428571428572,30.0,5.0,15.0,464.0,35.0
60,5800.0,1.2,637.4248434237995,0.40753653740903656,1361.2428571428572,32.0,5.0,13.0,479.0,35.0
60,6000.0,1.2,625.8182711198428,0.40291488456003083,1361.2428571428572,29.0,8.0,13.0,509.0,35.0
60,6200.0,1.2,627.1419047619048,0.3957594308069649,1361.2428571428572,29.0,8.0,13.0,525.0,35.0
60,6400.0,1.18,623.9093406593406,0.3960026756937547,1628.3513513513512,29.0,8.0,13.0,546.0,37.0
60,6600.0,1.2,624.3260105448155,0.4026919100804735,1628.3513513513512,31.0,7.0,12.0,569.0,37.0
60,6800.0,1.2,622.6140202702703,0.41406360853789553,1763.7631578947369,31.0,7.0,12.0,592.0,38.0
60,7000.0,1.16,621.8973727422003,0.4161514604828411,1763.7631578947369,34.0,4.0,12.0,609.0,38.0
60,7200.0,1.2,622.2852614896989,0.4144284758680802,1763.7631578947369,32.0,6.0,12.0,631.0,38.0
60,7400.0,1.14,619.9520547945206,0.4171244400300002,1763.7631578947369,32.0,6.0,12.0,657.0,38.0
60,7600.0,1.2,610.776798825257,0.4132527922485963,1763.7631578947369,32.0,6.0,12.0,681.0,38.0
60,7800.0,1.18,605.4612129760226,0.41461090953317253,1763.7631578947369,32.0,6.0,12.0,709.0,38.0
60,8000.0,1.2,603.9793388429752,0.4196379705268279,1763.7631578947369,31.0,7.0,12.0,726.0,38.0
60,8200.0,1.18,600.9158815612383,0.423266373421442,1763.7631578947369,31.0,8.0,11.0,743.0,38.0
60,8400.0,1.18,602.007874015748,0.4282934344150974,1763.7631578947369,30.0,9.0,11.0,762.0,38.0
60,8600.0,1.18,602.078443877551,0.4300569598443233,1763.7631578947369,28.0,11.0,11.0,784.0,38.0
60,8800.0,1.2,600.841811414392,0.42466503152048324,1763.7631578947369,29.0,10.0,11.0,806.0,38.0
60,9000.0,1.18,598.2369380315918,0.4181987716133217,1763.7631578947369,29.0,10.0,11.0,823.0,38.0
60,9200.0,1.2,602.9152843601896,0.41025277197818905,1950.525641025641,29.0,10.0,11.0,844.0,39.0
60,9400.0,1.2,602.7610208816706,0.4035432671842377,1950.525641025641,29.0,10.0,11.0,862.0,39.0
60,9600.0,1.18,599.1831065759637,0.40350272636977275,1950.525641025641,30.0,9.0,11.0,882.0,39.0
60,9800.0,1.2,596.9933920704846,0.405408144649626,1950.525641025641,29.0,10.0,11.0,908.0,39.0
60,10000.0,1.18,597.3299356223176,0.40459732836032675,1950.525641025641,29.0,10.0,11.0,932.0,39.0
60,10200.0,1.2,595.9926547743967,0.40846897614173067,1950.525641025641,30.0,9.0,11.0,953.0,39.0
60,10400.0,1.16,595.0318275154004,0.408104108811546,1950.525641025641,28.0,11.0,11.0,974.0,39.0
60,10600.0,1.2,594.9030303030303,0.4079419455536862,1950.525641025641,27.0,12.0,11.0,990.0,39.0
60,10800.0,1.18,594.2966601178782,0.40782032311029126,1950.525641025641,30.0,9.0,11.0,1018.0,39.0
60,11000.0,1.18,591.3427342256214,0.4112257515253481,1950.525641025641,30.0,9.0,11.0,1046.0,39.0
60,11200.0,1.16,587.3578110383536,0.41227981270143715,1950.525641025641,29.0,10.0,11.0,1069.0,39.0
60,11400.0,1.18,584.9533394327539,0.41827985324225164,1950.525641025641,28.0,11.0,11.0,1093.0,39.0
60,11600.0,1.16,582.8828264758497,0.41838120527841405,1950.525641025641,31.0,8.0,11.0,1118.0,39.0
60,11800.0,1.2,579.7221735319895,0.41124602193258064,1950.525641025641,31.0,8.0,11.0,1141.0,39.0
60,12000.0,1.16,579.8938356164383,0.4087527618429854,1950.525641025641,29.0,10.0,11.0,1168.0,39.0
60,12200.0,1.16,577.691435768262,0.40761761903796645,1950.525641025641,26.0,13.0,11.0,1191.0,39.0
60,12400.0,1.18,577.2924917491749,0.4107595321590011,1950.525641025641,27.0,12.0,11.0,1212.0,39.0
60,12600.0,1.16,575.7396761133604,0.40822573125494094,1950.525641025641,28.0,12.0,10.0,1235.0,39.0
60,12800.0,1.16,575.83,0.40676626193420223,1950.525641025641,28.0,13.0,9.0,1250.0,39.0
60,13000.0,1.18,577.2824037706206,0.4035838079987027,1950.525641025641,28.0,13.0,9.0,1273.0,39.0
60,13200.0,1.18,574.3334618350038,0.4052257109845337,2230.7,29.0,13.0,8.0,1297.0,40.0
60,13400.0,1.2,575.8531202435312,0.4032392110757505,2502.4024390243903,28.0,14.0,8.0,1314.0,41.0
60,13600.0,1.18,575.4457741211668,0.40757707822350153,2502.4024390243903,26.0,16.0,8.0,1337.0,41.0
60,13800.0,1.2,574.9210332103321,0.41639470536963086,2768.9761904761904,28.0,14.0,8.0,1355.0,42.0
60,14000.0,1.2,574.2460087082728,0.425496118217015,2768.9761904761904,27.0,15.0,8.0,1378.0,42.0
60,14200.0,1.2,574.648426323319,0.4223136642815154,2768.9761904761904,28.0,14.0,8.0,1398.0,42.0
60,14400.0,1.2,573.708011243851,0.4152798329718444,2768.9761904761904,27.0,15.0,8.0,1423.0,42.0
60,14600.0,1.2,572.2208821502412,0.41763120021081224,2768.9761904761904,29.0,14.0,7.0,1451.0,42.0
60,14800.0,1.2,570.469450101833,0.4304420975817404,2768.9761904761904,29.0,14.0,7.0,1473.0,42.0
60,15000.0,1.18,570.8997326203208,0.4392597247278698,2768.9761904761904,30.0,13.0,7.0,1496.0,42.0
60,15200.0,1.18,568.7849604221636,0.44017189305333143,2768.9761904761904,32.0,11.0,7.0,1516.0,42.0
60,15400.0,1.2,567.2906148867314,0.443901647984108,2768.9761904761904,32.0,12.0,6.0,1545.0,42.0
60,15600.0,1.16,566.8843212237093,0.4463949080737032,2768.9761904761904,32.0,12.0,6.0,1569.0,42.0
60,15800.0,1.2,565.4015103838892,0.4440840816492003,3126.3295454545455,31.0,13.0,6.0,1589.0,44.0
60,16000.0,1.18,564.1937577255871,0.442847586808019,3412.088888888889,34.0,10.0,6.0,1618.0,45.0
61,0.0,0.0,nan,0.015202805424360975,nan,0.0,0.0,50.0,0.0,0.0
61,200.0,0.66,32.642857142857146,0.05400036486733018,nan,0.0,19.0,31.0,7.0,0.0
61,400.0,1.16,48.45,0.1144669896418219,386.0,2.0,23.0,25.0,10.0,2.0
61,600.0,1.16,172.0,0.16806194636450247,489.07142857142856,7.0,17.0,26.0,18.0,7.0
61,800.0,1.2,243.60416666666666,0.2161433523199481,597.2,14.0,10.0,26.0,24.0,15.0
61,1000.0,1.18,394.3783783783784,0.2566638963776782,672.0952380952381,21.0,3.0,26.0,37.0,21.0
61,1200.0,1.22,423.1195652173913,0.28621815012263596,692.8409090909091,21.0,4.0,25.0,46.0,22.0
61,1400.0,1.22,537.9765625,0.3134413070358584,692.8409090909091,21.0,5.0,24.0,64.0,22.0
61,1600.0,1.16,623.9488636363636,0.32949546956398357,692.8409090909091,22.0,5.0,23.0,88.0,22.0
61,1800.0,1.22,648.858407079646,0.3398131068453165,812.42,25.0,2.0,23.0,113.0,25.0
61,2000.0,1.2,651.608870967742,0.3466645044898952,854.1538461538462,26.0,1.0,23.0,124.0,26.0
61,2200.0,1.16,639.5536912751678,0.3577929580605274,854.1538461538462,26.0,3.0,21.0,149.0,26.0
61,2400.0,1.2,621.7441176470588,0.3684957330792776,854.1538461538462,26.0,3.0,21.0,170.0,26.0
61,2600.0,1.18,618.9107142857143,0.375083615429834,854.1538461538462,26.0,3.0,21.0,196.0,26.0
61,2800.0,1.2,622.613425925926,0.3780836357002412,984.3392857142857,27.0,2.0,21.0,216.0,28.0
61,3000.0,1.2,609.0978723404255,0.3771714673747796,984.3392857142857,26.0,3.0,21.0,235.0,28.0
61,3200.0,1.18,603.1870078740158,0.3786512071027507,984.3392857142857,27.0,2.0,21.0,254.0,28.0
61,3400.0,1.22,602.1708633093525,0.3783066101797985,984.3392857142857,28.0,2.0,20.0,278.0,28.0
61,3600.0,1.16,600.8853820598007,0.3824417732552247,984.3392857142857,27.0,3.0,20.0,301.0,28.0
61,3800.0,1.18,597.9723076923077,0.3854417935256319,984.3392857142857,27.0,3.0,20.0,325.0,28.0
61,4000.0,1.22,596.405325443787,0.3856039567834918,1082.7931034482758,28.0,2.0,20.0,338.0,29.0
61,4200.0,1.22,596.8328611898017,0.38469178845803015,1082.7931034482758,26.0,4.0,20.0,353.0,29.0
61,4400.0,1.2,591.9698162729659,0.3844688139784728,1188.6166666666666,26.0,4.0,20.0,381.0,30.0
61,4600.0,1.22,586.6508728179551,0.3825228548841546,1188.6166666666666,24.0,6.0,20.0,401.0,30.0
61,4800.0,1.22,594.8028503562946,0.38408367624105566,1188.6166666666666,25.0,5.0,20.0,421.0,30.0
61,5000.0,1.22,590.3724604966139,0.38586747207751404,1188.6166666666666,26.0,4.0,20.0,443.0,30.0
61,5200.0,1.22,594.0971922246221,0.38479314049419255,1188.6166666666666,27.0,3.0,20.0,463.0,30.0
61,5400.0,1.22,589.829853862213,0.3865769363306509,1188.6166666666666,25.0,5.0,20.0,479.0,30.0
61,5600.0,1.22,589.8,0.38077959986216126,1188.6166666666666,25.0,5.0,20.0,505.0,30.0
61,5800.0,1.2,590.8566037735849,0.3849147629375874,1188.6166666666666,26.0,4.0,20.0,530.0,30.0
61,6000.0,1.16,586.4419237749546,0.3904080432975898,1188.6166666666666,26.0,5.0,19.0,551.0,30.0
61,6200.0,1.2,585.631161971831,0.39211075750511826,1350.1451612903227,28.0,3.0,19.0,568.0,31.0
61,6400.0,1.22,583.8483816013629,0.39024588003973,1350.1451612903227,28.0,3.0,19.0,587.0,31.0
61,6600.0,1.2,580.9927884615385,0.3877323495429023,1350.1451612903227,27.0,4.0,19.0,624.0,31.0
61,6800.0,1.18,577.9968895800934,0.38692153325360307,1350.1451612903227,28.0,3.0,19.0,643.0,31.0
61,7000.0,1.2,571.9110612855008,0.38631342103662863,1350.1451612903227,29.0,2.0,19.0,669.0,31.0
61,7200.0,1.2,571.1491354466859,0.3872255893620903,1350.1451612903227,30.0,2.0,18.0,694.0,31.0
61,7400.0,1.2,572.5140056022409,0.38463097723633266,1350.1451612903227,27.0,5.0,18.0,714.0,31.0
61,7600.0,1.22,569.9706284153006,0.3866580179595808,1350.1451612903227,26.0,7.0,17.0,732.0,31.0
61,7800.0,1.2,571.5212483399735,0.3902661504469625,1547.296875,28.0,5.0,17.0,753.0,32.0
61,8000.0,1.22,574.5924967658474,0.3980905276387003,1740.7121212121212,31.0,2.0,17.0,773.0,33.0
61,8200.0,1.22,575.6879746835443,0.40078649180062026,1740.7121212121212,30.0,3.0,17.0,790.0,33.0
61,8400.0,1.18,575.4913473423981,0.398881073520767,1740.7121212121212,29.0,4.0,17.0,809.0,33.0
61,8600.0,1.18,573.6760817307693,0.39573916039973245,1740.7121212121212,27.0,7.0,16.0,832.0,33.0
61,8800.0,1.22,576.3456140350877,0.392435084020838,1740.7121212121212,27.0,7.0,16.0,855.0,33.0
61,9000.0,1.14,575.3740022805017,0.3938134717126467,1740.7121212121212,26.0,8.0,16.0,877.0,33.0
61,9200.0,1.22,573.1059085841695,0.38998236474570774,1958.7941176470588,28.0,6.0,16.0,897.0,34.0
61,9400.0,1.2,569.6806451612903,0.3885228954249691,1958.7941176470588,29.0,5.0,16.0,930.0,34.0
61,9600.0,1.18,566.2368972746332,0.38785397198629723,1958.7941176470588,28.0,6.0,16.0,954.0,34.0
61,9800.0,1.18,564.959100204499,0.3830904262866641,1958.7941176470588,29.0,5.0,16.0,978.0,34.0
61,10000.0,1.2,565.452068617558,0.3861107169643038,1958.7941176470588,27.0,8.0,15.0,991.0,34.0
61,10200.0,1.18,563.4281496062993,0.39028642085419496,1958.7941176470588,27.0,8.0,15.0,1016.0,34.0
61,10400.0,1.2,564.2084942084942,0.3860904465570713,1958.7941176470588,27.0,8.0,15.0,1036.0,34.0
61,10600.0,1.2,564.1680830972616,0.3849553037520524,2202.657142857143,26.0,9.0,15.0,1059.0,35.0
61,10800.0,1.2,564.5889400921659,0.38280664058540936,2202.657142857143,26.0,9.0,15.0,1085.0,35.0
61,11000.0,1.2,564.1968468468468,0.38325258954452396,2202.657142857143,27.0,8.0,15.0,1110.0,35.0
61,11200.0,1.18,563.6179328621909,0.3828877222143393,2202.657142857143,28.0,7.0,15.0,1132.0,35.0
61,11400.0,1.16,561.4554112554113,0.38923235967810593,2202.657142857143,28.0,7.0,15.0,1155.0,35.0
61,11600.0,1.22,562.0281090289608,0.39385401252711166,2202.657142857143,27.0,8.0,15.0,1174.0,35.0
61,11800.0,1.18,559.9761904761905,0.39930675207264915,2202.657142857143,29.0,6.0,15.0,1197.0,35.0
61,12000.0,1.2,558.0934693877551,0.3972999817566335,2202.657142857143,29.0,7.0,14.0,1225.0,35.0
61,12200.0,1.18,560.1677419354838,0.3985364765978148,2202.657142857143,28.0,8.0,14.0,1240.0,35.0
61,12400.0,1.16,560.4264822134387,0.39573916039973245,2202.657142857143,27.0,9.0,14.0,1265.0,35.0
61,12600.0,1.22,559.0646921278254,0.3965499766890317,2202.657142857143,29.0,7.0,14.0,1283.0,35.0
61,12800.0,1.2,561.3568147013782,0.4021040682707316,2494.8333333333335,32.0,5.0,13.0,1306.0,36.0
61,13000.0,1.22,559.2823795180723,0.4094824965033548,2494.8333333333335,33.0,4.0,13.0,1328.0,36.0
61,13200.0,1.22,558.0979381443299,0.41382036365110575,2494.8333333333335,34.0,3.0,13.0,1358.0,36.0
61,13400.0,1.22,558.4748725418791,0.415137940121217,2784.310810810811,34.0,3.0,13.0,1373.0,37.0
61,13600.0,1.22,559.0769506084466,0.4117122412989277,2784.310810810811,32.0,6.0,12.0,1397.0,37.0
61,13800.0,1.18,558.5049295774647,0.41274603206778426,2784.310810810811,30.0,8.0,12.0,1420.0,37.0
61,14000.0,1.22,557.7857142857143,0.41282711369671415,2784.310810810811,28.0,10.0,12.0,1442.0,37.0
61,14200.0,1.2,556.417747440273,0.4137595524294083,3081.2631578947367,29.0,9.0,12.0,1465.0,38.0
61,14400.0,1.2,555.2092318059299,0.41813796039162426,3081.2631578947367,28.0,10.0,12.0,1484.0,38.0
61,14600.0,1.2,556.1289893617021,0.4165771390347232,3081.2631578947367,27.0,11.0,12.0,1504.0,38.0
61,14800.0,1.2,555.6173001310616,0.4088743842863803,3081.2631578947367,28.0,10.0,12.0,1526.0,38.0
61,15000.0,1.18,555.4861379754997,0.4040297569578173,3081.2631578947367,27.0,10.0,13.0,1551.0,38.0
61,15200.0,1.22,553.186788874842,0.40177974175501185,3081.2631578947367,27.0,10.0,13.0,1582.0,38.0
61,15400.0,1.16,552.6670822942643,0.3991648592220218,3081.2631578947367,26.0,11.0,13.0,1604.0,38.0
61,15600.0,1.2,553.3012939001849,0.4058338232015081,3081.2631578947367,27.0,11.0,12.0,1623.0,38.0
61,15800.0,1.18,554.5163834951456,0.41412441975959297,3405.897435897436,30.0,8.0,12.0,1648.0,39.0
61,16000.0,1.2,553.708932853717,0.41927310319664324,3405.897435897436,30.0,8.0,12.0,1668.0,39.0
62,0.0,0.0,nan,0.015202805424360975,nan,0.0,0.0,50.0,0.0,0.0
62,200.0,0.7,18.166666666666668,0.05337198224312326,nan,0.0,20.0,30.0,3.0,0.0
62,400.0,1.14,100.42857142857143,0.12012243325968419,333.0,1.0,25.0,24.0,7.0,1.0
62,600.0,1.2,250.23529411764707,0.1812579814728478,455.7,5.0,23.0,22.0,17.0,5.0
62,800.0,1.24,285.0681818181818,0.23801512172379544,630.3888888888889,18.0,10.0,22.0,22.0,18.0
62,1000.0,1.2,361.125,0.286177609308171,664.4047619047619,21.0,8.0,21.0,28.0,21.0
62,1200.0,1.22,486.0,0.32604950033446173,725.62,25.0,4.0,21.0,39.0,25.0
62,1400.0,1.22,576.25,0.3577118764315975,746.1730769230769,26.0,3.0,21.0,54.0,26.0
62,1600.0,1.24,716.7808219178082,0.3699754728072487,801.125,28.0,1.0,21.0,73.0,28.0
62,1800.0,1.22,756.7578947368421,0.37471874809964933,801.125,27.0,2.0,21.0,95.0,28.0
62,2000.0,1.2,756.8991228070175,0.37368495733079277,801.125,27.0,2.0,21.0,114.0,28.0
62,2200.0,1.2,708.8201438848921,0.3775768755194292,801.125,27.0,1.0,22.0,139.0,28.0
62,2400.0,1.22,687.5621118012423,0.3711308860195001,801.125,28.0,0.0,22.0,161.0,28.0
62,2600.0,1.24,641.4201030927835,0.3682524881924878,801.125,28.0,1.0,21.0,194.0,28.0
62,2800.0,1.22,617.0233644859813,0.3636511057507145,801.125,28.0,1.0,21.0,214.0,28.0
62,3000.0,1.2,619.3966244725739,0.3632456976060649,801.125,26.0,3.0,21.0,237.0,28.0
62,3200.0,1.24,618.3149606299213,0.3620092027648835,801.125,25.0,4.0,21.0,254.0,28.0
62,3400.0,1.2,618.36,0.36744167190318855,887.3103448275862,27.0,2.0,21.0,275.0,29.0
62,3600.0,1.24,610.5915254237289,0.37674578882289744,887.3103448275862,27.0,2.0,21.0,295.0,29.0
62,3800.0,1.24,608.9080996884735,0.3852593598605396,887.3103448275862,28.0,2.0,20.0,321.0,29.0
62,4000.0,1.22,609.2144970414201,0.39097561470009934,887.3103448275862,27.0,3.0,20.0,338.0,29.0
62,4200.0,1.24,602.5868347338935,0.3872864005837877,996.6333333333333,27.0,3.0,20.0,357.0,30.0
62,4400.0,1.24,603.11345646438,0.3852999006750046,996.6333333333333,29.0,1.0,20.0,379.0,30.0
62,4600.0,1.18,600.642144638404,0.38280664058540936,996.6333333333333,29.0,1.0,20.0,401.0,30.0
62,4800.0,1.2,593.2902097902098,0.37619848782762044,996.6333333333333,27.0,3.0,20.0,429.0,30.0
62,5000.0,1.22,592.5272925764192,0.37988770194393207,996.6333333333333,27.0,3.0,20.0,458.0,30.0
62,5200.0,1.24,589.4138655462185,0.38171203859485536,996.6333333333333,27.0,3.0,20.0,476.0,30.0
62,5400.0,1.24,584.7765531062124,0.3782660693653335,996.6333333333333,27.0,3.0,20.0,499.0,30.0
62,5600.0,1.24,583.8606870229007,0.3751444266515314,996.6333333333333,25.0,5.0,20.0,524.0,30.0
62,5800.0,1.24,579.4605504587156,0.3763606510854803,996.6333333333333,27.0,3.0,20.0,545.0,30.0
62,6000.0,1.22,576.6370826010544,0.38388097216873085,996.6333333333333,29.0,1.0,20.0,569.0,30.0
62,6200.0,1.24,580.4353741496599,0.38507692619544726,996.6333333333333,29.0,1.0,20.0,588.0,30.0
62,6400.0,1.2,579.4006568144499,0.3839620537976608,996.6333333333333,29.0,1.0,20.0,609.0,30.0
62,6600.0,1.24,579.3373015873016,0.38418502827721807,996.6333333333333,29.0,1.0,20.0,630.0,30.0
62,6800.0,1.24,577.5890410958904,0.3796241866499098,996.6333333333333,30.0,0.0,20.0,657.0,30.0
62,7000.0,1.18,579.870178041543,0.3789552632112379,996.6333333333333,27.0,3.0,20.0,674.0,30.0
62,7200.0,1.24,577.2636103151863,0.3799485131656295,996.6333333333333,28.0,3.0,19.0,698.0,30.0
62,7400.0,1.2,572.4303448275862,0.38596882411367645,996.6333333333333,29.0,3.0,18.0,725.0,30.0
62,7600.0,1.24,569.85140562249,0.385401252711167,1205.4354838709678,28.0,4.0,18.0,747.0,31.0
62,7800.0,1.2,570.8831168831168,0.39354995641862445,1205.4354838709678,28.0,4.0,18.0,770.0,31.0
62,8000.0,1.22,568.9211853720051,0.40427300184460707,1205.4354838709678,28.0,4.0,18.0,793.0,31.0
62,8200.0,1.2,567.8180708180709,0.40222569071412645,1205.4354838709678,28.0,4.0,18.0,819.0,31.0
62,8400.0,1.22,565.9404052443385,0.39683376239028645,1205.4354838709678,28.0,5.0,17.0,839.0,31.0
62,8600.0,1.24,565.25,0.39434050230069123,1205.4354838709678,28.0,4.0,18.0,862.0,31.0
62,8800.0,1.22,563.5907553551297,0.3977459307157481,1205.4354838709678,29.0,5.0,16.0,887.0,31.0
62,9000.0,1.22,563.5895027624309,0.39865809904120975,1205.4354838709678,28.0,6.0,16.0,905.0,31.0
62,9200.0,1.24,564.0914502164502,0.39975270103176375,1684.5757575757575,29.0,5.0,16.0,924.0,33.0
62,9400.0,1.22,566.6526595744681,0.4022662315285914,1684.5757575757575,30.0,4.0,16.0,940.0,33.0
62,9600.0,1.22,566.6538060479667,0.40009729795471594,1684.5757575757575,31.0,3.0,16.0,959.0,33.0
62,9800.0,1.2,565.7116564417178,0.40015810917641337,1684.5757575757575,30.0,4.0,16.0,978.0,33.0
62,10000.0,1.2,569.7254707631319,0.39906350718585937,1924.3088235294117,32.0,3.0,15.0,1009.0,34.0
62,10200.0,1.2,571.8148688046647,0.40167838971884945,1924.3088235294117,32.0,3.0,15.0,1029.0,34.0
62,10400.0,1.24,570.2097235462345,0.4026919100804735,1924.3088235294117,33.0,2.0,15.0,1049.0,34.0
62,10600.0,1.2,566.2949673811743,0.4028946141527983,1924.3088235294117,31.0,5.0,14.0,1073.0,34.0
62,10800.0,1.24,565.9968152866242,0.4026919100804735,2175.6714285714284,32.0,4.0,14.0,1099.0,35.0
62,11000.0,1.18,564.0675795053004,0.410293312792654,2175.6714285714284,32.0,4.0,14.0,1132.0,35.0
62,11200.0,1.22,562.5925605536332,0.41740822573125497,2424.8611111111113,32.0,4.0,14.0,1156.0,36.0
62,11400.0,1.22,558.9928209459459,0.41927310319664324,2424.8611111111113,29.0,7.0,14.0,1184.0,36.0
62,11600.0,1.22,554.9644628099173,0.4180974195771593,2424.8611111111113,29.0,7.0,14.0,1210.0,36.0
62,11800.0,1.22,552.451012145749,0.416232542111771,2424.8611111111113,30.0,6.0,14.0,1235.0,36.0
62,12000.0,1.24,554.0485668789809,0.42488800600004056,2424.8611111111113,31.0,6.0,13.0,1256.0,36.0
62,12200.0,1.22,555.31968503937,0.4255974702531774,2424.8611111111113,29.0,8.0,13.0,1270.0,36.0
62,12400.0,1.22,556.0758164852255,0.41396225650173313,2424.8611111111113,30.0,7.0,13.0,1286.0,36.0
62,12600.0,1.22,555.490465293669,0.40589463442320556,2424.8611111111113,29.0,8.0,13.0,1311.0,36.0
62,12800.0,1.22,555.9951310861424,0.4021851498996615,2424.8611111111113,30.0,8.0,12.0,1335.0,36.0
62,13000.0,1.24,555.9242089771891,0.40376624166379504,2424.8611111111113,30.0,8.0,12.0,1359.0,36.0
62,13200.0,1.24,555.2743105950653,0.40236758356475383,2424.8611111111113,28.0,10.0,12.0,1378.0,36.0
62,13400.0,1.22,555.6210078069553,0.4031581294468206,2424.8611111111113,28.0,10.0,12.0,1409.0,36.0
62,13600.0,1.2,553.9965156794425,0.407050047635457,2424.8611111111113,28.0,10.0,12.0,1435.0,36.0
62,13800.0,1.22,552.5494505494505,0.4109622362313259,2424.8611111111113,27.0,11.0,12.0,1456.0,36.0
62,14000.0,1.24,552.4027210884353,0.416273082926236,2424.8611111111113,30.0,8.0,12.0,1470.0,36.0
62,14200.0,1.14,553.502672010688,0.4120162974074149,2738.2297297297296,30.0,8.0,12.0,1497.0,37.0
62,14400.0,1.22,552.6851973684211,0.40857032817789307,2738.2297297297296,31.0,7.0,12.0,1520.0,37.0
62,14600.0,1.22,550.9861469072165,0.4108608841951635,2738.2297297297296,30.0,8.0,12.0,1552.0,37.0
62,14800.0,1.22,550.9566878980892,0.41313116980520137,3054.5131578947367,28.0,11.0,11.0,1570.0,38.0
62,15000.0,1.2,549.9672489082969,0.4107392617517686,3054.5131578947367,30.0,10.0,10.0,1603.0,38.0
62,15200.0,1.24,551.057478368356,0.4218677153224008,3054.5131578947367,30.0,10.0,10.0,1618.0,38.0
62,15400.0,1.22,548.7635094110504,0.42401637848904383,3054.5131578947367,29.0,11.0,10.0,1647.0,38.0
62,15600.0,1.24,547.2507462686567,0.4177122818397422,3054.5131578947367,29.0,11.0,10.0,1675.0,38.0
62,15800.0,1.24,547.0388692579505,0.4165163278130258,3378.1666666666665,25.0,15.0,10.0,1698.0,39.0
62,16000.0,1.22,547.1586146682189,0.4170028175866053,3378.1666666666665,29.0,12.0,9.0,1718.0,39.0
63,0.0,0.0,nan,0.015202805424360975,nan,0.0,0.0,50.0,0.0,0.0
63,200.0,0.6,nan,0.04723004885168143,nan,0.0,16.0,34.0,0.0,0.0
63,400.0,1.1,179.5,0.10982506638558369,383.0,2.0,22.0,26.0,2.0,2.0
63,600.0,1.22,319.55,0.17108223704214218,425.125,4.0,22.0,24.0,10.0,4.0
63,800.0,1.26,379.97222222222223,0.2244136784708005,634.2333333333333,15.0,11.0,24.0,18.0,15.0
63,1000.0,1.22,452.6034482758621,0.2698193906715586,730.0625,24.0,2.0,24.0,29.0,24.0
63,1200.0,1.24,527.8571428571429,0.30683315427806945,741.52,25.0,2.0,23.0,42.0,25.0
63,1400.0,1.26,582.78,0.3412320353515902,762.0576923076923,26.0,1.0,23.0,50.0,26.0
63,1600.0,1.22,695.3188405797101,0.360975411996027,762.0576923076923,26.0,1.0,23.0,69.0,26.0
63,1800.0,1.24,732.554945054945,0.3728741410414935,799.3888888888889,27.0,1.0,22.0,91.0,27.0
63,2000.0,1.24,689.2541666666667,0.37656335515780515,799.3888888888889,27.0,1.0,22.0,120.0,27.0
63,2200.0,1.26,667.9007092198582,0.3774349826688018,799.3888888888889,27.0,1.0,22.0,141.0,27.0
63,2400.0,1.2,645.1812865497076,0.3771106561530821,799.3888888888889,26.0,2.0,22.0,171.0,27.0
63,2600.0,1.24,648.3930481283422,0.37417144710437233,858.4285714285714,28.0,0.0,22.0,187.0,28.0
63,2800.0,1.22,648.1116504854369,0.3679484320840006,858.4285714285714,28.0,0.0,22.0,206.0,28.0
63,3000.0,1.22,653.5717488789238,0.36742140149595603,858.4285714285714,25.0,4.0,21.0,223.0,28.0
63,3200.0,1.22,635.0951417004048,0.3653335495510105,858.4285714285714,26.0,3.0,21.0,247.0,28.0
63,3400.0,1.26,627.2970479704798,0.36871870755883485,858.4285714285714,28.0,1.0,21.0,271.0,28.0
63,3600.0,1.24,619.5932203389831,0.372894411448726,950.8448275862069,29.0,0.0,21.0,295.0,29.0
63,3800.0,1.24,621.5712025316456,0.37173899823647455,950.8448275862069,28.0,2.0,20.0,316.0,29.0
63,4000.0,1.24,622.0483383685801,0.3750633450226015,950.8448275862069,27.0,3.0,20.0,331.0,29.0
63,4200.0,1.26,620.6946022727273,0.38442827316400785,950.8448275862069,26.0,5.0,19.0,352.0,29.0
63,4400.0,1.2,616.2735602094241,0.38564449759795677,1065.45,28.0,4.0,18.0,382.0,30.0
63,4600.0,1.24,604.8541666666666,0.3854620639328644,1178.3387096774193,29.0,3.0,18.0,408.0,31.0
63,4800.0,1.22,596.0231481481482,0.38716477814039285,1178.3387096774193,29.0,3.0,18.0,432.0,31.0
63,5000.0,1.24,596.7960088691796,0.38939452293596577,1178.3387096774193,28.0,5.0,17.0,451.0,31.0
63,5200.0,1.22,598.1157894736842,0.3906715585916121,1178.3387096774193,28.0,5.0,17.0,475.0,31.0
63,5400.0,1.26,598.0813253012049,0.39103642592179677,1178.3387096774193,28.0,5.0,17.0,498.0,31.0
63,5600.0,1.24,588.6137667304015,0.3920499462834208,1311.0,26.0,7.0,17.0,523.0,32.0
63,5800.0,1.22,583.4789377289377,0.39136075243751645,1311.0,27.0,7.0,16.0,546.0,32.0
63,6000.0,1.24,577.5665499124343,0.39419860945006385,1311.0,27.0,7.0,16.0,571.0,32.0
63,6200.0,1.2,578.4154103852596,0.3965297062817992,1311.0,28.0,6.0,16.0,597.0,32.0
63,6400.0,1.26,575.0152733118971,0.3938742829343442,1462.8181818181818,29.0,5.0,16.0,622.0,33.0
63,6600.0,1.26,577.0416012558869,0.4010094662801776,1462.8181818181818,29.0,5.0,16.0,637.0,33.0
63,6800.0,1.24,578.2818181818182,0.40380678247825996,1619.485294117647,30.0,4.0,16.0,660.0,34.0
63,7000.0,1.24,575.5401459854014,0.4061176089027629,1619.485294117647,31.0,4.0,15.0,685.0,34.0
63,7200.0,1.22,570.6444600280505,0.40786086392475623,1619.485294117647,31.0,4.0,15.0,713.0,34.0
63,7400.0,1.26,567.1913746630728,0.40441489469523445,1619.485294117647,31.0,4.0,15.0,742.0,34.0
63,7600.0,1.26,567.1332020997376,0.39756349705065575,1619.485294117647,30.0,4.0,16.0,762.0,34.0
63,7800.0,1.26,567.9668367346939,0.39896215514969696,1619.485294117647,31.0,3.0,16.0,784.0,34.0
63,8000.0,1.24,561.0900123304563,0.4028946141527983,1619.485294117647,29.0,5.0,16.0,811.0,34.0
63,8200.0,1.26,561.0599520383693,0.4065230170474125,1619.485294117647,29.0,5.0,16.0,834.0,34.0
63,8400.0,1.22,564.7760844079719,0.41120548111811567,1619.485294117647,31.0,3.0,16.0,853.0,34.0
63,8600.0,1.2,560.1640181611805,0.40956357813228467,1619.485294117647,31.0,3.0,16.0,881.0,34.0
63,8800.0,1.24,555.1111725663717,0.40307704781789067,1619.485294117647,31.0,3.0,16.0,904.0,34.0
63,9000.0,1.24,556.0108813928183,0.39800944600977034,1619.485294117647,29.0,6.0,15.0,919.0,34.0
63,9200.0,1.24,555.3896443514644,0.40019864999087834,1619.485294117647,29.0,6.0,15.0,956.0,34.0
63,9400.0,1.22,556.0837563451777,0.4022459611213589,1619.485294117647,32.0,3.0,15.0,985.0,34.0
63,9600.0,1.26,554.5825049701789,0.40609733849553037,1619.485294117647,30.0,6.0,14.0,1006.0,34.0
63,9800.0,1.24,552.2218992248062,0.40634058338232015,1619.485294117647,28.0,8.0,14.0,1032.0,34.0
63,10000.0,1.24,550.2699619771863,0.40634058338232015,1619.485294117647,27.0,9.0,14.0,1052.0,34.0
63,10200.0,1.26,550.1706976744186,0.4018608233839418,1619.485294117647,28.0,8.0,14.0,1075.0,34.0
63,10400.0,1.24,551.6654578422484,0.40003648673301845,1619.485294117647,27.0,9.0,14.0,1103.0,34.0
63,10600.0,1.26,552.1284691136974,0.40696896600652704,1619.485294117647,28.0,9.0,13.0,1117.0,34.0
63,10800.0,1.22,551.4679824561404,0.4150365880850546,1619.485294117647,31.0,6.0,13.0,1140.0,34.0
63,11000.0,1.26,548.6349614395887,0.42085419496077675,2137.2361111111113,33.0,4.0,13.0,1167.0,36.0
63,11200.0,1.26,550.3131821998321,0.4212190622909614,2137.2361111111113,32.0,5.0,13.0,1191.0,36.0
63,11400.0,1.24,550.375,0.4175703889891148,2382.662162162162,31.0,6.0,13.0,1208.0,37.0
63,11600.0,1.24,549.1090317331164,0.42142176636328627,2382.662162162162,31.0,8.0,11.0,1229.0,37.0
63,11800.0,1.26,549.3598879103282,0.425496118217015,2382.662162162162,30.0,9.0,11.0,1249.0,37.0
63,12000.0,1.22,550.126171875,0.4218879857296333,2634.434210526316,32.0,7.0,11.0,1280.0,38.0
63,12200.0,1.24,549.0152905198777,0.4283137048223299,2634.434210526316,30.0,9.0,11.0,1308.0,38.0
63,12400.0,1.26,549.0645161290323,0.4331583321508929,2634.434210526316,32.0,7.0,11.0,1333.0,38.0
63,12600.0,1.26,546.0365313653136,0.4329353576713356,2885.9358974358975,33.0,6.0,11.0,1355.0,39.0
63,12800.0,1.24,546.7155863073561,0.4305839904323678,2885.9358974358975,33.0,6.0,11.0,1373.0,39.0
63,13000.0,1.24,546.4857142857143,0.4332596841870553,2885.9358974358975,32.0,7.0,11.0,1400.0,39.0
63,13200.0,1.26,545.8285312719606,0.4353475361320009,2885.9358974358975,31.0,8.0,11.0,1423.0,39.0
63,13400.0,1.22,547.8048864418445,0.43151642916506194,2885.9358974358975,31.0,8.0,11.0,1453.0,39.0
63,13600.0,1.24,547.3816146540028,0.4282731640078649,2885.9358974358975,31.0,8.0,11.0,1474.0,39.0
63,13800.0,1.26,546.8176943699732,0.4293880364056514,2885.9358974358975,29.0,10.0,11.0,1492.0,39.0
63,14000.0,1.26,544.9593522802379,0.43362455151724,2885.9358974358975,31.0,8.0,11.0,1513.0,39.0
63,14200.0,1.24,546.1779882429785,0.4315772403867594,2885.9358974358975,31.0,8.0,11.0,1531.0,39.0
63,14400.0,1.24,548.1108611825193,0.42760424056919305,2885.9358974358975,31.0,9.0,10.0,1556.0,39.0
63,14600.0,1.22,547.5154671717172,0.4296515516996737,2885.9358974358975,33.0,7.0,10.0,1584.0,39.0
63,14800.0,1.24,547.2014321295143,0.4318812964952466,2885.9358974358975,34.0,6.0,10.0,1606.0,39.0
63,15000.0,1.24,546.496319018405,0.43161778120122435,3184.15,33.0,7.0,10.0,1630.0,40.0
63,15200.0,1.26,546.2209162145871,0.43291508726410316,3184.15,32.0,9.0,9.0,1659.0,40.0
63,15400.0,1.24,546.3755952380952,0.4293474955911864,3184.15,31.0,10.0,9.0,1680.0,40.0
63,15600.0,1.24,544.4047479484174,0.4326718423773134,3184.15,32.0,9.0,9.0,1706.0,40.0
63,15800.0,1.26,544.5871958285052,0.439523240021892,3491.5853658536585,34.0,8.0,8.0,1726.0,41.0
63,16000.0,1.22,544.548093340922,0.44019216346056395,3491.5853658536585,33.0,9.0,8.0,1757.0,41.0
64,0.0,0.0,nan,0.015202805424360975,nan,0.0,0.0,50.0,0.0,0.0
64,200.0,0.58,36.0,0.042973263332860355,nan,0.0,14.0,36.0,3.0,0.0
64,400.0,1.06,104.66666666666667,0.11231832647517889,nan,0.0,29.0,21.0,12.0,0.0
64,600.0,1.22,136.13636363636363,0.1884945168548436,503.7,5.0,27.0,18.0,22.0,5.0
64,800.0,1.26,219.734375,0.24618409583848538,638.2,15.0,17.0,18.0,32.0,15.0
64,1000.0,1.22,309.7261904761905,0.2988871546429368,746.8076923076923,26.0,6.0,18.0,42.0,26.0
64,1200.0,1.26,417.7962962962963,0.3379279589726958,767.5892857142857,28.0,4.0,18.0,54.0,28.0
64,1400.0,1.26,493.2164179104478,0.36717815660916625,767.5892857142857,28.0,4.0,18.0,67.0,28.0
64,1600.0,1.24,577.8932584269663,0.3857863904485841,767.5892857142857,28.0,5.0,17.0,89.0,28.0
64,1800.0,1.26,625.7636363636364,0.3939148237488091,797.8275862068965,29.0,5.0,16.0,110.0,29.0
64,2000.0,1.26,644.6771653543307,0.3990229663713944,797.8275862068965,29.0,5.0,16.0,127.0,29.0
64,2200.0,1.26,631.7337662337662,0.4069081547848296,884.983870967742,30.0,4.0,16.0,154.0,31.0
64,2400.0,1.24,616.6270718232045,0.41351630754261853,931.28125,31.0,3.0,16.0,181.0,32.0
64,2600.0,1.28,601.7216748768473,0.4175501185818823,979.5,32.0,2.0,16.0,203.0,33.0
64,2800.0,1.28,594.2239819004525,0.4205906796667545,979.5,30.0,4.0,16.0,221.0,33.0
64,3000.0,1.28,596.2163865546219,0.42476638355664564,1034.6911764705883,32.0,2.0,16.0,238.0,34.0
64,3200.0,1.28,601.0326923076923,0.422212312245353,1034.6911764705883,32.0,2.0,16.0,260.0,34.0
64,3400.0,1.22,608.2650176678445,0.4224555571321428,1034.6911764705883,31.0,3.0,16.0,283.0,34.0
64,3600.0,1.24,598.8284313725491,0.4248474651855756,1034.6911764705883,31.0,3.0,16.0,306.0,34.0
64,3800.0,1.24,606.2300613496933,0.4241582713396712,1034.6911764705883,32.0,3.0,15.0,326.0,34.0
64,4000.0,1.26,602.9204545454545,0.4308069649119251,1034.6911764705883,32.0,6.0,12.0,352.0,34.0
64,4200.0,1.26,596.1991978609626,0.43473942391502646,1124.2571428571428,33.0,5.0,12.0,374.0,35.0
64,4400.0,1.26,589.816120906801,0.43289481685687065,1212.1527777777778,31.0,7.0,12.0,397.0,36.0
64,4600.0,1.28,592.4661835748792,0.4350029392090487,1299.2432432432433,30.0,8.0,12.0,414.0,37.0
64,4800.0,1.28,588.5578703703703,0.4403137859039588,1299.2432432432433,32.0,6.0,12.0,432.0,37.0
64,5000.0,1.28,592.3108407079646,0.44157055115237265,1299.2432432432433,35.0,4.0,11.0,452.0,37.0
64,5200.0,1.26,594.0114583333333,0.44396245920580546,1299.2432432432433,35.0,4.0,11.0,480.0,37.0
64,5400.0,1.24,595.597609561753,0.45198954046986806,1299.2432432432433,35.0,5.0,10.0,502.0,37.0
64,5600.0,1.28,593.4001901140684,0.4518071068047757,1299.2432432432433,34.0,6.0,10.0,526.0,37.0
64,5800.0,1.28,590.4872958257713,0.44807735187399916,1414.407894736842,33.0,7.0,10.0,551.0,38.0
64,6000.0,1.28,586.7904347826087,0.44915168345732065,1530.0897435897436,34.0,6.0,10.0,575.0,39.0
64,6200.0,1.26,582.9416666666667,0.45079358644315165,1530.0897435897436,34.0,6.0,10.0,600.0,39.0
64,6400.0,1.28,585.4,0.44945573956580787,1530.0897435897436,32.0,8.0,10.0,620.0,39.0
64,6600.0,1.28,579.6794670846396,0.45065169359252427,1530.0897435897436,33.0,7.0,10.0,638.0,39.0
64,6800.0,1.24,575.9090225563909,0.4470638315123751,1530.0897435897436,31.0,9.0,10.0,665.0,39.0
64,7000.0,1.26,578.9501445086705,0.4479354590233718,1530.0897435897436,32.0,8.0,10.0,692.0,39.0
64,7200.0,1.24,580.0643356643357,0.4520503516915655,1530.0897435897436,31.0,9.0,10.0,715.0,39.0
64,7400.0,1.28,580.108904109589,0.4510571017371739,1530.0897435897436,30.0,10.0,10.0,730.0,39.0
64,7600.0,1.26,580.0802387267904,0.4467395049966554,1677.8875,30.0,10.0,10.0,754.0,40.0
64,7800.0,1.28,577.4042690815006,0.43680700545273954,1677.8875,28.0,12.0,10.0,773.0,40.0
64,8000.0,1.28,580.3063909774436,0.431394806721667,1677.8875,29.0,11.0,10.0,798.0,40.0
64,8200.0,1.26,578.2134220072552,0.42794883749214524,1677.8875,28.0,12.0,10.0,827.0,40.0
64,8400.0,1.28,572.3042452830189,0.42434070500476356,1677.8875,28.0,13.0,9.0,848.0,40.0
64,8600.0,1.26,575.3781464530892,0.42630693450631424,1677.8875,31.0,10.0,9.0,874.0,40.0
64,8800.0,1.24,573.1171875,0.43670565341657713,1851.1829268292684,32.0,9.0,9.0,896.0,41.0
64,9000.0,1.28,574.8382675438596,0.4371921431901567,1851.1829268292684,29.0,12.0,9.0,912.0,41.0
64,9200.0,1.24,571.3264331210191,0.4353069953175359,1851.1829268292684,30.0,11.0,9.0,942.0,41.0
64,9400.0,1.28,569.8655857740586,0.4337259035534024,1851.1829268292684,30.0,11.0,9.0,956.0,41.0
64,9600.0,1.28,571.2214285714285,0.4322867046398962,1851.1829268292684,31.0,10.0,9.0,980.0,41.0
64,9800.0,1.28,572.4614228456913,0.433077250521963,1851.1829268292684,29.0,12.0,9.0,998.0,41.0
64,10000.0,1.26,573.0852941176471,0.43147588835059697,1851.1829268292684,28.0,12.0,10.0,1020.0,41.0
64,10200.0,1.28,575.6209369024857,0.43050290880343783,1851.1829268292684,29.0,12.0,9.0,1046.0,41.0
64,10400.0,1.28,574.0205799812909,0.43210427097480386,1851.1829268292684,28.0,13.0,9.0,1069.0,41.0
64,10600.0,1.28,576.0576923076923,0.43364482192447246,1851.1829268292684,31.0,10.0,9.0,1092.0,41.0
64,10800.0,1.24,573.6632286995516,0.44122595422942046,1851.1829268292684,30.0,11.0,9.0,1115.0,41.0
64,11000.0,1.28,571.1500872600349,0.43615835242130013,2064.940476190476,30.0,12.0,8.0,1146.0,42.0
64,11200.0,1.24,569.630993150685,0.43311779133642797,2064.940476190476,29.0,13.0,8.0,1168.0,42.0
64,11400.0,1.24,568.8994974874372,0.44142865830174527,2064.940476190476,30.0,13.0,7.0,1194.0,42.0
64,11600.0,1.28,570.519309778143,0.4581922850830073,2064.940476190476,32.0,11.0,7.0,1217.0,42.0
64,11800.0,1.26,569.9911075181892,0.4664828816410922,2064.940476190476,30.0,14.0,6.0,1237.0,42.0
64,12000.0,1.28,567.6235059760957,0.46263150426692073,2060.3720930232557,31.0,13.0,6.0,1255.0,43.0
64,12200.0,1.26,567.8319099378882,0.4581922850830073,2060.3720930232557,30.0,14.0,6.0,1288.0,43.0
64,12400.0,1.28,566.2263358778625,0.4579084993817526,2060.3720930232557,30.0,14.0,6.0,1310.0,43.0
64,12600.0,1.28,565.691121143717,0.4604220298785803,2295.840909090909,33.0,11.0,6.0,1329.0,44.0
64,12800.0,1.26,566.5339734121122,0.4594085095169562,2525.3333333333335,32.0,12.0,6.0,1354.0,45.0
64,13000.0,1.26,564.5926193921853,0.45703687187075587,2525.3333333333335,32.0,13.0,5.0,1382.0,45.0
64,13200.0,1.24,564.2336182336182,0.4552936168487625,2525.3333333333335,30.0,15.0,5.0,1404.0,45.0
64,13400.0,1.28,565.9304682040531,0.448239515131859,2525.3333333333335,29.0,16.0,5.0,1431.0,45.0
64,13600.0,1.24,563.4160958904109,0.44742869884255976,2525.3333333333335,28.0,17.0,5.0,1460.0,45.0
64,13800.0,1.26,560.1858108108108,0.44722599477023495,2525.3333333333335,30.0,15.0,5.0,1480.0,45.0
64,14000.0,1.26,561.153,0.44359759187562076,2525.3333333333335,31.0,14.0,5.0,1500.0,45.0
64,14200.0,1.26,559.240522875817,0.43992864816654165,2525.3333333333335,29.0,16.0,5.0,1530.0,45.0
64,14400.0,1.24,560.312661498708,0.43907729106277743,2525.3333333333335,28.0,17.0,5.0,1548.0,45.0
64,14600.0,1.26,561.5328234544296,0.4363002452719275,2525.3333333333335,29.0,16.0,5.0,1569.0,45.0
64,14800.0,1.24,562.1459899749374,0.4397867553159143,2525.3333333333335,28.0,17.0,5.0,1596.0,45.0
64,15000.0,1.28,560.5629262244265,0.43968540327975186,2796.1304347826085,31.0,14.0,5.0,1613.0,46.0
64,15200.0,1.28,562.2643643031785,0.4392191839134048,2796.1304347826085,33.0,12.0,5.0,1636.0,46.0
64,15400.0,1.26,561.463768115942,0.4334015770376827,2796.1304347826085,33.0,12.0,5.0,1656.0,46.0
64,15600.0,1.26,560.9554958183991,0.43627997486469505,2796.1304347826085,31.0,14.0,5.0,1674.0,46.0
64,15800.0,1.24,561.2131919905771,0.43607727079237024,2796.1304347826085,29.0,16.0,5.0,1698.0,46.0
64,16000.0,1.26,561.7891671520093,0.4367461942310421,2796.1304347826085,28.0,17.0,5.0,1717.0,46.0
65,0.0,0.0,nan,0.015202805424360975,nan,0.0,0.0,50.0,0.0,0.0
65,200.0,0.66,19.75,0.05602740559057832,nan,0.0,19.0,31.0,2.0,0.0
65,400.0,1.2,122.5,0.13080493787120184,340.5,1.0,28.0,21.0,7.0,1.0
65,600.0,1.3,187.3181818181818,0.195670241015142,519.6428571428571,7.0,22.0,21.0,11.0,7.0
65,800.0,1.28,238.89285714285714,0.2540287434374557,630.5,19.0,10.0,21.0,14.0,19.0
65,1000.0,1.3,406.15909090909093,0.30004256785518824,692.12,25.0,4.0,21.0,22.0,25.0
65,1200.0,1.3,559.4545454545455,0.3386374232258326,722.5185185185185,27.0,3.0,20.0,33.0,27.0
65,1400.0,1.28,663.875,0.3684551922648126,722.5185185185185,27.0,3.0,20.0,48.0,27.0
65,1600.0,1.28,793.6478873239437,0.3813269008574382,750.7321428571429,28.0,2.0,20.0,71.0,28.0
65,1800.0,1.28,789.0104166666666,0.39050939533375223,811.2166666666667,30.0,0.0,20.0,96.0,30.0
65,2000.0,1.26,757.2777777777778,0.3986986398556747,811.2166666666667,30.0,0.0,20.0,117.0,30.0
65,2200.0,1.28,713.7,0.4057324711653457,811.2166666666667,29.0,2.0,19.0,135.0,30.0
65,2400.0,1.28,705.047770700637,0.40143514483205966,811.2166666666667,29.0,2.0,19.0,157.0,30.0
65,2600.0,1.3,706.3826815642458,0.39681349198305393,811.2166666666667,30.0,1.0,19.0,179.0,30.0
65,2800.0,1.28,695.575,0.39567834917803496,811.2166666666667,29.0,2.0,19.0,200.0,30.0
65,3000.0,1.24,690.68,0.3949080737032007,878.4354838709677,28.0,3.0,19.0,225.0,31.0
65,3200.0,1.3,674.1408163265306,0.39543510429124523,878.4354838709677,30.0,1.0,19.0,245.0,31.0
65,3400.0,1.28,661.8420074349442,0.39687430320475137,878.4354838709677,31.0,1.0,18.0,269.0,31.0
65,3600.0,1.26,646.7491582491582,0.39618510935884704,878.4354838709677,30.0,2.0,18.0,297.0,31.0
65,3800.0,1.28,641.658950617284,0.3911985891796566,878.4354838709677,27.0,6.0,17.0,324.0,31.0
65,4000.0,1.28,632.8971014492754,0.39227292076297815,878.4354838709677,26.0,7.0,17.0,345.0,31.0
65,4200.0,1.2,629.3852459016393,0.3968945736119839,878.4354838709677,27.0,6.0,17.0,366.0,31.0
65,4400.0,1.3,624.0813953488372,0.40222569071412645,1083.060606060606,30.0,3.0,17.0,387.0,33.0
65,4600.0,1.3,618.7639902676399,0.40471895080372167,1083.060606060606,30.0,4.0,16.0,411.0,33.0
65,4800.0,1.3,621.3256351039261,0.41367847080047837,1083.060606060606,30.0,4.0,16.0,433.0,33.0
65,5000.0,1.26,619.7087912087912,0.4222325826525855,1195.1764705882354,31.0,3.0,16.0,455.0,34.0
65,5200.0,1.28,617.7379454926624,0.41890823586645853,1195.1764705882354,29.0,5.0,16.0,477.0,34.0
65,5400.0,1.3,613.0478087649402,0.426590720207569,1195.1764705882354,29.0,5.0,16.0,502.0,34.0
65,5600.0,1.26,610.4693486590038,0.4292664139622565,1195.1764705882354,29.0,5.0,16.0,522.0,34.0
65,5800.0,1.28,607.8378870673953,0.4281718119717025,1195.1764705882354,30.0,4.0,16.0,549.0,34.0
65,6000.0,1.3,603.4455184534271,0.41921229197494575,1195.1764705882354,30.0,4.0,16.0,569.0,34.0
65,6200.0,1.24,601.1038525963149,0.4132122514341313,1195.1764705882354,31.0,3.0,16.0,597.0,34.0
65,6400.0,1.28,597.511980830671,0.4136582003932459,1195.1764705882354,31.0,3.0,16.0,626.0,34.0
65,6600.0,1.28,590.9058641975308,0.41361765957878094,1195.1764705882354,31.0,4.0,15.0,648.0,34.0
65,6800.0,1.3,587.0258493353028,0.41838120527841405,1195.1764705882354,31.0,4.0,15.0,677.0,34.0
65,7000.0,1.3,584.4283667621777,0.4180163379482294,1195.1764705882354,32.0,3.0,15.0,698.0,34.0
65,7200.0,1.3,583.7909722222222,0.41659740944195567,1362.6285714285714,32.0,4.0,14.0,720.0,35.0
65,7400.0,1.3,581.0909703504043,0.41621227170453856,1362.6285714285714,30.0,6.0,14.0,742.0,35.0
65,7600.0,1.28,577.7201298701299,0.41274603206778426,1362.6285714285714,28.0,8.0,14.0,770.0,35.0
65,7800.0,1.24,576.5238993710692,0.41055682808667626,1362.6285714285714,30.0,6.0,14.0,795.0,35.0
65,8000.0,1.3,574.6102314250913,0.4178136338759046,1543.0694444444443,30.0,6.0,14.0,821.0,36.0
65,8200.0,1.28,573.3200468933177,0.421665011250076,1543.0694444444443,31.0,5.0,14.0,853.0,36.0
65,8400.0,1.28,573.1053837342497,0.4242798937830661,1543.0694444444443,30.0,6.0,14.0,873.0,36.0
65,8600.0,1.3,571.4161073825503,0.4218677153224008,1543.0694444444443,31.0,5.0,14.0,894.0,36.0
65,8800.0,1.3,571.9255202628697,0.42273934283339754,1543.0694444444443,31.0,5.0,14.0,913.0,36.0
65,9000.0,1.28,572.9967982924227,0.4266312610220339,1543.0694444444443,29.0,7.0,14.0,937.0,36.0
65,9200.0,1.3,571.4062176165803,0.4261447712484544,1543.0694444444443,29.0,7.0,14.0,965.0,36.0
65,9400.0,1.3,568.4127144298689,0.42294204690572235,1543.0694444444443,29.0,7.0,14.0,991.0,36.0
65,9600.0,1.3,567.6427155599604,0.416232542111771,1543.0694444444443,30.0,6.0,14.0,1009.0,36.0
65,9800.0,1.26,563.2974013474495,0.4142055013885229,1543.0694444444443,30.0,6.0,14.0,1039.0,36.0
65,10000.0,1.28,565.2273152478953,0.42046905722335964,1543.0694444444443,30.0,6.0,14.0,1069.0,36.0
65,10200.0,1.28,563.8602003642987,0.4217663632862384,1543.0694444444443,31.0,5.0,14.0,1098.0,36.0
65,10400.0,1.28,561.8665178571429,0.4157865931526564,1543.0694444444443,31.0,5.0,14.0,1120.0,36.0
65,10600.0,1.3,560.3960352422907,0.4136582003932459,1543.0694444444443,30.0,6.0,14.0,1135.0,36.0
65,10800.0,1.28,560.5576096302666,0.41254332799545945,1543.0694444444443,30.0,7.0,13.0,1163.0,36.0
65,11000.0,1.26,561.7126050420168,0.41436766464638275,1543.0694444444443,30.0,7.0,13.0,1190.0,36.0
65,11200.0,1.3,558.8622112211222,0.41467172075486997,1543.0694444444443,32.0,5.0,13.0,1212.0,36.0
65,11400.0,1.3,560.1318144833198,0.4198406745991527,1543.0694444444443,31.0,6.0,13.0,1229.0,36.0
65,11600.0,1.3,561.6694644284572,0.4246447611132508,1812.9324324324325,32.0,5.0,13.0,1251.0,37.0
65,11800.0,1.24,563.57344854674,0.4250298988506679,1812.9324324324325,33.0,4.0,13.0,1273.0,37.0
65,12000.0,1.24,560.6238496932515,0.4222731234670504,1812.9324324324325,31.0,6.0,13.0,1304.0,37.0
65,12200.0,1.28,560.7256970610399,0.4187460726085987,1812.9324324324325,29.0,8.0,13.0,1327.0,37.0
65,12400.0,1.3,559.963940520446,0.4131514402124339,1812.9324324324325,30.0,7.0,13.0,1345.0,37.0
65,12600.0,1.3,559.981765134938,0.40905681795147264,1812.9324324324325,28.0,9.0,13.0,1371.0,37.0
65,12800.0,1.28,559.1255380200861,0.40861086899235805,1812.9324324324325,29.0,8.0,13.0,1394.0,37.0
65,13000.0,1.26,560.6531117397454,0.41142845559767294,1812.9324324324325,27.0,10.0,13.0,1414.0,37.0
65,13200.0,1.28,559.8962526023595,0.408651409806823,1812.9324324324325,26.0,11.0,13.0,1441.0,37.0
65,13400.0,1.28,557.85,0.4066040986763424,1812.9324324324325,26.0,11.0,13.0,1460.0,37.0
65,13600.0,1.28,557.7629281396911,0.4020027162345692,1812.9324324324325,26.0,11.0,13.0,1489.0,37.0
65,13800.0,1.24,557.5515873015873,0.39626619098777693,1812.9324324324325,25.0,12.0,13.0,1512.0,37.0
65,14000.0,1.28,557.6075373619233,0.3974013337927959,1812.9324324324325,24.0,14.0,12.0,1539.0,37.0
65,14200.0,1.3,557.400513478819,0.39083372184947196,1812.9324324324325,24.0,14.0,12.0,1558.0,37.0
65,14400.0,1.28,558.2552050473187,0.3905702065554497,2143.592105263158,27.0,10.0,13.0,1585.0,38.0
65,14600.0,1.26,557.7636307311028,0.3934688747896945,2143.592105263158,29.0,8.0,13.0,1614.0,38.0
65,14800.0,1.3,556.4483180428134,0.40506354772667386,2143.592105263158,31.0,7.0,12.0,1635.0,38.0
65,15000.0,1.28,555.4343768813967,0.4154825370441692,2143.592105263158,30.0,8.0,12.0,1661.0,38.0
65,15200.0,1.3,554.7940476190477,0.4207325725173819,2143.592105263158,30.0,9.0,11.0,1680.0,38.0
65,15400.0,1.3,555.0905349794239,0.421117710254799,2143.592105263158,30.0,9.0,11.0,1701.0,38.0
65,15600.0,1.28,556.3654851830331,0.4178541746903695,2143.592105263158,31.0,8.0,11.0,1721.0,38.0
65,15800.0,1.3,556.3358208955224,0.41554334826586664,2492.6794871794873,31.0,8.0,11.0,1742.0,39.0
65,16000.0,1.24,557.1555618294749,0.42030689396549975,2492.6794871794873,30.0,9.0,11.0,1771.0,39.0
66,0.0,0.0,nan,0.015202805424360975,nan,0.0,0.0,50.0,0.0,0.0
66,200.0,0.64,91.0,0.04897330387367482,nan,0.0,17.0,33.0,4.0,0.0
66,400.0,1.22,91.21428571428571,0.10909533172521436,357.0,2.0,21.0,27.0,7.0,2.0
66,600.0,1.32,150.3181818181818,0.17195386455313888,486.75,6.0,20.0,24.0,11.0,6.0
66,800.0,1.32,266.27777777777777,0.2246163825431253,598.0769230769231,13.0,13.0,24.0,18.0,13.0
66,1000.0,1.32,448.55882352941177,0.2667585591794539,726.8636363636364,22.0,4.0,24.0,34.0,22.0
66,1200.0,1.3,485.9047619047619,0.30583990432367786,743.0,23.0,4.0,23.0,42.0,23.0
66,1400.0,1.3,578.0,0.3382117446739505,782.94,24.0,3.0,23.0,55.0,25.0
66,1600.0,1.32,687.922077922078,0.36427948837492147,782.94,25.0,2.0,23.0,77.0,25.0
66,1800.0,1.32,761.9081632653061,0.38043500293920907,814.6346153846154,26.0,1.0,23.0,98.0,26.0
66,2000.0,1.28,769.75,0.3865363955161859,814.6346153846154,26.0,3.0,21.0,114.0,26.0
66,2200.0,1.28,735.0367647058823,0.3917458901749336,859.2777777777778,27.0,2.0,21.0,136.0,27.0
66,2400.0,1.3,735.6,0.39377293089818177,912.7857142857143,28.0,1.0,21.0,155.0,28.0
66,2600.0,1.3,722.4971751412429,0.39594186447205726,967.5689655172414,29.0,0.0,21.0,177.0,29.0
66,2800.0,1.32,700.8125,0.400563517321063,967.5689655172414,29.0,1.0,20.0,192.0,29.0
66,3000.0,1.28,695.4308755760369,0.4038878641071899,967.5689655172414,28.0,2.0,20.0,217.0,29.0
66,3200.0,1.3,698.2789256198347,0.4056311191291833,967.5689655172414,29.0,3.0,18.0,242.0,29.0
66,3400.0,1.28,689.1467181467182,0.40731356292947923,967.5689655172414,29.0,3.0,18.0,259.0,29.0
66,3600.0,1.3,679.0379061371841,0.40895546591531023,967.5689655172414,29.0,3.0,18.0,277.0,29.0
66,3800.0,1.3,676.238255033557,0.41234062392313464,1058.9333333333334,30.0,4.0,16.0,298.0,30.0
66,4000.0,1.28,683.9657320872274,0.41736768491679,1147.741935483871,30.0,4.0,16.0,321.0,31.0
66,4200.0,1.28,676.1598837209302,0.424948817221738,1328.590909090909,31.0,3.0,16.0,344.0,33.0
66,4400.0,1.32,677.7888888888889,0.4300569598443233,1328.590909090909,31.0,3.0,16.0,360.0,33.0
66,4600.0,1.3,675.9736842105264,0.43419212291974946,1421.485294117647,32.0,2.0,16.0,380.0,34.0
66,4800.0,1.32,663.2581453634085,0.4311921026493422,1421.485294117647,30.0,4.0,16.0,399.0,34.0
66,5000.0,1.32,661.3055555555555,0.4311921026493422,1421.485294117647,30.0,4.0,16.0,432.0,34.0
66,5200.0,1.32,655.1835164835164,0.4295096588490463,1421.485294117647,31.0,4.0,15.0,455.0,34.0
66,5400.0,1.28,643.6539256198347,0.42616504165568686,1421.485294117647,31.0,4.0,15.0,484.0,34.0
66,5600.0,1.28,640.048418972332,0.424401516226461,1421.485294117647,29.0,6.0,15.0,506.0,34.0
66,5800.0,1.32,635.2792452830189,0.423306914235907,1421.485294117647,29.0,7.0,14.0,530.0,34.0
66,6000.0,1.32,637.24321880651,0.42403664889627635,1421.485294117647,30.0,5.0,15.0,553.0,34.0
66,6200.0,1.3,633.1707105719238,0.4249285468145055,1421.485294117647,31.0,4.0,15.0,577.0,34.0
66,6400.0,1.28,627.578073089701,0.4309893985770174,1563.3,32.0,3.0,15.0,602.0,35.0
66,6600.0,1.32,621.4430176565008,0.43384752599679727,1563.3,32.0,3.0,15.0,623.0,35.0
66,6800.0,1.3,620.4131782945736,0.44003000020270405,1563.3,33.0,2.0,15.0,645.0,35.0
66,7000.0,1.3,616.4177777777778,0.44483408671680214,1563.3,33.0,2.0,15.0,675.0,35.0
66,7200.0,1.3,615.9865248226951,0.44440840816492005,1563.3,34.0,1.0,15.0,705.0,35.0
66,7400.0,1.32,610.5704419889503,0.4490300610139258,1563.3,34.0,1.0,15.0,724.0,35.0
66,7600.0,1.32,605.6409395973154,0.43988810735207673,1563.3,32.0,3.0,15.0,745.0,35.0
66,7800.0,1.32,607.3843137254902,0.43538807694646586,1563.3,32.0,3.0,15.0,765.0,35.0
66,8000.0,1.3,609.6653846153846,0.43463807187886405,1563.3,31.0,5.0,14.0,780.0,35.0
66,8200.0,1.28,609.2521793275218,0.43632051567915997,1563.3,30.0,7.0,13.0,803.0,35.0
66,8400.0,1.3,606.2481971153846,0.43593537794174286,1753.125,31.0,7.0,12.0,832.0,36.0
66,8600.0,1.32,604.3147713950761,0.4342732045486794,1753.125,32.0,6.0,12.0,853.0,36.0
66,8800.0,1.3,608.4698863636364,0.4301177710660207,1753.125,30.0,8.0,12.0,880.0,36.0
66,9000.0,1.32,606.3219866071429,0.4229623173129548,1948.0945945945946,31.0,8.0,11.0,896.0,37.0
66,9200.0,1.28,605.4229098805646,0.42444205704092597,1948.0945945945946,28.0,11.0,11.0,921.0,37.0
66,9400.0,1.32,603.4973656480506,0.42638801613524413,2143.3552631578946,30.0,9.0,11.0,949.0,38.0
66,9600.0,1.3,602.6815843621399,0.4275636997547281,2330.5897435897436,31.0,8.0,11.0,972.0,39.0
66,9800.0,1.3,602.3454179254784,0.42184744491516835,2330.5897435897436,30.0,9.0,11.0,993.0,39.0
66,10000.0,1.28,598.2504930966469,0.41967851134129286,2330.5897435897436,30.0,9.0,11.0,1014.0,39.0
66,10200.0,1.3,598.4391179290508,0.42142176636328627,2330.5897435897436,32.0,7.0,11.0,1043.0,39.0
66,10400.0,1.26,599.6819029850747,0.42164474084284354,2330.5897435897436,32.0,7.0,11.0,1072.0,39.0
66,10600.0,1.3,596.0869763205828,0.41827985324225164,2330.5897435897436,32.0,7.0,11.0,1098.0,39.0
66,10800.0,1.3,593.8554270462633,0.4253542253663876,2330.5897435897436,32.0,7.0,11.0,1124.0,39.0
66,11000.0,1.26,592.1328671328671,0.43182048527354916,2330.5897435897436,32.0,7.0,11.0,1144.0,39.0
66,11200.0,1.32,589.7176520994002,0.4336042811100075,2330.5897435897436,29.0,9.0,12.0,1167.0,39.0
66,11400.0,1.3,590.5973154362416,0.42638801613524413,2330.5897435897436,30.0,8.0,12.0,1192.0,39.0
66,11600.0,1.28,587.60188989318,0.42734072527517075,2330.5897435897436,31.0,7.0,12.0,1217.0,39.0
66,11800.0,1.3,584.1673370876911,0.4283947864512598,2330.5897435897436,30.0,8.0,12.0,1243.0,39.0
66,12000.0,1.32,585.5795902285264,0.42780694464151786,2330.5897435897436,31.0,7.0,12.0,1269.0,39.0
66,12200.0,1.32,582.3332046332047,0.43216508219650135,2330.5897435897436,32.0,7.0,11.0,1295.0,39.0
66,12400.0,1.3,581.4632853898562,0.4382664747734782,2330.5897435897436,32.0,7.0,11.0,1321.0,39.0
66,12600.0,1.32,580.4731543624162,0.43775971459266616,2330.5897435897436,31.0,8.0,11.0,1341.0,39.0
66,12800.0,1.32,581.0021978021978,0.4421381225548821,2330.5897435897436,30.0,10.0,10.0,1365.0,39.0
66,13000.0,1.3,578.9152847873107,0.4360570003851377,2594.425,30.0,10.0,10.0,1387.0,40.0
66,13200.0,1.3,578.3690728945506,0.43007723025155575,2594.425,30.0,11.0,9.0,1413.0,40.0
66,13400.0,1.3,578.9579242636746,0.43038128636004297,2594.425,31.0,10.0,9.0,1426.0,40.0
66,13600.0,1.28,579.1785225718194,0.42888127622483935,2594.425,29.0,12.0,9.0,1462.0,40.0
66,13800.0,1.32,577.7244623655914,0.4337056331461699,2594.425,30.0,11.0,9.0,1488.0,40.0
66,14000.0,1.3,573.560446780552,0.4344961790282367,2594.425,31.0,10.0,9.0,1522.0,40.0
66,14200.0,1.28,572.030684754522,0.43259076074838343,2594.425,34.0,7.0,9.0,1548.0,40.0
66,14400.0,1.3,570.9806839772008,0.438469178845803,2594.425,33.0,8.0,9.0,1579.0,40.0
66,14600.0,1.3,568.2903426791278,0.4376380921492713,2594.425,28.0,13.0,9.0,1605.0,40.0
66,14800.0,1.3,568.4966236955187,0.43755701052034135,2594.425,27.0,13.0,10.0,1629.0,40.0
66,15000.0,1.3,566.7076502732241,0.43125291387103964,2594.425,28.0,12.0,10.0,1647.0,40.0
66,15200.0,1.3,565.6087216248507,0.4291447915188616,2900.9756097560976,29.0,11.0,10.0,1674.0,41.0
66,15400.0,1.32,566.357310628303,0.4334015770376827,2900.9756097560976,31.0,9.0,10.0,1703.0,41.0
66,15600.0,1.32,564.1239907727797,0.4374759288914114,2900.9756097560976,29.0,11.0,10.0,1734.0,41.0
66,15800.0,1.32,562.7326507394766,0.43917864309893984,2900.9756097560976,28.0,12.0,10.0,1758.0,41.0
66,16000.0,1.32,559.6058495821727,0.43934080635679973,2900.9756097560976,29.0,12.0,9.0,1795.0,41.0
67,0.0,0.0,nan,0.015202805424360975,nan,0.0,0.0,50.0,0.0,0.0
67,200.0,0.5,66.5,0.04518273772120082,nan,0.0,14.0,36.0,2.0,0.0
67,400.0,1.22,109.78571428571429,0.10747369914661585,nan,0.0,25.0,25.0,7.0,0.0
67,600.0,1.28,158.71875,0.17367684916789977,519.3333333333334,6.0,21.0,23.0,16.0,6.0
67,800.0,1.32,247.34782608695653,0.22749478037013762,622.1875,16.0,11.0,23.0,23.0,16.0
67,1000.0,1.34,333.98387096774195,0.2777248494922263,688.9285714285714,21.0,6.0,23.0,31.0,21.0
67,1200.0,1.34,444.70238095238096,0.31287373563334886,753.84,25.0,2.0,23.0,42.0,25.0
67,1400.0,1.3,543.5648148148148,0.33904283137048224,773.5769230769231,26.0,1.0,23.0,54.0,26.0
67,1600.0,1.32,651.4545454545455,0.35203616240650276,773.5769230769231,26.0,1.0,23.0,77.0,26.0
67,1800.0,1.3,720.755,0.35698214177122817,773.5769230769231,26.0,1.0,23.0,100.0,26.0
67,2000.0,1.3,724.5583333333333,0.3586037743498267,773.5769230769231,25.0,2.0,23.0,120.0,26.0
67,2200.0,1.32,734.4214285714286,0.36729977905256117,825.0555555555555,26.0,1.0,23.0,140.0,27.0
67,2400.0,1.3,709.9166666666666,0.3648876005918959,825.0555555555555,26.0,1.0,23.0,162.0,27.0
67,2600.0,1.34,673.6772486772487,0.3645430036689437,825.0555555555555,26.0,1.0,23.0,189.0,27.0
67,2800.0,1.34,679.8091787439613,0.36427948837492147,825.0555555555555,25.0,3.0,22.0,207.0,27.0
67,3000.0,1.32,661.8478260869565,0.3644821924472463,825.0555555555555,24.0,4.0,22.0,230.0,27.0
67,3200.0,1.3,655.9429133858267,0.3622929884661383,825.0555555555555,24.0,4.0,22.0,254.0,27.0
67,3400.0,1.3,623.0844827586207,0.37297549307765593,825.0555555555555,24.0,4.0,22.0,290.0,27.0
67,3600.0,1.34,609.4305993690851,0.37848904384489085,825.0555555555555,26.0,3.0,21.0,317.0,27.0
67,3800.0,1.3,604.5826086956522,0.38126608963574077,825.0555555555555,26.0,3.0,21.0,345.0,27.0
67,4000.0,1.3,603.3633879781421,0.37956337542821234,936.0178571428571,27.0,2.0,21.0,366.0,28.0
67,4200.0,1.3,596.0826972010178,0.3795025642065149,1043.2068965517242,28.0,1.0,21.0,393.0,29.0
67,4400.0,1.32,595.4632352941177,0.3828674518071068,1043.2068965517242,26.0,3.0,21.0,408.0,29.0
67,4600.0,1.32,604.0023529411765,0.3818742018527152,1043.2068965517242,26.0,3.0,21.0,425.0,29.0
67,4800.0,1.32,603.7865168539325,0.3792998601341901,1043.2068965517242,26.0,3.0,21.0,445.0,29.0
67,5000.0,1.32,603.0456475583865,0.3763403806782478,1043.2068965517242,27.0,3.0,20.0,471.0,29.0
67,5200.0,1.32,603.605421686747,0.3787120183244481,1043.2068965517242,27.0,3.0,20.0,498.0,29.0
67,5400.0,1.32,597.7716763005781,0.38031338049581415,1043.2068965517242,26.0,4.0,20.0,519.0,29.0
67,5600.0,1.3,601.1703910614525,0.3835566456530112,1189.3666666666666,29.0,1.0,20.0,537.0,30.0
67,5800.0,1.3,604.6281362007169,0.38627288022216366,1189.3666666666666,29.0,1.0,20.0,558.0,30.0
67,6000.0,1.32,605.1545768566494,0.3903066912614274,1189.3666666666666,29.0,1.0,20.0,579.0,30.0
67,6200.0,1.32,603.0860927152318,0.38829992094541177,1189.3666666666666,29.0,1.0,20.0,604.0,30.0
67,6400.0,1.34,598.7318037974684,0.3888674923479213,1189.3666666666666,29.0,1.0,20.0,632.0,30.0
67,6600.0,1.34,598.581942336874,0.3877526199501348,1189.3666666666666,27.0,3.0,20.0,659.0,30.0
67,6800.0,1.32,594.1846715328467,0.3838201609470334,1189.3666666666666,28.0,2.0,20.0,685.0,30.0
67,7000.0,1.34,593.1359773371105,0.3851985486388422,1189.3666666666666,27.0,3.0,20.0,706.0,30.0
67,7200.0,1.32,590.423658872077,0.38813775768755193,1189.3666666666666,26.0,6.0,18.0,727.0,30.0
67,7400.0,1.26,588.6244979919679,0.3917661605821661,1189.3666666666666,27.0,6.0,17.0,747.0,30.0
67,7600.0,1.34,590.1994784876141,0.3900229055601727,1189.3666666666666,28.0,5.0,17.0,767.0,30.0
67,7800.0,1.32,589.0724181360201,0.3942391502645288,1401.3064516129032,29.0,4.0,17.0,794.0,31.0
67,8000.0,1.3,594.9186046511628,0.3943202318934587,1401.3064516129032,27.0,6.0,17.0,817.0,31.0
67,8200.0,1.32,595.0627990430622,0.38898911479131615,1401.3064516129032,27.0,6.0,17.0,836.0,31.0
67,8400.0,1.32,594.9642018779343,0.384306650720613,1401.3064516129032,27.0,6.0,17.0,852.0,31.0
67,8600.0,1.3,595.6909090909091,0.37704984493138466,1401.3064516129032,28.0,5.0,17.0,880.0,31.0
67,8800.0,1.32,596.1798002219756,0.3776174163338942,1401.3064516129032,29.0,3.0,18.0,901.0,31.0
67,9000.0,1.3,593.2930107526881,0.37664443678673504,1401.3064516129032,29.0,3.0,18.0,930.0,31.0
67,9200.0,1.34,591.0340670859539,0.375630916425111,1401.3064516129032,29.0,3.0,18.0,954.0,31.0
67,9400.0,1.3,589.7969072164949,0.3787120183244481,1647.921875,30.0,2.0,18.0,970.0,32.0
67,9600.0,1.3,590.3407035175879,0.3809012223055561,1647.921875,28.0,4.0,18.0,995.0,32.0
67,9800.0,1.28,590.8839373163565,0.3833134007662214,1647.921875,29.0,3.0,18.0,1021.0,32.0
67,10000.0,1.34,591.978947368421,0.3853404414894695,1647.921875,27.0,6.0,17.0,1045.0,32.0
67,10200.0,1.34,588.8878026070763,0.3927391401293252,1647.921875,30.0,3.0,17.0,1074.0,32.0
67,10400.0,1.32,586.4800543970988,0.3891715484564085,1647.921875,29.0,4.0,17.0,1103.0,32.0
67,10600.0,1.32,581.5013286093888,0.3858877424847465,1916.8939393939395,29.0,4.0,17.0,1129.0,33.0
67,10800.0,1.32,580.5767218831735,0.3803741917175116,1916.8939393939395,27.0,6.0,17.0,1147.0,33.0
67,11000.0,1.32,578.0247018739352,0.383759349725336,1916.8939393939395,27.0,6.0,17.0,1174.0,33.0
67,11200.0,1.34,580.170843776107,0.38856343623943407,1916.8939393939395,27.0,6.0,17.0,1197.0,33.0
67,11400.0,1.28,579.4497549019608,0.392982385016115,1916.8939393939395,28.0,5.0,17.0,1224.0,33.0
67,11600.0,1.24,578.1179282868526,0.3995702673666714,1916.8939393939395,28.0,5.0,17.0,1255.0,33.0
67,11800.0,1.3,577.3225552050474,0.3986986398556747,1916.8939393939395,27.0,6.0,17.0,1268.0,33.0
67,12000.0,1.32,575.6205426356589,0.40040135406320315,1916.8939393939395,28.0,5.0,17.0,1290.0,33.0
67,12200.0,1.34,573.8627450980392,0.398881073520767,1916.8939393939395,28.0,5.0,17.0,1326.0,33.0
67,12400.0,1.32,574.4863064396743,0.4026108284515436,1916.8939393939395,28.0,5.0,17.0,1351.0,33.0
67,12600.0,1.3,570.2521834061135,0.4018608233839418,1916.8939393939395,28.0,5.0,17.0,1374.0,33.0
67,12800.0,1.28,572.7371244635193,0.3976851194940506,1916.8939393939395,29.0,5.0,16.0,1398.0,33.0
67,13000.0,1.28,571.2507012622721,0.39910404800032434,1916.8939393939395,29.0,5.0,16.0,1426.0,33.0
67,13200.0,1.3,571.5845994475138,0.3982729613037926,1916.8939393939395,29.0,5.0,16.0,1448.0,33.0
67,13400.0,1.3,570.9245411284841,0.3943202318934587,2248.779411764706,30.0,4.0,16.0,1471.0,34.0
67,13600.0,1.3,569.8642428285524,0.3976851194940506,2248.779411764706,29.0,7.0,14.0,1499.0,34.0
67,13800.0,1.3,568.4862385321101,0.39701619605537875,2248.779411764706,28.0,8.0,14.0,1526.0,34.0
67,14000.0,1.28,568.3114543114543,0.40370543044209756,2580.5,29.0,7.0,14.0,1554.0,35.0
67,14200.0,1.32,565.7252538071066,0.4080027567753836,2580.5,28.0,8.0,14.0,1576.0,35.0
67,14400.0,1.32,566.7852664576802,0.4049216548760465,2580.5,28.0,8.0,14.0,1595.0,35.0
67,14600.0,1.28,567.1550123762377,0.4003202724342732,2580.5,28.0,8.0,14.0,1616.0,35.0
67,14800.0,1.32,567.7405717761557,0.3993270224798816,2580.5,27.0,10.0,13.0,1644.0,35.0
67,15000.0,1.34,567.0695860827834,0.3965094358745667,2580.5,28.0,9.0,13.0,1667.0,35.0
67,15200.0,1.24,565.3165977554637,0.3959621348792897,2580.5,30.0,7.0,13.0,1693.0,35.0
67,15400.0,1.28,565.7588611272516,0.4004216244704356,2932.1944444444443,28.0,9.0,13.0,1721.0,36.0
67,15600.0,1.34,565.0473593570608,0.399468915330509,2932.1944444444443,29.0,8.0,13.0,1742.0,36.0
67,15800.0,1.34,563.7783125707814,0.40321894066851804,2932.1944444444443,30.0,8.0,12.0,1766.0,36.0
67,16000.0,1.34,563.8976071229828,0.41426631261022034,2932.1944444444443,30.0,10.0,10.0,1797.0,36.0
68,0.0,0.0,nan,0.015202805424360975,nan,0.0,0.0,50.0,0.0,0.0
68,200.0,0.84,80.58333333333333,0.06541260413921715,nan,0.0,26.0,24.0,6.0,0.0
68,400.0,1.3,131.45454545454547,0.139825269089656,393.5,1.0,29.0,20.0,11.0,1.0
68,600.0,1.34,207.36111111111111,0.20941357711876432,495.6875,8.0,23.0,19.0,18.0,8.0
68,800.0,1.32,325.63793103448273,0.2692923600835141,606.5714285714286,21.0,10.0,19.0,29.0,21.0
68,1000.0,1.32,379.43055555555554,0.315448077351874,657.3461538461538,26.0,5.0,19.0,36.0,26.0
68,1200.0,1.36,491.15686274509807,0.3492591166156528,688.5,26.0,5.0,19.0,51.0,28.0
68,1400.0,1.36,547.1642857142857,0.37477955932134677,707.551724137931,29.0,2.0,19.0,70.0,29.0
68,1600.0,1.32,631.3440860215054,0.3906715585916121,707.551724137931,29.0,2.0,19.0,93.0,29.0
68,1800.0,1.36,644.8760330578513,0.3936918492692518,707.551724137931,29.0,2.0,19.0,121.0,29.0
68,2000.0,1.28,660.919014084507,0.40094865505848015,747.4666666666667,30.0,1.0,19.0,142.0,30.0
68,2200.0,1.36,673.7012578616352,0.40321894066851804,747.4666666666667,29.0,2.0,19.0,159.0,30.0
68,2400.0,1.34,639.8333333333334,0.4002594612125758,796.0645161290323,31.0,0.0,19.0,189.0,31.0
68,2600.0,1.34,638.4597156398104,0.39671213994689153,796.0645161290323,30.0,1.0,19.0,211.0,31.0
68,2800.0,1.32,615.8166666666667,0.3991445888147893,796.0645161290323,31.0,0.0,19.0,240.0,31.0
68,3000.0,1.34,617.4904942965779,0.3968540327975189,796.0645161290323,28.0,3.0,19.0,263.0,31.0
68,3200.0,1.32,612.0763888888889,0.39543510429124523,796.0645161290323,28.0,3.0,19.0,288.0,31.0
68,3400.0,1.36,593.5314465408806,0.39713781849877366,796.0645161290323,28.0,5.0,17.0,318.0,31.0
68,3600.0,1.36,591.02802359882,0.398374313339955,796.0645161290323,27.0,6.0,17.0,339.0,31.0
68,3800.0,1.34,585.202216066482,0.39930675207264915,796.0645161290323,27.0,7.0,16.0,361.0,31.0
68,4000.0,1.34,584.6987012987013,0.40881357306468286,891.921875,29.0,6.0,15.0,385.0,32.0
68,4200.0,1.3,591.0317848410758,0.41262440962438934,891.921875,29.0,6.0,15.0,409.0,32.0
68,4400.0,1.32,591.3306451612904,0.41367847080047837,994.2878787878788,29.0,6.0,15.0,434.0,33.0
68,4600.0,1.34,584.5678336980307,0.41740822573125497,1098.014705882353,32.0,3.0,15.0,457.0,34.0
68,4800.0,1.36,582.7302083333333,0.41975959297022275,1098.014705882353,33.0,2.0,15.0,480.0,34.0
68,5000.0,1.34,585.6134538152611,0.4181582307988567,1098.014705882353,31.0,4.0,15.0,498.0,34.0
68,5200.0,1.34,584.5628571428572,0.41274603206778426,1098.014705882353,31.0,4.0,15.0,525.0,34.0
68,5400.0,1.34,585.2394881170019,0.41621227170453856,1098.014705882353,31.0,5.0,14.0,547.0,34.0
68,5600.0,1.3,580.5275387263339,0.4208947357752417,1098.014705882353,31.0,5.0,14.0,581.0,34.0
68,5800.0,1.34,578.4328358208955,0.41982040419192024,1098.014705882353,32.0,4.0,14.0,603.0,34.0
68,6000.0,1.32,581.4533762057878,0.421665011250076,1234.3,32.0,4.0,14.0,622.0,35.0
68,6200.0,1.36,584.731308411215,0.4223339346887479,1234.3,30.0,6.0,14.0,642.0,35.0
68,6400.0,1.34,581.4984962406015,0.423306914235907,1234.3,29.0,7.0,14.0,665.0,35.0
68,6600.0,1.36,583.0668135095448,0.41937445523280564,1234.3,29.0,7.0,14.0,681.0,35.0
68,6800.0,1.34,584.1156028368795,0.41611091966837616,1384.513888888889,29.0,7.0,14.0,705.0,36.0
68,7000.0,1.36,584.6886145404663,0.4159284860032838,1384.513888888889,32.0,4.0,14.0,729.0,36.0
68,7200.0,1.3,586.9927248677249,0.409746011797377,1384.513888888889,32.0,4.0,14.0,756.0,36.0
68,7400.0,1.36,584.2713375796178,0.4105365576794438,1384.513888888889,31.0,5.0,14.0,785.0,36.0
68,7600.0,1.36,583.9781795511221,0.4183001236494841,1384.513888888889,30.0,6.0,14.0,802.0,36.0
68,7800.0,1.36,584.4908424908425,0.4235501591226968,1384.513888888889,29.0,7.0,14.0,819.0,36.0
68,8000.0,1.32,581.9887573964497,0.42071230211014937,1384.513888888889,29.0,7.0,14.0,845.0,36.0
68,8200.0,1.34,582.3525714285714,0.41560415948756413,1384.513888888889,28.0,8.0,14.0,875.0,36.0
68,8400.0,1.34,583.1718576195773,0.4183001236494841,1384.513888888889,28.0,8.0,14.0,899.0,36.0
68,8600.0,1.34,580.0200868621064,0.4135973891715485,1384.513888888889,28.0,8.0,14.0,921.0,36.0
68,8800.0,1.34,579.2401908801696,0.4125027871809945,1384.513888888889,27.0,9.0,14.0,943.0,36.0
68,9000.0,1.34,578.3347064881565,0.41594875641051626,1384.513888888889,29.0,8.0,13.0,971.0,36.0
68,9200.0,1.36,579.6193124368049,0.415725781930959,1384.513888888889,30.0,7.0,13.0,989.0,36.0
68,9400.0,1.34,580.7728628230616,0.4125027871809945,1384.513888888889,29.0,8.0,13.0,1006.0,36.0
68,9600.0,1.36,582.176213592233,0.41189467496402005,1606.2702702702702,30.0,7.0,13.0,1030.0,37.0
68,9800.0,1.34,582.9479659413435,0.4126041392171569,1606.2702702702702,30.0,6.0,14.0,1057.0,37.0
68,10000.0,1.34,579.5198889916744,0.41611091966837616,1606.2702702702702,29.0,8.0,13.0,1081.0,37.0
68,10200.0,1.34,577.9959568733153,0.41769201143250967,1606.2702702702702,29.0,8.0,13.0,1113.0,37.0
68,10400.0,1.34,577.8793859649123,0.4234082662720694,1606.2702702702702,32.0,5.0,13.0,1140.0,37.0
68,10600.0,1.36,577.073086844368,0.42620558247015183,1606.2702702702702,31.0,6.0,13.0,1163.0,37.0
68,10800.0,1.36,572.256077116513,0.4245434090770884,1606.2702702702702,30.0,7.0,13.0,1193.0,37.0
68,11000.0,1.36,571.2202283849919,0.4185636389435064,1606.2702702702702,31.0,6.0,13.0,1226.0,37.0
68,11200.0,1.36,567.6734612310152,0.4197393225629903,1606.2702702702702,31.0,6.0,13.0,1251.0,37.0
68,11400.0,1.34,566.8487460815047,0.4200433786714775,1606.2702702702702,30.0,8.0,12.0,1276.0,37.0
68,11600.0,1.36,565.9287356321839,0.4200433786714775,1606.2702702702702,29.0,9.0,12.0,1305.0,37.0
68,11800.0,1.34,563.7903225806451,0.4226582612044676,1606.2702702702702,28.0,10.0,12.0,1333.0,37.0
68,12000.0,1.34,563.5953436807096,0.4265704498003365,1606.2702702702702,29.0,9.0,12.0,1353.0,37.0
68,12200.0,1.3,562.1039244186046,0.42888127622483935,1606.2702702702702,30.0,8.0,12.0,1376.0,37.0
68,12400.0,1.3,563.6999284692417,0.4236312407516267,1885.9605263157894,31.0,7.0,12.0,1398.0,38.0
68,12600.0,1.34,564.9030217849613,0.4218879857296333,1885.9605263157894,29.0,11.0,10.0,1423.0,38.0
68,12800.0,1.34,564.3865836791148,0.4231042101635822,1885.9605263157894,29.0,11.0,10.0,1446.0,38.0
68,13000.0,1.36,566.20409556314,0.4226582612044676,1885.9605263157894,29.0,11.0,10.0,1465.0,38.0
68,13200.0,1.32,565.9905660377359,0.42452313866985586,2175.423076923077,29.0,11.0,10.0,1484.0,39.0
68,13400.0,1.36,567.9412541254126,0.4253744957736201,2175.423076923077,29.0,11.0,10.0,1515.0,39.0
68,13600.0,1.36,566.8692257644763,0.4282731640078649,2175.423076923077,31.0,9.0,10.0,1537.0,39.0
68,13800.0,1.32,565.6627162075592,0.42748261812579813,2175.423076923077,32.0,8.0,10.0,1561.0,39.0
68,14000.0,1.34,565.4859110832812,0.4275636997547281,2175.423076923077,30.0,10.0,10.0,1597.0,39.0
68,14200.0,1.34,565.7353304508956,0.4245028682626234,2175.423076923077,28.0,13.0,9.0,1619.0,39.0
68,14400.0,1.36,564.3375,0.41827985324225164,2175.423076923077,26.0,15.0,9.0,1640.0,39.0
68,14600.0,1.3,564.0587529976019,0.4184420165001115,2175.423076923077,26.0,15.0,9.0,1668.0,39.0
68,14800.0,1.32,563.825766509434,0.42423935296860116,2487.3875,29.0,12.0,9.0,1696.0,40.0
68,15000.0,1.32,562.4163265306122,0.4280704599355401,2487.3875,30.0,11.0,9.0,1715.0,40.0
68,15200.0,1.32,560.698275862069,0.43354346988831005,2487.3875,29.0,12.0,9.0,1740.0,40.0
68,15400.0,1.34,561.5425170068028,0.43593537794174286,2487.3875,29.0,13.0,8.0,1764.0,40.0
68,15600.0,1.34,562.1530726256983,0.43682727585997205,2805.9268292682927,31.0,11.0,8.0,1790.0,41.0
68,15800.0,1.36,560.7548103353491,0.4364015973080899,2880.2261904761904,32.0,10.0,8.0,1819.0,42.0
68,16000.0,1.36,559.6388286334056,0.43755701052034135,2880.2261904761904,33.0,10.0,7.0,1844.0,42.0
69,0.0,0.0,nan,0.015202805424360975,nan,0.0,0.0,50.0,0.0,0.0
69,200.0,0.64,46.3,0.05385847201670282,nan,0.0,20.0,30.0,5.0,0.0
69,400.0,1.3,112.0,0.12853465226116392,nan,0.0,31.0,19.0,12.0,0.0
69,600.0,1.38,161.575,0.20193379684997873,512.125,8.0,24.0,18.0,20.0,8.0
69,800.0,1.36,259.2037037037037,0.26746802343259074,602.3823529411765,17.0,16.0,17.0,27.0,17.0
69,1000.0,1.38,325.07142857142856,0.3227048831411023,712.5,26.0,7.0,17.0,35.0,26.0
69,1200.0,1.36,381.1547619047619,0.37254981452577385,764.15,30.0,3.0,17.0,42.0,30.0
69,1400.0,1.34,597.1311475409836,0.40301623659619323,814.6212121212121,33.0,0.0,17.0,61.0,33.0
69,1600.0,1.38,684.6585365853658,0.4250096284434354,814.6212121212121,33.0,0.0,17.0,82.0,33.0
69,1800.0,1.36,716.4311926605504,0.4337259035534024,814.6212121212121,33.0,0.0,17.0,109.0,33.0
69,2000.0,1.36,718.5230769230769,0.43498266880181624,814.6212121212121,32.0,1.0,17.0,130.0,33.0
69,2200.0,1.36,684.5677419354839,0.4351448320596761,814.6212121212121,32.0,1.0,17.0,155.0,33.0
69,2400.0,1.36,657.5594594594595,0.4350434800235137,814.6212121212121,32.0,1.0,17.0,185.0,33.0
69,2600.0,1.32,646.4320388349514,0.43364482192447246,814.6212121212121,33.0,1.0,16.0,206.0,33.0
69,2800.0,1.36,642.3419913419914,0.43311779133642797,814.6212121212121,31.0,4.0,15.0,231.0,33.0
69,3000.0,1.36,638.406374501992,0.42952992925627875,814.6212121212121,31.0,5.0,14.0,251.0,33.0
69,3200.0,1.38,634.4963235294117,0.4304826383962054,883.3235294117648,31.0,5.0,14.0,272.0,34.0
69,3400.0,1.36,629.3024054982818,0.4283745160440273,883.3235294117648,31.0,5.0,14.0,291.0,34.0
69,3600.0,1.38,633.8689320388349,0.4278677558632153,1027.8055555555557,30.0,6.0,14.0,309.0,36.0
69,3800.0,1.34,630.9,0.42748261812579813,1027.8055555555557,31.0,5.0,14.0,330.0,36.0
69,4000.0,1.38,628.4831460674158,0.4253947661808526,1027.8055555555557,31.0,5.0,14.0,356.0,36.0
69,4200.0,1.34,624.7890625,0.42719883242454343,1027.8055555555557,34.0,2.0,14.0,384.0,36.0
69,4400.0,1.38,626.7202380952381,0.4338677964040298,1027.8055555555557,31.0,5.0,14.0,420.0,36.0
69,4600.0,1.38,623.3287981859411,0.4421989337765796,1027.8055555555557,31.0,5.0,14.0,441.0,36.0
69,4800.0,1.38,616.1760869565218,0.44345569902499343,1027.8055555555557,33.0,3.0,14.0,460.0,36.0
69,5000.0,1.38,610.9544513457557,0.44136784708004784,1027.8055555555557,34.0,2.0,14.0,483.0,36.0
69,5200.0,1.36,608.3626482213439,0.4361380820140677,1027.8055555555557,32.0,4.0,14.0,506.0,36.0
69,5400.0,1.38,610.0169172932331,0.4307866945046926,1027.8055555555557,31.0,5.0,14.0,532.0,36.0
69,5600.0,1.36,609.625678119349,0.42719883242454343,1027.8055555555557,29.0,7.0,14.0,553.0,36.0
69,5800.0,1.34,611.6224137931034,0.4237528631950216,1027.8055555555557,30.0,6.0,14.0,580.0,36.0
69,6000.0,1.38,607.4408866995074,0.4248474651855756,1027.8055555555557,31.0,5.0,14.0,609.0,36.0
69,6200.0,1.36,602.9834384858044,0.4302596639166481,1027.8055555555557,32.0,5.0,13.0,634.0,36.0
69,6400.0,1.38,598.6656534954408,0.4388137757687552,1027.8055555555557,33.0,4.0,13.0,658.0,36.0
69,6600.0,1.32,591.7402031930334,0.4402124338677964,1027.8055555555557,34.0,5.0,11.0,689.0,36.0
69,6800.0,1.38,589.0911640953717,0.44094216852816576,1181.8108108108108,35.0,4.0,11.0,713.0,37.0
69,7000.0,1.34,583.5330634278002,0.44274623477185654,1181.8108108108108,33.0,6.0,11.0,741.0,37.0
69,7200.0,1.36,583.3845144356956,0.4431516429165062,1181.8108108108108,35.0,4.0,11.0,762.0,37.0
69,7400.0,1.34,584.1230867346939,0.4411043317860256,1495.179487179487,36.0,3.0,11.0,784.0,39.0
69,7600.0,1.38,583.3538083538084,0.4375367401131089,1495.179487179487,35.0,4.0,11.0,814.0,39.0
69,7800.0,1.36,581.6985645933014,0.43344211785214765,1495.179487179487,33.0,6.0,11.0,836.0,39.0
69,8000.0,1.36,584.5459302325581,0.4328340056351732,1495.179487179487,32.0,7.0,11.0,860.0,39.0
69,8200.0,1.36,582.1265536723164,0.4326718423773134,1495.179487179487,31.0,8.0,11.0,885.0,39.0
69,8400.0,1.38,578.3464480874317,0.4344759086210042,1495.179487179487,31.0,8.0,11.0,915.0,39.0
69,8600.0,1.34,574.9861849096706,0.42873938337421197,1495.179487179487,32.0,7.0,11.0,941.0,39.0
69,8800.0,1.36,577.1235780765253,0.42630693450631424,1495.179487179487,33.0,6.0,11.0,967.0,39.0
69,9000.0,1.36,576.8515151515152,0.43281373522794075,1495.179487179487,32.0,7.0,11.0,990.0,39.0
69,9200.0,1.38,574.8315163528246,0.4390367502483125,1495.179487179487,33.0,6.0,11.0,1009.0,39.0
69,9400.0,1.34,578.4500968992248,0.440698923641376,1495.179487179487,34.0,5.0,11.0,1032.0,39.0
69,9600.0,1.36,577.6862003780718,0.4424827194778343,1495.179487179487,35.0,4.0,11.0,1058.0,39.0
69,9800.0,1.36,576.5818686401481,0.440658382826911,1495.179487179487,34.0,5.0,11.0,1081.0,39.0
69,10000.0,1.38,575.4219314079422,0.440070541017169,1495.179487179487,31.0,8.0,11.0,1108.0,39.0
69,10200.0,1.36,575.8977072310406,0.43477996472949143,1495.179487179487,30.0,9.0,11.0,1134.0,39.0
69,10400.0,1.36,574.1780172413793,0.4343542861776093,1495.179487179487,30.0,9.0,11.0,1160.0,39.0
69,10600.0,1.34,572.3589420654912,0.4298137149575335,1495.179487179487,32.0,7.0,11.0,1191.0,39.0
69,10800.0,1.3,570.3705978705979,0.4303610159528105,1495.179487179487,32.0,7.0,11.0,1221.0,39.0
69,11000.0,1.36,567.4895582329317,0.4225163683538402,1495.179487179487,33.0,6.0,11.0,1245.0,39.0
69,11200.0,1.38,565.3704866562009,0.4192528327894107,1495.179487179487,32.0,7.0,11.0,1274.0,39.0
69,11400.0,1.38,567.3608762490392,0.4266312610220339,1495.179487179487,33.0,6.0,11.0,1301.0,39.0
69,11600.0,1.38,565.7100681302044,0.4337664443678674,1495.179487179487,33.0,7.0,10.0,1321.0,39.0
69,11800.0,1.36,565.3179448994788,0.438975939026615,1495.179487179487,33.0,7.0,10.0,1343.0,39.0
69,12000.0,1.36,564.4915935672515,0.4405367603835161,1754.35,33.0,8.0,9.0,1368.0,40.0
69,12200.0,1.36,564.2510729613734,0.44092189812093324,1754.35,35.0,6.0,9.0,1398.0,40.0
69,12400.0,1.36,560.6957431960922,0.4495773620092028,1754.35,34.0,7.0,9.0,1433.0,40.0
69,12600.0,1.36,560.0819559228651,0.4500841221900148,1754.35,34.0,7.0,9.0,1452.0,40.0
69,12800.0,1.34,558.8630551816958,0.4499624997466199,2020.9146341463415,35.0,6.0,9.0,1486.0,41.0
69,13000.0,1.34,558.6010603048377,0.449334117122413,2020.9146341463415,36.0,5.0,9.0,1509.0,41.0
69,13200.0,1.36,557.3613636363636,0.44860438246204365,2020.9146341463415,35.0,6.0,9.0,1540.0,41.0
69,13400.0,1.38,556.7485549132948,0.447732754951047,2020.9146341463415,35.0,6.0,9.0,1557.0,41.0
69,13600.0,1.38,558.5303989867004,0.44637463766647073,2020.9146341463415,35.0,6.0,9.0,1579.0,41.0
69,13800.0,1.36,558.1928125,0.4433340765815985,2020.9146341463415,33.0,8.0,9.0,1600.0,41.0
69,14000.0,1.36,557.6306223043746,0.4393205359495672,2020.9146341463415,33.0,8.0,9.0,1623.0,41.0
69,14200.0,1.38,557.6825876662637,0.4396651328725194,2020.9146341463415,34.0,7.0,9.0,1654.0,41.0
69,14400.0,1.36,557.5226325193568,0.4392394543206373,2020.9146341463415,33.0,8.0,9.0,1679.0,41.0
69,14600.0,1.36,558.091735052755,0.4348205055439564,2020.9146341463415,30.0,11.0,9.0,1706.0,41.0
69,14800.0,1.34,557.3542989036354,0.4294691180345813,2020.9146341463415,30.0,11.0,9.0,1733.0,41.0
69,15000.0,1.34,556.6693181818182,0.4282934344150974,2020.9146341463415,29.0,12.0,9.0,1760.0,41.0
69,15200.0,1.34,556.7749439461884,0.42665153142926643,2020.9146341463415,29.0,12.0,9.0,1784.0,41.0
69,15400.0,1.36,556.6184283342557,0.4309893985770174,2020.9146341463415,32.0,9.0,9.0,1807.0,41.0
69,15600.0,1.38,557.200328407225,0.4335231994810776,2020.9146341463415,30.0,10.0,10.0,1827.0,41.0
69,15800.0,1.34,556.9983792544571,0.4331583321508929,2020.9146341463415,30.0,10.0,10.0,1851.0,41.0
69,16000.0,1.36,555.7356687898089,0.4269758579449861,2020.9146341463415,31.0,10.0,9.0,1884.0,41.0
70,0.0,0.0,nan,0.015202805424360975,nan,0.0,0.0,50.0,0.0,0.0
70,200.0,0.8,70.91666666666667,0.06251393590497233,nan,0.0,25.0,25.0,6.0,0.0
70,400.0,1.26,94.08333333333333,0.13830498854721993,376.5,1.0,30.0,19.0,12.0,1.0
70,600.0,1.38,144.52777777777777,0.21512983195832405,514.8333333333334,6.0,27.0,17.0,18.0,6.0
70,800.0,1.38,225.375,0.2770559260535544,629.6176470588235,17.0,16.0,17.0,24.0,17.0
70,1000.0,1.38,306.32758620689657,0.327367076804573,731.4285714285714,27.0,6.0,17.0,29.0,28.0
70,1200.0,1.4,406.1756756756757,0.37340117162953806,757.45,29.0,4.0,17.0,37.0,30.0
70,1400.0,1.36,541.43,0.4069284251920621,776.6129032258065,30.0,3.0,17.0,50.0,31.0
70,1600.0,1.38,687.2162162162163,0.42918533233332656,801.109375,31.0,3.0,16.0,74.0,32.0
70,1800.0,1.38,773.6601941747573,0.44181379603916243,826.8030303030303,32.0,3.0,15.0,103.0,33.0
70,2000.0,1.38,772.1638655462185,0.4473476172136298,826.8030303030303,31.0,5.0,14.0,119.0,33.0
70,2200.0,1.38,761.4440559440559,0.44884762734883343,863.4852941176471,31.0,5.0,14.0,143.0,34.0
70,2400.0,1.38,730.7921686746988,0.4505706119635943,902.6714285714286,31.0,5.0,14.0,166.0,35.0
70,2600.0,1.4,704.6037234042553,0.4625706930452233,902.6714285714286,33.0,3.0,14.0,188.0,35.0
70,2800.0,1.36,697.4699074074074,0.4655707133156305,902.6714285714286,34.0,2.0,14.0,216.0,35.0
70,3000.0,1.36,691.6489361702128,0.4670909938580666,956.5138888888889,34.0,2.0,14.0,235.0,36.0
70,3200.0,1.4,691.732421875,0.4607868972087649,956.5138888888889,34.0,2.0,14.0,256.0,36.0
70,3400.0,1.4,676.1177536231884,0.4533273873472118,956.5138888888889,33.0,3.0,14.0,276.0,36.0
70,3600.0,1.36,672.6655737704918,0.44647598970263314,956.5138888888889,32.0,4.0,14.0,305.0,36.0
70,3800.0,1.38,673.4309309309309,0.44688139784728276,956.5138888888889,34.0,2.0,14.0,333.0,36.0
70,4000.0,1.4,665.920227920228,0.4496787140453652,956.5138888888889,34.0,2.0,14.0,351.0,36.0
70,4200.0,1.38,658.3320105820105,0.44777329576551195,956.5138888888889,32.0,4.0,14.0,378.0,36.0
70,4400.0,1.36,659.5174563591022,0.4485638416475787,956.5138888888889,33.0,3.0,14.0,401.0,36.0
70,4600.0,1.36,654.8527315914489,0.44126649504388543,956.5138888888889,30.0,6.0,14.0,421.0,36.0
70,4800.0,1.4,646.1952595936795,0.4317799444590842,956.5138888888889,30.0,6.0,14.0,443.0,36.0
70,5000.0,1.36,647.4154175588865,0.42833397522956235,956.5138888888889,31.0,7.0,12.0,467.0,36.0
70,5200.0,1.34,649.5446247464503,0.43137453631443456,956.5138888888889,33.0,5.0,12.0,493.0,36.0
70,5400.0,1.38,646.7976653696498,0.4379826890722235,956.5138888888889,32.0,6.0,12.0,514.0,36.0
70,5600.0,1.4,641.2721402214022,0.4383272859951756,956.5138888888889,32.0,6.0,12.0,542.0,36.0
70,5800.0,1.38,635.7428825622776,0.4372732248190866,1082.0945945945946,33.0,5.0,12.0,562.0,37.0
70,6000.0,1.4,636.3619791666666,0.4316785924229218,1082.0945945945946,33.0,5.0,12.0,576.0,37.0
70,6200.0,1.4,630.9623567921441,0.4346988831005615,1082.0945945945946,30.0,8.0,12.0,611.0,37.0
70,6400.0,1.4,630.140923566879,0.4366245717876472,1082.0945945945946,29.0,9.0,12.0,628.0,37.0
70,6600.0,1.38,632.6450381679389,0.43607727079237024,1082.0945945945946,29.0,9.0,12.0,655.0,37.0
70,6800.0,1.38,630.5022123893805,0.42922587314779154,1082.0945945945946,28.0,10.0,12.0,678.0,37.0
70,7000.0,1.4,632.1736311239193,0.42784748545598283,1082.0945945945946,29.0,9.0,12.0,694.0,37.0
70,7200.0,1.4,634.8986013986014,0.43261103115561594,1082.0945945945946,29.0,8.0,13.0,715.0,37.0
70,7400.0,1.36,634.1788124156545,0.43621916364299756,1082.0945945945946,30.0,7.0,13.0,741.0,37.0
70,7600.0,1.38,624.2791293213828,0.43265157197008086,1082.0945945945946,31.0,6.0,13.0,781.0,37.0
70,7800.0,1.4,623.4168734491315,0.43603672997790527,1082.0945945945946,32.0,6.0,12.0,806.0,37.0
70,8000.0,1.36,619.6737288135594,0.43850971966026797,1082.0945945945946,32.0,6.0,12.0,826.0,37.0
70,8200.0,1.38,615.353216374269,0.44019216346056395,1266.5394736842106,30.0,8.0,12.0,855.0,38.0
70,8400.0,1.4,611.7291666666666,0.4405164899762836,1266.5394736842106,31.0,7.0,12.0,888.0,38.0
70,8600.0,1.34,607.7950819672132,0.4436786735045507,1266.5394736842106,33.0,5.0,12.0,915.0,38.0
70,8800.0,1.38,603.4324181626188,0.4429894796586463,1266.5394736842106,30.0,8.0,12.0,947.0,38.0
70,9000.0,1.4,599.8975283213182,0.4447530050878722,1266.5394736842106,30.0,8.0,12.0,971.0,38.0
70,9200.0,1.38,599.350505050505,0.44307056128757627,1266.5394736842106,31.0,7.0,12.0,990.0,38.0
70,9400.0,1.34,596.8577755905512,0.4334015770376827,1266.5394736842106,31.0,7.0,12.0,1016.0,38.0
70,9600.0,1.4,597.4121880998081,0.42888127622483935,1266.5394736842106,31.0,7.0,12.0,1042.0,38.0
70,9800.0,1.38,595.1797169811321,0.4310907506131798,1266.5394736842106,33.0,5.0,12.0,1060.0,38.0
70,10000.0,1.4,596.4065377532229,0.4248069243711106,1266.5394736842106,33.0,5.0,12.0,1086.0,38.0
70,10200.0,1.36,597.1440677966102,0.4307056128757627,1266.5394736842106,33.0,5.0,12.0,1121.0,38.0
70,10400.0,1.38,595.1343804537522,0.43257049034115097,1266.5394736842106,32.0,7.0,11.0,1146.0,38.0
70,10600.0,1.36,591.0654205607476,0.43646240852978735,1266.5394736842106,32.0,7.0,11.0,1177.0,38.0
70,10800.0,1.4,588.3863826232247,0.4325096791194535,1266.5394736842106,30.0,9.0,11.0,1197.0,38.0
70,11000.0,1.32,585.1273393002441,0.42746234771856567,1266.5394736842106,29.0,9.0,12.0,1229.0,38.0
70,11200.0,1.38,582.5497611464968,0.4219285265440983,1266.5394736842106,28.0,10.0,12.0,1256.0,38.0
70,11400.0,1.38,580.3456167571761,0.4297529037358361,1266.5394736842106,31.0,7.0,12.0,1289.0,38.0
70,11600.0,1.4,579.7245989304813,0.4331786025581254,1527.2820512820513,30.0,8.0,12.0,1309.0,39.0
70,11800.0,1.36,578.617076808352,0.4338069851823323,1527.2820512820513,30.0,8.0,12.0,1341.0,39.0
70,12000.0,1.34,575.6858083394294,0.4234488070865344,1527.2820512820513,29.0,9.0,12.0,1367.0,39.0
70,12200.0,1.36,575.2735442127965,0.4206312204812195,1527.2820512820513,29.0,9.0,12.0,1391.0,39.0
70,12400.0,1.38,575.8609154929577,0.4249285468145055,1527.2820512820513,27.0,11.0,12.0,1420.0,39.0
70,12600.0,1.38,572.0141476880607,0.42835424563679486,1527.2820512820513,29.0,9.0,12.0,1449.0,39.0
70,12800.0,1.38,572.4053595658073,0.42835424563679486,1527.2820512820513,32.0,6.0,12.0,1474.0,39.0
70,13000.0,1.36,573.4065639651708,0.42888127622483935,1527.2820512820513,31.0,7.0,12.0,1493.0,39.0
70,13200.0,1.36,571.5823490813648,0.42857722011635213,1527.2820512820513,31.0,7.0,12.0,1524.0,39.0
70,13400.0,1.34,571.9287556415215,0.42046905722335964,1527.2820512820513,31.0,7.0,12.0,1551.0,39.0
70,13600.0,1.34,567.8440860215054,0.42140149595605375,1527.2820512820513,31.0,7.0,12.0,1581.0,39.0
70,13800.0,1.4,566.476368159204,0.4250501692579004,1527.2820512820513,29.0,9.0,12.0,1608.0,39.0
70,14000.0,1.38,566.7672151127362,0.4252326029229927,1527.2820512820513,27.0,11.0,12.0,1641.0,39.0
70,14200.0,1.36,565.2229891956782,0.42486773559280805,1527.2820512820513,28.0,10.0,12.0,1666.0,39.0
70,14400.0,1.38,562.8183697578263,0.42695558753775364,1527.2820512820513,27.0,11.0,12.0,1693.0,39.0
70,14600.0,1.4,562.4288204532248,0.4339691484401922,1527.2820512820513,28.0,11.0,11.0,1721.0,39.0
70,14800.0,1.36,563.4712973593571,0.446090851965216,1527.2820512820513,29.0,11.0,10.0,1742.0,39.0
70,15000.0,1.4,561.5636672325976,0.4505300711491294,1527.2820512820513,29.0,11.0,10.0,1767.0,39.0
70,15200.0,1.38,560.9016120066703,0.45065169359252427,1527.2820512820513,30.0,10.0,10.0,1799.0,39.0
70,15400.0,1.4,559.5947281713344,0.45411793322927857,1870.525,30.0,10.0,10.0,1821.0,40.0
70,15600.0,1.36,559.9126213592233,0.4545841525956256,1870.525,30.0,10.0,10.0,1854.0,40.0
70,15800.0,1.4,558.5234917245061,0.45271927513023735,1870.525,32.0,8.0,10.0,1873.0,40.0
70,16000.0,1.38,557.8242744063325,0.44801654065230173,1870.525,31.0,9.0,10.0,1895.0,40.0
71,0.0,0.0,nan,0.015202805424360975,nan,0.0,0.0,50.0,0.0,0.0
71,200.0,0.64,56.5,0.044311110210204126,nan,0.0,15.0,35.0,4.0,0.0
71,400.0,1.16,83.20833333333333,0.10704802059473374,367.0,1.0,24.0,25.0,12.0,1.0
71,600.0,1.36,155.4,0.1708187217481199,529.9285714285714,7.0,19.0,24.0,20.0,7.0
71,800.0,1.42,203.5,0.2277380252569274,641.75,16.0,11.0,23.0,25.0,16.0
71,1000.0,1.4,307.30882352941177,0.2735491456023352,702.5,22.0,5.0,23.0,34.0,22.0
71,1200.0,1.36,428.0,0.3126304907465591,736.5625,24.0,3.0,23.0,46.0,24.0
71,1400.0,1.4,516.8166666666667,0.3437658362556504,802.1111111111111,27.0,0.0,23.0,60.0,27.0
71,1600.0,1.38,683.6043956043956,0.36352948330731966,802.1111111111111,27.0,0.0,23.0,91.0,27.0
71,1800.0,1.4,697.2850877192982,0.37240792167514647,802.1111111111111,27.0,1.0,22.0,114.0,27.0
71,2000.0,1.42,693.6363636363636,0.3819958242961101,802.1111111111111,27.0,1.0,22.0,132.0,27.0
71,2200.0,1.42,690.6622516556291,0.38150933452253055,802.1111111111111,27.0,1.0,22.0,151.0,27.0
71,2400.0,1.4,682.2670454545455,0.37838769180872844,802.1111111111111,27.0,2.0,21.0,176.0,27.0
71,2600.0,1.4,675.8560606060606,0.3763403806782478,802.1111111111111,27.0,3.0,20.0,198.0,27.0
71,2800.0,1.42,675.1636771300448,0.3828674518071068,802.1111111111111,27.0,4.0,19.0,223.0,27.0
71,3000.0,1.4,664.369387755102,0.3911377779579592,878.5,28.0,4.0,18.0,245.0,28.0
71,3200.0,1.42,644.3828996282527,0.4007459509861553,1024.1833333333334,28.0,4.0,18.0,269.0,30.0
71,3400.0,1.36,635.4273648648649,0.4101919607564916,1024.1833333333334,29.0,3.0,18.0,296.0,30.0
71,3600.0,1.4,640.8958990536278,0.418462286907344,1179.015625,31.0,1.0,18.0,317.0,32.0
71,3800.0,1.42,640.0267857142857,0.42322583260697705,1179.015625,32.0,0.0,18.0,336.0,32.0
71,4000.0,1.38,639.2237569060774,0.42334745505037197,1179.015625,32.0,0.0,18.0,362.0,32.0
71,4200.0,1.38,636.2745591939547,0.42596233758336205,1179.015625,32.0,1.0,17.0,397.0,32.0
71,4400.0,1.4,623.8608490566038,0.4230839397563497,1179.015625,31.0,2.0,17.0,424.0,32.0
71,4600.0,1.42,619.441309255079,0.4178541746903695,1179.015625,30.0,3.0,17.0,443.0,32.0
71,4800.0,1.42,613.25,0.4133338738775262,1179.015625,30.0,3.0,17.0,462.0,32.0
71,5000.0,1.42,612.8803680981595,0.4154014554152393,1294.0,29.0,4.0,17.0,489.0,33.0
71,5200.0,1.4,610.4386973180077,0.4160703788539112,1294.0,31.0,2.0,17.0,522.0,33.0
71,5400.0,1.4,604.7747252747253,0.416273082926236,1294.0,31.0,2.0,17.0,546.0,33.0
71,5600.0,1.42,605.5166959578207,0.4183001236494841,1294.0,31.0,2.0,17.0,569.0,33.0
71,5800.0,1.4,608.8151260504202,0.4217258224717735,1294.0,30.0,4.0,16.0,595.0,33.0
71,6000.0,1.42,608.0707317073171,0.42638801613524413,1294.0,31.0,4.0,15.0,615.0,33.0
71,6200.0,1.4,603.3176100628931,0.4282934344150974,1294.0,31.0,4.0,15.0,636.0,33.0
71,6400.0,1.36,598.3529411764706,0.42932722518395394,1441.9558823529412,30.0,5.0,15.0,663.0,34.0
71,6600.0,1.42,599.7056686046511,0.4267934242798938,1441.9558823529412,29.0,6.0,15.0,688.0,34.0
71,6800.0,1.4,600.4705882352941,0.4296515516996737,1441.9558823529412,30.0,5.0,15.0,714.0,34.0
71,7000.0,1.4,597.9071815718157,0.4303610159528105,1441.9558823529412,30.0,5.0,15.0,738.0,34.0
71,7200.0,1.38,597.4523498694517,0.42527314373745767,1604.9285714285713,30.0,5.0,15.0,766.0,35.0
71,7400.0,1.4,594.2058080808081,0.42403664889627635,1604.9285714285713,31.0,4.0,15.0,792.0,35.0
71,7600.0,1.4,589.2976772616137,0.4236109703443942,1604.9285714285713,31.0,4.0,15.0,818.0,35.0
71,7800.0,1.4,589.0728672985782,0.41911093993878334,1604.9285714285713,30.0,5.0,15.0,844.0,35.0
71,8000.0,1.4,588.9225917431193,0.4250096284434354,1604.9285714285713,33.0,2.0,15.0,872.0,35.0
71,8200.0,1.42,588.5150501672241,0.42369205197332416,1604.9285714285713,33.0,2.0,15.0,897.0,35.0
71,8400.0,1.42,589.0903155603918,0.42730018446070583,1604.9285714285713,32.0,3.0,15.0,919.0,35.0
71,8600.0,1.4,587.9259453781513,0.4310907506131798,1604.9285714285713,33.0,2.0,15.0,952.0,35.0
71,8800.0,1.4,583.3843398157626,0.43291508726410316,1604.9285714285713,33.0,2.0,15.0,977.0,35.0
71,9000.0,1.38,581.371743486974,0.4339286076257272,1604.9285714285713,35.0,0.0,15.0,998.0,35.0
71,9200.0,1.4,582.2,0.4338677964040298,1604.9285714285713,35.0,0.0,15.0,1020.0,35.0
71,9400.0,1.4,581.1402091254753,0.4301583118804857,1604.9285714285713,33.0,2.0,15.0,1052.0,35.0
71,9600.0,1.42,579.9557728119181,0.4301583118804857,1604.9285714285713,34.0,1.0,15.0,1074.0,35.0
71,9800.0,1.42,581.0838621940163,0.43204345975310643,1604.9285714285713,33.0,2.0,15.0,1103.0,35.0
71,10000.0,1.42,577.9031111111111,0.4328745464496382,1604.9285714285713,34.0,1.0,15.0,1125.0,35.0
71,10200.0,1.36,578.4617039586919,0.43259076074838343,1604.9285714285713,34.0,1.0,15.0,1162.0,35.0
71,10400.0,1.42,576.6444256756756,0.4284961384874222,1604.9285714285713,31.0,4.0,15.0,1184.0,35.0
71,10600.0,1.4,573.4009900990098,0.4242596233758336,1604.9285714285713,31.0,4.0,15.0,1212.0,35.0
71,10800.0,1.38,573.1676136363636,0.42541503658808505,1604.9285714285713,34.0,1.0,15.0,1232.0,35.0
71,11000.0,1.42,572.6298804780877,0.4304826383962054,1604.9285714285713,34.0,1.0,15.0,1255.0,35.0
71,11200.0,1.42,572.354199066874,0.4298542557719985,1604.9285714285713,34.0,2.0,14.0,1286.0,35.0
71,11400.0,1.4,571.7970409711685,0.4338677964040298,1604.9285714285713,33.0,3.0,14.0,1318.0,35.0
71,11600.0,1.42,571.1473880597015,0.4199420266353151,1604.9285714285713,31.0,5.0,14.0,1340.0,35.0
71,11800.0,1.4,569.7115102639297,0.413536577949851,1604.9285714285713,31.0,6.0,13.0,1364.0,35.0
71,12000.0,1.4,569.7662103746397,0.41641497577686337,1890.0972222222222,32.0,5.0,13.0,1388.0,36.0
71,12200.0,1.38,571.4830628087509,0.4195974297123629,1890.0972222222222,29.0,8.0,13.0,1417.0,36.0
71,12400.0,1.4,570.8208593208593,0.42606368961952445,1890.0972222222222,30.0,8.0,12.0,1443.0,36.0
71,12600.0,1.4,569.2683673469388,0.43591510753451035,2176.324324324324,31.0,7.0,12.0,1470.0,37.0
71,12800.0,1.34,568.1592122830441,0.4382867451807107,2454.157894736842,34.0,4.0,12.0,1498.0,38.0
71,13000.0,1.38,565.9443352979699,0.4382867451807107,2454.157894736842,31.0,7.0,12.0,1527.0,38.0
71,13200.0,1.4,564.1275641025641,0.4344759086210042,2454.157894736842,32.0,6.0,12.0,1560.0,38.0
71,13400.0,1.38,563.3866077068857,0.4374353880769465,2454.157894736842,34.0,4.0,12.0,1583.0,38.0
71,13600.0,1.4,562.1146417445483,0.43824620436624573,2454.157894736842,34.0,4.0,12.0,1605.0,38.0
71,13800.0,1.34,561.8500611995104,0.43052317921067035,2454.157894736842,34.0,4.0,12.0,1634.0,38.0
71,14000.0,1.38,560.8572285542891,0.43234751586159365,2454.157894736842,32.0,6.0,12.0,1667.0,38.0
71,14200.0,1.42,559.0088915234144,0.43115156183487724,2454.157894736842,31.0,7.0,12.0,1687.0,38.0
71,14400.0,1.4,560.2137426900584,0.4296515516996737,2454.157894736842,32.0,6.0,12.0,1710.0,38.0
71,14600.0,1.42,559.6693548387096,0.4267934242798938,2454.157894736842,30.0,8.0,12.0,1736.0,38.0
71,14800.0,1.34,559.0932011331445,0.43151642916506194,2454.157894736842,33.0,5.0,12.0,1765.0,38.0
71,15000.0,1.4,559.1652731326644,0.44009081142440154,2454.157894736842,33.0,5.0,12.0,1794.0,38.0
71,15200.0,1.42,559.9665386725178,0.44406381124196787,2454.157894736842,32.0,6.0,12.0,1823.0,38.0
71,15400.0,1.4,559.4600977198697,0.4504084487057345,2454.157894736842,33.0,5.0,12.0,1842.0,38.0
71,15600.0,1.4,558.2072386058982,0.4493138467151805,2454.157894736842,33.0,5.0,12.0,1865.0,38.0
71,15800.0,1.4,558.7918660287081,0.44870573449820605,2454.157894736842,33.0,5.0,12.0,1881.0,38.0
71,16000.0,1.4,559.6315513626835,0.441246224636653,2454.157894736842,34.0,4.0,12.0,1908.0,38.0
72,0.0,0.0,nan,0.015202805424360975,nan,0.0,0.0,50.0,0.0,0.0
72,200.0,0.9,15.25,0.06693288468165326,nan,0.0,25.0,25.0,2.0,0.0
72,400.0,1.32,160.625,0.13412928465732876,336.0,1.0,26.0,23.0,8.0,1.0
72,600.0,1.42,227.66666666666666,0.19352157784849897,493.625,7.0,20.0,23.0,15.0,8.0
72,800.0,1.42,308.4318181818182,0.24385299900675003,612.8095238095239,19.0,8.0,23.0,22.0,21.0
72,1000.0,1.44,371.55357142857144,0.29140737437415115,667.3461538461538,25.0,4.0,21.0,28.0,26.0
72,1200.0,1.4,503.1578947368421,0.33056980114730505,667.3461538461538,26.0,3.0,21.0,38.0,26.0
72,1400.0,1.44,608.625,0.3677051871972108,667.3461538461538,26.0,4.0,20.0,48.0,26.0
72,1600.0,1.36,757.8333333333334,0.39097561470009934,695.425925925926,27.0,4.0,19.0,75.0,27.0
72,1800.0,1.42,817.3689320388349,0.40125271116696737,729.5892857142857,28.0,4.0,18.0,103.0,28.0
72,2000.0,1.42,788.052,0.40956357813228467,768.2758620689655,28.0,4.0,18.0,125.0,29.0
72,2200.0,1.38,782.4689655172414,0.413536577949851,814.1,28.0,4.0,18.0,145.0,30.0
72,2400.0,1.4,746.0484848484848,0.4134352259136886,864.9193548387096,30.0,4.0,16.0,165.0,31.0
72,2600.0,1.38,730.2311827956989,0.4139419860945006,864.9193548387096,31.0,3.0,16.0,186.0,31.0
72,2800.0,1.44,733.6850961538462,0.4186447205724363,977.1818181818181,33.0,2.0,15.0,208.0,33.0
72,3000.0,1.4,721.2629310344828,0.4191920215677133,977.1818181818181,30.0,5.0,15.0,232.0,33.0
72,3200.0,1.4,712.2106299212599,0.42790829667768027,977.1818181818181,33.0,1.0,16.0,254.0,33.0
72,3400.0,1.4,712.6117021276596,0.4362394340502301,977.1818181818181,33.0,2.0,15.0,282.0,33.0
72,3600.0,1.42,694.008064516129,0.4434354286177609,1052.6617647058824,34.0,1.0,15.0,310.0,34.0
72,3800.0,1.44,684.8820058997051,0.44459084183001235,1052.6617647058824,34.0,1.0,15.0,339.0,34.0
72,4000.0,1.44,677.8441011235955,0.448198974317394,1136.5142857142857,35.0,0.0,15.0,356.0,35.0
72,4200.0,1.42,668.0367454068241,0.4462935560375408,1136.5142857142857,34.0,1.0,15.0,381.0,35.0
72,4400.0,1.42,672.5620347394541,0.4411854134149555,1136.5142857142857,33.0,2.0,15.0,403.0,35.0
72,4600.0,1.42,664.8489461358314,0.43834755640240813,1136.5142857142857,32.0,4.0,14.0,427.0,35.0
72,4800.0,1.4,665.6019955654102,0.44104352056432816,1136.5142857142857,33.0,3.0,14.0,451.0,35.0
72,5000.0,1.42,659.8238993710692,0.44479354590233716,1136.5142857142857,34.0,3.0,13.0,477.0,35.0
72,5200.0,1.44,649.26593625498,0.4547463158534855,1136.5142857142857,34.0,4.0,12.0,502.0,35.0
72,5400.0,1.36,645.5896226415094,0.4534287393833742,1136.5142857142857,33.0,6.0,11.0,530.0,35.0
72,5600.0,1.42,644.6124100719425,0.4556787545861796,1136.5142857142857,32.0,7.0,11.0,556.0,35.0
72,5800.0,1.42,640.0587219343696,0.4570571422779884,1136.5142857142857,33.0,7.0,10.0,579.0,35.0
72,6000.0,1.4,634.3580968280468,0.4578679585672876,1269.5694444444443,32.0,8.0,10.0,599.0,36.0
72,6200.0,1.44,634.1214285714286,0.4540368516003487,1401.8243243243244,33.0,7.0,10.0,630.0,37.0
72,6400.0,1.38,632.8658536585366,0.45559767295724973,1401.8243243243244,35.0,5.0,10.0,656.0,37.0
72,6600.0,1.36,629.674486803519,0.460158514584558,1401.8243243243244,34.0,7.0,9.0,682.0,37.0
72,6800.0,1.44,620.5478199718706,0.46822613666308555,1540.8026315789473,37.0,4.0,9.0,711.0,38.0
72,7000.0,1.4,617.5732700135685,0.48239515131859,1810.5625,37.0,4.0,9.0,737.0,40.0
72,7200.0,1.4,610.0440985732814,0.48543571240346217,1941.4024390243903,38.0,3.0,9.0,771.0,41.0
72,7400.0,1.42,605.5025094102886,0.48022621774471447,1941.4024390243903,35.0,6.0,9.0,797.0,41.0
72,7600.0,1.42,602.2436517533253,0.47546267204508136,1941.4024390243903,37.0,4.0,9.0,827.0,41.0
72,7800.0,1.4,600.469837587007,0.4749964526787343,1941.4024390243903,36.0,5.0,9.0,862.0,41.0
72,8000.0,1.44,597.3457627118644,0.4827194778343097,1941.4024390243903,36.0,5.0,9.0,885.0,41.0
72,8200.0,1.44,593.8904185022027,0.48002351367238966,1941.4024390243903,37.0,4.0,9.0,908.0,41.0
72,8400.0,1.42,592.8235294117648,0.4791316157541605,1941.4024390243903,36.0,5.0,9.0,935.0,41.0
72,8600.0,1.38,589.0139607032058,0.47878701883120833,1941.4024390243903,35.0,6.0,9.0,967.0,41.0
72,8800.0,1.42,588.9869083585096,0.478604585166116,1941.4024390243903,39.0,2.0,9.0,993.0,41.0
72,9000.0,1.42,585.25830078125,0.48028702896641196,1941.4024390243903,38.0,3.0,9.0,1024.0,41.0
72,9200.0,1.42,582.9784894837476,0.4783207994648612,1941.4024390243903,37.0,4.0,9.0,1046.0,41.0
72,9400.0,1.42,583.8008356545961,0.47104372326840044,1941.4024390243903,35.0,6.0,9.0,1077.0,41.0
72,9600.0,1.42,579.9480578139114,0.4629761011898729,1941.4024390243903,33.0,8.0,9.0,1107.0,41.0
72,9800.0,1.4,579.710758377425,0.4571382239069183,1941.4024390243903,34.0,7.0,9.0,1134.0,41.0
72,10000.0,1.44,577.197934595525,0.45164494354691587,1941.4024390243903,33.0,8.0,9.0,1162.0,41.0
72,10200.0,1.44,574.8310980720872,0.4532057649038169,1941.4024390243903,33.0,8.0,9.0,1193.0,41.0
72,10400.0,1.44,573.2321575061526,0.4576652544949628,1941.4024390243903,33.0,8.0,9.0,1219.0,41.0
72,10600.0,1.42,572.0144462279294,0.45748282082987046,1941.4024390243903,33.0,8.0,9.0,1246.0,41.0
72,10800.0,1.4,570.685141509434,0.46595585105304765,1941.4024390243903,34.0,8.0,8.0,1272.0,41.0
72,11000.0,1.4,571.5046332046333,0.4724018405529767,1941.4024390243903,34.0,9.0,7.0,1295.0,41.0
72,11200.0,1.4,568.0477996965099,0.47734781991770214,1941.4024390243903,35.0,8.0,7.0,1318.0,41.0
72,11400.0,1.4,569.1459881129272,0.47755052399002695,1941.4024390243903,33.0,10.0,7.0,1346.0,41.0
72,11600.0,1.44,566.8574545454545,0.4808546003689214,2167.5714285714284,34.0,9.0,7.0,1375.0,42.0
72,11800.0,1.44,566.4559032716927,0.4779559321346766,2387.6976744186045,36.0,7.0,7.0,1406.0,43.0
72,12000.0,1.4,567.241958041958,0.4703342590152636,2387.6976744186045,35.0,8.0,7.0,1430.0,43.0
72,12200.0,1.42,566.9103708791209,0.46674639693511444,2387.6976744186045,35.0,9.0,6.0,1456.0,43.0
72,12400.0,1.44,565.0796370967741,0.46899641213791987,2615.193181818182,33.0,11.0,6.0,1488.0,44.0
72,12600.0,1.42,564.2344576719577,0.4770640342164474,2615.193181818182,36.0,8.0,6.0,1512.0,44.0
72,12800.0,1.4,565.0371577574967,0.48048973303873677,2615.193181818182,35.0,9.0,6.0,1534.0,44.0
72,13000.0,1.44,564.8068545803972,0.4745505037196197,2615.193181818182,36.0,8.0,6.0,1561.0,44.0
72,13200.0,1.4,566.1884057971015,0.46530719802160825,2615.193181818182,36.0,8.0,6.0,1587.0,44.0
72,13400.0,1.4,562.5484268969772,0.46338150933452255,2615.193181818182,35.0,9.0,6.0,1621.0,44.0
72,13600.0,1.42,561.1182534869617,0.4579895810106825,2615.193181818182,37.0,7.0,6.0,1649.0,44.0
72,13800.0,1.44,558.5555885850179,0.4565098412827114,2615.193181818182,31.0,13.0,6.0,1682.0,44.0
72,14000.0,1.42,557.2793687901811,0.45478685666795043,2615.193181818182,30.0,15.0,5.0,1711.0,44.0
72,14200.0,1.44,556.0719610091743,0.45851661159872703,2615.193181818182,31.0,14.0,5.0,1744.0,44.0
72,14400.0,1.42,555.2458923512747,0.4670909938580666,2615.193181818182,33.0,12.0,5.0,1765.0,44.0
72,14600.0,1.44,556.5313199105145,0.47343563132183325,2615.193181818182,35.0,10.0,5.0,1788.0,44.0
72,14800.0,1.4,557.1255530973451,0.47477347819917703,2615.193181818182,36.0,9.0,5.0,1808.0,44.0
72,15000.0,1.42,556.0274755168662,0.4724018405529767,2615.193181818182,33.0,12.0,5.0,1838.0,44.0
72,15200.0,1.42,555.6532258064516,0.46838829992094544,2615.193181818182,35.0,10.0,5.0,1860.0,44.0
72,15400.0,1.42,555.3491265219693,0.4664220704193947,2615.193181818182,36.0,9.0,5.0,1889.0,44.0
72,15600.0,1.44,557.2894050104384,0.46763829485334363,2615.193181818182,34.0,11.0,5.0,1916.0,44.0
72,15800.0,1.42,556.3817480719795,0.4648207082480287,2615.193181818182,32.0,13.0,5.0,1945.0,44.0
72,16000.0,1.44,556.3089204257476,0.4653882796505382,2615.193181818182,31.0,14.0,5.0,1973.0,44.0
73,0.0,0.0,nan,0.015202805424360975,nan,0.0,0.0,50.0,0.0,0.0
73,200.0,0.8,26.5,0.06431800214866316,nan,0.0,24.0,26.0,1.0,0.0
73,400.0,1.34,178.21428571428572,0.13858877424847466,345.0,1.0,29.0,20.0,7.0,1.0
73,600.0,1.42,228.46153846153845,0.2115014290637099,487.25,8.0,24.0,18.0,13.0,8.0
73,800.0,1.42,322.0,0.26629233981310685,585.5555555555555,17.0,15.0,18.0,24.0,18.0
73,1000.0,1.4,402.35483870967744,0.3128331948188839,685.24,24.0,8.0,18.0,31.0,25.0
73,1200.0,1.44,471.4756097560976,0.35400239190805344,715.074074074074,26.0,5.0,19.0,41.0,27.0
73,1400.0,1.44,642.7177419354839,0.3778809316279164,738.9821428571429,27.0,4.0,19.0,62.0,28.0
73,1600.0,1.42,730.3166666666667,0.3911175075507267,738.9821428571429,27.0,4.0,19.0,90.0,28.0
73,1800.0,1.46,764.4954128440367,0.40832708329110334,803.3333333333334,28.0,3.0,19.0,109.0,30.0
73,2000.0,1.44,753.3461538461538,0.4161717308900736,803.3333333333334,29.0,3.0,18.0,130.0,30.0
73,2200.0,1.46,709.2101910828026,0.4186041797579713,803.3333333333334,28.0,4.0,18.0,157.0,30.0
73,2400.0,1.42,686.9920212765958,0.4179757971337644,848.6451612903226,30.0,2.0,18.0,188.0,31.0
73,2600.0,1.44,670.4556074766355,0.4230028581274198,848.6451612903226,30.0,2.0,18.0,214.0,31.0
73,2800.0,1.42,671.2478991596639,0.4248271947783431,907.578125,31.0,1.0,18.0,238.0,32.0
73,3000.0,1.44,656.4640151515151,0.4293677659984189,907.578125,30.0,2.0,18.0,264.0,32.0
73,3200.0,1.44,647.886925795053,0.43563132183325565,907.578125,29.0,3.0,18.0,283.0,32.0
73,3400.0,1.4,638.7880258899677,0.4368880870816695,907.578125,30.0,2.0,18.0,309.0,32.0
73,3600.0,1.42,642.690332326284,0.43202318934587397,907.578125,31.0,2.0,17.0,331.0,32.0
73,3800.0,1.44,634.7986301369863,0.43984756653761176,907.578125,31.0,3.0,16.0,365.0,32.0
73,4000.0,1.46,634.9768041237113,0.44469219386617476,907.578125,31.0,3.0,16.0,388.0,32.0
73,4200.0,1.44,632.2358024691358,0.44361786228285327,907.578125,30.0,5.0,15.0,405.0,32.0
73,4400.0,1.46,623.027713625866,0.4507327752214542,1008.4242424242424,32.0,4.0,14.0,433.0,33.0
73,4600.0,1.44,627.1460176991151,0.4605841931364401,1108.4705882352941,34.0,2.0,14.0,452.0,34.0
73,4800.0,1.44,619.4282744282744,0.46362475422131233,1108.4705882352941,33.0,3.0,14.0,481.0,34.0
73,5000.0,1.42,618.0514851485149,0.46163825431252914,1214.7285714285715,33.0,3.0,14.0,505.0,35.0
73,5200.0,1.42,620.988679245283,0.46457746336123895,1214.7285714285715,33.0,3.0,14.0,530.0,35.0
73,5400.0,1.46,622.4258589511754,0.46173960634869154,1214.7285714285715,32.0,4.0,14.0,553.0,35.0
73,5600.0,1.38,618.3164665523157,0.46084770843046236,1214.7285714285715,33.0,3.0,14.0,583.0,35.0
73,5800.0,1.44,614.5606557377049,0.46530719802160825,1214.7285714285715,34.0,3.0,13.0,610.0,35.0
73,6000.0,1.46,617.681240063593,0.46001662173393065,1214.7285714285715,35.0,2.0,13.0,629.0,35.0
73,6200.0,1.46,617.5175840978593,0.46423286643828676,1214.7285714285715,32.0,4.0,14.0,654.0,35.0
73,6400.0,1.44,612.5103244837758,0.47205724363002455,1356.0277777777778,34.0,2.0,14.0,678.0,36.0
73,6600.0,1.42,612.8730385164051,0.470476151865891,1356.0277777777778,34.0,2.0,14.0,701.0,36.0
73,6800.0,1.46,610.5937931034483,0.47357752417246063,1356.0277777777778,34.0,3.0,13.0,725.0,36.0
73,7000.0,1.4,603.4237400530504,0.47355725376522817,1356.0277777777778,34.0,5.0,11.0,754.0,36.0
73,7200.0,1.42,607.7735483870968,0.47647619240670547,1513.8918918918919,34.0,5.0,11.0,775.0,37.0
73,7400.0,1.46,606.269038701623,0.47675997810796017,1513.8918918918919,33.0,7.0,10.0,801.0,37.0
73,7600.0,1.42,608.6876513317192,0.47250319258913914,1673.907894736842,35.0,5.0,10.0,826.0,38.0
73,7800.0,1.46,608.0164319248827,0.469888310056149,1673.907894736842,34.0,7.0,9.0,852.0,38.0
73,8000.0,1.42,606.6657175398633,0.4654490908722356,1673.907894736842,34.0,8.0,8.0,878.0,38.0
73,8200.0,1.42,606.4608167770419,0.4729694119554862,1838.3461538461538,39.0,3.0,8.0,906.0,39.0
73,8400.0,1.46,602.4967845659164,0.4842194879695133,1999.1875,38.0,4.0,8.0,933.0,40.0
73,8600.0,1.42,601.821875,0.49534794154014555,1999.1875,38.0,4.0,8.0,960.0,40.0
73,8800.0,1.44,599.0535353535354,0.504631788052622,2163.5975609756097,37.0,5.0,8.0,990.0,41.0
73,9000.0,1.44,598.3557213930349,0.504084487057345,2163.5975609756097,36.0,7.0,7.0,1005.0,41.0
73,9200.0,1.46,598.6705767350928,0.4996858086878965,2327.8928571428573,37.0,6.0,7.0,1023.0,42.0
73,9400.0,1.44,597.0038058991437,0.4997263495023615,2489.9418604651164,36.0,7.0,7.0,1051.0,43.0
73,9600.0,1.44,600.4650837988827,0.4937871201832445,2489.9418604651164,36.0,7.0,7.0,1074.0,43.0
73,9800.0,1.44,601.286231884058,0.4937871201832445,2489.9418604651164,33.0,10.0,7.0,1104.0,43.0
73,10000.0,1.4,601.1631111111111,0.4955709160197028,2489.9418604651164,33.0,11.0,6.0,1125.0,43.0
73,10200.0,1.46,600.3340554592721,0.49786147203697323,2489.9418604651164,33.0,11.0,6.0,1154.0,43.0
73,10400.0,1.44,599.1494449188727,0.49727363022723126,2668.431818181818,36.0,8.0,6.0,1171.0,44.0
73,10600.0,1.46,599.4683069224353,0.49840877303225023,2668.431818181818,38.0,6.0,6.0,1199.0,44.0
73,10800.0,1.42,596.1047269763651,0.4998682423529889,2668.431818181818,38.0,6.0,6.0,1227.0,44.0
73,11000.0,1.44,596.6649277688604,0.4987533699552024,2668.431818181818,37.0,7.0,6.0,1246.0,44.0
73,11200.0,1.46,595.2827613104524,0.492672247785458,2668.431818181818,36.0,8.0,6.0,1282.0,44.0
73,11400.0,1.46,594.6385496183207,0.48567895729025196,2668.431818181818,35.0,9.0,6.0,1310.0,44.0
73,11600.0,1.44,593.1611940298508,0.4844627328563031,2668.431818181818,36.0,9.0,5.0,1340.0,44.0
73,11800.0,1.44,591.5230431602048,0.4832262380151217,2668.431818181818,38.0,7.0,5.0,1367.0,44.0
73,12000.0,1.44,589.1855707106963,0.48328704923681914,2874.9555555555557,35.0,10.0,5.0,1393.0,45.0
73,12200.0,1.46,588.594299788881,0.48067216670382906,2874.9555555555557,36.0,9.0,5.0,1421.0,45.0
73,12400.0,1.46,587.2794729542302,0.4826992074270772,2874.9555555555557,35.0,10.0,5.0,1442.0,45.0
73,12600.0,1.44,590.3505119453924,0.478016743356374,2874.9555555555557,35.0,10.0,5.0,1465.0,45.0
73,12800.0,1.36,589.0340226817879,0.4782194474286988,2874.9555555555557,35.0,10.0,5.0,1499.0,45.0
73,13000.0,1.44,587.6736566186107,0.47819917702146636,2874.9555555555557,35.0,10.0,5.0,1526.0,45.0
73,13200.0,1.44,584.8094932649134,0.46932073865363955,2874.9555555555557,35.0,10.0,5.0,1559.0,45.0
73,13400.0,1.44,581.8922495274102,0.47270589666146395,2874.9555555555557,37.0,8.0,5.0,1587.0,45.0
73,13600.0,1.46,581.1906674907293,0.47021263657186874,2874.9555555555557,34.0,11.0,5.0,1618.0,45.0
73,13800.0,1.44,580.2507580351728,0.46808424381245817,2874.9555555555557,32.0,13.0,5.0,1649.0,45.0
73,14000.0,1.44,577.8592261904762,0.4660166622747451,2874.9555555555557,34.0,11.0,5.0,1680.0,45.0
73,14200.0,1.44,575.5455873758036,0.4688545192872925,2874.9555555555557,35.0,10.0,5.0,1711.0,45.0
73,14400.0,1.44,573.0912492803684,0.47086128960330814,2874.9555555555557,33.0,12.0,5.0,1737.0,45.0
73,14600.0,1.42,573.5184135977337,0.46729369793039144,2874.9555555555557,32.0,13.0,5.0,1765.0,45.0
73,14800.0,1.46,570.9262569832403,0.4692599274319421,2874.9555555555557,33.0,12.0,5.0,1790.0,45.0
73,15000.0,1.46,570.8600550964187,0.46832748869924795,2874.9555555555557,34.0,11.0,5.0,1815.0,45.0
73,15200.0,1.46,570.0501083423619,0.46259096345245576,2874.9555555555557,34.0,11.0,5.0,1846.0,45.0
73,15400.0,1.44,568.1233386496544,0.46109095331725214,2874.9555555555557,34.0,11.0,5.0,1881.0,45.0
73,15600.0,1.44,568.2031496062992,0.46390853992256703,2874.9555555555557,29.0,16.0,5.0,1905.0,45.0
73,15800.0,1.46,566.6927244582043,0.46889506010175747,2874.9555555555557,34.0,11.0,5.0,1938.0,45.0
73,16000.0,1.42,566.1644636502288,0.4801451361157846,2874.9555555555557,33.0,12.0,5.0,1967.0,45.0
74,0.0,0.0,nan,0.015202805424360975,nan,0.0,0.0,50.0,0.0,0.0
74,200.0,0.68,28.5,0.05481118115662944,nan,0.0,19.0,31.0,2.0,0.0
74,400.0,1.42,67.88888888888889,0.13794012121703525,358.5,1.0,32.0,17.0,9.0,1.0
74,600.0,1.46,192.86666666666667,0.21922445421928527,503.72222222222223,9.0,25.0,16.0,15.0,9.0
74,800.0,1.42,326.58,0.28611679808647356,598.1176470588235,17.0,17.0,16.0,25.0,17.0
74,1000.0,1.48,419.8030303030303,0.3416577139034723,710.4827586206897,29.0,5.0,16.0,33.0,29.0
74,1200.0,1.48,467.2375,0.39444185433685364,770.7794117647059,34.0,1.0,15.0,40.0,34.0
74,1400.0,1.44,573.9426229508197,0.42758397016196054,770.7794117647059,33.0,2.0,15.0,61.0,34.0
74,1600.0,1.4,708.43125,0.447692214136582,770.7794117647059,33.0,2.0,15.0,80.0,34.0
74,1800.0,1.44,740.7752293577981,0.4474895100642572,798.2857142857143,33.0,3.0,14.0,109.0,35.0
74,2000.0,1.46,732.2482269503546,0.44846248961141627,798.2857142857143,32.0,5.0,13.0,141.0,35.0
74,2200.0,1.46,729.083850931677,0.4550301015547402,798.2857142857143,32.0,5.0,13.0,161.0,35.0
74,2400.0,1.44,708.7635869565217,0.45748282082987046,798.2857142857143,31.0,6.0,13.0,184.0,35.0
74,2600.0,1.46,678.8617511520737,0.463989621551497,844.5416666666666,33.0,4.0,13.0,217.0,36.0
74,2800.0,1.48,671.4698275862069,0.46867208562220014,896.5675675675676,35.0,3.0,12.0,232.0,37.0
74,3000.0,1.44,667.2423664122138,0.46976668761275414,896.5675675675676,34.0,4.0,12.0,262.0,37.0
74,3200.0,1.48,651.1757679180887,0.4689558713234549,896.5675675675676,33.0,5.0,12.0,293.0,37.0
74,3400.0,1.46,639.6458333333334,0.4665234224555571,896.5675675675676,31.0,7.0,12.0,312.0,37.0
74,3600.0,1.46,637.3136094674556,0.46802343259076074,967.421052631579,32.0,7.0,11.0,338.0,38.0
74,3800.0,1.48,641.4872881355932,0.47096264163947055,967.421052631579,32.0,7.0,11.0,354.0,38.0
74,4000.0,1.48,649.1618037135279,0.4763140291488456,1044.9102564102564,33.0,6.0,11.0,377.0,39.0
74,4200.0,1.48,646.0829145728643,0.481847850323313,1044.9102564102564,34.0,5.0,11.0,398.0,39.0
74,4400.0,1.44,649.9869976359338,0.48091541159061885,1044.9102564102564,35.0,4.0,11.0,423.0,39.0
74,4600.0,1.48,645.390243902439,0.47894918208906817,1044.9102564102564,36.0,3.0,11.0,451.0,39.0
74,4800.0,1.48,635.7734864300626,0.4745505037196197,1044.9102564102564,35.0,5.0,10.0,479.0,39.0
74,5000.0,1.46,635.0633663366336,0.46441530010337906,1044.9102564102564,35.0,5.0,10.0,505.0,39.0
74,5200.0,1.46,631.984934086629,0.45991526969776825,1044.9102564102564,33.0,7.0,10.0,531.0,39.0
74,5400.0,1.46,626.4145683453237,0.46540855005777065,1044.9102564102564,35.0,5.0,10.0,556.0,39.0
74,5600.0,1.44,626.2003424657535,0.4677193764822735,1044.9102564102564,36.0,4.0,10.0,584.0,39.0
74,5800.0,1.46,624.9326765188835,0.47209778444448947,1044.9102564102564,37.0,3.0,10.0,609.0,39.0
74,6000.0,1.48,621.7942583732057,0.47702349340198247,1044.9102564102564,35.0,5.0,10.0,627.0,39.0
74,6200.0,1.48,619.0214067278288,0.47560456489570874,1044.9102564102564,36.0,4.0,10.0,654.0,39.0
74,6400.0,1.46,621.9970588235294,0.4731518456205785,1044.9102564102564,36.0,4.0,10.0,680.0,39.0
74,6600.0,1.48,619.0042016806723,0.48484787059372025,1044.9102564102564,36.0,5.0,9.0,714.0,39.0
74,6800.0,1.46,611.516846361186,0.49218575801187847,1044.9102564102564,36.0,5.0,9.0,742.0,39.0
74,7000.0,1.44,608.228813559322,0.4916992682382989,1044.9102564102564,36.0,5.0,9.0,767.0,39.0
74,7200.0,1.44,601.332711442786,0.48351002371637647,1196.7375,36.0,5.0,9.0,804.0,40.0
74,7400.0,1.48,600.5292682926829,0.4877262684207326,1196.7375,37.0,4.0,9.0,820.0,40.0
74,7600.0,1.48,602.1403823178017,0.48176676869438306,1196.7375,33.0,8.0,9.0,837.0,40.0
74,7800.0,1.44,600.5607638888889,0.4797599983783674,1353.878048780488,31.0,10.0,9.0,864.0,41.0
74,8000.0,1.48,603.456081081081,0.47615186589098574,1353.878048780488,31.0,10.0,9.0,888.0,41.0
74,8200.0,1.48,606.5545256270447,0.48280055946323963,1353.878048780488,32.0,9.0,9.0,917.0,41.0
74,8400.0,1.48,604.9006444683137,0.48472624815032533,1353.878048780488,32.0,9.0,9.0,931.0,41.0
74,8600.0,1.48,605.902719665272,0.4785843147588835,1353.878048780488,32.0,9.0,9.0,956.0,41.0
74,8800.0,1.42,607.2581632653062,0.47355725376522817,1353.878048780488,35.0,6.0,9.0,980.0,41.0
74,9000.0,1.46,603.9563924677899,0.47136804978412017,1353.878048780488,35.0,6.0,9.0,1009.0,41.0
74,9200.0,1.46,603.9884393063584,0.46996939168507895,1353.878048780488,32.0,9.0,9.0,1038.0,41.0
74,9400.0,1.46,601.8054511278195,0.46715180507976406,1353.878048780488,31.0,10.0,9.0,1064.0,41.0
74,9600.0,1.38,601.3740875912408,0.46571260616625787,1353.878048780488,31.0,10.0,9.0,1096.0,41.0
74,9800.0,1.46,597.5660460992908,0.46867208562220014,1353.878048780488,33.0,8.0,9.0,1128.0,41.0
74,10000.0,1.44,594.4948231233823,0.4675369428171812,1353.878048780488,33.0,8.0,9.0,1159.0,41.0
74,10200.0,1.46,590.7172268907563,0.46506395313481846,1353.878048780488,32.0,9.0,9.0,1190.0,41.0
74,10400.0,1.48,586.8752052545155,0.46025986662072044,1353.878048780488,34.0,7.0,9.0,1218.0,41.0
74,10600.0,1.46,583.5063643595863,0.4592058054446314,1353.878048780488,35.0,6.0,9.0,1257.0,41.0
74,10800.0,1.46,581.0622552858262,0.4593274278880263,1353.878048780488,34.0,7.0,9.0,1277.0,41.0
74,11000.0,1.48,580.0279265493497,0.45851661159872703,1353.878048780488,33.0,8.0,9.0,1307.0,41.0
74,11200.0,1.48,579.8461538461538,0.4582530963047048,1353.878048780488,34.0,7.0,9.0,1326.0,41.0
74,11400.0,1.48,579.7518436578171,0.4552936168487625,1353.878048780488,32.0,9.0,9.0,1356.0,41.0
74,11600.0,1.46,581.726250906454,0.4592868870735613,1353.878048780488,32.0,9.0,9.0,1379.0,41.0
74,11800.0,1.48,582.6845110635261,0.45813147386130987,1353.878048780488,31.0,10.0,9.0,1401.0,41.0
74,12000.0,1.46,582.0688811188811,0.44817870391016157,1353.878048780488,26.0,15.0,9.0,1430.0,41.0
74,12200.0,1.46,580.5289256198347,0.4457665254494963,1353.878048780488,29.0,12.0,9.0,1452.0,41.0
74,12400.0,1.48,579.8024357239512,0.4498206068959925,1353.878048780488,31.0,10.0,9.0,1478.0,41.0
74,12600.0,1.48,580.9860465116279,0.4570571422779884,1353.878048780488,33.0,8.0,9.0,1505.0,41.0
74,12800.0,1.48,578.3866146848603,0.45955040236758354,1353.878048780488,31.0,10.0,9.0,1539.0,41.0
74,13000.0,1.42,578.3232291001915,0.46382745829363714,1353.878048780488,30.0,11.0,9.0,1567.0,41.0
74,13200.0,1.44,575.671679197995,0.45653011168994384,1353.878048780488,31.0,10.0,9.0,1596.0,41.0
74,13400.0,1.46,573.9211656441718,0.45263819350130746,1353.878048780488,31.0,10.0,9.0,1630.0,41.0
74,13600.0,1.48,571.8441087613293,0.4486651936837411,1353.878048780488,31.0,10.0,9.0,1655.0,41.0
74,13800.0,1.44,572.7951699463327,0.44534084689761416,1353.878048780488,29.0,12.0,9.0,1677.0,41.0
74,14000.0,1.44,574.3522527794032,0.44256380110676424,1353.878048780488,31.0,10.0,9.0,1709.0,41.0
74,14200.0,1.46,572.843029953917,0.4404556787545862,1353.878048780488,30.0,10.0,10.0,1736.0,41.0
74,14400.0,1.48,572.5633200228181,0.438975939026615,1353.878048780488,29.0,11.0,10.0,1753.0,41.0
74,14600.0,1.44,574.9988738738739,0.44252326029229927,1353.878048780488,28.0,13.0,9.0,1776.0,41.0
74,14800.0,1.48,573.6780366056572,0.4445705714227799,1353.878048780488,27.0,14.0,9.0,1803.0,41.0
74,15000.0,1.46,573.1389192139738,0.4453003060831492,1353.878048780488,29.0,12.0,9.0,1832.0,41.0
74,15200.0,1.44,572.0560923242083,0.4472462651774674,1353.878048780488,31.0,10.0,9.0,1863.0,41.0
74,15400.0,1.44,574.6865711252653,0.44915168345732065,1353.878048780488,31.0,10.0,9.0,1884.0,41.0
74,15600.0,1.48,574.0452405857741,0.44777329576551195,1353.878048780488,31.0,10.0,9.0,1912.0,41.0
74,15800.0,1.48,571.2807197943445,0.44884762734883343,1353.878048780488,33.0,8.0,9.0,1945.0,41.0
74,16000.0,1.42,570.4820162107396,0.4491314130500882,1353.878048780488,31.0,10.0,9.0,1974.0,41.0
75,0.0,0.0,nan,0.015202805424360975,nan,0.0,0.0,50.0,0.0,0.0
75,200.0,0.78,30.785714285714285,0.05541929337360388,nan,0.0,21.0,29.0,7.0,0.0
75,400.0,1.38,62.05555555555556,0.12971033588064784,nan,0.0,30.0,20.0,18.0,0.0
75,600.0,1.44,120.92857142857143,0.20144730707639916,516.625,4.0,26.0,20.0,28.0,4.0
75,800.0,1.48,181.3783783783784,0.2583868809924391,628.75,18.0,12.0,20.0,37.0,18.0
75,1000.0,1.5,246.27380952380952,0.30855613889283035,716.7857142857143,28.0,2.0,20.0,42.0,28.0
75,1200.0,1.5,351.19607843137254,0.35615105507469647,716.7857142857143,28.0,3.0,19.0,51.0,28.0
75,1400.0,1.48,473.54411764705884,0.39344860438246204,716.7857142857143,28.0,3.0,19.0,68.0,28.0
75,1600.0,1.4,626.6263157894737,0.4087933026574504,716.7857142857143,28.0,3.0,19.0,95.0,28.0
75,1800.0,1.42,701.9083333333333,0.4104149352360489,751.4310344827586,29.0,3.0,18.0,120.0,29.0
75,2000.0,1.46,719.8827586206896,0.41457036871870756,751.4310344827586,28.0,5.0,17.0,145.0,29.0
75,2200.0,1.44,694.185294117647,0.4212190622909614,751.4310344827586,27.0,4.0,19.0,170.0,29.0
75,2400.0,1.5,677.771052631579,0.42527314373745767,851.483870967742,29.0,3.0,18.0,190.0,31.0
75,2600.0,1.48,675.7863849765258,0.42691504672328867,851.483870967742,29.0,3.0,18.0,213.0,31.0
75,2800.0,1.44,664.7427983539095,0.42685423550159124,851.483870967742,29.0,4.0,17.0,243.0,31.0
75,3000.0,1.5,656.873076923077,0.4306650720612977,851.483870967742,29.0,5.0,16.0,260.0,31.0
75,3200.0,1.5,662.7561403508772,0.43378671477509984,923.5625,29.0,6.0,15.0,285.0,32.0
75,3400.0,1.5,657.1789297658863,0.43498266880181624,995.0454545454545,31.0,4.0,15.0,299.0,33.0
75,3600.0,1.46,655.5211480362537,0.43563132183325565,1067.2058823529412,32.0,4.0,14.0,331.0,34.0
75,3800.0,1.46,652.02,0.43865161251089535,1143.1857142857143,32.0,5.0,13.0,350.0,35.0
75,4000.0,1.46,651.6083550913838,0.44544219893377657,1219.8055555555557,35.0,2.0,13.0,383.0,36.0
75,4200.0,1.5,647.5256097560975,0.4524963006506801,1296.9324324324325,34.0,3.0,13.0,410.0,37.0
75,4400.0,1.48,639.2540415704387,0.45851661159872703,1296.9324324324325,36.0,1.0,13.0,433.0,37.0
75,4600.0,1.4,634.9330453563715,0.46198285123548133,1296.9324324324325,35.0,2.0,13.0,463.0,37.0
75,4800.0,1.5,630.3947368421053,0.45730038716477817,1296.9324324324325,36.0,3.0,11.0,494.0,37.0
75,5000.0,1.5,626.2514506769826,0.45598281069466684,1296.9324324324325,36.0,3.0,11.0,517.0,37.0
75,5200.0,1.5,623.962246777164,0.4653477388360732,1397.0,35.0,4.0,11.0,543.0,38.0
75,5400.0,1.5,615.2824561403509,0.4668680193785093,1497.2948717948718,36.0,3.0,11.0,570.0,39.0
75,5600.0,1.46,615.2834179357022,0.4670099122291367,1497.2948717948718,36.0,3.0,11.0,591.0,39.0
75,5800.0,1.44,615.9348874598071,0.4670707234508341,1497.2948717948718,39.0,0.0,11.0,622.0,39.0
75,6000.0,1.48,613.5633693972179,0.4685504631788053,1497.2948717948718,37.0,3.0,10.0,647.0,39.0
75,6200.0,1.48,612.5830860534124,0.4748951006425719,1497.2948717948718,35.0,5.0,10.0,674.0,39.0
75,6400.0,1.46,610.701867816092,0.4773680903249346,1618.675,37.0,3.0,10.0,696.0,40.0
75,6600.0,1.5,612.6062937062937,0.4722194068878844,1618.675,35.0,5.0,10.0,715.0,40.0
75,6800.0,1.46,611.622972972973,0.46660450408448706,1618.675,35.0,5.0,10.0,740.0,40.0
75,7000.0,1.5,612.571335927367,0.45995581051223317,1618.675,36.0,4.0,10.0,771.0,40.0
75,7200.0,1.42,607.0912453760789,0.46248961141629336,1618.675,36.0,5.0,9.0,811.0,40.0
75,7400.0,1.48,602.9538922155689,0.4700504733140089,1618.675,33.0,8.0,9.0,835.0,40.0
75,7600.0,1.48,599.1231213872833,0.4658747694241177,1618.675,33.0,8.0,9.0,865.0,40.0
75,7800.0,1.46,592.7994413407821,0.46208420327164373,1618.675,33.0,8.0,9.0,895.0,40.0
75,8000.0,1.44,589.9724919093851,0.4582328258974723,1618.675,33.0,8.0,9.0,927.0,40.0
75,8200.0,1.48,589.9181626187961,0.4576652544949628,1618.675,34.0,7.0,9.0,947.0,40.0
75,8400.0,1.48,586.7584442169908,0.45381387712079135,1618.675,33.0,8.0,9.0,977.0,40.0
75,8600.0,1.48,584.3414271555996,0.45038817829850203,1618.675,31.0,11.0,8.0,1009.0,40.0
75,8800.0,1.44,582.4173076923076,0.44955709160197027,1618.675,35.0,8.0,7.0,1040.0,40.0
75,9000.0,1.48,580.8051643192488,0.45535442807045995,1794.8048780487804,36.0,7.0,7.0,1065.0,41.0
75,9200.0,1.38,583.5421245421245,0.4630977236332678,1794.8048780487804,35.0,8.0,7.0,1092.0,41.0
75,9400.0,1.46,583.4691689008043,0.4664423408266272,1975.5714285714287,36.0,7.0,7.0,1119.0,42.0
75,9600.0,1.48,581.3013998250219,0.46869235602943266,1975.5714285714287,37.0,6.0,7.0,1143.0,42.0
75,9800.0,1.44,579.0541455160744,0.4747126669774796,2156.2093023255816,39.0,4.0,7.0,1182.0,43.0
75,10000.0,1.46,575.3586776859504,0.48111811566294366,2156.2093023255816,39.0,4.0,7.0,1210.0,43.0
75,10200.0,1.5,573.4931174089069,0.48423975837674577,2156.2093023255816,36.0,7.0,7.0,1235.0,43.0
75,10400.0,1.5,573.5798252581413,0.479658646342205,2156.2093023255816,35.0,8.0,7.0,1259.0,43.0
75,10600.0,1.46,575.088326848249,0.4729288711410212,2156.2093023255816,34.0,9.0,7.0,1285.0,43.0
75,10800.0,1.48,573.7864263803681,0.4670099122291367,2156.2093023255816,33.0,10.0,7.0,1304.0,43.0
75,11000.0,1.46,574.0979151154132,0.4647396266190988,2156.2093023255816,32.0,11.0,7.0,1343.0,43.0
75,11200.0,1.48,572.1239941477688,0.45977337684714087,2156.2093023255816,33.0,10.0,7.0,1367.0,43.0
75,11400.0,1.46,569.9476702508961,0.4556179433644822,2156.2093023255816,33.0,10.0,7.0,1395.0,43.0
75,11600.0,1.44,568.2103230337078,0.4564693004682464,2156.2093023255816,35.0,8.0,7.0,1424.0,43.0
75,11800.0,1.48,570.1213793103449,0.45971256562544344,2156.2093023255816,36.0,7.0,7.0,1450.0,43.0
75,12000.0,1.5,570.3084962913014,0.4654896316867006,2156.2093023255816,36.0,8.0,6.0,1483.0,43.0
75,12200.0,1.5,569.6327140013271,0.4686112744005027,2156.2093023255816,37.0,8.0,5.0,1507.0,43.0
75,12400.0,1.48,567.2591145833334,0.474814019013642,2156.2093023255816,36.0,9.0,5.0,1536.0,43.0
75,12600.0,1.44,566.9578274760383,0.4722194068878844,2390.215909090909,36.0,9.0,5.0,1565.0,44.0
75,12800.0,1.46,564.1583696328563,0.47442888127622485,2390.215909090909,35.0,10.0,5.0,1607.0,44.0
75,13000.0,1.48,562.5061162079511,0.47625321792714814,2390.215909090909,34.0,11.0,5.0,1635.0,44.0
75,13200.0,1.5,560.0183956574185,0.4787262076095109,2390.215909090909,33.0,12.0,5.0,1658.0,44.0
75,13400.0,1.46,559.3398576512456,0.48351002371637647,2390.215909090909,34.0,11.0,5.0,1686.0,44.0
75,13600.0,1.46,561.7279626386456,0.4845235440780005,2390.215909090909,34.0,11.0,5.0,1713.0,44.0
75,13800.0,1.48,560.3730569948186,0.4828411002777046,2642.3777777777777,34.0,11.0,5.0,1737.0,45.0
75,14000.0,1.5,562.0619318181818,0.4780775545780715,2642.3777777777777,32.0,13.0,5.0,1760.0,45.0
75,14200.0,1.5,559.7536394176932,0.47943567186264774,2642.3777777777777,34.0,11.0,5.0,1786.0,45.0
75,14400.0,1.5,559.1285792951542,0.48170595747268563,2642.3777777777777,32.0,13.0,5.0,1816.0,45.0
75,14600.0,1.48,558.9299568965517,0.47264508543976647,2642.3777777777777,34.0,11.0,5.0,1856.0,45.0
75,14800.0,1.44,557.9419098143236,0.4709221008250056,2642.3777777777777,33.0,12.0,5.0,1885.0,45.0
75,15000.0,1.44,556.3980177360459,0.4779762025419091,2642.3777777777777,36.0,9.0,5.0,1917.0,45.0
75,15200.0,1.48,555.1525990735976,0.48239515131859,2642.3777777777777,35.0,10.0,5.0,1943.0,45.0
75,15400.0,1.48,554.5121396054628,0.4837938094176312,2642.3777777777777,38.0,7.0,5.0,1977.0,45.0
75,15600.0,1.46,553.9828358208955,0.48655058480124863,2642.3777777777777,37.0,8.0,5.0,2010.0,45.0
75,15800.0,1.5,552.3740758994578,0.490523584618815,2642.3777777777777,34.0,11.0,5.0,2029.0,45.0
75,16000.0,1.48,552.5257656781721,0.4901992581030953,2642.3777777777777,35.0,10.0,5.0,2057.0,45.0
76,0.0,0.0,nan,0.015202805424360975,nan,0.0,0.0,50.0,0.0,0.0
76,200.0,0.8,43.666666666666664,0.0558247015182535,nan,0.0,22.0,28.0,3.0,0.0
76,400.0,1.44,133.25,0.13759552429408306,340.75,2.0,31.0,17.0,10.0,2.0
76,600.0,1.52,182.28571428571428,0.20854194960776762,456.8333333333333,6.0,27.0,17.0,14.0,6.0
76,800.0,1.52,320.67391304347825,0.27213021709606144,601.8157894736842,19.0,15.0,16.0,23.0,19.0
76,1000.0,1.5,408.88235294117646,0.32625220440678654,688.0,27.0,7.0,16.0,34.0,27.0
76,1200.0,1.52,505.40909090909093,0.37098899316887274,702.2857142857143,28.0,6.0,16.0,44.0,28.0
76,1400.0,1.52,621.0564516129032,0.40078649180062026,753.4032258064516,31.0,3.0,16.0,62.0,31.0
76,1600.0,1.5,729.6318681318681,0.42318529179251213,775.28125,32.0,2.0,16.0,91.0,32.0
76,1800.0,1.5,735.3823529411765,0.43433401577037684,803.969696969697,33.0,1.0,16.0,119.0,33.0
76,2000.0,1.48,702.331081081081,0.4415300103379077,803.969696969697,33.0,1.0,16.0,148.0,33.0
76,2200.0,1.48,704.8333333333334,0.44146919911621024,803.969696969697,33.0,1.0,16.0,168.0,33.0
76,2400.0,1.5,696.9098360655738,0.4364015973080899,803.969696969697,32.0,2.0,16.0,183.0,33.0
76,2600.0,1.5,684.1833333333333,0.4386921533253603,803.969696969697,32.0,2.0,16.0,210.0,33.0
76,2800.0,1.52,690.4102564102565,0.4466178825532605,862.5735294117648,33.0,2.0,15.0,234.0,34.0
76,3000.0,1.46,677.5786516853933,0.4520503516915655,862.5735294117648,34.0,1.0,15.0,267.0,34.0
76,3200.0,1.52,666.3924914675767,0.45575983621510957,862.5735294117648,34.0,1.0,15.0,293.0,34.0
76,3400.0,1.52,652.7,0.4519084588409381,934.4714285714285,35.0,0.0,15.0,315.0,35.0
76,3600.0,1.52,644.2280701754386,0.4462732856303083,934.4714285714285,33.0,2.0,15.0,342.0,35.0
76,3800.0,1.5,647.0975609756098,0.44528003567591673,934.4714285714285,33.0,3.0,14.0,369.0,35.0
76,4000.0,1.48,640.0632911392405,0.44181379603916243,934.4714285714285,34.0,2.0,14.0,395.0,35.0
76,4200.0,1.48,636.2458628841607,0.4445705714227799,934.4714285714285,35.0,1.0,14.0,423.0,35.0
76,4400.0,1.52,630.1800894854587,0.4490908722356232,934.4714285714285,34.0,2.0,14.0,447.0,35.0
76,4600.0,1.52,626.4228329809725,0.44905033142115824,1035.9305555555557,34.0,2.0,14.0,473.0,36.0
76,4800.0,1.5,621.943,0.4435367806539233,1035.9305555555557,34.0,2.0,14.0,500.0,36.0
76,5000.0,1.52,618.3019047619048,0.44935438752964546,1035.9305555555557,33.0,3.0,14.0,525.0,36.0
76,5200.0,1.52,617.5412186379929,0.4555774025500172,1035.9305555555557,34.0,2.0,14.0,558.0,36.0
76,5400.0,1.48,610.6363636363636,0.4589828309650741,1035.9305555555557,34.0,2.0,14.0,583.0,36.0
76,5600.0,1.44,612.1449752883032,0.45655038209717635,1035.9305555555557,33.0,3.0,14.0,607.0,36.0
76,5800.0,1.48,602.5039123630673,0.4446719234589423,1035.9305555555557,33.0,3.0,14.0,639.0,36.0
76,6000.0,1.5,600.3697916666666,0.4378813370360611,1035.9305555555557,31.0,5.0,14.0,672.0,36.0
76,6200.0,1.48,599.7114285714285,0.4382259339590132,1035.9305555555557,33.0,4.0,13.0,700.0,36.0
76,6400.0,1.48,596.0294520547945,0.4461111223724485,1035.9305555555557,33.0,4.0,13.0,730.0,36.0
76,6600.0,1.52,589.3745072273324,0.4500841221900148,1035.9305555555557,31.0,6.0,13.0,761.0,36.0
76,6800.0,1.52,589.1590330788804,0.45059088237082684,1190.972972972973,31.0,6.0,13.0,786.0,37.0
76,7000.0,1.5,585.9338689740421,0.45361117304846654,1190.972972972973,33.0,4.0,13.0,809.0,37.0
76,7200.0,1.52,588.4117647058823,0.4550301015547402,1190.972972972973,33.0,4.0,13.0,833.0,37.0
76,7400.0,1.5,589.2462165308498,0.45683416779843106,1190.972972972973,33.0,4.0,13.0,859.0,37.0
76,7600.0,1.5,589.5388951521984,0.4506111527780593,1190.972972972973,33.0,4.0,13.0,887.0,37.0
76,7800.0,1.52,583.1020856201976,0.4462732856303083,1190.972972972973,30.0,7.0,13.0,911.0,37.0
76,8000.0,1.48,586.7145144076841,0.4449151683457321,1190.972972972973,32.0,5.0,13.0,937.0,37.0
76,8200.0,1.52,588.210197710718,0.44363813269008573,1190.972972972973,33.0,4.0,13.0,961.0,37.0
76,8400.0,1.48,589.7145769622833,0.4429286684369489,1190.972972972973,34.0,3.0,13.0,981.0,37.0
76,8600.0,1.46,592.9174901185771,0.4420367705187197,1190.972972972973,32.0,5.0,13.0,1012.0,37.0
76,8800.0,1.5,590.640730067243,0.4402124338677964,1190.972972972973,30.0,7.0,13.0,1041.0,37.0
76,9000.0,1.46,589.1143392689785,0.44017189305333143,1190.972972972973,31.0,7.0,12.0,1067.0,37.0
76,9200.0,1.5,589.9728110599078,0.441752984817465,1190.972972972973,31.0,7.0,12.0,1085.0,37.0
76,9400.0,1.5,588.5138888888889,0.44157055115237265,1190.972972972973,31.0,7.0,12.0,1116.0,37.0
76,9600.0,1.48,587.6794092093832,0.4474895100642572,1411.2105263157894,33.0,5.0,12.0,1151.0,38.0
76,9800.0,1.52,586.9233732876712,0.4525571118723775,1411.2105263157894,32.0,6.0,12.0,1168.0,38.0
76,10000.0,1.44,586.3107202680067,0.4539760403786512,1411.2105263157894,31.0,7.0,12.0,1194.0,38.0
76,10200.0,1.48,583.6126016260163,0.46036121865688284,1411.2105263157894,31.0,7.0,12.0,1230.0,38.0
76,10400.0,1.5,583.4484,0.4635436725923824,1411.2105263157894,33.0,5.0,12.0,1250.0,38.0
76,10600.0,1.52,582.0946999220577,0.4642936776599842,1411.2105263157894,33.0,6.0,11.0,1283.0,38.0
76,10800.0,1.52,581.0064638783269,0.4605841931364401,1411.2105263157894,34.0,5.0,11.0,1315.0,38.0
76,11000.0,1.48,579.3771407297096,0.45955040236758354,1411.2105263157894,32.0,7.0,11.0,1343.0,38.0
76,11200.0,1.5,580.459706959707,0.4595301319603511,1411.2105263157894,32.0,7.0,11.0,1365.0,38.0
76,11400.0,1.5,579.1214852198991,0.4567936269839661,1411.2105263157894,32.0,7.0,11.0,1387.0,38.0
76,11600.0,1.52,579.236170212766,0.45559767295724973,1411.2105263157894,32.0,7.0,11.0,1410.0,38.0
76,11800.0,1.5,579.3590720221607,0.45034763748403706,1411.2105263157894,32.0,7.0,11.0,1444.0,38.0
76,12000.0,1.48,580.3629579375848,0.4470435611051426,1411.2105263157894,30.0,9.0,11.0,1474.0,38.0
76,12200.0,1.52,576.7742150968604,0.44821924472462654,1411.2105263157894,30.0,9.0,11.0,1497.0,38.0
76,12400.0,1.52,578.0104918032787,0.4479962702450692,1411.2105263157894,28.0,11.0,11.0,1525.0,38.0
76,12600.0,1.52,578.6625647668394,0.4464557192954006,1411.2105263157894,30.0,9.0,11.0,1544.0,38.0
76,12800.0,1.5,580.1273946360153,0.44428678572152513,1411.2105263157894,31.0,8.0,11.0,1566.0,38.0
76,13000.0,1.5,579.8388819095477,0.4440232704275029,1703.5641025641025,32.0,7.0,11.0,1592.0,39.0
76,13200.0,1.5,579.4358736059479,0.4431313725092737,1703.5641025641025,32.0,7.0,11.0,1614.0,39.0
76,13400.0,1.5,580.904197080292,0.44136784708004784,1703.5641025641025,32.0,7.0,11.0,1644.0,39.0
76,13600.0,1.5,580.9752386634844,0.4427867755863215,1703.5641025641025,31.0,8.0,11.0,1676.0,39.0
76,13800.0,1.52,580.525294117647,0.44088135730646827,1703.5641025641025,31.0,8.0,11.0,1700.0,39.0
76,14000.0,1.52,578.2733833718245,0.4397664849086818,1703.5641025641025,32.0,7.0,11.0,1732.0,39.0
76,14200.0,1.48,578.2651558073654,0.43905702065554497,1703.5641025641025,31.0,8.0,11.0,1765.0,39.0
76,14400.0,1.5,577.2451199107641,0.4276245109764255,1703.5641025641025,30.0,9.0,11.0,1793.0,39.0
76,14600.0,1.5,576.6247938427707,0.42304339894188475,1703.5641025641025,29.0,10.0,11.0,1819.0,39.0
76,14800.0,1.5,575.3647917793402,0.42263799079723513,1703.5641025641025,30.0,9.0,11.0,1849.0,39.0
76,15000.0,1.52,574.9059511158342,0.4210366286258691,1703.5641025641025,30.0,9.0,11.0,1882.0,39.0
76,15200.0,1.5,574.5881115202525,0.4282934344150974,1703.5641025641025,33.0,6.0,11.0,1901.0,39.0
76,15400.0,1.5,574.3392764857881,0.4306042608396003,1703.5641025641025,30.0,9.0,11.0,1935.0,39.0
76,15600.0,1.5,573.2937116564417,0.4376786329637362,1703.5641025641025,29.0,10.0,11.0,1956.0,39.0
76,15800.0,1.52,572.2642031171443,0.4388340461759877,1703.5641025641025,29.0,10.0,11.0,1989.0,39.0
76,16000.0,1.52,571.2779156327543,0.4424016378489044,1703.5641025641025,29.0,10.0,11.0,2015.0,39.0
77,0.0,0.0,nan,0.015202805424360975,nan,0.0,0.0,50.0,0.0,0.0
77,200.0,0.8,23.75,0.056473354549692906,nan,0.0,21.0,29.0,4.0,0.0
77,400.0,1.44,133.3125,0.1329130602233799,nan,0.0,32.0,18.0,16.0,0.0
77,600.0,1.54,153.5681818181818,0.2072446435448888,535.4166666666666,6.0,26.0,18.0,22.0,6.0
77,800.0,1.54,189.55555555555554,0.2709950742910425,646.921052631579,19.0,13.0,18.0,27.0,19.0
77,1000.0,1.54,299.19117647058823,0.32813735227940727,702.12,25.0,7.0,18.0,34.0,25.0
77,1200.0,1.52,439.44444444444446,0.37619848782762044,745.9827586206897,29.0,3.0,18.0,45.0,29.0
77,1400.0,1.54,617.5461538461539,0.4080027567753836,777.241935483871,31.0,1.0,18.0,65.0,31.0
77,1600.0,1.5,724.4642857142857,0.4251515212940628,777.241935483871,30.0,2.0,18.0,84.0,31.0
77,1800.0,1.52,788.2843137254902,0.43844890843857054,777.241935483871,31.0,1.0,18.0,102.0,31.0
77,2000.0,1.5,773.95703125,0.4439827296130379,777.241935483871,31.0,1.0,18.0,128.0,31.0
77,2200.0,1.52,765.9060402684564,0.44092189812093324,817.015625,30.0,2.0,18.0,149.0,32.0
77,2400.0,1.48,774.68,0.43141507712889954,817.015625,30.0,3.0,17.0,175.0,32.0
77,2600.0,1.5,742.679802955665,0.4288407354103744,817.015625,31.0,2.0,17.0,203.0,32.0
77,2800.0,1.54,724.9608695652174,0.42723937323900835,817.015625,32.0,1.0,17.0,230.0,32.0
77,3000.0,1.52,707.1769230769231,0.4338677964040298,817.015625,30.0,3.0,17.0,260.0,32.0
77,3200.0,1.54,685.4039145907474,0.43982729613037924,883.8636363636364,32.0,1.0,17.0,281.0,33.0
77,3400.0,1.54,674.0915032679738,0.4444286785721525,883.8636363636364,32.0,1.0,17.0,306.0,33.0
77,3600.0,1.54,662.8924242424242,0.4447530050878722,883.8636363636364,31.0,2.0,17.0,330.0,33.0
77,3800.0,1.5,657.358310626703,0.4473476172136298,883.8636363636364,31.0,2.0,17.0,367.0,33.0
77,4000.0,1.5,647.558524173028,0.4432327245454361,883.8636363636364,32.0,1.0,17.0,393.0,33.0
77,4200.0,1.54,647.4658823529412,0.43895566861938257,883.8636363636364,32.0,2.0,16.0,425.0,33.0
77,4400.0,1.54,633.7997787610619,0.4386921533253603,883.8636363636364,32.0,2.0,16.0,452.0,33.0
77,4600.0,1.52,634.5136842105263,0.4454624693410091,989.2058823529412,32.0,2.0,16.0,475.0,34.0
77,4800.0,1.52,634.7841365461848,0.4486449232765086,989.2058823529412,32.0,3.0,15.0,498.0,34.0
77,5000.0,1.52,633.6558317399617,0.45569902499341214,989.2058823529412,32.0,3.0,15.0,523.0,34.0
77,5200.0,1.54,629.3808664259927,0.45318549449658446,989.2058823529412,32.0,3.0,15.0,554.0,34.0
77,5400.0,1.54,627.3786828422877,0.45336792816167676,989.2058823529412,34.0,1.0,15.0,577.0,34.0
77,5600.0,1.5,627.5399334442595,0.45302333123872457,989.2058823529412,32.0,3.0,15.0,601.0,34.0
77,5800.0,1.5,626.1390675241157,0.44613139277968095,989.2058823529412,32.0,3.0,15.0,622.0,34.0
77,6000.0,1.44,623.4977203647417,0.444996249974662,989.2058823529412,32.0,4.0,14.0,658.0,34.0
77,6200.0,1.42,618.1308139534884,0.44434759694322257,1137.6,34.0,2.0,14.0,688.0,35.0
77,6400.0,1.5,616.3729166666667,0.45109764255163887,1281.625,36.0,2.0,12.0,720.0,36.0
77,6600.0,1.54,612.8302013422818,0.4587801268927493,1281.625,36.0,2.0,12.0,745.0,36.0
77,6800.0,1.5,612.451171875,0.4636450246285448,1281.625,33.0,5.0,12.0,768.0,36.0
77,7000.0,1.52,608.4403266331658,0.4662396367543024,1431.162162162162,33.0,5.0,12.0,796.0,37.0
77,7200.0,1.54,608.1298780487805,0.47215859566618695,1431.162162162162,35.0,3.0,12.0,820.0,37.0
77,7400.0,1.54,609.8048635824437,0.4817262278799181,1431.162162162162,37.0,1.0,12.0,843.0,37.0
77,7600.0,1.54,608.3337182448037,0.47570591693187114,1431.162162162162,36.0,2.0,12.0,866.0,37.0
77,7800.0,1.54,605.4698660714286,0.4700302029067764,1431.162162162162,34.0,4.0,12.0,896.0,37.0
77,8000.0,1.54,605.5856052344602,0.4669085601929743,1431.162162162162,35.0,3.0,12.0,917.0,37.0
77,8200.0,1.5,605.5105152471083,0.4657734173879553,1606.6315789473683,37.0,1.0,12.0,951.0,38.0
77,8400.0,1.52,605.3952187182095,0.4703950702369611,1606.6315789473683,37.0,1.0,12.0,983.0,38.0
77,8600.0,1.5,600.1232673267327,0.46510449394928344,1606.6315789473683,38.0,0.0,12.0,1010.0,38.0
77,8800.0,1.48,601.5144648023144,0.46413151440212436,1606.6315789473683,36.0,2.0,12.0,1037.0,38.0
77,9000.0,1.52,600.9811853245532,0.4658747694241177,1606.6315789473683,35.0,3.0,12.0,1063.0,38.0
77,9200.0,1.54,596.5177757520511,0.46972614679828917,1606.6315789473683,35.0,3.0,12.0,1097.0,38.0
77,9400.0,1.52,595.0736607142857,0.4642531368455192,1606.6315789473683,34.0,4.0,12.0,1120.0,38.0
77,9600.0,1.54,593.3232984293194,0.45796931060345003,1606.6315789473683,35.0,3.0,12.0,1146.0,38.0
77,9800.0,1.52,590.210593220339,0.45634767802485154,1606.6315789473683,35.0,3.0,12.0,1180.0,38.0
77,10000.0,1.5,588.6650124069479,0.4619220400137839,1606.6315789473683,32.0,6.0,12.0,1209.0,38.0
77,10200.0,1.54,585.6914378029079,0.4619220400137839,1606.6315789473683,33.0,5.0,12.0,1238.0,38.0
77,10400.0,1.52,585.7102766798419,0.4667261265278819,1606.6315789473683,33.0,5.0,12.0,1265.0,38.0
77,10600.0,1.52,589.2815646785438,0.46143555024020433,1606.6315789473683,34.0,4.0,12.0,1291.0,38.0
77,10800.0,1.54,588.2503787878788,0.4526787343157724,1606.6315789473683,35.0,3.0,12.0,1320.0,38.0
77,11000.0,1.52,587.1685351270553,0.44538138771207914,1606.6315789473683,34.0,4.0,12.0,1338.0,38.0
77,11200.0,1.52,588.6206268221574,0.4411854134149555,1606.6315789473683,34.0,4.0,12.0,1372.0,38.0
77,11400.0,1.52,586.0346428571429,0.45308414246042206,1606.6315789473683,36.0,2.0,12.0,1400.0,38.0
77,11600.0,1.5,587.4003496503497,0.46291528996817544,1606.6315789473683,37.0,1.0,12.0,1430.0,38.0
77,11800.0,1.54,584.2890410958904,0.4629558307826404,1606.6315789473683,36.0,2.0,12.0,1460.0,38.0
77,12000.0,1.52,583.6145270270271,0.4586990452638193,1606.6315789473683,34.0,4.0,12.0,1480.0,38.0
77,12200.0,1.52,581.1272365805169,0.4492327650862506,1606.6315789473683,32.0,6.0,12.0,1509.0,38.0
77,12400.0,1.52,578.4987088444158,0.44740842843532724,1606.6315789473683,31.0,7.0,12.0,1549.0,38.0
77,12600.0,1.52,575.7204301075269,0.4467192345894229,1606.6315789473683,33.0,5.0,12.0,1581.0,38.0
77,12800.0,1.52,577.376404494382,0.4468205866255853,1606.6315789473683,32.0,6.0,12.0,1602.0,38.0
77,13000.0,1.52,576.1186544342507,0.4420570409259522,1606.6315789473683,32.0,6.0,12.0,1635.0,38.0
77,13200.0,1.52,575.7575392038601,0.4405164899762836,1606.6315789473683,34.0,4.0,12.0,1658.0,38.0
77,13400.0,1.5,573.2134002361275,0.4388137757687552,1606.6315789473683,34.0,4.0,12.0,1694.0,38.0
77,13600.0,1.5,573.8684516880093,0.42790829667768027,1606.6315789473683,31.0,7.0,12.0,1718.0,38.0
77,13800.0,1.54,573.6052782558806,0.4171244400300002,1606.6315789473683,28.0,10.0,12.0,1743.0,38.0
77,14000.0,1.54,574.3024239007892,0.42057040925952205,1606.6315789473683,30.0,8.0,12.0,1774.0,38.0
77,14200.0,1.52,574.658217270195,0.4256988222893398,1606.6315789473683,33.0,5.0,12.0,1795.0,38.0
77,14400.0,1.52,573.039495337356,0.4300569598443233,1606.6315789473683,31.0,7.0,12.0,1823.0,38.0
77,14600.0,1.52,572.5164597949272,0.4340705004763546,1606.6315789473683,33.0,5.0,12.0,1853.0,38.0
77,14800.0,1.48,572.6985645933014,0.4339488780329597,1606.6315789473683,34.0,4.0,12.0,1881.0,38.0
77,15000.0,1.5,571.26929092805,0.4299353374009284,1606.6315789473683,32.0,6.0,12.0,1918.0,38.0
77,15200.0,1.48,569.1442849820605,0.4304623679889729,1606.6315789473683,33.0,5.0,12.0,1951.0,38.0
77,15400.0,1.5,569.7099545224861,0.4332191433725904,1606.6315789473683,32.0,6.0,12.0,1979.0,38.0
77,15600.0,1.5,566.5550322260783,0.43656376056594975,1606.6315789473683,32.0,6.0,12.0,2017.0,38.0
77,15800.0,1.54,565.7874572962421,0.4377799849998987,1606.6315789473683,32.0,7.0,11.0,2049.0,38.0
77,16000.0,1.48,564.4199134199134,0.4381853931445483,1606.6315789473683,33.0,6.0,11.0,2079.0,38.0
78,0.0,0.0,nan,0.015202805424360975,nan,0.0,0.0,50.0,0.0,0.0
78,200.0,0.72,55.666666666666664,0.062270691018182556,nan,0.0,25.0,25.0,6.0,0.0
78,400.0,1.52,89.66666666666667,0.1388522895424969,373.25,2.0,28.0,20.0,9.0,2.0
78,600.0,1.54,187.55555555555554,0.21565686254636857,491.55555555555554,9.0,25.0,16.0,18.0,9.0
78,800.0,1.54,266.5576923076923,0.2793464820708248,629.3409090909091,22.0,12.0,16.0,26.0,22.0
78,1000.0,1.54,399.45238095238096,0.33328603571645754,680.6428571428571,28.0,6.0,16.0,42.0,28.0
78,1200.0,1.54,494.2155172413793,0.3741511766971398,709.0833333333334,30.0,3.0,17.0,58.0,30.0
78,1400.0,1.54,537.1641791044776,0.40822573125494094,709.0833333333334,30.0,4.0,16.0,67.0,30.0
78,1600.0,1.54,700.625,0.43137453631443456,737.4032258064516,31.0,3.0,16.0,92.0,31.0
78,1800.0,1.54,710.0725806451613,0.43291508726410316,737.4032258064516,31.0,3.0,16.0,124.0,31.0
78,2000.0,1.54,696.2824675324675,0.431982648531409,775.875,31.0,4.0,15.0,154.0,32.0
78,2200.0,1.56,659.4153439153439,0.4411854134149555,775.875,32.0,4.0,14.0,189.0,32.0
78,2400.0,1.54,652.8214285714286,0.4461719335941459,822.0,32.0,4.0,14.0,210.0,33.0
78,2600.0,1.52,639.8886554621848,0.45176656599031073,872.5147058823529,31.0,5.0,14.0,238.0,34.0
78,2800.0,1.54,642.5226415094339,0.4584558003770296,923.7285714285714,33.0,3.0,14.0,265.0,35.0
78,3000.0,1.56,630.5972696245734,0.4651855755782134,923.7285714285714,34.0,2.0,14.0,293.0,35.0
78,3200.0,1.56,625.4433656957929,0.4695842539476618,923.7285714285714,34.0,2.0,14.0,309.0,35.0
78,3400.0,1.54,630.4131736526946,0.4646382745829364,923.7285714285714,34.0,2.0,14.0,334.0,35.0
78,3600.0,1.52,628.0824175824176,0.46248961141629336,923.7285714285714,34.0,2.0,14.0,364.0,35.0
78,3800.0,1.56,626.4005167958657,0.45182737721200816,923.7285714285714,34.0,2.0,14.0,387.0,35.0
78,4000.0,1.52,622.9751184834123,0.44365840309731824,923.7285714285714,35.0,1.0,14.0,422.0,35.0
78,4200.0,1.54,617.6819196428571,0.4453205764903817,923.7285714285714,33.0,3.0,14.0,448.0,35.0
78,4400.0,1.56,614.2647679324895,0.4491314130500882,923.7285714285714,32.0,5.0,13.0,474.0,35.0
78,4600.0,1.56,610.458,0.4488678977560659,923.7285714285714,34.0,3.0,13.0,500.0,35.0
78,4800.0,1.56,607.6381957773513,0.4513611578456611,1027.5555555555557,35.0,2.0,13.0,521.0,36.0
78,5000.0,1.56,607.581352833638,0.4527598159447023,1027.5555555555557,32.0,5.0,13.0,547.0,36.0
78,5200.0,1.5,609.5407279029463,0.45308414246042206,1027.5555555555557,33.0,4.0,13.0,577.0,36.0
78,5400.0,1.54,610.6825,0.4501854742261772,1027.5555555555557,35.0,2.0,13.0,600.0,36.0
78,5600.0,1.56,607.9705414012739,0.4535300914195366,1027.5555555555557,35.0,3.0,12.0,628.0,36.0
78,5800.0,1.54,607.8075153374233,0.4532057649038169,1027.5555555555557,34.0,4.0,12.0,652.0,36.0
78,6000.0,1.56,610.4823008849557,0.4573409279792431,1156.9594594594594,34.0,4.0,12.0,678.0,37.0
78,6200.0,1.54,610.8674785100286,0.45957067277481606,1288.5394736842106,36.0,2.0,12.0,698.0,38.0
78,6400.0,1.54,608.181568088033,0.45296252001702714,1288.5394736842106,36.0,2.0,12.0,727.0,38.0
78,6600.0,1.56,607.5258278145695,0.448786816127136,1288.5394736842106,35.0,3.0,12.0,755.0,38.0
78,6800.0,1.5,607.4814340588988,0.4511179129588713,1288.5394736842106,33.0,5.0,12.0,781.0,38.0
78,7000.0,1.48,603.3958333333334,0.4508543976648491,1288.5394736842106,32.0,6.0,12.0,816.0,38.0
78,7200.0,1.52,599.9658823529412,0.4489895201994608,1288.5394736842106,32.0,6.0,12.0,850.0,38.0
78,7400.0,1.56,597.0693181818182,0.4458678774856587,1288.5394736842106,32.0,6.0,12.0,880.0,38.0
78,7600.0,1.52,592.6476769911504,0.4414489287089778,1288.5394736842106,31.0,7.0,12.0,904.0,38.0
78,7800.0,1.5,590.8759318423855,0.43672592382380965,1288.5394736842106,31.0,7.0,12.0,939.0,38.0
78,8000.0,1.54,590.8106846473029,0.43919891350617235,1288.5394736842106,33.0,5.0,12.0,964.0,38.0
78,8200.0,1.56,591.5172064777328,0.443354346988831,1288.5394736842106,31.0,7.0,12.0,988.0,38.0
78,8400.0,1.56,586.6969548133595,0.44473273468063973,1288.5394736842106,32.0,6.0,12.0,1018.0,38.0
78,8600.0,1.52,583.2639545884579,0.44136784708004784,1288.5394736842106,32.0,7.0,11.0,1057.0,38.0
78,8800.0,1.56,581.3810185185185,0.442847586808019,1288.5394736842106,33.0,6.0,11.0,1080.0,38.0
78,9000.0,1.52,578.1551569506727,0.44084081649200335,1288.5394736842106,34.0,5.0,11.0,1115.0,38.0
78,9200.0,1.52,575.5619546247818,0.44019216346056395,1490.6025641025642,35.0,4.0,11.0,1146.0,39.0
78,9400.0,1.5,574.6187446988973,0.4451786836397543,1490.6025641025642,34.0,5.0,11.0,1179.0,39.0
78,9600.0,1.54,574.0091210613599,0.4498206068959925,1490.6025641025642,32.0,7.0,11.0,1206.0,39.0
78,9800.0,1.54,571.302024291498,0.46139500942573936,1490.6025641025642,36.0,5.0,9.0,1235.0,39.0
78,10000.0,1.52,571.1300395256917,0.46735450915208887,1490.6025641025642,36.0,5.0,9.0,1265.0,39.0
78,10200.0,1.54,568.6235431235431,0.4673342387448564,1490.6025641025642,36.0,5.0,9.0,1287.0,39.0
78,10400.0,1.48,571.0722433460076,0.4665639632700221,1711.7,35.0,6.0,9.0,1315.0,40.0
78,10600.0,1.54,570.7307692307693,0.4702937182007986,1928.0853658536585,35.0,6.0,9.0,1352.0,41.0
78,10800.0,1.52,570.0850290697674,0.469888310056149,1928.0853658536585,35.0,6.0,9.0,1376.0,41.0
78,11000.0,1.52,566.6628733997155,0.47106399367563295,1928.0853658536585,34.0,7.0,9.0,1406.0,41.0
78,11200.0,1.52,565.1093314763231,0.4703950702369611,1928.0853658536585,36.0,5.0,9.0,1436.0,41.0
78,11400.0,1.54,564.8778990450205,0.4704964222731235,1928.0853658536585,37.0,4.0,9.0,1466.0,41.0
78,11600.0,1.54,566.8723262032086,0.4720167028155596,1928.0853658536585,36.0,5.0,9.0,1496.0,41.0
78,11800.0,1.52,565.5105401844532,0.4687126264366651,1928.0853658536585,38.0,3.0,9.0,1518.0,41.0
78,12000.0,1.56,564.6616031027796,0.47319238643504347,1928.0853658536585,35.0,6.0,9.0,1547.0,41.0
78,12200.0,1.54,562.9137492043285,0.477509983175562,1928.0853658536585,35.0,6.0,9.0,1571.0,41.0
78,12400.0,1.56,566.2554653341662,0.4777126872478868,1928.0853658536585,32.0,9.0,9.0,1601.0,41.0
78,12600.0,1.5,567.1816226183159,0.47148967222751503,1928.0853658536585,35.0,6.0,9.0,1627.0,41.0
78,12800.0,1.56,567.7976983646275,0.47051669268035595,1928.0853658536585,36.0,5.0,9.0,1651.0,41.0
78,13000.0,1.54,567.9415623136554,0.47864512598058095,1928.0853658536585,34.0,7.0,9.0,1677.0,41.0
78,13200.0,1.54,568.0928319623972,0.4728275191048588,1928.0853658536585,32.0,9.0,9.0,1702.0,41.0
78,13400.0,1.56,566.7547715442453,0.46784099892566844,1928.0853658536585,30.0,11.0,9.0,1729.0,41.0
78,13600.0,1.56,567.9388221841052,0.4625098818235258,1928.0853658536585,30.0,11.0,9.0,1749.0,41.0
78,13800.0,1.56,569.4410270880361,0.4606247339509051,1928.0853658536585,29.0,13.0,8.0,1772.0,41.0
78,14000.0,1.56,569.4694783573807,0.46303691241157036,1928.0853658536585,30.0,12.0,8.0,1802.0,41.0
78,14200.0,1.56,569.4756030701755,0.46378691747917217,1928.0853658536585,33.0,9.0,8.0,1824.0,41.0
78,14400.0,1.56,570.4651915812196,0.4651450347637484,2223.190476190476,33.0,9.0,8.0,1853.0,42.0
78,14600.0,1.54,571.286811440678,0.46907749376684976,2223.190476190476,34.0,8.0,8.0,1888.0,42.0
78,14800.0,1.54,571.5494997367035,0.47114507530456284,2223.190476190476,31.0,11.0,8.0,1899.0,42.0
78,15000.0,1.54,570.8272821576763,0.4695842539476618,2223.190476190476,28.0,14.0,8.0,1928.0,42.0
78,15200.0,1.54,572.4537793667007,0.4652666572071433,2223.190476190476,28.0,14.0,8.0,1958.0,42.0
78,15400.0,1.52,571.1189994946943,0.45882066770721425,2223.190476190476,29.0,14.0,7.0,1979.0,42.0
78,15600.0,1.54,571.6899302093719,0.45926661666632884,2223.190476190476,30.0,13.0,7.0,2006.0,42.0
78,15800.0,1.54,572.3279411764706,0.45975310643990835,2223.190476190476,32.0,11.0,7.0,2040.0,42.0
78,16000.0,1.5,570.9715936446798,0.4679626213690633,2223.190476190476,35.0,8.0,7.0,2077.0,42.0
79,0.0,0.0,nan,0.015202805424360975,nan,0.0,0.0,50.0,0.0,0.0
79,200.0,0.84,27.75,0.06506800721626498,nan,0.0,25.0,25.0,2.0,0.0
79,400.0,1.46,84.1,0.15002128392759412,366.1666666666667,3.0,29.0,18.0,10.0,3.0
79,600.0,1.58,192.73529411764707,0.23306914235907,466.44444444444446,9.0,26.0,15.0,17.0,9.0
79,800.0,1.56,293.6875,0.2984209352765897,613.2173913043479,23.0,12.0,15.0,24.0,23.0
79,1000.0,1.56,414.86842105263156,0.3509618308231812,660.0892857142857,28.0,8.0,14.0,38.0,28.0
79,1200.0,1.58,475.0,0.3954553746984777,700.3225806451613,31.0,5.0,14.0,53.0,31.0
79,1400.0,1.58,552.8382352941177,0.427644781383658,716.640625,32.0,5.0,13.0,68.0,32.0
79,1600.0,1.56,665.725,0.4447732754951047,739.2575757575758,33.0,4.0,13.0,100.0,33.0
79,1800.0,1.56,690.5751879699249,0.4573611983864756,796.4857142857143,35.0,2.0,13.0,133.0,35.0
79,2000.0,1.58,691.6838709677419,0.4706383151237508,796.4857142857143,35.0,3.0,12.0,155.0,35.0
79,2200.0,1.56,690.8380681818181,0.47309103439888106,796.4857142857143,35.0,3.0,12.0,176.0,35.0
79,2400.0,1.52,662.6322115384615,0.46802343259076074,838.1805555555555,36.0,3.0,11.0,208.0,36.0
79,2600.0,1.56,658.6729166666667,0.4752396975655241,838.1805555555555,36.0,4.0,10.0,240.0,36.0
79,2800.0,1.52,644.8132075471698,0.4843613808201407,838.1805555555555,36.0,4.0,10.0,265.0,36.0
79,3000.0,1.54,636.5255102040817,0.49048304380435004,896.2972972972973,36.0,4.0,10.0,294.0,37.0
79,3200.0,1.58,637.2911392405064,0.49263170697099307,1006.0512820512821,38.0,2.0,10.0,316.0,39.0
79,3400.0,1.54,628.558908045977,0.49510469665335577,1062.45,38.0,3.0,9.0,348.0,40.0
79,3600.0,1.58,620.1586666666667,0.5001520280542436,1062.45,38.0,3.0,9.0,375.0,40.0
79,3800.0,1.56,621.9791154791155,0.5010844667869377,1062.45,37.0,4.0,9.0,407.0,40.0
79,4000.0,1.58,615.8241379310344,0.5066385583686376,1134.060975609756,37.0,4.0,9.0,435.0,41.0
79,4200.0,1.54,607.943722943723,0.5076318083230292,1134.060975609756,37.0,4.0,9.0,462.0,41.0
79,4400.0,1.58,599.1191446028513,0.504591247238157,1134.060975609756,38.0,3.0,9.0,491.0,41.0
79,4600.0,1.58,597.513698630137,0.5038615125777877,1134.060975609756,38.0,3.0,9.0,511.0,41.0
79,4800.0,1.52,601.1925925925926,0.4988344515841323,1134.060975609756,37.0,5.0,8.0,540.0,41.0
79,5000.0,1.52,601.4289473684211,0.4908073703200697,1134.060975609756,36.0,6.0,8.0,570.0,41.0
79,5200.0,1.58,596.2483333333333,0.4864897735795512,1134.060975609756,37.0,5.0,8.0,600.0,41.0
79,5400.0,1.54,591.5134920634921,0.4848073297792553,1134.060975609756,36.0,6.0,8.0,630.0,41.0
79,5600.0,1.56,594.0384024577573,0.4760910546692883,1134.060975609756,36.0,5.0,9.0,651.0,41.0
79,5800.0,1.58,593.085925925926,0.47617213629821825,1134.060975609756,35.0,6.0,9.0,675.0,41.0
79,6000.0,1.58,595.8328611898017,0.48061135548213163,1134.060975609756,36.0,5.0,9.0,706.0,41.0
79,6200.0,1.56,591.8887381275441,0.4819694727667079,1134.060975609756,37.0,4.0,9.0,737.0,41.0
79,6400.0,1.58,594.5078328981723,0.4779356617274441,1134.060975609756,37.0,4.0,9.0,766.0,41.0
79,6600.0,1.54,584.6555834378921,0.485638416475787,1134.060975609756,38.0,4.0,8.0,797.0,41.0
79,6800.0,1.58,583.2959805115712,0.49123304887195185,1134.060975609756,37.0,5.0,8.0,821.0,41.0
79,7000.0,1.52,585.3787878787879,0.4882735694160096,1271.9642857142858,38.0,4.0,8.0,858.0,42.0
79,7200.0,1.56,583.6632768361582,0.48103703403401377,1271.9642857142858,35.0,7.0,8.0,885.0,42.0
79,7400.0,1.56,583.7853231106243,0.4739626619098778,1271.9642857142858,37.0,5.0,8.0,913.0,42.0
79,7600.0,1.56,578.9205508474577,0.4746518557557821,1271.9642857142858,38.0,4.0,8.0,944.0,42.0
79,7800.0,1.54,575.7564234326825,0.47675997810796017,1271.9642857142858,37.0,5.0,8.0,973.0,42.0
79,8000.0,1.56,574.4549950544016,0.48071270751829404,1271.9642857142858,37.0,5.0,8.0,1011.0,42.0
79,8200.0,1.58,570.1931599229287,0.48588166136257677,1271.9642857142858,37.0,5.0,8.0,1038.0,42.0
79,8400.0,1.56,568.1915191053122,0.4871586970182231,1271.9642857142858,37.0,5.0,8.0,1073.0,42.0
79,8600.0,1.56,561.9677708146822,0.4849897634443476,1271.9642857142858,36.0,6.0,8.0,1117.0,42.0
79,8800.0,1.56,559.9798245614035,0.49346279366752477,1271.9642857142858,36.0,7.0,7.0,1140.0,42.0
79,9000.0,1.56,556.8119658119658,0.5019560942979344,1271.9642857142858,35.0,8.0,7.0,1170.0,42.0
79,9200.0,1.56,559.094820384294,0.4990776964709221,1271.9642857142858,36.0,7.0,7.0,1197.0,42.0
79,9400.0,1.58,558.1586263286999,0.4982060689599254,1460.9767441860465,35.0,8.0,7.0,1223.0,43.0
79,9600.0,1.54,556.1132750397456,0.49563172724140026,1460.9767441860465,37.0,6.0,7.0,1258.0,43.0
79,9800.0,1.56,557.2229150428683,0.4942330691423591,1460.9767441860465,35.0,8.0,7.0,1283.0,43.0
79,10000.0,1.54,558.0566109422492,0.4862059878782965,1460.9767441860465,35.0,8.0,7.0,1316.0,43.0
79,10200.0,1.56,556.6241635687733,0.48006405448685463,1460.9767441860465,36.0,7.0,7.0,1345.0,43.0
79,10400.0,1.54,556.8570386579139,0.4835708349380739,1460.9767441860465,38.0,5.0,7.0,1371.0,43.0
79,10600.0,1.58,556.224591329069,0.490016824438003,1460.9767441860465,39.0,5.0,6.0,1407.0,43.0
79,10800.0,1.56,556.4978947368421,0.4897533091439807,1460.9767441860465,38.0,6.0,6.0,1425.0,43.0
79,11000.0,1.58,555.3323002754821,0.489469523442726,1460.9767441860465,35.0,9.0,6.0,1452.0,43.0
79,11200.0,1.58,557.7211732973702,0.48861816633896177,1460.9767441860465,35.0,9.0,6.0,1483.0,43.0
79,11400.0,1.58,557.4459190444592,0.4881722173798472,1460.9767441860465,33.0,11.0,6.0,1507.0,43.0
79,11600.0,1.54,556.3237971391418,0.4868343705025034,1691.1136363636363,35.0,8.0,7.0,1538.0,44.0
79,11800.0,1.58,557.0099168266155,0.48691545213143334,1691.1136363636363,35.0,8.0,7.0,1563.0,44.0
79,12000.0,1.52,557.1827284105132,0.49494253339549593,1691.1136363636363,37.0,6.0,7.0,1598.0,44.0
79,12200.0,1.56,556.5039975399754,0.4993817525794093,1691.1136363636363,36.0,7.0,7.0,1626.0,44.0
79,12400.0,1.58,553.711468446602,0.5025844769221414,1691.1136363636363,37.0,7.0,6.0,1648.0,44.0
79,12600.0,1.58,556.5904761904762,0.5027263697727687,1691.1136363636363,39.0,5.0,6.0,1680.0,44.0
79,12800.0,1.54,556.8033411488863,0.5019155534834695,1691.1136363636363,36.0,8.0,6.0,1706.0,44.0
79,13000.0,1.54,557.1619515011547,0.5091115480510003,1691.1136363636363,38.0,6.0,6.0,1732.0,44.0
79,13200.0,1.56,557.2470153496305,0.517057547686133,1691.1136363636363,39.0,5.0,6.0,1759.0,44.0
79,13400.0,1.52,556.4383714445064,0.5215373076845113,1948.4777777777779,38.0,7.0,5.0,1793.0,45.0
79,13600.0,1.56,556.8573002754821,0.5276589706687207,1948.4777777777779,39.0,6.0,5.0,1815.0,45.0
79,13800.0,1.54,556.1692849404117,0.5218616342002311,1948.4777777777779,37.0,8.0,5.0,1846.0,45.0
79,14000.0,1.52,555.4217921527041,0.5181724200839195,1948.4777777777779,38.0,7.0,5.0,1886.0,45.0
79,14200.0,1.58,554.9614779874214,0.5145237467820728,1948.4777777777779,35.0,10.0,5.0,1908.0,45.0
79,14400.0,1.58,554.8714506969541,0.5053007114912939,1948.4777777777779,35.0,10.0,5.0,1937.0,45.0
79,14600.0,1.56,554.986012207528,0.5039628646139501,1948.4777777777779,37.0,8.0,5.0,1966.0,45.0
79,14800.0,1.56,554.7995991983968,0.5092939817160926,1948.4777777777779,35.0,10.0,5.0,1996.0,45.0
79,15000.0,1.58,553.8432245301682,0.5075709971013318,1948.4777777777779,36.0,9.0,5.0,2022.0,45.0
79,15200.0,1.58,553.6682950659501,0.5043277319441347,1948.4777777777779,35.0,10.0,5.0,2047.0,45.0
79,15400.0,1.58,554.235745088644,0.4942127987351266,1948.4777777777779,36.0,9.0,5.0,2087.0,45.0
79,15600.0,1.58,552.598066949552,0.49251008452759815,1948.4777777777779,36.0,9.0,5.0,2121.0,45.0
79,15800.0,1.52,553.1847014925373,0.4940911762917317,1948.4777777777779,36.0,9.0,5.0,2144.0,45.0
79,16000.0,1.58,552.8838011965025,0.4890033040763789,1948.4777777777779,36.0,9.0,5.0,2173.0,45.0
80,0.0,0.0,nan,0.015202805424360975,nan,0.0,0.0,50.0,0.0,0.0
80,200.0,0.78,49.666666666666664,0.059128777897147954,nan,0.0,22.0,28.0,3.0,0.0
80,400.0,1.46,97.0,0.13481847850323314,nan,0.0,30.0,20.0,14.0,0.0
80,600.0,1.56,147.52631578947367,0.2149473982932317,515.2,10.0,23.0,17.0,19.0,10.0
80,800.0,1.56,225.41379310344828,0.28323840025946123,610.7222222222222,18.0,15.0,17.0,29.0,18.0
80,1000.0,1.56,377.93333333333334,0.33675227535321184,691.1666666666666,27.0,6.0,17.0,45.0,27.0
80,1200.0,1.6,467.4274193548387,0.3861512577787688,718.8620689655172,29.0,4.0,17.0,62.0,29.0
80,1400.0,1.58,578.26875,0.4188879654592261,753.016129032258,31.0,2.0,17.0,80.0,31.0
80,1600.0,1.6,662.5366972477065,0.4367461942310421,777.375,31.0,2.0,17.0,109.0,32.0
80,1800.0,1.58,652.6580882352941,0.4450976020108244,777.375,31.0,2.0,17.0,136.0,32.0
80,2000.0,1.6,682.4171974522293,0.4456449030061014,813.6969696969697,31.0,2.0,17.0,157.0,33.0
80,2200.0,1.56,679.05,0.4450773316035919,813.6969696969697,31.0,2.0,17.0,170.0,33.0
80,2400.0,1.6,675.8054187192118,0.43617862282853265,813.6969696969697,32.0,1.0,17.0,203.0,33.0
80,2600.0,1.6,672.9451754385965,0.43261103115561594,813.6969696969697,31.0,2.0,17.0,228.0,33.0
80,2800.0,1.54,674.5458167330677,0.43796241866499097,813.6969696969697,31.0,2.0,17.0,251.0,33.0
80,3000.0,1.58,668.9476534296028,0.4432529949526686,813.6969696969697,30.0,4.0,16.0,277.0,33.0
80,3200.0,1.58,670.3696369636964,0.4462732856303083,813.6969696969697,30.0,4.0,16.0,303.0,33.0
80,3400.0,1.6,670.7085889570552,0.4501246630044798,813.6969696969697,31.0,3.0,16.0,326.0,33.0
80,3600.0,1.52,675.1257142857143,0.45642875965378144,813.6969696969697,31.0,3.0,16.0,350.0,33.0
80,3800.0,1.6,667.8089005235602,0.4582530963047048,813.6969696969697,31.0,4.0,15.0,382.0,33.0
80,4000.0,1.54,655.361985472155,0.46475989702633125,903.3823529411765,32.0,4.0,14.0,413.0,34.0
80,4200.0,1.58,651.3182870370371,0.4702329069791012,903.3823529411765,33.0,3.0,14.0,432.0,34.0
80,4400.0,1.54,649.8152173913044,0.4660369326819776,998.2285714285714,34.0,2.0,14.0,460.0,35.0
80,4600.0,1.58,644.7310061601643,0.46060446354367257,998.2285714285714,32.0,4.0,14.0,487.0,35.0
80,4800.0,1.6,642.7648221343874,0.4577463361238927,998.2285714285714,32.0,4.0,14.0,506.0,35.0
80,5000.0,1.58,637.8933962264151,0.4586585044493544,998.2285714285714,32.0,4.0,14.0,530.0,35.0
80,5200.0,1.58,637.9268953068593,0.45675308616950117,998.2285714285714,31.0,5.0,14.0,554.0,35.0
80,5400.0,1.6,643.3072289156627,0.4551719944053676,998.2285714285714,30.0,7.0,13.0,581.0,35.0
80,5600.0,1.6,638.8618421052631,0.45087466807208154,998.2285714285714,31.0,5.0,14.0,608.0,35.0
80,5800.0,1.6,639.4122257053292,0.4537733363063264,998.2285714285714,31.0,6.0,13.0,638.0,35.0
80,6000.0,1.6,633.0271903323263,0.4485435712403462,998.2285714285714,32.0,5.0,13.0,662.0,35.0
80,6200.0,1.58,637.5223988439307,0.44461111223724487,998.2285714285714,30.0,7.0,13.0,692.0,35.0
80,6400.0,1.6,632.671270718232,0.4313339954999696,998.2285714285714,29.0,8.0,13.0,724.0,35.0
80,6600.0,1.58,627.7599734042553,0.43105020979871483,998.2285714285714,31.0,7.0,12.0,752.0,35.0
80,6800.0,1.58,624.4532051282051,0.4332799545942878,998.2285714285714,29.0,9.0,12.0,780.0,35.0
80,7000.0,1.56,624.5043640897755,0.4369894391178319,998.2285714285714,31.0,6.0,13.0,802.0,35.0
80,7200.0,1.58,623.3470374848852,0.4423813674416719,1327.7297297297298,33.0,4.0,13.0,827.0,37.0
80,7400.0,1.58,626.2891637220259,0.4537936067135589,1327.7297297297298,33.0,5.0,12.0,849.0,37.0
80,7600.0,1.6,627.1768082663605,0.4576449840877303,1327.7297297297298,32.0,6.0,12.0,871.0,37.0
80,7800.0,1.54,625.7558528428094,0.4635031317779174,1327.7297297297298,33.0,5.0,12.0,897.0,37.0
80,8000.0,1.56,628.4187298170075,0.46680720815681187,1500.9473684210527,36.0,3.0,11.0,929.0,38.0
80,8200.0,1.56,626.2329485834208,0.4652869276143758,1500.9473684210527,34.0,5.0,11.0,953.0,38.0
80,8400.0,1.58,622.6130346232179,0.46510449394928344,1673.7564102564102,35.0,4.0,11.0,982.0,39.0
80,8600.0,1.56,618.1520039100684,0.46291528996817544,1673.7564102564102,34.0,5.0,11.0,1023.0,39.0
80,8800.0,1.58,617.1515296367113,0.4627733971175481,1673.7564102564102,33.0,6.0,11.0,1046.0,39.0
80,9000.0,1.56,616.583644859813,0.46986803964891655,1673.7564102564102,35.0,4.0,11.0,1070.0,39.0
80,9200.0,1.56,618.5978062157221,0.46575314698072284,1673.7564102564102,35.0,4.0,11.0,1094.0,39.0
80,9400.0,1.56,616.1080960854092,0.4573611983864756,1673.7564102564102,33.0,6.0,11.0,1124.0,39.0
80,9600.0,1.6,612.8500866551127,0.45231386698558773,1673.7564102564102,32.0,7.0,11.0,1154.0,39.0
80,9800.0,1.56,610.3594276094276,0.44471246427340727,1673.7564102564102,31.0,8.0,11.0,1188.0,39.0
80,10000.0,1.56,608.8194558944765,0.44485435712403465,1673.7564102564102,32.0,7.0,11.0,1213.0,39.0
80,10200.0,1.58,609.2600806451613,0.45219224454219287,1673.7564102564102,32.0,7.0,11.0,1240.0,39.0
80,10400.0,1.56,606.9668508287293,0.4546246934100906,1673.7564102564102,32.0,7.0,11.0,1267.0,39.0
80,10600.0,1.56,607.0349462365591,0.448827356941601,1673.7564102564102,33.0,7.0,10.0,1302.0,39.0
80,10800.0,1.6,606.2859292701279,0.45198954046986806,1673.7564102564102,32.0,8.0,10.0,1329.0,39.0
80,11000.0,1.56,600.3462664714494,0.4595909431820485,1673.7564102564102,33.0,7.0,10.0,1366.0,39.0
80,11200.0,1.52,597.5202558635394,0.45985445847607076,1673.7564102564102,33.0,7.0,10.0,1407.0,39.0
80,11400.0,1.6,595.016364902507,0.4712869681551902,1673.7564102564102,33.0,8.0,9.0,1436.0,39.0
80,11600.0,1.58,592.7606019151847,0.47096264163947055,1673.7564102564102,34.0,7.0,9.0,1462.0,39.0
80,11800.0,1.58,589.342895263509,0.46585449901688525,1673.7564102564102,34.0,7.0,9.0,1499.0,39.0
80,12000.0,1.58,588.969776609724,0.46788153974013336,1673.7564102564102,33.0,8.0,9.0,1522.0,39.0
80,12200.0,1.58,587.724293059126,0.4657936877951878,1673.7564102564102,32.0,9.0,9.0,1556.0,39.0
80,12400.0,1.58,584.2785445420326,0.4692599274319421,1938.225,33.0,8.0,9.0,1594.0,40.0
80,12600.0,1.6,583.3449230769231,0.47398293231711025,1938.225,34.0,7.0,9.0,1625.0,40.0
80,12800.0,1.6,581.1814589665654,0.47209778444448947,1938.225,34.0,7.0,9.0,1645.0,40.0
80,13000.0,1.56,581.4096349491323,0.4653882796505382,2203.4268292682927,33.0,8.0,9.0,1671.0,41.0
80,13200.0,1.56,580.9484991171278,0.4598747288833033,2203.4268292682927,30.0,11.0,9.0,1699.0,41.0
80,13400.0,1.56,580.9574652777778,0.45910445340846895,2203.4268292682927,32.0,10.0,8.0,1728.0,41.0
80,13600.0,1.58,581.7082860385925,0.46451665213954146,2203.4268292682927,33.0,9.0,8.0,1762.0,41.0
80,13800.0,1.6,579.5848214285714,0.46784099892566844,2203.4268292682927,32.0,10.0,8.0,1792.0,41.0
80,14000.0,1.6,580.3943894389439,0.4779153913202116,2203.4268292682927,33.0,9.0,8.0,1818.0,41.0
80,14200.0,1.58,578.8185265438786,0.4819492023594754,2486.7976190476193,34.0,8.0,8.0,1846.0,42.0
80,14400.0,1.6,577.975279106858,0.4874424827194778,2486.7976190476193,34.0,8.0,8.0,1881.0,42.0
80,14600.0,1.6,576.8756558237146,0.4851113858877425,2486.7976190476193,35.0,7.0,8.0,1906.0,42.0
80,14800.0,1.58,575.2483238782878,0.4814019013641984,2486.7976190476193,34.0,8.0,8.0,1939.0,42.0
80,15000.0,1.58,576.6428210313447,0.48156406462205825,2486.7976190476193,34.0,9.0,7.0,1978.0,42.0
80,15200.0,1.6,574.0560538116592,0.4825167737619849,2486.7976190476193,31.0,13.0,6.0,2007.0,42.0
80,15400.0,1.6,571.5778105056455,0.479151886161393,2486.7976190476193,30.0,14.0,6.0,2037.0,42.0
80,15600.0,1.56,569.9310843373494,0.47345590172906576,2486.7976190476193,26.0,18.0,6.0,2075.0,42.0
80,15800.0,1.58,569.6264285714286,0.4699491212778465,2486.7976190476193,28.0,16.0,6.0,2100.0,42.0
80,16000.0,1.6,569.9123881300047,0.4694829019114994,2486.7976190476193,29.0,15.0,6.0,2123.0,42.0
81,0.0,0.0,nan,0.015202805424360975,nan,0.0,0.0,50.0,0.0,0.0
81,200.0,0.72,60.25,0.06275718079176211,nan,0.0,21.0,29.0,2.0,0.0
81,400.0,1.5,149.95,0.14225771795755376,388.0,1.0,31.0,18.0,10.0,1.0
81,600.0,1.56,232.775,0.2164879492429003,513.8333333333334,6.0,26.0,18.0,20.0,6.0
81,800.0,1.6,289.26,0.28333975229562364,614.5882352941177,17.0,15.0,18.0,25.0,17.0
81,1000.0,1.62,355.6166666666667,0.33993472928871143,715.2142857142857,28.0,4.0,18.0,30.0,28.0
81,1200.0,1.56,487.1923076923077,0.388603977053899,758.703125,32.0,0.0,18.0,39.0,32.0
81,1400.0,1.6,600.75,0.4191920215677133,758.703125,31.0,1.0,18.0,56.0,32.0
81,1600.0,1.6,770.0123456790124,0.44005027060993657,758.703125,31.0,1.0,18.0,81.0,32.0
81,1800.0,1.58,815.3217391304348,0.44505706119635946,758.703125,31.0,1.0,18.0,115.0,32.0
81,2000.0,1.6,770.5328467153284,0.45203008128433303,758.703125,31.0,2.0,17.0,137.0,32.0
81,2200.0,1.6,781.0943396226415,0.46025986662072044,758.703125,31.0,2.0,17.0,159.0,32.0
81,2400.0,1.6,755.6114130434783,0.45758417286603287,758.703125,31.0,2.0,17.0,184.0,32.0
81,2600.0,1.6,735.1682464454976,0.4562260555814566,758.703125,31.0,2.0,17.0,211.0,32.0
81,2800.0,1.6,723.4113924050633,0.45533415766322743,758.703125,30.0,3.0,17.0,237.0,32.0
81,3000.0,1.62,708.9157303370787,0.45186791802647314,758.703125,30.0,3.0,17.0,267.0,32.0
81,3200.0,1.58,690.5049833887043,0.4481381630956966,758.703125,30.0,4.0,16.0,301.0,32.0
81,3400.0,1.58,687.2731481481482,0.4520098108771005,758.703125,31.0,3.0,16.0,324.0,32.0
81,3600.0,1.58,667.1577464788733,0.45395576997141873,758.703125,31.0,4.0,15.0,355.0,32.0
81,3800.0,1.62,657.6321989528795,0.457503091237103,758.703125,31.0,4.0,15.0,382.0,32.0
81,4000.0,1.62,650.8970588235294,0.44915168345732065,758.703125,30.0,5.0,15.0,408.0,32.0
81,4200.0,1.6,648.1006864988558,0.44236109703443943,859.0454545454545,31.0,4.0,15.0,437.0,33.0
81,4400.0,1.6,643.2613390928726,0.44331380617436605,859.0454545454545,32.0,3.0,15.0,463.0,33.0
81,4600.0,1.54,640.7484787018255,0.44692193866174773,966.0,34.0,2.0,14.0,493.0,34.0
81,4800.0,1.6,637.2904483430799,0.4519489996554031,966.0,34.0,2.0,14.0,513.0,34.0
81,5000.0,1.62,633.1162361623616,0.45569902499341214,966.0,33.0,3.0,14.0,542.0,34.0
81,5200.0,1.62,626.257785467128,0.46348286137068495,1083.357142857143,34.0,3.0,13.0,578.0,35.0
81,5400.0,1.56,623.8923327895595,0.47422617720390003,1083.357142857143,34.0,3.0,13.0,613.0,35.0
81,5600.0,1.6,623.480407523511,0.4805302738532017,1083.357142857143,34.0,3.0,13.0,638.0,35.0
81,5800.0,1.62,619.2533936651583,0.4849086818154177,1083.357142857143,33.0,4.0,13.0,663.0,35.0
81,6000.0,1.56,618.7572254335261,0.48612490624936655,1083.357142857143,33.0,4.0,13.0,692.0,35.0
81,6200.0,1.6,619.1966527196653,0.49068574787667485,1083.357142857143,33.0,5.0,12.0,717.0,35.0
81,6400.0,1.6,616.542395693136,0.4935236048892222,1229.3055555555557,33.0,5.0,12.0,743.0,36.0
81,6600.0,1.62,617.3381014304291,0.49295603348671274,1229.3055555555557,33.0,5.0,12.0,769.0,36.0
81,6800.0,1.6,617.8707224334601,0.4920438651612511,1377.0675675675675,35.0,3.0,12.0,789.0,37.0
81,7000.0,1.6,617.1056166056167,0.49340198244582734,1377.0675675675675,36.0,3.0,11.0,819.0,37.0
81,7200.0,1.54,615.5335689045936,0.49652362515962944,1525.5,38.0,1.0,11.0,849.0,38.0
81,7400.0,1.54,618.4555808656037,0.4979830944803681,1525.5,37.0,2.0,11.0,878.0,38.0
81,7600.0,1.6,619.0950276243094,0.4915979162021365,1525.5,36.0,3.0,11.0,905.0,38.0
81,7800.0,1.6,616.9715665236051,0.4835708349380739,1682.0128205128206,35.0,4.0,11.0,932.0,39.0
81,8000.0,1.6,611.6381647549531,0.4836113757525389,1682.0128205128206,35.0,4.0,11.0,959.0,39.0
81,8200.0,1.6,606.5755287009064,0.47907080453246303,1682.0128205128206,34.0,5.0,11.0,993.0,39.0
81,8400.0,1.54,606.7944062806673,0.4819492023594754,1682.0128205128206,34.0,5.0,11.0,1019.0,39.0
81,8600.0,1.6,607.5825426944972,0.4879897837147548,1682.0128205128206,36.0,3.0,11.0,1054.0,39.0
81,8800.0,1.56,604.7783933518006,0.49307765593010766,1682.0128205128206,36.0,3.0,11.0,1083.0,39.0
81,9000.0,1.58,599.6353046594982,0.49340198244582734,1682.0128205128206,37.0,2.0,11.0,1116.0,39.0
81,9200.0,1.58,597.1279475982533,0.4893276305920986,1682.0128205128206,36.0,3.0,11.0,1145.0,39.0
81,9400.0,1.6,598.057461406518,0.49514523746782074,1682.0128205128206,36.0,3.0,11.0,1166.0,39.0
81,9600.0,1.62,596.3518828451882,0.4904627733971175,1682.0128205128206,34.0,5.0,11.0,1195.0,39.0
81,9800.0,1.6,595.5145395799677,0.48340867168021406,1682.0128205128206,36.0,3.0,11.0,1238.0,39.0
81,10000.0,1.56,593.4829905063291,0.4938276609977094,1682.0128205128206,37.0,2.0,11.0,1264.0,39.0
81,10200.0,1.58,593.6836419753087,0.4971520077838364,1682.0128205128206,39.0,0.0,11.0,1296.0,39.0
81,10400.0,1.6,591.0007541478129,0.5014087933026574,1682.0128205128206,39.0,0.0,11.0,1326.0,39.0
81,10600.0,1.62,589.949815498155,0.5028682626233961,1682.0128205128206,39.0,1.0,10.0,1355.0,39.0
81,10800.0,1.6,589.3258345428156,0.49988851276022134,1682.0128205128206,39.0,1.0,10.0,1378.0,39.0
81,11000.0,1.54,588.5457122608079,0.4952060486895182,1682.0128205128206,38.0,2.0,10.0,1411.0,39.0
81,11200.0,1.6,589.4214532871972,0.4885573551172643,1682.0128205128206,37.0,3.0,10.0,1445.0,39.0
81,11400.0,1.62,585.9667571234735,0.4821316360245677,1682.0128205128206,37.0,3.0,10.0,1474.0,39.0
81,11600.0,1.6,584.5892143808255,0.4792126973830904,1682.0128205128206,36.0,4.0,10.0,1502.0,39.0
81,11800.0,1.6,581.0133289986996,0.4811789268846411,1682.0128205128206,37.0,3.0,10.0,1538.0,39.0
81,12000.0,1.6,580.1108986615678,0.4828208298704721,1682.0128205128206,36.0,4.0,10.0,1569.0,39.0
81,12200.0,1.62,579.0945861854387,0.48906411529807636,1682.0128205128206,38.0,2.0,10.0,1607.0,39.0
81,12400.0,1.62,577.8444785276074,0.4940709058844992,1682.0128205128206,38.0,2.0,10.0,1630.0,39.0
81,12600.0,1.62,575.0354993983153,0.4931384671518051,1954.625,38.0,2.0,10.0,1662.0,40.0
81,12800.0,1.62,576.2288336293665,0.4922465692335759,1954.625,38.0,2.0,10.0,1689.0,40.0
81,13000.0,1.56,574.0687354988399,0.49435469158575396,1954.625,38.0,3.0,9.0,1724.0,40.0
81,13200.0,1.6,574.5642490005711,0.49737498226339366,1954.625,36.0,5.0,9.0,1751.0,40.0
81,13400.0,1.56,574.4851123595506,0.5034763748403706,1954.625,36.0,6.0,8.0,1780.0,40.0
81,13600.0,1.6,573.3702163061564,0.5025236657004439,1954.625,36.0,6.0,8.0,1803.0,40.0
81,13800.0,1.6,574.2450873362445,0.5048953033466442,2240.9146341463415,38.0,4.0,8.0,1832.0,41.0
81,14000.0,1.6,573.3058696822833,0.503456104433138,2240.9146341463415,38.0,4.0,8.0,1857.0,41.0
81,14200.0,1.6,572.5434668071655,0.49806417610929804,2240.9146341463415,35.0,7.0,8.0,1898.0,41.0
81,14400.0,1.58,572.4400622729631,0.49261143656376055,2240.9146341463415,35.0,7.0,8.0,1927.0,41.0
81,14600.0,1.54,571.9463738508682,0.4859627429915067,2240.9146341463415,36.0,6.0,8.0,1958.0,41.0
81,14800.0,1.6,570.2188442211055,0.4819289319522429,2240.9146341463415,35.0,7.0,8.0,1990.0,41.0
81,15000.0,1.56,569.6410192973775,0.4821721768390327,2240.9146341463415,34.0,8.0,8.0,2021.0,41.0
81,15200.0,1.52,568.6600291403594,0.47497618227150185,2240.9146341463415,35.0,7.0,8.0,2059.0,41.0
81,15400.0,1.58,565.787697462901,0.47011128453570633,2240.9146341463415,34.0,9.0,7.0,2089.0,41.0
81,15600.0,1.6,566.1755924170616,0.4693004682464071,2556.9880952380954,34.0,9.0,7.0,2110.0,42.0
81,15800.0,1.62,567.3415887850467,0.4793545902337178,2556.9880952380954,34.0,10.0,6.0,2140.0,42.0
81,16000.0,1.6,567.0179806362379,0.48948979384995844,2556.9880952380954,32.0,12.0,6.0,2169.0,42.0
82,0.0,0.0,nan,0.015202805424360975,nan,0.0,0.0,50.0,0.0,0.0
82,200.0,0.84,85.75,0.060101757444307055,nan,0.0,22.0,28.0,2.0,0.0
82,400.0,1.54,142.95833333333334,0.13828471813998744,357.0,2.0,30.0,18.0,12.0,2.0
82,600.0,1.62,149.5,0.21839336752275354,467.5,7.0,26.0,17.0,16.0,7.0
82,800.0,1.6,265.2173913043478,0.2838059716619707,603.3611111111111,18.0,15.0,17.0,23.0,18.0
82,1000.0,1.62,440.5263157894737,0.3408063567997081,709.7413793103449,29.0,5.0,16.0,38.0,29.0
82,1200.0,1.6,498.34313725490193,0.3892729004925709,743.421875,32.0,2.0,16.0,51.0,32.0
82,1400.0,1.62,565.1171875,0.4352056432813735,758.1818181818181,32.0,5.0,13.0,64.0,33.0
82,1600.0,1.64,704.0833333333334,0.4638882695153346,758.1818181818181,32.0,5.0,13.0,102.0,33.0
82,1800.0,1.6,724.9685039370079,0.4798613504145298,758.1818181818181,33.0,4.0,13.0,127.0,33.0
82,2000.0,1.58,696.5613496932515,0.48484787059372025,823.3857142857142,35.0,2.0,13.0,163.0,35.0
82,2200.0,1.62,670.0265957446809,0.48344921249467904,823.3857142857142,33.0,4.0,13.0,188.0,35.0
82,2400.0,1.64,651.6712328767123,0.48298299312833193,823.3857142857142,33.0,4.0,13.0,219.0,35.0
82,2600.0,1.62,642.3231707317074,0.4837735390103987,869.8194444444445,36.0,1.0,13.0,246.0,36.0
82,2800.0,1.6,638.7462406015038,0.4825167737619849,917.3108108108108,37.0,0.0,13.0,266.0,37.0
82,3000.0,1.6,642.6474576271187,0.48296272272109947,917.3108108108108,36.0,1.0,13.0,295.0,37.0
82,3200.0,1.62,643.580547112462,0.4817262278799181,917.3108108108108,35.0,2.0,13.0,329.0,37.0
82,3400.0,1.64,633.1442577030813,0.480246488151947,917.3108108108108,34.0,4.0,12.0,357.0,37.0
82,3600.0,1.6,626.859375,0.47528023837998906,917.3108108108108,34.0,4.0,12.0,384.0,37.0
82,3800.0,1.56,614.0046189376443,0.4696045243548943,917.3108108108108,33.0,5.0,12.0,433.0,37.0
82,4000.0,1.64,609.4679203539823,0.4753005087872215,917.3108108108108,35.0,4.0,11.0,452.0,37.0
82,4200.0,1.58,599.6361788617886,0.4788275596456733,917.3108108108108,35.0,4.0,11.0,492.0,37.0
82,4400.0,1.62,593.9571150097466,0.4785843147588835,917.3108108108108,34.0,5.0,11.0,513.0,37.0
82,4600.0,1.62,597.4108818011257,0.47937486064095025,1010.0263157894736,33.0,6.0,11.0,533.0,38.0
82,4800.0,1.56,593.7548672566371,0.4810573044412462,1010.0263157894736,34.0,5.0,11.0,565.0,38.0
82,5000.0,1.62,589.7804674457429,0.48081405955445644,1010.0263157894736,34.0,5.0,11.0,599.0,38.0
82,5200.0,1.62,589.7412140575079,0.4825775849836823,1010.0263157894736,35.0,4.0,11.0,626.0,38.0
82,5400.0,1.6,588.3962121212121,0.48697626335313077,1118.576923076923,36.0,5.0,9.0,660.0,39.0
82,5600.0,1.62,584.6481213872833,0.49500334461719336,1118.576923076923,36.0,5.0,9.0,692.0,39.0
82,5800.0,1.64,587.2049295774648,0.5064561247035453,1232.75,38.0,3.0,9.0,710.0,40.0
82,6000.0,1.6,584.1835357624831,0.5096791194535099,1346.719512195122,38.0,3.0,9.0,741.0,41.0
82,6200.0,1.62,583.807891332471,0.5089493847931404,1346.719512195122,39.0,2.0,9.0,773.0,41.0
82,6400.0,1.6,581.1610904584883,0.5098210123041372,1346.719512195122,38.0,4.0,8.0,807.0,41.0
82,6600.0,1.64,579.4922248803828,0.5030304258812559,1346.719512195122,37.0,5.0,8.0,836.0,41.0
82,6800.0,1.62,574.4518348623853,0.5010844667869377,1346.719512195122,36.0,7.0,7.0,872.0,41.0
82,7000.0,1.64,575.6397790055248,0.5023817728498166,1346.719512195122,38.0,5.0,7.0,905.0,41.0
82,7200.0,1.64,571.8739270386266,0.5016723085966797,1346.719512195122,34.0,9.0,7.0,932.0,41.0
82,7400.0,1.62,568.6911917098446,0.4981857985526929,1346.719512195122,36.0,7.0,7.0,965.0,41.0
82,7600.0,1.64,570.6927346115035,0.4989966148419922,1346.719512195122,35.0,8.0,7.0,991.0,41.0
82,7800.0,1.6,570.6025641025641,0.49522631909675063,1346.719512195122,33.0,10.0,7.0,1014.0,41.0
82,8000.0,1.58,572.6856316297011,0.49275332941438793,1504.9404761904761,34.0,9.0,7.0,1037.0,42.0
82,8200.0,1.62,573.1004694835681,0.49232765086250585,1504.9404761904761,33.0,10.0,7.0,1065.0,42.0
82,8400.0,1.62,569.8742081447964,0.4904222325826526,1504.9404761904761,34.0,9.0,7.0,1105.0,42.0
82,8600.0,1.64,572.4368327402135,0.5000709464253137,1504.9404761904761,38.0,5.0,7.0,1124.0,42.0
82,8800.0,1.58,573.6125541125541,0.5088277623497456,1504.9404761904761,38.0,5.0,7.0,1155.0,42.0
82,9000.0,1.64,573.3702770780857,0.5091926296799303,1504.9404761904761,37.0,6.0,7.0,1191.0,42.0
82,9200.0,1.6,570.7304847986853,0.5078953236170515,1504.9404761904761,37.0,7.0,6.0,1217.0,42.0
82,9400.0,1.64,570.5532852564103,0.5096183082318124,1686.5116279069769,41.0,3.0,6.0,1248.0,43.0
82,9600.0,1.62,569.4318181818181,0.5108345326657613,1865.0113636363637,40.0,4.0,6.0,1276.0,44.0
82,9800.0,1.62,570.3784403669724,0.5079358644315164,1865.0113636363637,39.0,5.0,6.0,1308.0,44.0
82,10000.0,1.64,569.3637724550898,0.513348063162589,1865.0113636363637,39.0,5.0,6.0,1336.0,44.0
82,10200.0,1.62,567.3174891146589,0.5076926195447267,1865.0113636363637,34.0,10.0,6.0,1378.0,44.0
82,10400.0,1.6,565.0248403122782,0.49696957411874404,1865.0113636363637,34.0,10.0,6.0,1409.0,44.0
82,10600.0,1.6,562.1653899721448,0.4917398090527639,1865.0113636363637,36.0,8.0,6.0,1436.0,44.0
82,10800.0,1.64,560.7845003399049,0.4897330387367482,1865.0113636363637,35.0,9.0,6.0,1471.0,44.0
82,11000.0,1.6,560.056146179402,0.49638173230900207,1865.0113636363637,38.0,6.0,6.0,1505.0,44.0
82,11200.0,1.6,561.1603650586701,0.505726390043176,1865.0113636363637,38.0,6.0,6.0,1534.0,44.0
82,11400.0,1.6,559.3518164435947,0.5057466604504085,1865.0113636363637,37.0,7.0,6.0,1569.0,44.0
82,11600.0,1.64,559.1761934673367,0.5131250886830316,1865.0113636363637,39.0,5.0,6.0,1592.0,44.0
82,11800.0,1.62,559.2699443413729,0.5110169663308536,1865.0113636363637,39.0,5.0,6.0,1617.0,44.0
82,12000.0,1.6,561.3192918192918,0.5130034662396368,1865.0113636363637,40.0,4.0,6.0,1638.0,44.0
82,12200.0,1.62,559.3393177737881,0.5137129304927736,1865.0113636363637,42.0,2.0,6.0,1671.0,44.0
82,12400.0,1.6,561.4281507656066,0.5205845985445847,1865.0113636363637,41.0,3.0,6.0,1698.0,44.0
82,12600.0,1.6,562.0566473988439,0.5150710477773498,1865.0113636363637,39.0,5.0,6.0,1730.0,44.0
82,12800.0,1.64,561.0255391600454,0.5079966756532138,1865.0113636363637,36.0,8.0,6.0,1762.0,44.0
82,13000.0,1.62,561.9447560291643,0.5008817627146129,1865.0113636363637,34.0,10.0,6.0,1783.0,44.0
82,13200.0,1.64,561.3938053097345,0.4968884924898141,1865.0113636363637,34.0,10.0,6.0,1808.0,44.0
82,13400.0,1.64,561.8815359477125,0.494273609956824,1865.0113636363637,34.0,10.0,6.0,1836.0,44.0
82,13600.0,1.62,559.936735778841,0.49607767620051485,1865.0113636363637,36.0,8.0,6.0,1881.0,44.0
82,13800.0,1.6,560.4950261780104,0.5002736504976385,1865.0113636363637,39.0,7.0,4.0,1910.0,44.0
82,14000.0,1.62,560.1607235142119,0.5126994101311495,2132.811111111111,41.0,5.0,4.0,1935.0,45.0
82,14200.0,1.62,558.8027452974072,0.5194291853323333,2132.811111111111,40.0,6.0,4.0,1967.0,45.0
82,14400.0,1.64,559.1730095142714,0.5199562159203779,2132.811111111111,40.0,6.0,4.0,1997.0,45.0
82,14600.0,1.64,559.1193181818181,0.5168953844282732,2400.0760869565215,40.0,6.0,4.0,2024.0,46.0
82,14800.0,1.64,558.975,0.5167534915776458,2400.0760869565215,37.0,9.0,4.0,2060.0,46.0
82,15000.0,1.64,557.9873508353222,0.5162264609896012,2400.0760869565215,39.0,7.0,4.0,2095.0,46.0
82,15200.0,1.62,556.0908662900189,0.5135304968276813,2400.0760869565215,37.0,9.0,4.0,2124.0,46.0
82,15400.0,1.64,556.3497445424988,0.5076318083230292,2400.0760869565215,37.0,9.0,4.0,2153.0,46.0
82,15600.0,1.62,555.2808062299588,0.49861147710457504,2400.0760869565215,37.0,9.0,4.0,2183.0,46.0
82,15800.0,1.64,556.3061316501353,0.49271278859992296,2400.0760869565215,37.0,9.0,4.0,2218.0,46.0
82,16000.0,1.6,555.6480905861456,0.4926925181926905,2400.0760869565215,38.0,8.0,4.0,2252.0,46.0
83,0.0,0.0,nan,0.015202805424360975,nan,0.0,0.0,50.0,0.0,0.0
83,200.0,0.86,76.625,0.06673018060932843,nan,0.0,27.0,23.0,4.0,0.0
83,400.0,1.54,121.21428571428571,0.16137271197778363,351.0,1.0,34.0,15.0,7.0,1.0
83,600.0,1.64,196.94444444444446,0.24442057040925952,526.5625,8.0,28.0,14.0,9.0,8.0
83,800.0,1.62,349.42105263157896,0.3128331948188839,638.46,25.0,11.0,14.0,19.0,25.0
83,1000.0,1.64,453.72222222222223,0.37392820221758255,683.7741935483871,31.0,5.0,14.0,27.0,31.0
83,1200.0,1.62,578.0833333333334,0.42044878681612713,716.8823529411765,33.0,3.0,14.0,42.0,34.0
83,1400.0,1.66,705.1746031746031,0.45533415766322743,733.5571428571428,33.0,3.0,14.0,63.0,35.0
83,1600.0,1.66,785.010752688172,0.4663207183832323,733.5571428571428,34.0,2.0,14.0,93.0,35.0
83,1800.0,1.58,790.1384615384616,0.4702329069791012,757.6805555555555,35.0,1.0,14.0,130.0,36.0
83,2000.0,1.62,736.5506329113924,0.4755640240812438,757.6805555555555,36.0,0.0,14.0,158.0,36.0
83,2200.0,1.66,720.3798882681564,0.47894918208906817,757.6805555555555,35.0,1.0,14.0,179.0,36.0
83,2400.0,1.66,695.3,0.47521942715829163,757.6805555555555,35.0,1.0,14.0,210.0,36.0
83,2600.0,1.64,669.8106995884774,0.47303022317718363,757.6805555555555,34.0,2.0,14.0,243.0,36.0
83,2800.0,1.6,649.7912087912088,0.4722194068878844,757.6805555555555,34.0,2.0,14.0,273.0,36.0
83,3000.0,1.58,621.4921383647799,0.46613828471814,757.6805555555555,34.0,2.0,14.0,318.0,36.0
83,3200.0,1.6,611.8767908309455,0.461253116575112,757.6805555555555,33.0,3.0,14.0,349.0,36.0
83,3400.0,1.64,610.8010610079575,0.4708410191960756,757.6805555555555,35.0,1.0,14.0,377.0,36.0
83,3600.0,1.64,600.5804878048781,0.4768613301441226,757.6805555555555,35.0,1.0,14.0,410.0,36.0
83,3800.0,1.66,595.8344594594595,0.48334786045851663,757.6805555555555,36.0,0.0,14.0,444.0,36.0
83,4000.0,1.62,585.7578947368421,0.4820708248028703,757.6805555555555,36.0,0.0,14.0,475.0,36.0
83,4200.0,1.64,581.7480314960629,0.4805100034459692,757.6805555555555,35.0,1.0,14.0,508.0,36.0
83,4400.0,1.62,580.9075471698113,0.4790099933107656,757.6805555555555,35.0,1.0,14.0,530.0,36.0
83,4600.0,1.64,585.1733212341197,0.4769829525875175,757.6805555555555,35.0,1.0,14.0,551.0,36.0
83,4800.0,1.6,587.3253012048193,0.4770437638092149,757.6805555555555,35.0,2.0,13.0,581.0,36.0
83,5000.0,1.62,588.7785016286645,0.47600997304035836,757.6805555555555,34.0,3.0,13.0,614.0,36.0
83,5200.0,1.64,580.830534351145,0.4761924067054507,757.6805555555555,34.0,3.0,13.0,655.0,36.0
83,5400.0,1.64,580.4419642857143,0.4750167230859668,880.5945945945946,35.0,2.0,13.0,672.0,37.0
83,5600.0,1.66,578.1977240398293,0.47943567186264774,880.5945945945946,35.0,3.0,12.0,703.0,37.0
83,5800.0,1.62,581.5267857142857,0.4852532787383699,880.5945945945946,36.0,3.0,11.0,728.0,37.0
83,6000.0,1.64,583.464807436919,0.48509111548051,880.5945945945946,36.0,3.0,11.0,753.0,37.0
83,6200.0,1.6,586.4002557544757,0.47765187602618936,880.5945945945946,36.0,3.0,11.0,782.0,37.0
83,6400.0,1.62,584.140490797546,0.47432752924006244,880.5945945945946,37.0,2.0,11.0,815.0,37.0
83,6600.0,1.66,584.6688235294117,0.47562483530294125,880.5945945945946,35.0,4.0,11.0,850.0,37.0
83,6800.0,1.64,581.6926136363636,0.4739018506881803,1032.2236842105262,37.0,2.0,11.0,880.0,38.0
83,7000.0,1.62,578.0203296703297,0.47809782498530395,1032.2236842105262,35.0,5.0,10.0,910.0,38.0
83,7200.0,1.6,577.0366631243359,0.4840167838971885,1186.2564102564102,37.0,3.0,10.0,941.0,39.0
83,7400.0,1.66,577.5746346555323,0.49058439584051244,1186.2564102564102,38.0,2.0,10.0,958.0,39.0
83,7600.0,1.64,580.5762970498474,0.49336144163136236,1186.2564102564102,39.0,1.0,10.0,983.0,39.0
83,7800.0,1.64,579.7104228121927,0.4892262785559362,1346.7,40.0,0.0,10.0,1017.0,40.0
83,8000.0,1.64,578.3739295908658,0.48385462063932866,1346.7,39.0,1.0,10.0,1051.0,40.0
83,8200.0,1.66,575.8401297497683,0.48340867168021406,1346.7,38.0,2.0,10.0,1079.0,40.0
83,8400.0,1.62,576.000900090009,0.48225325846796263,1346.7,38.0,2.0,10.0,1111.0,40.0
83,8600.0,1.64,574.5453345070423,0.48101676362678125,1346.7,36.0,4.0,10.0,1136.0,40.0
83,8800.0,1.62,575.7289361702128,0.4829221819066345,1346.7,36.0,4.0,10.0,1175.0,40.0
83,9000.0,1.64,570.2410491257285,0.48231406968966006,1346.7,37.0,3.0,10.0,1201.0,40.0
83,9200.0,1.66,570.1491442542788,0.47844242190825614,1346.7,36.0,4.0,10.0,1227.0,40.0
83,9400.0,1.66,573.3888006354249,0.47532077919445404,1346.7,34.0,6.0,10.0,1259.0,40.0
83,9600.0,1.62,570.7267441860465,0.4739423915026453,1346.7,34.0,6.0,10.0,1290.0,40.0
83,9800.0,1.64,569.9146433990895,0.4676180244461111,1346.7,33.0,7.0,10.0,1318.0,40.0
83,10000.0,1.66,568.958549222798,0.4614760910546693,1346.7,33.0,7.0,10.0,1351.0,40.0
83,10200.0,1.66,567.1535971223021,0.46074635639429995,1346.7,34.0,6.0,10.0,1390.0,40.0
83,10400.0,1.58,568.8129420084865,0.4702329069791012,1346.7,35.0,5.0,10.0,1414.0,40.0
83,10600.0,1.64,566.7139889196676,0.47947621267711266,1346.7,36.0,4.0,10.0,1444.0,40.0
83,10800.0,1.6,562.513202437373,0.47665862607179776,1346.7,35.0,5.0,10.0,1477.0,40.0
83,11000.0,1.62,564.4649933949802,0.47625321792714814,1346.7,35.0,5.0,10.0,1514.0,40.0
83,11200.0,1.64,564.7326860841424,0.4762937587416131,1346.7,38.0,2.0,10.0,1545.0,40.0
83,11400.0,1.64,560.7346227013317,0.47988162082176233,1346.7,36.0,5.0,9.0,1577.0,40.0
83,11600.0,1.66,556.844175960347,0.480753248332759,1346.7,35.0,6.0,9.0,1614.0,40.0
83,11800.0,1.64,555.9313904068002,0.4805505442604342,1346.7,35.0,6.0,9.0,1647.0,40.0
83,12000.0,1.64,556.4479476502082,0.4875438347556402,1604.8292682926829,38.0,3.0,9.0,1681.0,41.0
83,12200.0,1.64,555.0387981330222,0.500172298461476,1604.8292682926829,39.0,2.0,9.0,1714.0,41.0
83,12400.0,1.64,554.4045845272207,0.4997668903168265,1604.8292682926829,38.0,3.0,9.0,1745.0,41.0
83,12600.0,1.66,555.3594457013575,0.5003750025338009,1604.8292682926829,39.0,2.0,9.0,1768.0,41.0
83,12800.0,1.62,553.2727272727273,0.4939290130338719,1604.8292682926829,36.0,5.0,9.0,1804.0,41.0
83,13000.0,1.62,552.9923830250272,0.48835465104493947,1604.8292682926829,34.0,8.0,8.0,1838.0,41.0
83,13200.0,1.62,550.3737319807796,0.49056412543327993,1604.8292682926829,34.0,8.0,8.0,1873.0,41.0
83,13400.0,1.64,550.437237394958,0.4863073399144589,1604.8292682926829,33.0,9.0,8.0,1904.0,41.0
83,13600.0,1.66,549.4971546818417,0.48460462570693047,1888.5238095238096,35.0,7.0,8.0,1933.0,42.0
83,13800.0,1.66,548.520325203252,0.48448300326353555,1888.5238095238096,35.0,7.0,8.0,1968.0,42.0
83,14000.0,1.56,549.086379569354,0.4878884316785924,1888.5238095238096,34.0,8.0,8.0,1997.0,42.0
83,14200.0,1.64,548.4886643666831,0.4896722275150508,1888.5238095238096,35.0,7.0,8.0,2029.0,42.0
83,14400.0,1.62,548.4100631988332,0.49196278353232115,1888.5238095238096,34.0,8.0,8.0,2057.0,42.0
83,14600.0,1.64,547.0834528933525,0.4896722275150508,1888.5238095238096,36.0,6.0,8.0,2091.0,42.0
83,14800.0,1.64,545.5631182289213,0.4914965641659741,1888.5238095238096,37.0,5.0,8.0,2123.0,42.0
83,15000.0,1.64,546.2556791840519,0.48665193683741104,1888.5238095238096,35.0,7.0,8.0,2157.0,42.0
83,15200.0,1.6,545.4993172507966,0.4843208400056757,1888.5238095238096,36.0,6.0,8.0,2197.0,42.0
83,15400.0,1.64,544.6676417641764,0.4857600389191819,1888.5238095238096,38.0,4.0,8.0,2222.0,42.0
83,15600.0,1.64,545.4670964873277,0.4937465793687795,1888.5238095238096,40.0,3.0,7.0,2249.0,42.0
83,15800.0,1.64,544.4175800087681,0.49251008452759815,1888.5238095238096,40.0,3.0,7.0,2281.0,42.0
83,16000.0,1.66,544.8375975715525,0.4885370847100318,1888.5238095238096,37.0,6.0,7.0,2306.0,42.0
84,0.0,0.0,nan,0.015202805424360975,nan,0.0,0.0,50.0,0.0,0.0
84,200.0,0.92,28.75,0.06835181318792695,nan,0.0,26.0,24.0,2.0,0.0
84,400.0,1.5,134.5,0.15486591125615715,396.0,1.0,32.0,17.0,10.0,1.0
84,600.0,1.68,217.73333333333332,0.2351164534895506,490.875,8.0,26.0,16.0,15.0,8.0
84,800.0,1.64,284.8333333333333,0.30500881762714616,629.3260869565217,23.0,11.0,16.0,21.0,23.0
84,1000.0,1.68,409.0882352941176,0.3632862384205299,704.328125,32.0,2.0,16.0,34.0,32.0
84,1200.0,1.66,491.27659574468083,0.41244197595929705,704.328125,32.0,2.0,16.0,47.0,32.0
84,1400.0,1.62,606.484375,0.448786816127136,720.3636363636364,33.0,1.0,16.0,64.0,33.0
84,1600.0,1.66,705.0322580645161,0.4734153609146008,720.3636363636364,33.0,2.0,15.0,93.0,33.0
84,1800.0,1.68,769.875,0.48166541665822066,720.3636363636364,33.0,3.0,14.0,124.0,33.0
84,2000.0,1.66,732.6470588235294,0.4815032534003608,720.3636363636364,33.0,3.0,14.0,153.0,33.0
84,2200.0,1.64,724.1850828729282,0.4755842944884763,800.5428571428571,34.0,4.0,12.0,181.0,35.0
84,2400.0,1.66,708.4685990338164,0.4768613301441226,800.5428571428571,34.0,4.0,12.0,207.0,35.0
84,2600.0,1.64,688.5926724137931,0.4786856667950459,800.5428571428571,35.0,3.0,12.0,232.0,35.0
84,2800.0,1.64,684.074427480916,0.4810978452557112,902.972972972973,36.0,2.0,12.0,262.0,37.0
84,3000.0,1.64,668.3400673400673,0.4871384266109906,902.972972972973,37.0,2.0,11.0,297.0,37.0
84,3200.0,1.64,657.3088685015291,0.48969249792228325,902.972972972973,36.0,4.0,10.0,327.0,37.0
84,3400.0,1.66,655.2408450704226,0.4928344110433179,902.972972972973,34.0,6.0,10.0,355.0,37.0
84,3600.0,1.64,654.0221932114882,0.4982263393671579,902.972972972973,31.0,10.0,9.0,383.0,37.0
84,3800.0,1.68,651.039603960396,0.4984290434394827,1043.0384615384614,35.0,6.0,9.0,404.0,39.0
84,4000.0,1.66,645.1910755148741,0.4984898546611801,1112.7875,38.0,3.0,9.0,437.0,40.0
84,4200.0,1.68,641.6467391304348,0.4984493138467152,1112.7875,39.0,2.0,9.0,460.0,40.0
84,4400.0,1.64,637.4154786150713,0.4944155028074514,1112.7875,38.0,3.0,9.0,491.0,40.0
84,4600.0,1.68,635.7055449330784,0.5018750126690045,1112.7875,36.0,5.0,9.0,523.0,40.0
84,4800.0,1.64,627.8243727598566,0.5051182778262016,1112.7875,36.0,5.0,9.0,558.0,40.0
84,5000.0,1.68,622.3762975778546,0.5044493543875297,1112.7875,37.0,4.0,9.0,578.0,40.0
84,5200.0,1.66,620.3543371522095,0.5081993797255386,1212.0,38.0,4.0,8.0,611.0,41.0
84,5400.0,1.66,621.7558502340094,0.5142399610808182,1212.0,37.0,5.0,8.0,641.0,41.0
84,5600.0,1.66,618.5434131736527,0.5190237771876837,1212.0,37.0,5.0,8.0,668.0,41.0
84,5800.0,1.6,618.4604885057471,0.5208278434313746,1318.4404761904761,38.0,4.0,8.0,696.0,42.0
84,6000.0,1.66,618.139502762431,0.5195102669612632,1318.4404761904761,37.0,5.0,8.0,724.0,42.0
84,6200.0,1.68,615.8623670212766,0.5104899357428091,1318.4404761904761,37.0,5.0,8.0,752.0,42.0
84,6400.0,1.68,612.3721374045801,0.509983175561997,1318.4404761904761,37.0,5.0,8.0,786.0,42.0
84,6600.0,1.68,611.7966625463536,0.5089899256076055,1318.4404761904761,38.0,4.0,8.0,809.0,42.0
84,6800.0,1.68,612.7994047619047,0.5035169156548355,1318.4404761904761,38.0,4.0,8.0,840.0,42.0
84,7000.0,1.66,607.4692132269099,0.5009425739363104,1318.4404761904761,40.0,2.0,8.0,877.0,42.0
84,7200.0,1.64,601.5685840707964,0.4993817525794093,1318.4404761904761,38.0,4.0,8.0,904.0,42.0
84,7400.0,1.66,602.0396570203644,0.4945168548436138,1318.4404761904761,37.0,5.0,8.0,933.0,42.0
84,7600.0,1.68,600.6259029927761,0.490523584618815,1318.4404761904761,36.0,6.0,8.0,969.0,42.0
84,7800.0,1.62,598.9447236180905,0.49186143149615874,1318.4404761904761,37.0,5.0,8.0,995.0,42.0
84,8000.0,1.68,599.856090373281,0.4949628038027284,1318.4404761904761,38.0,4.0,8.0,1018.0,42.0
84,8200.0,1.68,596.7861244019139,0.4955709160197028,1318.4404761904761,38.0,4.0,8.0,1045.0,42.0
84,8400.0,1.64,596.4921514312095,0.48805059493645225,1318.4404761904761,35.0,7.0,8.0,1083.0,42.0
84,8600.0,1.66,593.6313672922251,0.48948979384995844,1318.4404761904761,34.0,8.0,8.0,1119.0,42.0
84,8800.0,1.68,589.2061631944445,0.49161818660936896,1318.4404761904761,36.0,6.0,8.0,1152.0,42.0
84,9000.0,1.66,585.0619208087616,0.49167899783106644,1318.4404761904761,36.0,6.0,8.0,1187.0,42.0
84,9200.0,1.64,584.436936936937,0.4963006506800722,1318.4404761904761,35.0,7.0,8.0,1221.0,42.0
84,9400.0,1.62,582.906449044586,0.49285468145055034,1318.4404761904761,33.0,9.0,8.0,1256.0,42.0
84,9600.0,1.66,582.1032482598608,0.4844424624490706,1318.4404761904761,33.0,9.0,8.0,1293.0,42.0
84,9800.0,1.68,578.2349170437406,0.4793545902337178,1318.4404761904761,32.0,10.0,8.0,1326.0,42.0
84,10000.0,1.68,577.2524127691165,0.48403705430442096,1318.4404761904761,34.0,8.0,8.0,1347.0,42.0
84,10200.0,1.68,578.4077315827863,0.488334380637707,1318.4404761904761,36.0,6.0,8.0,1371.0,42.0
84,10400.0,1.64,581.6820457796853,0.4896722275150508,1318.4404761904761,38.0,3.0,9.0,1398.0,42.0
84,10600.0,1.64,579.8540350877194,0.48537490118176474,1318.4404761904761,36.0,5.0,9.0,1425.0,42.0
84,10800.0,1.64,576.9477966101695,0.47278697829039384,1318.4404761904761,35.0,7.0,8.0,1475.0,42.0
84,11000.0,1.66,574.2717319177174,0.47114507530456284,1318.4404761904761,34.0,8.0,8.0,1507.0,42.0
84,11200.0,1.68,572.8341968911917,0.4741450955749701,1318.4404761904761,35.0,7.0,8.0,1544.0,42.0
84,11400.0,1.66,570.5727848101266,0.4805302738532017,1549.8372093023256,35.0,7.0,8.0,1580.0,43.0
84,11600.0,1.62,568.2142412935324,0.4884357326738694,1549.8372093023256,34.0,10.0,6.0,1608.0,43.0
84,11800.0,1.66,564.9862888482633,0.49202359475401863,1549.8372093023256,35.0,9.0,6.0,1641.0,43.0
84,12000.0,1.66,564.8677438659486,0.48851681430279936,1549.8372093023256,33.0,11.0,6.0,1671.0,43.0
84,12200.0,1.66,564.7438524590164,0.4844221920418381,1549.8372093023256,31.0,13.0,6.0,1708.0,43.0
84,12400.0,1.66,564.9287362954415,0.4815843350292907,1549.8372093023256,35.0,9.0,6.0,1733.0,43.0
84,12600.0,1.62,564.0241340147643,0.4758883505969635,1549.8372093023256,32.0,12.0,6.0,1761.0,43.0
84,12800.0,1.66,564.8015075376884,0.47542213123061644,1549.8372093023256,31.0,14.0,5.0,1791.0,43.0
84,13000.0,1.6,565.3999450247388,0.47937486064095025,1549.8372093023256,31.0,14.0,5.0,1819.0,43.0
84,13200.0,1.68,563.6563007030827,0.494314150771289,1812.5,34.0,11.0,5.0,1849.0,44.0
84,13400.0,1.64,564.3632729211088,0.5094966857884174,2066.9666666666667,37.0,8.0,5.0,1876.0,45.0
84,13600.0,1.66,564.010246978455,0.5125777876877546,2066.9666666666667,36.0,9.0,5.0,1903.0,45.0
84,13800.0,1.68,563.157636738906,0.5088683031642106,2066.9666666666667,36.0,9.0,5.0,1938.0,45.0
84,14000.0,1.68,562.5690440060698,0.5045101656092271,2066.9666666666667,35.0,10.0,5.0,1977.0,45.0
84,14200.0,1.64,560.1151936444886,0.5028885330306286,2066.9666666666667,36.0,9.0,5.0,2014.0,45.0
84,14400.0,1.66,560.6910969011313,0.4987533699552024,2066.9666666666667,35.0,10.0,5.0,2033.0,45.0
84,14600.0,1.68,561.5639225181598,0.49565199764863277,2066.9666666666667,34.0,10.0,6.0,2065.0,45.0
84,14800.0,1.62,561.924703087886,0.4874830235339428,2066.9666666666667,33.0,12.0,5.0,2105.0,45.0
84,15000.0,1.68,557.2575828278115,0.4869559929458983,2066.9666666666667,31.0,14.0,5.0,2143.0,45.0
84,15200.0,1.68,556.1953017042838,0.4882735694160096,2066.9666666666667,32.0,14.0,4.0,2171.0,45.0
84,15400.0,1.66,554.7400900900901,0.4873411306833154,2066.9666666666667,32.0,14.0,4.0,2220.0,45.0
84,15600.0,1.66,553.8754432624113,0.49054385502604747,2066.9666666666667,34.0,12.0,4.0,2256.0,45.0
84,15800.0,1.62,552.4868881118881,0.49786147203697323,2066.9666666666667,35.0,11.0,4.0,2288.0,45.0
84,16000.0,1.68,551.5523932729625,0.5011047371941703,2066.9666666666667,36.0,10.0,4.0,2319.0,45.0
85,0.0,0.0,nan,0.015202805424360975,nan,0.0,0.0,50.0,0.0,0.0
85,200.0,0.86,31.8125,0.0625544767194373,nan,0.0,22.0,28.0,8.0,0.0
85,400.0,1.56,97.82352941176471,0.14294691180345814,349.0,2.0,31.0,17.0,17.0,2.0
85,600.0,1.68,127.15,0.2315488618166339,488.375,8.0,29.0,13.0,20.0,8.0
85,800.0,1.7,264.484375,0.3019479861350415,611.3,20.0,16.0,14.0,32.0,20.0
85,1000.0,1.7,346.22222222222223,0.35734700910141287,686.9285714285714,28.0,8.0,14.0,45.0,28.0
85,1200.0,1.7,425.98333333333335,0.40125271116696737,741.53125,32.0,4.0,14.0,60.0,32.0
85,1400.0,1.68,555.7048192771084,0.432489408712221,741.53125,32.0,4.0,14.0,83.0,32.0
85,1600.0,1.68,670.9908256880734,0.45286116798086473,741.53125,31.0,5.0,14.0,109.0,32.0
85,1800.0,1.68,684.2389705882352,0.4646990858046338,793.25,33.0,3.0,14.0,136.0,34.0
85,2000.0,1.66,683.9909638554217,0.47124642734072525,822.4142857142857,34.0,2.0,14.0,166.0,35.0
85,2200.0,1.68,664.0535714285714,0.472624815032534,822.4142857142857,32.0,4.0,14.0,196.0,35.0
85,2400.0,1.7,662.4803493449782,0.4764356515922405,822.4142857142857,32.0,4.0,14.0,229.0,35.0
85,2600.0,1.68,642.716796875,0.47994243204345977,822.4142857142857,35.0,1.0,14.0,256.0,35.0
85,2800.0,1.68,642.3368055555555,0.4804289218170393,875.8611111111111,35.0,2.0,13.0,288.0,36.0
85,3000.0,1.68,631.9657320872274,0.4811789268846411,875.8611111111111,35.0,3.0,12.0,321.0,36.0
85,3200.0,1.7,609.3414285714285,0.48543571240346217,875.8611111111111,34.0,4.0,12.0,350.0,36.0
85,3400.0,1.7,604.523097826087,0.49147629375874163,875.8611111111111,34.0,4.0,12.0,368.0,36.0
85,3600.0,1.68,608.955334987593,0.48906411529807636,1018.328947368421,35.0,3.0,12.0,403.0,38.0
85,3800.0,1.7,611.2927400468384,0.489469523442726,1018.328947368421,34.0,4.0,12.0,427.0,38.0
85,4000.0,1.7,617.3946784922394,0.49023979891756025,1018.328947368421,36.0,2.0,12.0,451.0,38.0
85,4200.0,1.64,611.6567010309278,0.4950641558388908,1018.328947368421,36.0,2.0,12.0,485.0,38.0
85,4400.0,1.64,607.8713450292398,0.49469928850870615,1018.328947368421,36.0,2.0,12.0,513.0,38.0
85,4600.0,1.7,610.6130198915009,0.49950337502280423,1018.328947368421,35.0,3.0,12.0,553.0,38.0
85,4800.0,1.7,604.3726495726496,0.5058682828938034,1018.328947368421,37.0,1.0,12.0,585.0,38.0
85,5000.0,1.68,602.723597359736,0.5019560942979344,1018.328947368421,37.0,1.0,12.0,606.0,38.0
85,5200.0,1.7,604.5015948963318,0.5012263596375651,1018.328947368421,37.0,1.0,12.0,627.0,38.0
85,5400.0,1.68,599.6069277108434,0.4929965743011777,1018.328947368421,36.0,2.0,12.0,664.0,38.0
85,5600.0,1.68,599.9425287356322,0.49076682950560474,1018.328947368421,37.0,1.0,12.0,696.0,38.0
85,5800.0,1.66,597.2421340629274,0.488922222447449,1018.328947368421,38.0,1.0,11.0,731.0,38.0
85,6000.0,1.68,594.8690476190476,0.48750329394117525,1018.328947368421,35.0,4.0,11.0,756.0,38.0
85,6200.0,1.7,596.3890290037831,0.48665193683741104,1018.328947368421,35.0,4.0,11.0,793.0,38.0
85,6400.0,1.68,590.4449877750611,0.4879289724930574,1018.328947368421,33.0,6.0,11.0,818.0,38.0
85,6600.0,1.68,589.7094117647059,0.4891857377414712,1158.0,36.0,3.0,11.0,850.0,39.0
85,6800.0,1.68,589.0774886877828,0.4862870695072264,1158.0,36.0,3.0,11.0,884.0,39.0
85,7000.0,1.7,588.6780973451328,0.4900573652524679,1158.0,34.0,5.0,11.0,904.0,39.0
85,7200.0,1.68,589.6082529474812,0.49261143656376055,1158.0,32.0,7.0,11.0,933.0,39.0
85,7400.0,1.62,589.0219206680584,0.49078709991283725,1158.0,34.0,5.0,11.0,958.0,39.0
85,7600.0,1.68,587.7027162977868,0.48896276326191396,1158.0,37.0,2.0,11.0,994.0,39.0
85,7800.0,1.7,586.1748285994123,0.4884560030811019,1158.0,36.0,3.0,11.0,1021.0,39.0
85,8000.0,1.68,587.116555661275,0.4893681714065636,1158.0,37.0,2.0,11.0,1051.0,39.0
85,8200.0,1.7,586.4545032497679,0.48612490624936655,1158.0,37.0,2.0,11.0,1077.0,39.0
85,8400.0,1.68,586.1451033243486,0.4874830235339428,1158.0,36.0,3.0,11.0,1113.0,39.0
85,8600.0,1.68,586.1816182937555,0.49161818660936896,1158.0,35.0,4.0,11.0,1137.0,39.0
85,8800.0,1.7,585.3485885372113,0.48764518679180263,1158.0,34.0,5.0,11.0,1169.0,39.0
85,9000.0,1.68,587.1913116123642,0.48225325846796263,1158.0,34.0,6.0,10.0,1197.0,39.0
85,9200.0,1.7,586.9571428571429,0.48115865647740863,1158.0,33.0,7.0,10.0,1225.0,39.0
85,9400.0,1.68,585.7726910828026,0.48353029412360893,1158.0,35.0,5.0,10.0,1256.0,39.0
85,9600.0,1.64,584.295665634675,0.48458435529969796,1158.0,34.0,7.0,9.0,1292.0,39.0
85,9800.0,1.68,583.0832702498108,0.4892668193704012,1158.0,34.0,7.0,9.0,1321.0,39.0
85,10000.0,1.66,582.7746113989638,0.48505057466604506,1158.0,35.0,6.0,9.0,1351.0,39.0
85,10200.0,1.7,583.6334545454546,0.48752356434840777,1158.0,37.0,4.0,9.0,1375.0,39.0
85,10400.0,1.64,584.0661921708185,0.4903614213609551,1158.0,37.0,4.0,9.0,1405.0,39.0
85,10600.0,1.64,584.6996515679442,0.4898141203656782,1158.0,36.0,5.0,9.0,1435.0,39.0
85,10800.0,1.7,584.4571624400274,0.4870776153892932,1158.0,35.0,6.0,9.0,1459.0,39.0
85,11000.0,1.66,580.6404682274248,0.4817262278799181,1158.0,35.0,6.0,9.0,1495.0,39.0
85,11200.0,1.66,581.5075608152531,0.47775322806235176,1406.825,33.0,8.0,9.0,1521.0,40.0
85,11400.0,1.66,581.31169250646,0.47268562625423144,1406.825,32.0,9.0,9.0,1548.0,40.0
85,11600.0,1.68,582.576410906785,0.4700910141284738,1406.825,32.0,8.0,10.0,1577.0,40.0
85,11800.0,1.64,580.7079453755431,0.472118054851722,1406.825,34.0,7.0,9.0,1611.0,40.0
85,12000.0,1.68,582.4602932193036,0.47505726390043174,1406.825,35.0,6.0,9.0,1637.0,40.0
85,12200.0,1.68,583.8608774038462,0.4838748910465611,1406.825,36.0,5.0,9.0,1664.0,40.0
85,12400.0,1.7,583.5555555555555,0.4886587071534267,1406.825,35.0,6.0,9.0,1692.0,40.0
85,12600.0,1.68,582.4208381839348,0.4914560233515091,1675.8292682926829,33.0,8.0,9.0,1718.0,41.0
85,12800.0,1.66,581.568,0.4936452273326171,1675.8292682926829,33.0,8.0,9.0,1750.0,41.0
85,13000.0,1.66,581.8526286353467,0.4946384772870087,1675.8292682926829,33.0,9.0,8.0,1788.0,41.0
85,13200.0,1.66,582.892345814978,0.4974560638923236,1675.8292682926829,33.0,9.0,8.0,1816.0,41.0
85,13400.0,1.68,580.7570575461455,0.4995236454300367,1675.8292682926829,31.0,11.0,8.0,1842.0,41.0
85,13600.0,1.66,580.3014392324094,0.5016520381894473,1675.8292682926829,32.0,10.0,8.0,1876.0,41.0
85,13800.0,1.7,581.2312335958005,0.5082804613544686,1961.1785714285713,36.0,6.0,8.0,1905.0,42.0
85,14000.0,1.7,580.8858921161826,0.5095574970101149,1961.1785714285713,33.0,9.0,8.0,1928.0,42.0
85,14200.0,1.66,579.0892857142857,0.5050371961972716,1961.1785714285713,34.0,8.0,8.0,1960.0,42.0
85,14400.0,1.68,578.2108162243366,0.5064763951107778,1961.1785714285713,35.0,7.0,8.0,1997.0,42.0
85,14600.0,1.7,579.0911561264822,0.5046520584598545,1961.1785714285713,33.0,9.0,8.0,2024.0,42.0
85,14800.0,1.64,578.5060797665369,0.5026047473293739,1961.1785714285713,35.0,7.0,8.0,2056.0,42.0
85,15000.0,1.7,577.504326923077,0.49964526787343155,1961.1785714285713,36.0,6.0,8.0,2080.0,42.0
85,15200.0,1.68,579.2639545884579,0.49326008959519996,1961.1785714285713,36.0,6.0,8.0,2114.0,42.0
85,15400.0,1.66,578.3299208934388,0.49066547746944233,1961.1785714285713,35.0,8.0,7.0,2149.0,42.0
85,15600.0,1.68,576.9548372306282,0.49232765086250585,1961.1785714285713,35.0,8.0,7.0,2181.0,42.0
85,15800.0,1.7,576.7793384685093,0.4925708957492956,1961.1785714285713,34.0,9.0,7.0,2207.0,42.0
85,16000.0,1.68,576.1575067024129,0.49609794660774736,2285.2906976744184,35.0,8.0,7.0,2238.0,43.0
86,0.0,0.0,nan,0.015202805424360975,nan,0.0,0.0,50.0,0.0,0.0
86,200.0,0.96,48.0,0.0681896499300671,nan,0.0,24.0,26.0,2.0,0.0
86,400.0,1.64,82.5,0.15002128392759412,367.0,4.0,26.0,20.0,6.0,4.0
86,600.0,1.68,192.23076923076923,0.22273123467050454,465.15,10.0,21.0,19.0,13.0,10.0
86,800.0,1.64,344.54545454545456,0.2817181197170251,581.1590909090909,22.0,9.0,19.0,22.0,22.0
86,1000.0,1.7,500.96666666666664,0.32402245961121356,643.9629629629629,27.0,4.0,19.0,45.0,27.0
86,1200.0,1.7,526.0714285714286,0.3619686619504186,677.5862068965517,29.0,3.0,18.0,63.0,29.0
86,1400.0,1.7,547.3544303797469,0.3922931911702106,677.5862068965517,27.0,6.0,17.0,79.0,29.0
86,1600.0,1.7,656.6481481481482,0.4138406340583382,677.5862068965517,28.0,5.0,17.0,108.0,29.0
86,1800.0,1.62,701.5734265734266,0.4234285366793019,771.265625,31.0,2.0,17.0,143.0,32.0
86,2000.0,1.7,707.8892215568862,0.43938134717126465,771.265625,31.0,2.0,17.0,167.0,32.0
86,2200.0,1.64,684.8350253807107,0.4437192143190157,811.2424242424242,32.0,1.0,17.0,197.0,33.0
86,2400.0,1.72,665.2522522522522,0.44740842843532724,811.2424242424242,32.0,1.0,17.0,222.0,33.0
86,2600.0,1.66,653.7898832684825,0.45079358644315165,811.2424242424242,33.0,1.0,16.0,257.0,33.0
86,2800.0,1.7,650.5410714285714,0.45113818336610384,811.2424242424242,33.0,1.0,16.0,280.0,33.0
86,3000.0,1.68,649.5522875816994,0.4481381630956966,811.2424242424242,31.0,3.0,16.0,306.0,33.0
86,3200.0,1.72,652.1471471471472,0.44479354590233716,811.2424242424242,31.0,3.0,16.0,333.0,33.0
86,3400.0,1.72,647.4054794520548,0.44483408671680214,886.9705882352941,33.0,1.0,16.0,365.0,34.0
86,3600.0,1.7,651.6146907216495,0.45152332110352095,886.9705882352941,33.0,2.0,15.0,388.0,34.0
86,3800.0,1.68,644.6847826086956,0.4595909431820485,886.9705882352941,34.0,1.0,15.0,414.0,34.0
86,4000.0,1.72,638.0820224719101,0.45758417286603287,886.9705882352941,34.0,1.0,15.0,445.0,34.0
86,4200.0,1.66,636.0543933054394,0.4590841830012365,886.9705882352941,33.0,2.0,15.0,478.0,34.0
86,4400.0,1.7,636.7108910891089,0.4584558003770296,983.7142857142857,33.0,2.0,15.0,505.0,35.0
86,4600.0,1.72,636.7532956685499,0.46291528996817544,983.7142857142857,33.0,3.0,14.0,531.0,35.0
86,4800.0,1.72,626.4582593250444,0.4614760910546693,983.7142857142857,33.0,3.0,14.0,563.0,35.0
86,5000.0,1.72,626.9338358458962,0.46281393793201303,983.7142857142857,32.0,5.0,13.0,597.0,35.0
86,5200.0,1.7,626.7732371794872,0.46293556037540795,983.7142857142857,33.0,4.0,13.0,624.0,35.0
86,5400.0,1.66,618.671493902439,0.45523280562706503,983.7142857142857,34.0,3.0,13.0,656.0,35.0
86,5600.0,1.72,616.1435860058309,0.45630713721038657,1111.611111111111,35.0,2.0,13.0,686.0,36.0
86,5800.0,1.68,615.751404494382,0.4566720045405712,1111.611111111111,35.0,3.0,12.0,712.0,36.0
86,6000.0,1.7,616.8284379172229,0.4582936371191697,1111.611111111111,35.0,3.0,12.0,749.0,36.0
86,6200.0,1.72,608.6675159235668,0.4622666369367361,1111.611111111111,35.0,3.0,12.0,785.0,36.0
86,6400.0,1.7,602.9311814859927,0.46956398354042933,1251.0945945945946,35.0,3.0,12.0,821.0,37.0
86,6600.0,1.7,597.9811985898942,0.47507753430766425,1251.0945945945946,36.0,2.0,12.0,851.0,37.0
86,6800.0,1.7,596.8140589569161,0.47671943729349525,1251.0945945945946,36.0,2.0,12.0,882.0,37.0
86,7000.0,1.72,594.083885209713,0.48091541159061885,1251.0945945945946,35.0,4.0,11.0,906.0,37.0
86,7200.0,1.7,594.0563909774436,0.4806924371110616,1251.0945945945946,35.0,4.0,11.0,931.0,37.0
86,7400.0,1.72,593.2241918665276,0.47388158028094785,1251.0945945945946,35.0,4.0,11.0,959.0,37.0
86,7600.0,1.66,593.5020140986908,0.4721788660734194,1251.0945945945946,33.0,7.0,10.0,993.0,37.0
86,7800.0,1.72,594.8995145631068,0.4713883201913526,1251.0945945945946,32.0,9.0,9.0,1030.0,37.0
86,8000.0,1.72,591.4891406987724,0.4786856667950459,1428.6973684210527,34.0,7.0,9.0,1059.0,38.0
86,8200.0,1.72,589.353021978022,0.48815194697261466,1761.7875,34.0,7.0,9.0,1092.0,40.0
86,8400.0,1.66,588.1885536823426,0.493219548780735,1761.7875,37.0,4.0,9.0,1127.0,40.0
86,8600.0,1.72,586.405979202773,0.5030912371029534,1925.0731707317073,38.0,4.0,8.0,1154.0,41.0
86,8800.0,1.66,585.2050084889644,0.5119494050635477,1925.0731707317073,38.0,4.0,8.0,1178.0,41.0
86,9000.0,1.72,589.7308970099667,0.5129021142034743,2093.285714285714,37.0,5.0,8.0,1204.0,42.0
86,9200.0,1.68,588.0906882591094,0.5130642774613342,2093.285714285714,39.0,4.0,7.0,1235.0,42.0
86,9400.0,1.7,585.6895193065405,0.512172379543105,2093.285714285714,37.0,6.0,7.0,1269.0,42.0
86,9600.0,1.72,585.7103846153847,0.5162872722112988,2093.285714285714,37.0,6.0,7.0,1300.0,42.0
86,9800.0,1.7,585.8051608077786,0.5248616544706383,2272.3837209302324,39.0,4.0,7.0,1337.0,43.0
86,10000.0,1.7,582.6555880204529,0.5249224656923358,2272.3837209302324,39.0,4.0,7.0,1369.0,43.0
86,10200.0,1.68,582.605,0.5306387205318955,2272.3837209302324,41.0,2.0,7.0,1400.0,43.0
86,10400.0,1.68,581.8338008415147,0.52299677700525,2272.3837209302324,40.0,3.0,7.0,1426.0,43.0
86,10600.0,1.7,582.2880771881461,0.5177670119392699,2272.3837209302324,38.0,5.0,7.0,1451.0,43.0
86,10800.0,1.72,582.5403389830509,0.5109358847019236,2272.3837209302324,38.0,5.0,7.0,1475.0,43.0
86,11000.0,1.72,582.863304578633,0.5038412421705553,2272.3837209302324,36.0,7.0,7.0,1507.0,43.0
86,11200.0,1.7,581.4723846653671,0.4949830742099609,2272.3837209302324,36.0,7.0,7.0,1539.0,43.0
86,11400.0,1.7,580.1848792884371,0.49003709484523544,2272.3837209302324,37.0,6.0,7.0,1574.0,43.0
86,11600.0,1.7,578.5640945861854,0.4937465793687795,2272.3837209302324,37.0,6.0,7.0,1607.0,43.0
86,11800.0,1.72,579.8101458080195,0.4980033648876006,2272.3837209302324,36.0,7.0,7.0,1646.0,43.0
86,12000.0,1.72,577.0331739390317,0.5101656092270894,2272.3837209302324,38.0,5.0,7.0,1673.0,43.0
86,12200.0,1.7,575.1942003514938,0.5137534713072386,2272.3837209302324,37.0,6.0,7.0,1707.0,43.0
86,12400.0,1.72,576.6247833622184,0.5150507773701174,2272.3837209302324,37.0,6.0,7.0,1731.0,43.0
86,12600.0,1.7,575.7081203861443,0.5070845073277522,2272.3837209302324,36.0,7.0,7.0,1761.0,43.0
86,12800.0,1.72,575.8342665173573,0.5028074514016987,2272.3837209302324,38.0,5.0,7.0,1786.0,43.0
86,13000.0,1.66,575.3193300384404,0.4989966148419922,2272.3837209302324,38.0,5.0,7.0,1821.0,43.0
86,13200.0,1.7,575.9371628910463,0.5005371657916607,2272.3837209302324,38.0,5.0,7.0,1854.0,43.0
86,13400.0,1.72,575.8549497088406,0.505179089047899,2272.3837209302324,38.0,5.0,7.0,1889.0,43.0
86,13600.0,1.7,572.4779564315353,0.5063547726673829,2272.3837209302324,38.0,5.0,7.0,1928.0,43.0
86,13800.0,1.72,571.5112474437627,0.5045101656092271,2272.3837209302324,38.0,5.0,7.0,1956.0,43.0
86,14000.0,1.72,571.3289011540392,0.5002736504976385,2272.3837209302324,38.0,5.0,7.0,1993.0,43.0
86,14200.0,1.68,570.5797924901186,0.49761822715018345,2272.3837209302324,37.0,6.0,7.0,2024.0,43.0
86,14400.0,1.7,568.8187318489836,0.49648308434516447,2272.3837209302324,37.0,6.0,7.0,2066.0,43.0
86,14600.0,1.68,564.8325438180957,0.4993209413577119,2272.3837209302324,38.0,5.0,7.0,2111.0,43.0
86,14800.0,1.68,563.4654043945769,0.49891553321306226,2272.3837209302324,36.0,7.0,7.0,2139.0,43.0
86,15000.0,1.72,562.6508998615598,0.4983074209960878,2272.3837209302324,35.0,8.0,7.0,2167.0,43.0
86,15200.0,1.68,563.4036446469248,0.49619929864390977,2272.3837209302324,36.0,7.0,7.0,2195.0,43.0
86,15400.0,1.72,562.5793721973095,0.5011047371941703,2272.3837209302324,35.0,10.0,5.0,2230.0,43.0
86,15600.0,1.68,561.5403973509934,0.5043277319441347,2272.3837209302324,35.0,10.0,5.0,2265.0,43.0
86,15800.0,1.72,561.5976886175316,0.5058885533010358,2272.3837209302324,36.0,9.0,5.0,2293.0,43.0
86,16000.0,1.7,561.602287440656,0.49964526787343155,2875.6222222222223,36.0,9.0,5.0,2317.0,45.0
87,0.0,0.0,nan,0.015202805424360975,nan,0.0,0.0,50.0,0.0,0.0
87,200.0,0.82,44.75,0.06291934404962196,nan,0.0,23.0,27.0,4.0,0.0
87,400.0,1.48,111.9090909090909,0.13341982040419192,395.5,1.0,26.0,23.0,11.0,1.0
87,600.0,1.72,154.77777777777777,0.2082378934992804,534.8076923076923,13.0,17.0,20.0,18.0,13.0
87,800.0,1.7,324.741935483871,0.2696977682281637,593.1136363636364,22.0,8.0,20.0,31.0,22.0
87,1000.0,1.7,415.3695652173913,0.3136845519226481,627.2,25.0,5.0,20.0,46.0,25.0
87,1200.0,1.72,494.008064516129,0.359880810005473,658.8703703703703,27.0,5.0,18.0,62.0,27.0
87,1400.0,1.72,581.3131868131868,0.39821215008209515,658.8703703703703,27.0,6.0,17.0,91.0,27.0
87,1600.0,1.68,649.4285714285714,0.42170555206454097,718.4137931034483,29.0,4.0,17.0,119.0,29.0
87,1800.0,1.72,668.7867647058823,0.4433746173960635,749.25,30.0,4.0,16.0,136.0,30.0
87,2000.0,1.74,675.4874213836478,0.4540976628220461,820.765625,31.0,3.0,16.0,159.0,32.0
87,2200.0,1.7,679.958549222798,0.4615571726835992,820.765625,31.0,3.0,16.0,193.0,32.0
87,2400.0,1.72,668.5044843049327,0.4664828816410922,820.765625,31.0,3.0,16.0,223.0,32.0
87,2600.0,1.68,657.1310483870968,0.46824640707031806,870.2878787878788,32.0,2.0,16.0,248.0,33.0
87,2800.0,1.72,653.6744604316547,0.4621044736788762,923.5441176470588,33.0,1.0,16.0,278.0,34.0
87,3000.0,1.7,654.9545454545455,0.4617193359414591,923.5441176470588,33.0,1.0,16.0,308.0,34.0
87,3200.0,1.68,658.21875,0.4645977337684714,923.5441176470588,32.0,2.0,16.0,336.0,34.0
87,3400.0,1.72,655.6578947368421,0.46739504996655384,923.5441176470588,32.0,2.0,16.0,361.0,34.0
87,3600.0,1.72,646.3503836317135,0.47181399874323476,923.5441176470588,31.0,5.0,14.0,391.0,34.0
87,3800.0,1.7,644.621103117506,0.4706788559382158,923.5441176470588,31.0,6.0,13.0,417.0,34.0
87,4000.0,1.74,638.0044943820225,0.4757464577463361,1009.1571428571428,34.0,3.0,13.0,445.0,35.0
87,4200.0,1.72,632.5648936170213,0.4821924472462652,1009.1571428571428,34.0,3.0,13.0,470.0,35.0
87,4400.0,1.7,638.3290513833992,0.4882735694160096,1009.1571428571428,35.0,2.0,13.0,506.0,35.0
87,4600.0,1.68,632.1353383458646,0.4966857884174893,1009.1571428571428,35.0,2.0,13.0,532.0,35.0
87,4800.0,1.72,639.2548845470693,0.5007398698639856,1108.986111111111,35.0,2.0,13.0,563.0,36.0
87,5000.0,1.72,630.5067681895093,0.500293920904871,1210.3648648648648,37.0,0.0,13.0,591.0,37.0
87,5200.0,1.74,625.7698541329012,0.4925911661565281,1210.3648648648648,37.0,0.0,13.0,617.0,37.0
87,5400.0,1.74,628.968509984639,0.48786816127135996,1210.3648648648648,35.0,2.0,13.0,651.0,37.0
87,5600.0,1.7,626.396449704142,0.48434111041290817,1210.3648648648648,35.0,2.0,13.0,676.0,37.0
87,5800.0,1.74,626.8660458452722,0.48776680923519755,1210.3648648648648,35.0,3.0,12.0,698.0,37.0
87,6000.0,1.74,623.325644504749,0.493726308961547,1210.3648648648648,34.0,4.0,12.0,737.0,37.0
87,6200.0,1.72,619.1061598951508,0.4934830640747573,1210.3648648648648,33.0,5.0,12.0,763.0,37.0
87,6400.0,1.74,622.1439393939394,0.48859789593172925,1342.3815789473683,35.0,4.0,11.0,792.0,38.0
87,6600.0,1.74,619.0515151515151,0.4860438246204366,1342.3815789473683,35.0,4.0,11.0,825.0,38.0
87,6800.0,1.72,617.24089306698,0.49240873249143574,1342.3815789473683,35.0,4.0,11.0,851.0,38.0
87,7000.0,1.72,618.4937428896474,0.49662497719579185,1486.0641025641025,36.0,3.0,11.0,879.0,39.0
87,7200.0,1.74,619.5732519422863,0.49287495185778285,1486.0641025641025,34.0,5.0,11.0,901.0,39.0
87,7400.0,1.72,620.7933618843683,0.4903006101392577,1486.0641025641025,35.0,4.0,11.0,934.0,39.0
87,7600.0,1.7,617.7244791666667,0.4912735896864168,1486.0641025641025,38.0,1.0,11.0,960.0,39.0
87,7800.0,1.74,620.3627648839556,0.4895708754788884,1486.0641025641025,36.0,4.0,10.0,991.0,39.0
87,8000.0,1.72,617.8993190661479,0.49123304887195185,1486.0641025641025,35.0,5.0,10.0,1028.0,39.0
87,8200.0,1.72,615.8578199052133,0.4983479618105528,1486.0641025641025,35.0,5.0,10.0,1055.0,39.0
87,8400.0,1.7,616.4460829493088,0.49889526280582974,1486.0641025641025,37.0,3.0,10.0,1085.0,39.0
87,8600.0,1.72,614.61369740376,0.4923884620842033,1486.0641025641025,36.0,4.0,10.0,1117.0,39.0
87,8800.0,1.7,612.423951048951,0.4890843857053088,1486.0641025641025,35.0,6.0,9.0,1144.0,39.0
87,9000.0,1.72,609.1896697713802,0.4856992276974844,1486.0641025641025,36.0,5.0,9.0,1181.0,39.0
87,9200.0,1.72,608.6834024896266,0.4920033243467861,1486.0641025641025,35.0,5.0,10.0,1205.0,39.0
87,9400.0,1.74,608.9697580645161,0.4930371151156427,1681.175,36.0,4.0,10.0,1240.0,40.0
87,9600.0,1.66,606.4732283464567,0.49901688524922466,1681.175,35.0,5.0,10.0,1270.0,40.0
87,9800.0,1.72,605.419168591224,0.4924492733059007,1681.175,35.0,5.0,10.0,1299.0,40.0
87,10000.0,1.68,605.0923134890731,0.4832465084223542,1681.175,35.0,5.0,10.0,1327.0,40.0
87,10200.0,1.72,600.6178832116789,0.4775302535827945,1681.175,34.0,7.0,9.0,1370.0,40.0
87,10400.0,1.74,598.8956552706553,0.481300549328036,1681.175,35.0,6.0,9.0,1404.0,40.0
87,10600.0,1.74,596.1981263011797,0.48517219710943993,1895.6341463414635,35.0,6.0,9.0,1441.0,41.0
87,10800.0,1.7,594.3990482664854,0.4926519773782255,1895.6341463414635,38.0,3.0,9.0,1471.0,41.0
87,11000.0,1.74,592.7044088176352,0.49619929864390977,1895.6341463414635,37.0,4.0,9.0,1497.0,41.0
87,11200.0,1.7,593.1299342105264,0.49603713538604993,1895.6341463414635,37.0,4.0,9.0,1520.0,41.0
87,11400.0,1.72,594.3134232498394,0.49542902316907544,1895.6341463414635,36.0,5.0,9.0,1557.0,41.0
87,11600.0,1.7,593.2488931056293,0.490523584618815,1895.6341463414635,37.0,4.0,9.0,1581.0,41.0
87,11800.0,1.72,592.6712074303406,0.49317900796627007,1895.6341463414635,36.0,6.0,8.0,1615.0,41.0
87,12000.0,1.74,592.867700729927,0.49599659457158496,1895.6341463414635,37.0,5.0,8.0,1644.0,41.0
87,12200.0,1.72,593.0005955926147,0.49934121176494434,1895.6341463414635,38.0,4.0,8.0,1679.0,41.0
87,12400.0,1.7,591.7376905041032,0.5019966351123994,2141.309523809524,37.0,5.0,8.0,1706.0,42.0
87,12600.0,1.72,589.4641010913268,0.49642227312346704,2141.309523809524,35.0,7.0,8.0,1741.0,42.0
87,12800.0,1.7,588.8785231116121,0.4932398191879675,2141.309523809524,35.0,7.0,8.0,1774.0,42.0
87,13000.0,1.74,589.5673719376392,0.489976283623538,2141.309523809524,35.0,8.0,7.0,1796.0,42.0
87,13200.0,1.74,587.9262609649123,0.4858613909553443,2141.309523809524,36.0,7.0,7.0,1824.0,42.0
87,13400.0,1.7,588.1634460547504,0.48839519185940444,2399.5116279069766,38.0,5.0,7.0,1863.0,43.0
87,13600.0,1.7,586.3781578947369,0.49161818660936896,2399.5116279069766,37.0,7.0,6.0,1900.0,43.0
87,13800.0,1.72,585.492264053636,0.4965844363813269,2399.5116279069766,36.0,8.0,6.0,1939.0,43.0
87,14000.0,1.7,584.045731707317,0.49559118642693534,2399.5116279069766,36.0,8.0,6.0,1968.0,43.0
87,14200.0,1.72,582.4611334002007,0.49192224271785623,2667.0227272727275,38.0,6.0,6.0,1994.0,44.0
87,14400.0,1.7,582.7100344318741,0.4914560233515091,2667.0227272727275,34.0,10.0,6.0,2033.0,44.0
87,14600.0,1.7,582.0197876447877,0.49686822208258163,2667.0227272727275,38.0,6.0,6.0,2072.0,44.0
87,14800.0,1.72,579.1714082503556,0.5051993594551315,2667.0227272727275,39.0,5.0,6.0,2109.0,44.0
87,15000.0,1.74,578.2641819034224,0.5127399509456145,2667.0227272727275,39.0,5.0,6.0,2133.0,44.0
87,15200.0,1.74,577.915935334873,0.522530557638903,2667.0227272727275,39.0,5.0,6.0,2165.0,44.0
87,15400.0,1.72,575.5388636363637,0.5226319096750653,2667.0227272727275,39.0,5.0,6.0,2200.0,44.0
87,15600.0,1.62,574.5548098434004,0.5202805424360976,2667.0227272727275,38.0,6.0,6.0,2235.0,44.0
87,15800.0,1.72,574.3115622241836,0.5120304866924776,2667.0227272727275,37.0,7.0,6.0,2266.0,44.0
87,16000.0,1.72,574.5936142484796,0.5115845377333631,2667.0227272727275,38.0,6.0,6.0,2302.0,44.0
88,0.0,0.0,nan,0.015202805424360975,nan,0.0,0.0,50.0,0.0,0.0
88,200.0,0.82,31.0,0.06322340015810918,nan,0.0,24.0,26.0,4.0,0.0
88,400.0,1.56,87.70833333333333,0.13824417732552247,400.0,1.0,27.0,22.0,12.0,1.0
88,600.0,1.74,176.225,0.21427847485455984,503.0,7.0,26.0,17.0,20.0,7.0
88,800.0,1.74,275.0,0.28299515537267145,638.8181818181819,22.0,11.0,17.0,28.0,22.0
88,1000.0,1.76,351.8421052631579,0.3441712444003,701.7586206896551,29.0,5.0,16.0,38.0,29.0
88,1200.0,1.74,418.7916666666667,0.3955567267346401,743.3787878787879,33.0,1.0,16.0,48.0,33.0
88,1400.0,1.7,563.2867647058823,0.43032047513834554,759.0588235294117,34.0,0.0,16.0,68.0,34.0
88,1600.0,1.74,671.3118811881188,0.4545436117811607,759.0588235294117,34.0,0.0,16.0,101.0,34.0
88,1800.0,1.7,695.8819444444445,0.47051669268035595,759.0588235294117,34.0,1.0,15.0,144.0,34.0
88,2000.0,1.76,687.0236686390532,0.48083432996168896,759.0588235294117,34.0,1.0,15.0,169.0,34.0
88,2200.0,1.7,668.2024390243903,0.4842194879695133,759.0588235294117,34.0,1.0,15.0,205.0,34.0
88,2400.0,1.76,657.6834061135371,0.48389516145379363,759.0588235294117,33.0,3.0,14.0,229.0,34.0
88,2600.0,1.74,655.3901960784314,0.4810573044412462,759.0588235294117,32.0,4.0,14.0,255.0,34.0
88,2800.0,1.74,649.2092198581561,0.4766383556645653,813.5,33.0,3.0,14.0,282.0,35.0
88,3000.0,1.72,653.612012987013,0.4828816410921695,874.0138888888889,35.0,1.0,14.0,308.0,36.0
88,3200.0,1.76,661.1347305389221,0.4849694930371151,874.0138888888889,36.0,1.0,13.0,334.0,36.0
88,3400.0,1.74,653.9524456521739,0.48290191149940204,874.0138888888889,36.0,1.0,13.0,368.0,36.0
88,3600.0,1.74,649.3874680306906,0.48073297792552655,874.0138888888889,36.0,1.0,13.0,391.0,36.0
88,3800.0,1.7,641.606976744186,0.4783816106865587,948.8783783783783,35.0,2.0,13.0,430.0,37.0
88,4000.0,1.74,632.0270562770563,0.47919242697585795,948.8783783783783,35.0,2.0,13.0,462.0,37.0
88,4200.0,1.76,635.079107505071,0.48111811566294366,948.8783783783783,35.0,2.0,13.0,493.0,37.0
88,4400.0,1.72,622.0161596958175,0.47917215656862544,948.8783783783783,34.0,3.0,13.0,526.0,37.0
88,4600.0,1.74,622.2128440366972,0.4810775748484787,948.8783783783783,33.0,4.0,13.0,545.0,37.0
88,4800.0,1.74,621.3333333333334,0.48428029919121074,948.8783783783783,32.0,5.0,13.0,570.0,37.0
88,5000.0,1.7,624.5134003350083,0.47951675349157763,948.8783783783783,33.0,4.0,13.0,597.0,37.0
88,5200.0,1.72,627.3982511923689,0.47682078932965766,948.8783783783783,35.0,2.0,13.0,629.0,37.0
88,5400.0,1.72,630.9146341463414,0.47086128960330814,948.8783783783783,34.0,3.0,13.0,656.0,37.0
88,5600.0,1.76,625.8388969521045,0.47442888127622485,948.8783783783783,35.0,2.0,13.0,689.0,37.0
88,5800.0,1.76,625.1729691876751,0.47278697829039384,948.8783783783783,35.0,2.0,13.0,714.0,37.0
88,6000.0,1.76,624.2371273712737,0.47507753430766425,948.8783783783783,34.0,4.0,12.0,738.0,37.0
88,6200.0,1.74,626.2292207792208,0.48071270751829404,948.8783783783783,35.0,3.0,12.0,770.0,37.0
88,6400.0,1.74,622.964463840399,0.4826992074270772,948.8783783783783,34.0,4.0,12.0,802.0,37.0
88,6600.0,1.76,623.751210653753,0.4893276305920986,1094.2236842105262,34.0,4.0,12.0,826.0,38.0
88,6800.0,1.74,621.5471478463329,0.4961587578294448,1094.2236842105262,35.0,3.0,12.0,859.0,38.0
88,7000.0,1.72,622.246885617214,0.49182089068169377,1094.2236842105262,36.0,2.0,12.0,883.0,38.0
88,7200.0,1.76,621.6369112814896,0.48948979384995844,1094.2236842105262,38.0,1.0,11.0,913.0,38.0
88,7400.0,1.76,621.4345744680851,0.4919019723106237,1094.2236842105262,37.0,2.0,11.0,940.0,38.0
88,7600.0,1.74,622.0030864197531,0.490523584618815,1094.2236842105262,35.0,4.0,11.0,972.0,38.0
88,7800.0,1.76,618.515438247012,0.48851681430279936,1094.2236842105262,34.0,5.0,11.0,1004.0,38.0
88,8000.0,1.76,615.4926686217009,0.4855573348468571,1268.320512820513,34.0,5.0,11.0,1023.0,39.0
88,8200.0,1.72,618.5651140684411,0.48308434516449433,1268.320512820513,35.0,4.0,11.0,1052.0,39.0
88,8400.0,1.7,618.8700460829493,0.4812802789208035,1268.320512820513,34.0,5.0,11.0,1085.0,39.0
88,8600.0,1.74,622.109558160505,0.4826992074270772,1268.320512820513,36.0,3.0,11.0,1109.0,39.0
88,8800.0,1.74,618.9624454148471,0.4827194778343097,1268.320512820513,36.0,3.0,11.0,1145.0,39.0
88,9000.0,1.74,616.8808510638298,0.48438165122737314,1268.320512820513,35.0,4.0,11.0,1175.0,39.0
88,9200.0,1.74,616.1278973509934,0.48811140615814974,1268.320512820513,35.0,4.0,11.0,1208.0,39.0
88,9400.0,1.74,616.3452188006484,0.4936249569253846,1268.320512820513,37.0,3.0,10.0,1234.0,39.0
88,9600.0,1.74,616.1696921862667,0.4985912066973425,1268.320512820513,38.0,2.0,10.0,1267.0,39.0
88,9800.0,1.68,608.8835616438356,0.49340198244582734,1268.320512820513,38.0,2.0,10.0,1314.0,39.0
88,10000.0,1.74,607.5159732540861,0.49153710498043907,1485.3125,36.0,4.0,10.0,1346.0,40.0
88,10200.0,1.74,606.5482933914307,0.48790870208582493,1485.3125,36.0,4.0,10.0,1377.0,40.0
88,10400.0,1.74,602.7507112375533,0.4824965033547524,1485.3125,36.0,4.0,10.0,1406.0,40.0
88,10600.0,1.74,600.8376127689105,0.4915573753876715,1485.3125,36.0,5.0,9.0,1441.0,40.0
88,10800.0,1.76,602.6069246435845,0.4989763444347597,1485.3125,34.0,7.0,9.0,1473.0,40.0
88,11000.0,1.7,598.5513925729443,0.5014696045243549,1485.3125,33.0,8.0,9.0,1508.0,40.0
88,11200.0,1.74,598.0894599869877,0.49911823728538707,1722.1707317073171,34.0,7.0,9.0,1537.0,41.0
88,11400.0,1.72,594.5992342054882,0.5011858188231002,1722.1707317073171,36.0,5.0,9.0,1567.0,41.0
88,11600.0,1.76,592.5504987531172,0.4936857681470821,1722.1707317073171,36.0,5.0,9.0,1604.0,41.0
88,11800.0,1.76,591.0698101653398,0.4935236048892222,1722.1707317073171,37.0,4.0,9.0,1633.0,41.0
88,12000.0,1.74,591.7771120431396,0.4891857377414712,1722.1707317073171,35.0,6.0,9.0,1669.0,41.0
88,12200.0,1.76,592.18952324897,0.48869924796789166,1722.1707317073171,36.0,6.0,8.0,1699.0,41.0
88,12400.0,1.74,589.9936268829664,0.48373299819593374,1722.1707317073171,33.0,9.0,8.0,1726.0,41.0
88,12600.0,1.74,590.1201484018264,0.4820302839884053,1722.1707317073171,33.0,10.0,7.0,1752.0,41.0
88,12800.0,1.72,589.9949636261891,0.4817464982871506,1722.1707317073171,31.0,12.0,7.0,1787.0,41.0
88,13000.0,1.74,589.5162534435261,0.49216548760464596,1990.5357142857142,34.0,10.0,6.0,1815.0,42.0
88,13200.0,1.76,588.0617886178861,0.5018547422617721,2247.9418604651164,33.0,11.0,6.0,1845.0,43.0
88,13400.0,1.7,588.8542887586574,0.5001520280542436,2247.9418604651164,30.0,14.0,6.0,1877.0,43.0
88,13600.0,1.74,590.1094736842106,0.5034763748403706,2247.9418604651164,30.0,14.0,6.0,1900.0,43.0
88,13800.0,1.72,592.2823040996367,0.5089493847931404,2509.715909090909,34.0,10.0,6.0,1927.0,44.0
88,14000.0,1.72,591.0501782985227,0.5101656092270894,2509.715909090909,35.0,9.0,6.0,1963.0,44.0
88,14200.0,1.74,590.3048597194389,0.5124358948371273,2509.715909090909,32.0,12.0,6.0,1996.0,44.0
88,14400.0,1.76,589.7009852216748,0.5145034763748404,2509.715909090909,33.0,11.0,6.0,2030.0,44.0
88,14600.0,1.76,586.2551957467375,0.5198954046986803,2509.715909090909,33.0,11.0,6.0,2069.0,44.0
88,14800.0,1.72,586.1069047619047,0.5167332211704133,2509.715909090909,36.0,8.0,6.0,2100.0,44.0
88,15000.0,1.76,583.2980364656381,0.5125980580949872,2509.715909090909,37.0,7.0,6.0,2139.0,44.0
88,15200.0,1.76,582.3078341013825,0.518192690491152,2509.715909090909,39.0,5.0,6.0,2170.0,44.0
88,15400.0,1.74,581.8500909918107,0.5163886242474611,2509.715909090909,36.0,8.0,6.0,2198.0,44.0
88,15600.0,1.76,580.9749103942652,0.5147872620760952,2509.715909090909,36.0,8.0,6.0,2232.0,44.0
88,15800.0,1.74,581.3501326259947,0.5104088541138792,2509.715909090909,35.0,9.0,6.0,2262.0,44.0
88,16000.0,1.7,580.0975556525535,0.5110575071453185,2509.715909090909,36.0,8.0,6.0,2291.0,44.0
89,0.0,0.0,nan,0.015202805424360975,nan,0.0,0.0,50.0,0.0,0.0
89,200.0,1.0,14.4,0.06689234386718829,nan,0.0,27.0,23.0,5.0,0.0
89,400.0,1.74,126.4090909090909,0.16133217116331866,374.0,2.0,35.0,13.0,11.0,2.0
89,600.0,1.78,151.97058823529412,0.24504895303346644,483.8181818181818,11.0,27.0,12.0,17.0,11.0
89,800.0,1.78,211.15,0.31852917925121116,616.16,25.0,14.0,11.0,20.0,25.0
89,1000.0,1.78,409.5625,0.37674578882289744,663.8666666666667,29.0,10.0,11.0,32.0,30.0
89,1200.0,1.74,560.1666666666666,0.41858390935073886,702.5757575757576,32.0,7.0,11.0,54.0,33.0
89,1400.0,1.74,630.0428571428571,0.4538949587497213,736.6428571428571,34.0,5.0,11.0,70.0,35.0
89,1600.0,1.78,765.9117647058823,0.47947621267711266,759.4583333333334,35.0,4.0,11.0,102.0,36.0
89,1800.0,1.74,791.1578947368421,0.4923884620842033,759.4583333333334,36.0,5.0,9.0,133.0,36.0
89,2000.0,1.76,784.2564935064935,0.49891553321306226,818.9078947368421,38.0,3.0,9.0,154.0,38.0
89,2200.0,1.74,739.3198924731183,0.5004560841627308,818.9078947368421,37.0,4.0,9.0,186.0,38.0
89,2400.0,1.74,713.7224770642201,0.5022196095919567,818.9078947368421,37.0,3.0,10.0,218.0,38.0
89,2600.0,1.74,705.1887550200803,0.5109358847019236,861.8461538461538,39.0,1.0,10.0,249.0,39.0
89,2800.0,1.74,705.0436363636363,0.5209697362820019,861.8461538461538,39.0,2.0,9.0,275.0,39.0
89,3000.0,1.74,691.462783171521,0.5258751748322624,861.8461538461538,39.0,2.0,9.0,309.0,39.0
89,3200.0,1.74,675.4114114114114,0.5281860012567653,861.8461538461538,38.0,3.0,9.0,333.0,39.0
89,3400.0,1.76,670.1807065217391,0.5248008432489408,922.7875,39.0,2.0,9.0,368.0,40.0
89,3600.0,1.76,661.195707070707,0.5188210731153589,922.7875,39.0,2.0,9.0,396.0,40.0
89,3800.0,1.76,656.4487179487179,0.5162872722112988,992.2682926829268,38.0,3.0,9.0,429.0,41.0
89,4000.0,1.76,649.9550438596491,0.5167534915776458,992.2682926829268,39.0,2.0,9.0,456.0,41.0
89,4200.0,1.76,644.4742268041238,0.516550787505321,992.2682926829268,39.0,2.0,9.0,485.0,41.0
89,4400.0,1.72,643.6007751937984,0.5212332515760242,992.2682926829268,38.0,3.0,9.0,516.0,41.0
89,4600.0,1.76,644.5676416819013,0.5177670119392699,992.2682926829268,39.0,3.0,8.0,547.0,41.0
89,4800.0,1.78,636.1020761245675,0.5217805525713012,992.2682926829268,39.0,3.0,8.0,578.0,41.0
89,5000.0,1.76,637.5331125827814,0.5319562970020068,992.2682926829268,40.0,3.0,7.0,604.0,41.0
89,5200.0,1.78,639.533386327504,0.5395779701214197,1090.0714285714287,39.0,4.0,7.0,629.0,42.0
89,5400.0,1.72,633.9885844748859,0.533902256096325,1090.0714285714287,39.0,4.0,7.0,657.0,42.0
89,5600.0,1.78,635.5072780203784,0.5384022865019358,1194.6279069767443,41.0,2.0,7.0,687.0,43.0
89,5800.0,1.76,636.9152661064426,0.5438144852330083,1194.6279069767443,40.0,3.0,7.0,714.0,43.0
89,6000.0,1.78,637.4302788844622,0.5384428273164008,1194.6279069767443,40.0,3.0,7.0,753.0,43.0
89,6200.0,1.74,634.7371794871794,0.5303143940161757,1194.6279069767443,40.0,3.0,7.0,780.0,43.0
89,6400.0,1.72,630.4196319018405,0.5253278738369854,1194.6279069767443,38.0,5.0,7.0,815.0,43.0
89,6600.0,1.76,623.6052941176471,0.5230575882269475,1194.6279069767443,38.0,5.0,7.0,850.0,43.0
89,6800.0,1.76,618.2265005662514,0.5190440475949162,1194.6279069767443,37.0,7.0,6.0,883.0,43.0
89,7000.0,1.72,614.5766304347826,0.5123750836154298,1194.6279069767443,36.0,8.0,6.0,920.0,43.0
89,7200.0,1.74,613.5026288117771,0.5096588490462773,1194.6279069767443,37.0,7.0,6.0,951.0,43.0
89,7400.0,1.76,609.0354609929078,0.5189629659659862,1334.375,40.0,4.0,6.0,987.0,44.0
89,7600.0,1.72,604.7865497076024,0.5258954452394948,1334.375,41.0,3.0,6.0,1026.0,44.0
89,7800.0,1.78,603.245971563981,0.5295035777268765,1334.375,40.0,4.0,6.0,1055.0,44.0
89,8000.0,1.74,599.2102376599635,0.5233819147426672,1334.375,39.0,5.0,6.0,1094.0,44.0
89,8200.0,1.78,598.77842435094,0.5228346137473902,1334.375,37.0,7.0,6.0,1117.0,44.0
89,8400.0,1.76,597.0932055749129,0.5185980986358016,1334.375,39.0,5.0,6.0,1148.0,44.0
89,8600.0,1.78,592.929416737109,0.5163886242474611,1334.375,40.0,4.0,6.0,1183.0,44.0
89,8800.0,1.76,590.2534750613246,0.5172805221656903,1334.375,41.0,3.0,6.0,1223.0,44.0
89,9000.0,1.78,591.1192368839428,0.5178480935681998,1334.375,39.0,5.0,6.0,1258.0,44.0
89,9200.0,1.78,586.3284727551803,0.5099223643402996,1334.375,39.0,5.0,6.0,1303.0,44.0
89,9400.0,1.76,582.1546546546547,0.4994020229866418,1334.375,38.0,6.0,6.0,1332.0,44.0
89,9600.0,1.76,581.9479090242113,0.49559118642693534,1334.375,36.0,8.0,6.0,1363.0,44.0
89,9800.0,1.72,578.5202558635394,0.4984493138467152,1334.375,37.0,7.0,6.0,1407.0,44.0
89,10000.0,1.76,577.4317548746518,0.505098007418969,1334.375,40.0,4.0,6.0,1436.0,44.0
89,10200.0,1.72,575.7775885558583,0.5122940019864999,1334.375,39.0,6.0,5.0,1468.0,44.0
89,10400.0,1.78,572.7556440903054,0.5059696349299657,1334.375,38.0,7.0,5.0,1506.0,44.0
89,10600.0,1.76,570.7949967511371,0.5020371759268644,1334.375,36.0,9.0,5.0,1539.0,44.0
89,10800.0,1.78,569.5822222222222,0.49840877303225023,1334.375,35.0,10.0,5.0,1575.0,44.0
89,11000.0,1.78,569.0210656753408,0.4983479618105528,1547.5555555555557,36.0,9.0,5.0,1614.0,45.0
89,11200.0,1.76,570.7698170731708,0.5042466503152049,1547.5555555555557,38.0,7.0,5.0,1640.0,45.0
89,11400.0,1.78,569.1590499098015,0.5020574463340969,1547.5555555555557,35.0,10.0,5.0,1663.0,45.0
89,11600.0,1.76,569.3427895981088,0.4996249974661991,1547.5555555555557,33.0,12.0,5.0,1692.0,45.0
89,11800.0,1.76,571.4849275362319,0.5012263596375651,1547.5555555555557,35.0,10.0,5.0,1725.0,45.0
89,12000.0,1.76,570.072159090909,0.501935823890702,1547.5555555555557,36.0,9.0,5.0,1760.0,45.0
89,12200.0,1.76,569.4487179487179,0.49970607909512904,1547.5555555555557,36.0,9.0,5.0,1794.0,45.0
89,12400.0,1.76,567.664667393675,0.5021385279630268,1547.5555555555557,39.0,7.0,4.0,1834.0,45.0
89,12600.0,1.74,568.7133261687264,0.4980844465165305,1547.5555555555557,38.0,8.0,4.0,1861.0,45.0
89,12800.0,1.76,568.6376122556788,0.4984493138467152,1791.7826086956522,39.0,7.0,4.0,1893.0,46.0
89,13000.0,1.78,567.6318252730109,0.4979425536659031,1791.7826086956522,39.0,7.0,4.0,1923.0,46.0
89,13200.0,1.76,566.7883828045036,0.4999695943891513,1791.7826086956522,39.0,8.0,3.0,1954.0,46.0
89,13400.0,1.76,565.9026593075765,0.5021182575557943,1791.7826086956522,38.0,9.0,3.0,1993.0,46.0
89,13600.0,1.78,567.1175012394646,0.5123345428009649,2042.712765957447,40.0,7.0,3.0,2017.0,47.0
89,13800.0,1.76,565.561403508772,0.5163075426185312,2042.712765957447,38.0,9.0,3.0,2052.0,47.0
89,14000.0,1.78,564.2164429530201,0.5233008331137372,2042.712765957447,37.0,11.0,2.0,2086.0,47.0
89,14200.0,1.74,564.1513002364067,0.5257535523888675,2042.712765957447,34.0,14.0,2.0,2115.0,47.0
89,14400.0,1.74,563.7067441860465,0.5254494962803803,2042.712765957447,36.0,12.0,2.0,2150.0,47.0
89,14600.0,1.72,563.9603392939018,0.5239900269596416,2042.712765957447,36.0,12.0,2.0,2181.0,47.0
89,14800.0,1.74,563.074415467626,0.5195508077757283,2042.712765957447,37.0,11.0,2.0,2224.0,47.0
89,15000.0,1.78,562.3798758865248,0.5167534915776458,2311.2604166666665,38.0,10.0,2.0,2256.0,48.0
89,15200.0,1.74,561.5010931351115,0.5213143332049541,2311.2604166666665,40.0,8.0,2.0,2287.0,48.0
89,15400.0,1.78,561.4000859475719,0.5232197514848074,2311.2604166666665,40.0,8.0,2.0,2327.0,48.0
89,15600.0,1.7,559.991754756871,0.5300508787221535,2311.2604166666665,39.0,9.0,2.0,2365.0,48.0
89,15800.0,1.78,558.785744060025,0.5327873836985385,2311.2604166666665,37.0,11.0,2.0,2399.0,48.0
89,16000.0,1.78,557.7345169281585,0.5302738532017108,2311.2604166666665,35.0,13.0,2.0,2422.0,48.0
90,0.0,0.0,nan,0.015202805424360975,nan,0.0,0.0,50.0,0.0,0.0
90,200.0,0.94,41.333333333333336,0.06604098676342408,nan,0.0,24.0,26.0,3.0,0.0
90,400.0,1.62,95.63636363636364,0.15095372266028825,349.6666666666667,3.0,30.0,17.0,11.0,3.0
90,600.0,1.76,196.025,0.23215697403360833,468.75,8.0,25.0,17.0,20.0,8.0
90,800.0,1.8,254.8,0.3022317718362962,603.9545454545455,22.0,12.0,16.0,25.0,22.0
90,1000.0,1.8,411.52777777777777,0.35874566720045403,658.0892857142857,28.0,6.0,16.0,36.0,28.0
90,1200.0,1.78,524.1354166666666,0.41114466989641824,726.8939393939394,33.0,1.0,16.0,48.0,33.0
90,1400.0,1.78,637.2428571428571,0.4503679078912695,741.3529411764706,34.0,0.0,16.0,70.0,34.0
90,1600.0,1.78,716.3636363636364,0.47017209575740376,741.3529411764706,34.0,0.0,16.0,110.0,34.0
90,1800.0,1.76,738.156462585034,0.4885776255244968,741.3529411764706,34.0,0.0,16.0,147.0,34.0
90,2000.0,1.78,732.6371951219512,0.49133440090811425,741.3529411764706,34.0,0.0,16.0,164.0,34.0
90,2200.0,1.8,712.080310880829,0.4856181460685545,741.3529411764706,33.0,1.0,16.0,193.0,34.0
90,2400.0,1.78,696.9502262443439,0.4785032331299536,741.3529411764706,34.0,0.0,16.0,221.0,34.0
90,2600.0,1.76,699.1210317460317,0.47675997810796017,741.3529411764706,34.0,0.0,16.0,252.0,34.0
90,2800.0,1.78,689.4086021505376,0.4740032027243427,741.3529411764706,34.0,0.0,16.0,279.0,34.0
90,3000.0,1.8,681.3177570093458,0.4746113149413172,741.3529411764706,34.0,0.0,16.0,321.0,34.0
90,3200.0,1.76,666.6894586894587,0.47576672815356863,741.3529411764706,34.0,0.0,16.0,351.0,34.0
90,3400.0,1.74,660.825,0.4767802485151927,741.3529411764706,34.0,1.0,15.0,380.0,34.0
90,3600.0,1.78,652.0772946859903,0.47463158534854966,741.3529411764706,34.0,2.0,14.0,414.0,34.0
90,3800.0,1.74,642.8415730337078,0.4727667078831614,741.3529411764706,33.0,3.0,14.0,445.0,34.0
90,4000.0,1.76,636.3142250530785,0.4703545294224961,741.3529411764706,32.0,4.0,14.0,471.0,34.0
90,4200.0,1.78,633.6365461847389,0.46595585105304765,837.4571428571429,32.0,4.0,14.0,498.0,35.0
90,4400.0,1.76,632.8406072106262,0.4671720754869965,837.4571428571429,34.0,2.0,14.0,527.0,35.0
90,4600.0,1.78,634.3441441441441,0.4678612693329009,837.4571428571429,34.0,3.0,13.0,555.0,35.0
90,4800.0,1.78,632.46875,0.476962682180285,837.4571428571429,34.0,3.0,13.0,576.0,35.0
90,5000.0,1.78,635.8468543046357,0.48038838100257436,837.4571428571429,34.0,4.0,12.0,604.0,35.0
90,5200.0,1.78,633.1767912772585,0.4811991972918736,837.4571428571429,34.0,4.0,12.0,642.0,35.0
90,5400.0,1.78,631.7310549777118,0.4854154419962297,837.4571428571429,34.0,5.0,11.0,673.0,35.0
90,5600.0,1.78,626.5646306818181,0.49163845701660147,837.4571428571429,34.0,5.0,11.0,704.0,35.0
90,5800.0,1.78,625.067842605156,0.4965641659740944,974.4861111111111,36.0,3.0,11.0,737.0,36.0
90,6000.0,1.76,616.3639896373057,0.5016114973749822,1106.472972972973,35.0,4.0,11.0,772.0,37.0
90,6200.0,1.78,614.1049689440994,0.5069426144771249,1361.051282051282,38.0,1.0,11.0,805.0,39.0
90,6400.0,1.8,613.5530393325388,0.5132872519408915,1361.051282051282,39.0,0.0,11.0,839.0,39.0
90,6600.0,1.8,613.1437644341802,0.5168143027993433,1361.051282051282,38.0,1.0,11.0,866.0,39.0
90,6800.0,1.76,611.8576233183857,0.5154359151075345,1361.051282051282,37.0,2.0,11.0,892.0,39.0
90,7000.0,1.76,610.5409041980624,0.5101250684126244,1361.051282051282,36.0,3.0,11.0,929.0,39.0
90,7200.0,1.78,609.3843322818086,0.5121115683214076,1361.051282051282,37.0,2.0,11.0,951.0,39.0
90,7400.0,1.8,608.3255813953489,0.5121521091358725,1361.051282051282,37.0,2.0,11.0,989.0,39.0
90,7600.0,1.78,610.6565853658536,0.511625078547828,1361.051282051282,38.0,1.0,11.0,1025.0,39.0
90,7800.0,1.78,607.5806297709923,0.5129629254251717,1361.051282051282,38.0,1.0,11.0,1048.0,39.0
90,8000.0,1.74,605.4121184088807,0.5108953438874587,1361.051282051282,36.0,3.0,11.0,1081.0,39.0
90,8200.0,1.78,604.7844284428443,0.508462895019561,1361.051282051282,36.0,3.0,11.0,1111.0,39.0
90,8400.0,1.8,603.2013157894737,0.5048750329394117,1361.051282051282,36.0,3.0,11.0,1140.0,39.0
90,8600.0,1.78,602.8316195372751,0.4998682423529889,1361.051282051282,35.0,4.0,11.0,1167.0,39.0
90,8800.0,1.78,602.2978458989229,0.4938276609977094,1361.051282051282,35.0,5.0,10.0,1207.0,39.0
90,9000.0,1.8,603.403892944039,0.4954695639835404,1361.051282051282,35.0,5.0,10.0,1233.0,39.0
90,9200.0,1.78,602.890873015873,0.4909087223562321,1361.051282051282,34.0,6.0,10.0,1260.0,39.0
90,9400.0,1.78,603.3130804953561,0.4890033040763789,1361.051282051282,33.0,7.0,10.0,1292.0,39.0
90,9600.0,1.76,602.7306818181818,0.4896114162933533,1361.051282051282,34.0,6.0,10.0,1320.0,39.0
90,9800.0,1.76,602.7919438285292,0.4895303346644234,1361.051282051282,35.0,5.0,10.0,1353.0,39.0
90,10000.0,1.78,599.8094380403459,0.4911519672430219,1574.7875,38.0,2.0,10.0,1388.0,40.0
90,10200.0,1.8,599.7896769662922,0.4889830336691464,1574.7875,36.0,4.0,10.0,1424.0,40.0
90,10400.0,1.76,599.8152099105299,0.4925911661565281,1574.7875,35.0,5.0,10.0,1453.0,40.0
90,10600.0,1.8,597.4314976494292,0.4919425131250887,1574.7875,34.0,6.0,10.0,1489.0,40.0
90,10800.0,1.78,595.0845347313237,0.4902803397320252,1574.7875,34.0,6.0,10.0,1526.0,40.0
90,11000.0,1.8,592.065663036515,0.4898546611801431,1574.7875,35.0,5.0,10.0,1561.0,40.0
90,11200.0,1.78,589.8690326633166,0.4868951817242008,1574.7875,33.0,7.0,10.0,1592.0,40.0
90,11400.0,1.78,589.5297582145072,0.4861046358421341,1574.7875,34.0,7.0,9.0,1613.0,40.0
90,11600.0,1.8,593.1986593540524,0.49003709484523544,1574.7875,36.0,5.0,9.0,1641.0,40.0
90,11800.0,1.8,592.7386363636364,0.49761822715018345,1574.7875,35.0,6.0,9.0,1672.0,40.0
90,12000.0,1.78,592.4826776277158,0.5052196298623639,1574.7875,39.0,2.0,9.0,1703.0,40.0
90,12200.0,1.78,591.943645773433,0.5091520888654653,1830.6463414634147,39.0,2.0,9.0,1739.0,41.0
90,12400.0,1.8,591.9547511312218,0.5179697160115947,1830.6463414634147,39.0,2.0,9.0,1768.0,41.0
90,12600.0,1.78,592.5050223214286,0.5150710477773498,1830.6463414634147,39.0,2.0,9.0,1792.0,41.0
90,12800.0,1.78,592.5642427556041,0.5084831654267934,1830.6463414634147,38.0,3.0,9.0,1829.0,41.0
90,13000.0,1.8,590.1477700161204,0.5079764052459814,1830.6463414634147,38.0,3.0,9.0,1861.0,41.0
90,13200.0,1.76,587.8761854583772,0.5046520584598545,1830.6463414634147,38.0,3.0,9.0,1898.0,41.0
90,13400.0,1.74,588.4859885832901,0.49936148217217685,1830.6463414634147,37.0,4.0,9.0,1927.0,41.0
90,13600.0,1.8,589.5316326530613,0.4938682018121744,1830.6463414634147,37.0,4.0,9.0,1960.0,41.0
90,13800.0,1.78,587.8269904857286,0.4995236454300367,1830.6463414634147,36.0,5.0,9.0,1997.0,41.0
90,14000.0,1.78,587.456157635468,0.505685849228711,1830.6463414634147,34.0,7.0,9.0,2030.0,41.0
90,14200.0,1.8,586.4120213281628,0.5074291042507044,1830.6463414634147,35.0,6.0,9.0,2063.0,41.0
90,14400.0,1.8,583.9620886981402,0.4991385076926195,1830.6463414634147,36.0,5.0,9.0,2097.0,41.0
90,14600.0,1.76,583.7534181989628,0.4957533496847952,1830.6463414634147,36.0,6.0,8.0,2121.0,41.0
90,14800.0,1.76,584.0669601482855,0.4926519773782255,1830.6463414634147,35.0,7.0,8.0,2158.0,41.0
90,15000.0,1.78,583.3708352350525,0.49504388543165834,2141.8333333333335,37.0,5.0,8.0,2191.0,42.0
90,15200.0,1.78,583.43246285457,0.49786147203697323,2141.8333333333335,36.0,6.0,8.0,2221.0,42.0
90,15400.0,1.78,583.3052959501557,0.5015506861532848,2141.8333333333335,36.0,6.0,8.0,2247.0,42.0
90,15600.0,1.78,583.8784080914688,0.5070642369205197,2141.8333333333335,36.0,6.0,8.0,2274.0,42.0
90,15800.0,1.74,583.5767070008643,0.5047331400887843,2141.8333333333335,36.0,7.0,7.0,2314.0,42.0
90,16000.0,1.74,584.2689846416382,0.5071453185494497,2141.8333333333335,33.0,10.0,7.0,2344.0,42.0
91,0.0,0.0,nan,0.015202805424360975,nan,0.0,0.0,50.0,0.0,0.0
91,200.0,0.96,47.75,0.06814910911560214,nan,0.0,28.0,22.0,2.0,0.0
91,400.0,1.66,106.0,0.15020371759268644,354.5,1.0,30.0,19.0,9.0,1.0
91,600.0,1.78,216.47058823529412,0.22747450996290516,489.1,10.0,22.0,18.0,17.0,10.0
91,800.0,1.82,295.34615384615387,0.2966776802545963,611.9782608695652,23.0,9.0,18.0,26.0,23.0
91,1000.0,1.82,424.25,0.3516104838546206,664.7931034482758,28.0,4.0,18.0,40.0,29.0
91,1200.0,1.8,511.0188679245283,0.39484726248150326,691.5322580645161,31.0,1.0,18.0,53.0,31.0
91,1400.0,1.74,625.4155844155844,0.42736099568240327,691.5322580645161,30.0,3.0,17.0,77.0,31.0
91,1600.0,1.8,711.1351351351351,0.4452192244542193,691.5322580645161,30.0,3.0,17.0,111.0,31.0
91,1800.0,1.78,729.4366666666666,0.45257738227961,722.09375,32.0,1.0,17.0,150.0,32.0
91,2000.0,1.78,701.1271186440678,0.45813147386130987,757.439393939394,32.0,1.0,17.0,177.0,33.0
91,2200.0,1.8,679.4976635514018,0.4638477287008696,757.439393939394,33.0,0.0,17.0,214.0,33.0
91,2400.0,1.82,655.0888429752066,0.46889506010175747,757.439393939394,33.0,0.0,17.0,242.0,33.0
91,2600.0,1.76,662.5505617977528,0.4670909938580666,757.439393939394,31.0,2.0,17.0,267.0,33.0
91,2800.0,1.8,659.3264604810996,0.4598747288833033,757.439393939394,31.0,2.0,17.0,291.0,33.0
91,3000.0,1.8,646.5060975609756,0.45034763748403706,757.439393939394,32.0,1.0,17.0,328.0,33.0
91,3200.0,1.76,642.2651098901099,0.4496584436381327,757.439393939394,32.0,1.0,17.0,364.0,33.0
91,3400.0,1.78,629.2611940298508,0.455820647436807,757.439393939394,33.0,1.0,16.0,402.0,33.0
91,3600.0,1.82,632.5081585081585,0.4656923357590254,757.439393939394,33.0,1.0,16.0,429.0,33.0
91,3800.0,1.74,626.354211663067,0.4733748201001358,757.439393939394,33.0,1.0,16.0,463.0,33.0
91,4000.0,1.72,617.2198364008179,0.4701315549429388,848.9705882352941,34.0,0.0,16.0,489.0,34.0
91,4200.0,1.82,614.8310679611651,0.4711856161190278,848.9705882352941,33.0,1.0,16.0,515.0,34.0
91,4400.0,1.8,611.208103130755,0.4718342691504672,848.9705882352941,33.0,1.0,16.0,543.0,34.0
91,4600.0,1.8,619.1123499142367,0.47274643747592887,848.9705882352941,33.0,1.0,16.0,583.0,34.0
91,4800.0,1.76,614.2149837133551,0.4738207690592504,848.9705882352941,33.0,1.0,16.0,614.0,34.0
91,5000.0,1.8,613.1604361370717,0.47234102933127925,848.9705882352941,33.0,1.0,16.0,642.0,34.0
91,5200.0,1.8,606.1505934718101,0.46962479476212676,848.9705882352941,33.0,2.0,15.0,674.0,34.0
91,5400.0,1.8,606.9842632331903,0.46628017756876733,848.9705882352941,33.0,2.0,15.0,699.0,34.0
91,5600.0,1.8,608.2634482758621,0.4649423306914236,848.9705882352941,34.0,1.0,15.0,725.0,34.0
91,5800.0,1.8,608.2509829619921,0.46715180507976406,848.9705882352941,34.0,1.0,15.0,763.0,34.0
91,6000.0,1.78,612.4360759493671,0.47605051385482333,848.9705882352941,33.0,3.0,14.0,790.0,34.0
91,6200.0,1.78,613.0042997542997,0.4772870086960047,999.2428571428571,34.0,2.0,14.0,814.0,35.0
91,6400.0,1.76,611.6654846335697,0.4743477996472949,1144.5416666666667,34.0,3.0,13.0,846.0,36.0
91,6600.0,1.8,611.4156285390713,0.47075993756714574,1144.5416666666667,32.0,6.0,12.0,883.0,36.0
91,6800.0,1.8,608.5207650273225,0.4711856161190278,1144.5416666666667,34.0,4.0,12.0,915.0,36.0
91,7000.0,1.8,608.4742647058823,0.4814221717714309,1299.054054054054,36.0,2.0,12.0,952.0,37.0
91,7200.0,1.82,608.4258691206544,0.4946182068797762,1299.054054054054,36.0,3.0,11.0,978.0,37.0
91,7400.0,1.78,606.6905472636815,0.4968884924898141,1454.9868421052631,36.0,3.0,11.0,1005.0,38.0
91,7600.0,1.82,603.537342386033,0.4992804005432469,1454.9868421052631,37.0,2.0,11.0,1031.0,38.0
91,7800.0,1.8,602.0525821596244,0.4998277015385239,1615.5384615384614,39.0,0.0,11.0,1065.0,39.0
91,8000.0,1.78,600.327380952381,0.50134798208096,1615.5384615384614,39.0,0.0,11.0,1092.0,39.0
91,8200.0,1.82,602.4876215738285,0.501388522895425,1615.5384615384614,38.0,1.0,11.0,1131.0,39.0
91,8400.0,1.82,603.3186528497409,0.5026858289583038,1615.5384615384614,38.0,1.0,11.0,1158.0,39.0
91,8600.0,1.76,602.0378787878788,0.5001317576470111,1615.5384615384614,37.0,4.0,9.0,1188.0,39.0
91,8800.0,1.8,601.55723630417,0.5025236657004439,1615.5384615384614,38.0,3.0,9.0,1223.0,39.0
91,9000.0,1.78,598.2968998410175,0.5074696450651693,1615.5384615384614,37.0,4.0,9.0,1258.0,39.0
91,9200.0,1.8,596.4972868217054,0.5148075324833276,1804.0125,40.0,1.0,9.0,1290.0,40.0
91,9400.0,1.82,594.3850791258478,0.5178278231609673,1804.0125,40.0,1.0,9.0,1327.0,40.0
91,9600.0,1.76,596.3856088560885,0.5205237873228873,1804.0125,40.0,1.0,9.0,1355.0,40.0
91,9800.0,1.78,596.6958243340533,0.5167940323921107,1804.0125,39.0,2.0,9.0,1389.0,40.0
91,10000.0,1.82,592.396976090014,0.5113007520321083,1999.2317073170732,40.0,1.0,9.0,1422.0,41.0
91,10200.0,1.82,590.0558219178082,0.5031520483246509,1999.2317073170732,40.0,1.0,9.0,1460.0,41.0
91,10400.0,1.82,589.346644295302,0.5057872012648734,1999.2317073170732,39.0,2.0,9.0,1490.0,41.0
91,10600.0,1.8,588.1612164813604,0.5056250380070135,1999.2317073170732,39.0,2.0,9.0,1529.0,41.0
91,10800.0,1.76,586.7024952015355,0.5158413232521841,1999.2317073170732,39.0,2.0,9.0,1563.0,41.0
91,11000.0,1.8,586.0797872340426,0.5121115683214076,1999.2317073170732,37.0,4.0,9.0,1598.0,41.0
91,11200.0,1.82,583.4270833333334,0.5077737011736566,1999.2317073170732,38.0,3.0,9.0,1632.0,41.0
91,11400.0,1.82,582.4158147925436,0.507915594024284,1999.2317073170732,40.0,1.0,9.0,1663.0,41.0
91,11600.0,1.82,581.4626030624264,0.49984797194575636,1999.2317073170732,38.0,4.0,8.0,1698.0,41.0
91,11800.0,1.82,581.8655728267128,0.5001317576470111,1999.2317073170732,37.0,5.0,8.0,1737.0,41.0
91,12000.0,1.8,582.3346568349405,0.5004560841627308,2234.2619047619046,38.0,4.0,8.0,1763.0,42.0
91,12200.0,1.82,581.3949720670391,0.501814201447307,2234.2619047619046,40.0,2.0,8.0,1790.0,42.0
91,12400.0,1.8,581.6492290748898,0.5055844971925486,2234.2619047619046,38.0,4.0,8.0,1816.0,42.0
91,12600.0,1.8,581.058585313175,0.5037196197271603,2234.2619047619046,36.0,7.0,7.0,1852.0,42.0
91,12800.0,1.82,581.8875927889713,0.5096588490462773,2234.2619047619046,38.0,5.0,7.0,1886.0,42.0
91,13000.0,1.78,580.2014033264034,0.5114426448827357,2234.2619047619046,39.0,4.0,7.0,1924.0,42.0
91,13200.0,1.8,578.7001023541453,0.5102669612632518,2488.9418604651164,41.0,2.0,7.0,1954.0,43.0
91,13400.0,1.8,576.2605315947843,0.5075912675085642,2488.9418604651164,39.0,4.0,7.0,1994.0,43.0
91,13600.0,1.78,575.1722358722359,0.5016723085966797,2488.9418604651164,38.0,5.0,7.0,2035.0,43.0
91,13800.0,1.76,574.007014997581,0.5023209616281191,2488.9418604651164,38.0,5.0,7.0,2067.0,43.0
91,14000.0,1.82,574.045128939828,0.49954391583726915,2488.9418604651164,38.0,5.0,7.0,2094.0,43.0
91,14200.0,1.82,571.866884633349,0.49459793647254374,2488.9418604651164,39.0,4.0,7.0,2141.0,43.0
91,14400.0,1.8,571.6340229885058,0.49143575294427666,2488.9418604651164,37.0,6.0,7.0,2175.0,43.0
91,14600.0,1.82,569.7243792325056,0.4875438347556402,2488.9418604651164,36.0,7.0,7.0,2215.0,43.0
91,14800.0,1.8,569.3740526081141,0.48434111041290817,2488.9418604651164,37.0,6.0,7.0,2243.0,43.0
91,15000.0,1.78,569.0586555360281,0.4938884722194069,2488.9418604651164,37.0,6.0,7.0,2276.0,43.0
91,15200.0,1.78,567.2411178509532,0.5031520483246509,2488.9418604651164,39.0,5.0,6.0,2308.0,43.0
91,15400.0,1.8,566.3523017902813,0.5135913080493787,2488.9418604651164,39.0,5.0,6.0,2346.0,43.0
91,15600.0,1.8,566.7745798319328,0.5190237771876837,2488.9418604651164,39.0,6.0,5.0,2380.0,43.0
91,15800.0,1.8,564.6525704809287,0.5254697666876128,2788.4886363636365,40.0,5.0,5.0,2412.0,44.0
91,16000.0,1.82,565.2838445807771,0.529523848134109,2788.4886363636365,40.0,5.0,5.0,2445.0,44.0
92,0.0,0.0,nan,0.015202805424360975,nan,0.0,0.0,50.0,0.0,0.0
92,200.0,0.88,8.0,0.06448016540652302,nan,0.0,23.0,27.0,3.0,0.0
92,400.0,1.6,140.83333333333334,0.1450347637484037,349.5,2.0,32.0,16.0,12.0,2.0
92,600.0,1.76,187.1578947368421,0.23375833620497435,489.35714285714283,7.0,30.0,13.0,19.0,7.0
92,800.0,1.82,308.258064516129,0.30336691464131516,607.5555555555555,18.0,19.0,13.0,31.0,18.0
92,1000.0,1.82,407.3837209302326,0.3633673200494598,717.8275862068965,29.0,7.0,14.0,43.0,29.0
92,1200.0,1.84,453.67543859649123,0.40822573125494094,747.0625,31.0,5.0,14.0,57.0,32.0
92,1400.0,1.8,600.0802469135803,0.4449759795674295,760.8181818181819,32.0,4.0,14.0,81.0,33.0
92,1600.0,1.8,653.0865384615385,0.4738207690592504,760.8181818181819,32.0,4.0,14.0,104.0,33.0
92,1800.0,1.82,708.8636363636364,0.49350333448198974,760.8181818181819,33.0,3.0,14.0,132.0,33.0
92,2000.0,1.84,721.185975609756,0.4976993087791134,793.2794117647059,34.0,2.0,14.0,164.0,34.0
92,2200.0,1.8,721.5786802030457,0.4947398293231711,831.0571428571428,35.0,1.0,14.0,197.0,35.0
92,2400.0,1.84,697.7,0.49295603348671274,831.0571428571428,34.0,3.0,13.0,230.0,35.0
92,2600.0,1.78,693.912213740458,0.4895100642571909,879.7083333333334,36.0,1.0,13.0,262.0,36.0
92,2800.0,1.84,683.0173010380623,0.4964020027162346,927.6486486486486,37.0,1.0,12.0,289.0,37.0
92,3000.0,1.8,672.6190476190476,0.5044290839802972,927.6486486486486,37.0,1.0,12.0,315.0,37.0
92,3200.0,1.84,657.421511627907,0.4997668903168265,927.6486486486486,37.0,1.0,12.0,344.0,37.0
92,3400.0,1.78,649.2013157894737,0.49565199764863277,992.0657894736842,38.0,0.0,12.0,380.0,38.0
92,3600.0,1.8,645.5698795180723,0.49865201791904,992.0657894736842,37.0,1.0,12.0,415.0,38.0
92,3800.0,1.82,642.6537610619469,0.5050574666045041,992.0657894736842,38.0,0.0,12.0,452.0,38.0
92,4000.0,1.8,637.7058823529412,0.5121115683214076,992.0657894736842,37.0,1.0,12.0,476.0,38.0
92,4200.0,1.84,636.3928571428571,0.5081182980966088,992.0657894736842,37.0,1.0,12.0,504.0,38.0
92,4400.0,1.82,636.0482041587902,0.5053615227129913,992.0657894736842,34.0,5.0,11.0,529.0,38.0
92,4600.0,1.8,633.7991071428571,0.5077331603591916,992.0657894736842,34.0,5.0,11.0,560.0,38.0
92,4800.0,1.82,632.5367892976589,0.513348063162589,992.0657894736842,36.0,3.0,11.0,598.0,38.0
92,5000.0,1.84,634.0152487961477,0.5175845782741775,1091.4871794871794,38.0,1.0,11.0,623.0,39.0
92,5200.0,1.82,633.6625,0.5177467415320374,1091.4871794871794,37.0,2.0,11.0,640.0,39.0
92,5400.0,1.84,631.5921828908555,0.5196318894046581,1091.4871794871794,37.0,2.0,11.0,678.0,39.0
92,5600.0,1.82,631.2272727272727,0.5200778383637727,1091.4871794871794,38.0,1.0,11.0,715.0,39.0
92,5800.0,1.82,629.3920529801325,0.5201589199927027,1091.4871794871794,38.0,1.0,11.0,755.0,39.0
92,6000.0,1.84,626.7182284980745,0.5211318995398617,1091.4871794871794,38.0,1.0,11.0,779.0,39.0
92,6200.0,1.84,627.0080745341614,0.5134494151987513,1091.4871794871794,37.0,2.0,11.0,805.0,39.0
92,6400.0,1.82,627.5728793309438,0.5026452881438388,1091.4871794871794,37.0,2.0,11.0,837.0,39.0
92,6600.0,1.8,623.4925201380897,0.5006587882350556,1091.4871794871794,36.0,3.0,11.0,869.0,39.0
92,6800.0,1.84,618.7409240924093,0.5000709464253137,1091.4871794871794,38.0,1.0,11.0,909.0,39.0
92,7000.0,1.82,614.4462193823216,0.5020979871485618,1091.4871794871794,37.0,3.0,10.0,939.0,39.0
92,7200.0,1.82,614.7797131147541,0.5061317981878256,1091.4871794871794,37.0,3.0,10.0,976.0,39.0
92,7400.0,1.84,613.6699801192843,0.5115845377333631,1244.3375,36.0,4.0,10.0,1006.0,40.0
92,7600.0,1.82,611.1265700483092,0.5132061703119616,1244.3375,37.0,3.0,10.0,1035.0,40.0
92,7800.0,1.84,610.3713477851084,0.5105102061500415,1244.3375,38.0,2.0,10.0,1061.0,40.0
92,8000.0,1.8,610.552752293578,0.502908803437861,1244.3375,36.0,4.0,10.0,1090.0,40.0
92,8200.0,1.8,610.4727435210009,0.495408752761843,1244.3375,36.0,4.0,10.0,1119.0,40.0
92,8400.0,1.78,610.0316840277778,0.4979020128514382,1244.3375,36.0,4.0,10.0,1152.0,40.0
92,8600.0,1.82,608.6994072819645,0.5013074412664951,1244.3375,36.0,4.0,10.0,1181.0,40.0
92,8800.0,1.84,611.3794238683128,0.5033547523969757,1244.3375,37.0,3.0,10.0,1215.0,40.0
92,9000.0,1.82,609.396,0.5039831350211825,1244.3375,37.0,3.0,10.0,1250.0,40.0
92,9200.0,1.82,606.3578088578089,0.5040642166501125,1244.3375,37.0,3.0,10.0,1287.0,40.0
92,9400.0,1.84,606.3085430968727,0.4987533699552024,1244.3375,36.0,4.0,10.0,1311.0,40.0
92,9600.0,1.84,605.5870702541106,0.481341090142501,1244.3375,35.0,5.0,10.0,1338.0,40.0
92,9800.0,1.84,605.9537172011662,0.4727261670686964,1244.3375,34.0,6.0,10.0,1372.0,40.0
92,10000.0,1.82,604.7741134751773,0.4696856059838242,1244.3375,35.0,5.0,10.0,1410.0,40.0
92,10200.0,1.8,601.1305096418732,0.4761315954837533,1244.3375,35.0,6.0,9.0,1452.0,40.0
92,10400.0,1.82,599.6853099730458,0.4859424725842742,1244.3375,35.0,6.0,9.0,1484.0,40.0
92,10600.0,1.8,597.0420223243598,0.49449658443638134,1244.3375,35.0,6.0,9.0,1523.0,40.0
92,10800.0,1.82,594.857833655706,0.4962601098656072,1473.621951219512,36.0,5.0,9.0,1551.0,41.0
92,11000.0,1.82,593.5462317922736,0.4936857681470821,1473.621951219512,37.0,4.0,9.0,1579.0,41.0
92,11200.0,1.8,593.5284653465346,0.4906452070622099,1473.621951219512,36.0,5.0,9.0,1616.0,41.0
92,11400.0,1.84,590.2969788519638,0.4900776356597004,1473.621951219512,38.0,3.0,9.0,1655.0,41.0
92,11600.0,1.78,588.998820754717,0.4920033243467861,1473.621951219512,38.0,3.0,9.0,1696.0,41.0
92,11800.0,1.8,584.5220251716247,0.4944357732146839,1473.621951219512,38.0,3.0,9.0,1748.0,41.0
92,12000.0,1.84,583.6661026508742,0.4935438752964547,1473.621951219512,37.0,4.0,9.0,1773.0,41.0
92,12200.0,1.82,582.681843420322,0.49076682950560474,1473.621951219512,35.0,6.0,9.0,1801.0,41.0
92,12400.0,1.78,581.9583560152422,0.4858005797336469,1473.621951219512,35.0,6.0,9.0,1837.0,41.0
92,12600.0,1.84,580.4590207557211,0.48567895729025196,1473.621951219512,37.0,5.0,8.0,1879.0,41.0
92,12800.0,1.8,578.5353033472803,0.4929357630794803,1473.621951219512,38.0,4.0,8.0,1912.0,41.0
92,13000.0,1.82,577.8911477097272,0.49638173230900207,1473.621951219512,38.0,5.0,7.0,1943.0,41.0
92,13200.0,1.76,577.0588978766431,0.49696957411874404,1473.621951219512,37.0,6.0,7.0,1978.0,41.0
92,13400.0,1.8,575.3888612630532,0.49964526787343155,1473.621951219512,37.0,6.0,7.0,2011.0,41.0
92,13600.0,1.82,576.1248164464024,0.500172298461476,1759.9285714285713,38.0,5.0,7.0,2043.0,42.0
92,13800.0,1.84,575.8179634966378,0.5026858289583038,1759.9285714285713,38.0,5.0,7.0,2082.0,42.0
92,14000.0,1.78,575.3288479697828,0.5047939513104819,1759.9285714285713,36.0,7.0,7.0,2118.0,42.0
92,14200.0,1.8,571.8946146703806,0.5028682626233961,1759.9285714285713,36.0,7.0,7.0,2154.0,42.0
92,14400.0,1.8,572.0974943052391,0.5080169460604463,1759.9285714285713,35.0,8.0,7.0,2195.0,42.0
92,14600.0,1.8,569.303803131991,0.5156588895870918,2054.267441860465,37.0,6.0,7.0,2235.0,43.0
92,14800.0,1.84,568.7357490057445,0.5258954452394948,2054.267441860465,38.0,6.0,6.0,2263.0,43.0
92,15000.0,1.8,567.9666375926734,0.526280582976912,2054.267441860465,38.0,6.0,6.0,2293.0,43.0
92,15200.0,1.78,567.7930072930073,0.5268886951938865,2054.267441860465,40.0,4.0,6.0,2331.0,43.0
92,15400.0,1.82,567.4651015228426,0.5259157156467273,2054.267441860465,38.0,6.0,6.0,2364.0,43.0
92,15600.0,1.84,566.7502078137989,0.5252467922080555,2054.267441860465,38.0,6.0,6.0,2406.0,43.0
92,15800.0,1.84,566.0063628899836,0.5287738430665072,2054.267441860465,38.0,5.0,7.0,2436.0,43.0
92,16000.0,1.8,564.0152068126521,0.5323819755538889,2368.7954545454545,37.0,6.0,7.0,2466.0,44.0
93,0.0,0.0,nan,0.015202805424360975,nan,0.0,0.0,50.0,0.0,0.0
93,200.0,0.86,70.875,0.06697342549611822,nan,0.0,26.0,24.0,4.0,0.0
93,400.0,1.68,80.08333333333333,0.1476293758741613,380.0,1.0,30.0,19.0,12.0,1.0
93,600.0,1.82,184.6904761904762,0.2227717754849695,475.2142857142857,7.0,25.0,18.0,21.0,7.0
93,800.0,1.82,244.13636363636363,0.2903533131980621,615.15,20.0,12.0,18.0,33.0,20.0
93,1000.0,1.84,349.6063829787234,0.3471104534490098,697.6551724137931,29.0,3.0,18.0,47.0,29.0
93,1200.0,1.82,428.54761904761904,0.3896174974155231,707.9666666666667,30.0,2.0,18.0,63.0,30.0
93,1400.0,1.84,478.1513157894737,0.42715829161007846,726.758064516129,31.0,2.0,17.0,76.0,31.0
93,1600.0,1.82,669.4954128440367,0.44493543875296454,753.515625,32.0,2.0,16.0,109.0,32.0
93,1800.0,1.84,694.7644927536232,0.4576652544949628,753.515625,32.0,2.0,16.0,138.0,32.0
93,2000.0,1.84,698.8114285714286,0.46749640200271625,753.515625,31.0,3.0,16.0,175.0,32.0
93,2200.0,1.82,680.2251184834123,0.4728275191048588,794.1060606060606,32.0,2.0,16.0,211.0,33.0
93,2400.0,1.82,663.3586497890295,0.4744491516834573,794.1060606060606,31.0,3.0,16.0,237.0,33.0
93,2600.0,1.78,657.1208178438661,0.4755640240812438,844.2941176470588,33.0,1.0,16.0,269.0,34.0
93,2800.0,1.86,656.3754266211604,0.47978026878559993,844.2941176470588,33.0,2.0,15.0,293.0,34.0
93,3000.0,1.84,665.3380062305296,0.4782194474286988,844.2941176470588,33.0,2.0,15.0,321.0,34.0
93,3200.0,1.86,648.9196675900278,0.4756856465246387,844.2941176470588,33.0,2.0,15.0,361.0,34.0
93,3400.0,1.84,652.173417721519,0.4857600389191819,912.0714285714286,34.0,3.0,13.0,395.0,35.0
93,3600.0,1.82,647.9331742243437,0.4927735998216204,912.0714285714286,33.0,4.0,13.0,419.0,35.0
93,3800.0,1.82,640.0210176991151,0.4914560233515091,988.0833333333334,34.0,3.0,13.0,452.0,36.0
93,4000.0,1.86,633.1884210526316,0.49044250298988507,1065.6756756756756,36.0,1.0,13.0,475.0,37.0
93,4200.0,1.84,628.4469548133595,0.49003709484523544,1065.6756756756756,35.0,2.0,13.0,509.0,37.0
93,4400.0,1.82,632.81146025878,0.4909087223562321,1065.6756756756756,35.0,3.0,12.0,541.0,37.0
93,4600.0,1.8,628.855421686747,0.49078709991283725,1065.6756756756756,35.0,3.0,12.0,581.0,37.0
93,4800.0,1.84,627.438524590164,0.4995844566517341,1065.6756756756756,36.0,4.0,10.0,610.0,37.0
93,5000.0,1.84,624.8908948194662,0.5034358340259055,1065.6756756756756,35.0,6.0,9.0,637.0,37.0
93,5200.0,1.86,625.0814479638009,0.5036588085054629,1174.2631578947369,35.0,6.0,9.0,663.0,38.0
93,5400.0,1.84,625.6492857142857,0.5116453489550605,1279.974358974359,36.0,5.0,9.0,700.0,39.0
93,5600.0,1.82,619.7055630936228,0.5109966959236211,1385.3875,39.0,2.0,9.0,737.0,40.0
93,5800.0,1.82,616.4281984334203,0.5103683132994142,1385.3875,38.0,3.0,9.0,766.0,40.0
93,6000.0,1.86,614.3973717146433,0.5151318589990473,1385.3875,37.0,4.0,9.0,799.0,40.0
93,6200.0,1.8,610.0084848484848,0.5186791802647315,1498.8658536585365,37.0,4.0,9.0,825.0,41.0
93,6400.0,1.86,614.5163742690058,0.5168548436138082,1498.8658536585365,36.0,5.0,9.0,855.0,41.0
93,6600.0,1.82,612.6552305961754,0.5220643382725559,1498.8658536585365,38.0,3.0,9.0,889.0,41.0
93,6800.0,1.82,611.2338362068965,0.5357265927472483,1498.8658536585365,40.0,1.0,9.0,928.0,41.0
93,7000.0,1.78,607.8381592554292,0.5340644193541848,1498.8658536585365,39.0,2.0,9.0,967.0,41.0
93,7200.0,1.86,608.3116817724068,0.5346319907566943,1498.8658536585365,39.0,2.0,9.0,993.0,41.0
93,7400.0,1.84,604.2003891050583,0.529057628767762,1498.8658536585365,38.0,3.0,9.0,1028.0,41.0
93,7600.0,1.86,602.6371347785108,0.5253886850586829,1498.8658536585365,36.0,5.0,9.0,1061.0,41.0
93,7800.0,1.8,602.3073394495412,0.5219224454219286,1498.8658536585365,37.0,4.0,9.0,1090.0,41.0
93,8000.0,1.86,603.2074372759856,0.5182129608983844,1498.8658536585365,37.0,4.0,9.0,1116.0,41.0
93,8200.0,1.82,598.6341673856773,0.5165710579125534,1498.8658536585365,36.0,5.0,9.0,1159.0,41.0
93,8400.0,1.84,598.9861693210394,0.5116048081405955,1498.8658536585365,36.0,5.0,9.0,1193.0,41.0
93,8600.0,1.84,594.2267915309446,0.5080777572821438,1498.8658536585365,37.0,4.0,9.0,1228.0,41.0
93,8800.0,1.82,592.9791009463722,0.5116858897695254,1498.8658536585365,36.0,5.0,9.0,1268.0,41.0
93,9000.0,1.8,593.4757692307692,0.5094966857884174,1498.8658536585365,36.0,6.0,8.0,1300.0,41.0
93,9200.0,1.84,594.2106446776612,0.507246670585612,1498.8658536585365,36.0,6.0,8.0,1334.0,41.0
93,9400.0,1.86,591.7623071271124,0.5076520787302616,1498.8658536585365,34.0,8.0,8.0,1361.0,41.0
93,9600.0,1.84,588.7665952890792,0.5135913080493787,1498.8658536585365,36.0,7.0,7.0,1401.0,41.0
93,9800.0,1.86,589.3587491215742,0.5126588693166846,1498.8658536585365,36.0,7.0,7.0,1423.0,41.0
93,10000.0,1.84,588.2767857142857,0.5147669916688626,1498.8658536585365,36.0,7.0,7.0,1456.0,41.0
93,10200.0,1.86,587.5873069173942,0.5187602618936614,1498.8658536585365,36.0,7.0,7.0,1489.0,41.0
93,10400.0,1.82,587.5962671905697,0.5270508584517463,1498.8658536585365,36.0,7.0,7.0,1527.0,41.0
93,10600.0,1.86,587.2749838813669,0.5406320312975088,1917.2790697674418,39.0,5.0,6.0,1551.0,43.0
93,10800.0,1.82,589.8778553299493,0.5449901688524923,1917.2790697674418,38.0,6.0,6.0,1576.0,43.0
93,11000.0,1.82,590.255756067206,0.5456590922911642,1917.2790697674418,38.0,6.0,6.0,1607.0,43.0
93,11200.0,1.86,590.568669527897,0.5378752559138913,2126.6136363636365,38.0,6.0,6.0,1631.0,44.0
93,11400.0,1.82,590.7697408077155,0.528510327772485,2126.6136363636365,36.0,8.0,6.0,1659.0,44.0
93,11600.0,1.84,593.497037914692,0.5206251393590497,2126.6136363636365,37.0,7.0,6.0,1688.0,44.0
93,11800.0,1.84,594.0052631578948,0.5176656599031074,2126.6136363636365,36.0,8.0,6.0,1710.0,44.0
93,12000.0,1.86,596.6805635422656,0.5217197413496037,2126.6136363636365,34.0,10.0,6.0,1739.0,44.0
93,12200.0,1.84,598.5642978003384,0.5281049196278353,2126.6136363636365,35.0,10.0,5.0,1773.0,44.0
93,12400.0,1.82,597.5085540838852,0.5274968074108609,2126.6136363636365,35.0,10.0,5.0,1812.0,44.0
93,12600.0,1.86,595.6495934959349,0.5283684349218576,2126.6136363636365,36.0,9.0,5.0,1845.0,44.0
93,12800.0,1.82,594.426220806794,0.5357063223400158,2361.0777777777776,39.0,6.0,5.0,1884.0,45.0
93,13000.0,1.86,594.4835594989562,0.5409968986276934,2361.0777777777776,39.0,6.0,5.0,1916.0,45.0
93,13200.0,1.86,592.7463917525773,0.5386455313887256,2361.0777777777776,37.0,8.0,5.0,1940.0,45.0
93,13400.0,1.82,593.5920183019828,0.5418077149169926,2361.0777777777776,36.0,9.0,5.0,1967.0,45.0
93,13600.0,1.86,592.656608478803,0.5399428374516044,2361.0777777777776,36.0,9.0,5.0,2005.0,45.0
93,13800.0,1.84,592.9076167076167,0.5388685058682829,2361.0777777777776,35.0,10.0,5.0,2035.0,45.0
93,14000.0,1.8,591.9455946076072,0.5358279447834107,2361.0777777777776,35.0,10.0,5.0,2077.0,45.0
93,14200.0,1.82,591.117911153119,0.5415036588085055,2361.0777777777776,37.0,8.0,5.0,2116.0,45.0
93,14400.0,1.84,589.1330701346958,0.5462469341009061,2361.0777777777776,38.0,7.0,5.0,2153.0,45.0
93,14600.0,1.82,587.485831809872,0.5461455820647437,2361.0777777777776,40.0,5.0,5.0,2188.0,45.0
93,14800.0,1.86,586.8513757329724,0.5385239089453308,2361.0777777777776,40.0,5.0,5.0,2217.0,45.0
93,15000.0,1.82,586.3782222222222,0.5331319806214907,2361.0777777777776,39.0,6.0,5.0,2250.0,45.0
93,15200.0,1.84,585.0087374399301,0.5277197818904181,2361.0777777777776,37.0,8.0,5.0,2289.0,45.0
93,15400.0,1.84,582.6423969072165,0.5227129913039953,2361.0777777777776,38.0,7.0,5.0,2328.0,45.0
93,15600.0,1.86,581.3621199324324,0.5249832769140332,2361.0777777777776,37.0,8.0,5.0,2368.0,45.0
93,15800.0,1.8,581.3319450229071,0.5267670727504915,2361.0777777777776,37.0,8.0,5.0,2401.0,45.0
93,16000.0,1.84,581.6943303204602,0.5288143838809721,2361.0777777777776,34.0,11.0,5.0,2434.0,45.0
94,0.0,0.0,nan,0.015202805424360975,nan,0.0,0.0,50.0,0.0,0.0
94,200.0,1.0,44.714285714285715,0.0738248231406969,nan,0.0,27.0,23.0,7.0,0.0
94,400.0,1.76,84.26666666666667,0.1706160176757951,395.8333333333333,3.0,35.0,12.0,15.0,3.0
94,600.0,1.88,155.17307692307693,0.25597470253177385,490.8888888888889,9.0,29.0,12.0,26.0,9.0
94,800.0,1.88,237.75675675675674,0.3317860255812539,591.3,20.0,18.0,12.0,37.0,20.0
94,1000.0,1.88,357.7894736842105,0.3980499868242353,702.8939393939394,33.0,5.0,12.0,57.0,33.0
94,1200.0,1.86,449.68589743589746,0.44558409178440395,723.5285714285715,35.0,4.0,11.0,78.0,35.0
94,1400.0,1.86,538.8365384615385,0.4835708349380739,754.5675675675676,36.0,3.0,11.0,104.0,37.0
94,1600.0,1.84,603.3851851851852,0.5096385786390448,754.5675675675676,36.0,3.0,11.0,135.0,37.0
94,1800.0,1.86,649.8625730994152,0.5250035473212656,777.1578947368421,37.0,2.0,11.0,171.0,38.0
94,2000.0,1.86,654.3686868686868,0.5375914702126365,777.1578947368421,37.0,2.0,11.0,198.0,38.0
94,2200.0,1.86,637.64,0.5406523017047412,777.1578947368421,37.0,2.0,11.0,225.0,38.0
94,2400.0,1.86,631.3877952755905,0.5406928425192062,777.1578947368421,37.0,2.0,11.0,254.0,38.0
94,2600.0,1.88,624.4982698961937,0.5426793424279894,820.974358974359,38.0,1.0,11.0,289.0,39.0
94,2800.0,1.86,625.3234375,0.5336387408023027,820.974358974359,39.0,0.0,11.0,320.0,39.0
94,3000.0,1.84,632.7183908045977,0.5338009040601626,820.974358974359,37.0,2.0,11.0,348.0,39.0
94,3200.0,1.84,633.3930481283422,0.5339833377252549,820.974358974359,36.0,3.0,11.0,374.0,39.0
94,3400.0,1.86,631.0571776155717,0.5323617051466564,820.974358974359,36.0,5.0,9.0,411.0,39.0
94,3600.0,1.88,622.063063063063,0.5362333529280603,820.974358974359,36.0,5.0,9.0,444.0,39.0
94,3800.0,1.84,619.5778947368422,0.5440780005270306,895.4375,39.0,2.0,9.0,475.0,40.0
94,4000.0,1.88,617.0068762278978,0.5474428881276224,969.439024390244,40.0,1.0,9.0,509.0,41.0
94,4200.0,1.88,612.0262664165103,0.550746964506517,969.439024390244,41.0,0.0,9.0,533.0,41.0
94,4400.0,1.86,612.0035778175313,0.5522672450489531,969.439024390244,39.0,2.0,9.0,559.0,41.0
94,4600.0,1.88,615.543220338983,0.5486793829688038,969.439024390244,39.0,2.0,9.0,590.0,41.0
94,4800.0,1.88,615.2083993660856,0.5426185312062919,969.439024390244,40.0,1.0,9.0,631.0,41.0
94,5000.0,1.88,614.3793363499245,0.5391117507550727,969.439024390244,38.0,3.0,9.0,663.0,41.0
94,5200.0,1.88,614.1423462088699,0.5309022358259178,969.439024390244,38.0,3.0,9.0,699.0,41.0
94,5400.0,1.84,609.4619047619047,0.5325441388117488,969.439024390244,37.0,4.0,9.0,735.0,41.0
94,5600.0,1.88,607.7552631578948,0.5291387103966919,969.439024390244,37.0,4.0,9.0,760.0,41.0
94,5800.0,1.88,605.1677175283733,0.5270913992662113,969.439024390244,37.0,4.0,9.0,793.0,41.0
94,6000.0,1.88,600.8693045563549,0.5248008432489408,969.439024390244,37.0,4.0,9.0,834.0,41.0
94,6200.0,1.88,600.9403244495944,0.5309427766403827,969.439024390244,36.0,5.0,9.0,863.0,41.0
94,6400.0,1.88,600.4256756756756,0.5298481746498287,969.439024390244,38.0,3.0,9.0,888.0,41.0
94,6600.0,1.88,600.5503282275711,0.5268886951938865,969.439024390244,38.0,3.0,9.0,914.0,41.0
94,6800.0,1.86,602.4994669509595,0.5229359657835526,969.439024390244,36.0,5.0,9.0,938.0,41.0
94,7000.0,1.84,608.1029866117404,0.5221454199014858,969.439024390244,38.0,3.0,9.0,971.0,41.0
94,7200.0,1.84,611.4994994994995,0.5209697362820019,969.439024390244,38.0,3.0,9.0,999.0,41.0
94,7400.0,1.86,608.4437439379243,0.5121318387286401,969.439024390244,37.0,4.0,9.0,1031.0,41.0
94,7600.0,1.88,605.6944962686567,0.5100034459692295,969.439024390244,38.0,3.0,9.0,1072.0,41.0
94,7800.0,1.86,606.5613165013526,0.5156183487726268,969.439024390244,36.0,5.0,9.0,1109.0,41.0
94,8000.0,1.88,605.0281690140845,0.5144629355603754,969.439024390244,37.0,4.0,9.0,1136.0,41.0
94,8200.0,1.86,604.1416952054794,0.5141994202663531,969.439024390244,38.0,3.0,9.0,1168.0,41.0
94,8400.0,1.86,602.3029925187033,0.5194089149251009,969.439024390244,40.0,1.0,9.0,1203.0,41.0
94,8600.0,1.84,600.8496758508915,0.5196116189974257,969.439024390244,39.0,2.0,9.0,1234.0,41.0
94,8800.0,1.88,601.709842519685,0.5171588997222955,969.439024390244,38.0,3.0,9.0,1270.0,41.0
94,9000.0,1.86,600.5763036809816,0.5231183994486449,969.439024390244,39.0,3.0,8.0,1304.0,41.0
94,9200.0,1.88,596.0900297619048,0.5210710883181643,969.439024390244,38.0,4.0,8.0,1344.0,41.0
94,9400.0,1.86,594.8460421205519,0.5285711389941824,1170.095238095238,38.0,4.0,8.0,1377.0,42.0
94,9600.0,1.88,592.1650176678445,0.5445239494861451,1170.095238095238,38.0,4.0,8.0,1415.0,42.0
94,9800.0,1.88,589.9847328244275,0.5532807654105771,1179.0697674418604,40.0,2.0,8.0,1441.0,43.0
94,10000.0,1.88,590.3783875338753,0.5539902296637139,1179.0697674418604,41.0,1.0,8.0,1476.0,43.0
94,10200.0,1.88,589.2830687830688,0.5481320819735268,1179.0697674418604,40.0,2.0,8.0,1512.0,43.0
94,10400.0,1.86,590.9760051880675,0.5430239393509415,1179.0697674418604,40.0,2.0,8.0,1542.0,43.0
94,10600.0,1.88,587.4072197593414,0.5344698274988344,1179.0697674418604,40.0,2.0,8.0,1579.0,43.0
94,10800.0,1.84,585.8873762376238,0.5302941236089433,1179.0697674418604,40.0,2.0,8.0,1616.0,43.0
94,11000.0,1.8,586.3233333333334,0.5282468124784627,1179.0697674418604,40.0,2.0,8.0,1650.0,43.0
94,11200.0,1.86,587.6553773024361,0.5308008837897553,1179.0697674418604,40.0,2.0,8.0,1683.0,43.0
94,11400.0,1.88,585.3922539312755,0.535969837634038,1179.0697674418604,39.0,3.0,8.0,1717.0,43.0
94,11600.0,1.88,584.3609044075558,0.539882026229907,1179.0697674418604,39.0,3.0,8.0,1747.0,43.0
94,11800.0,1.88,582.5343275182893,0.53116575111994,1179.0697674418604,39.0,3.0,8.0,1777.0,43.0
94,12000.0,1.84,581.2739801543551,0.5208683842458395,1179.0697674418604,37.0,5.0,8.0,1814.0,43.0
94,12200.0,1.88,583.4800108049703,0.5187197210791965,1179.0697674418604,38.0,4.0,8.0,1851.0,43.0
94,12400.0,1.82,578.9098837209302,0.5193278332961709,1179.0697674418604,39.0,3.0,8.0,1892.0,43.0
94,12600.0,1.88,579.402799377916,0.5147669916688626,1179.0697674418604,38.0,4.0,8.0,1929.0,43.0
94,12800.0,1.82,576.0350788002033,0.517057547686133,1179.0697674418604,39.0,3.0,8.0,1967.0,43.0
94,13000.0,1.86,576.2868934467234,0.5178075527537348,1179.0697674418604,38.0,4.0,8.0,1999.0,43.0
94,13200.0,1.84,575.4273797841021,0.5198345934769829,1179.0697674418604,38.0,6.0,6.0,2038.0,43.0
94,13400.0,1.88,575.4681467181467,0.5201183791782377,1455.3863636363637,40.0,4.0,6.0,2072.0,44.0
94,13600.0,1.86,574.1490521327014,0.5213143332049541,1455.3863636363637,36.0,9.0,5.0,2110.0,44.0
94,13800.0,1.82,572.629189944134,0.5362738937425253,1725.888888888889,39.0,7.0,4.0,2148.0,45.0
94,14000.0,1.82,572.0705451213926,0.5474428881276224,1725.888888888889,38.0,8.0,4.0,2183.0,45.0
94,14200.0,1.88,571.5269718948323,0.5537469847769242,1995.3695652173913,40.0,6.0,4.0,2206.0,46.0
94,14400.0,1.84,570.7051624388073,0.5509699389860743,2256.2978723404253,42.0,4.0,4.0,2247.0,47.0
94,14600.0,1.88,569.9067425569177,0.5484969493037115,2256.2978723404253,41.0,5.0,4.0,2284.0,47.0
94,14800.0,1.86,569.7818849978383,0.546834775910648,2256.2978723404253,43.0,4.0,3.0,2313.0,47.0
94,15000.0,1.86,568.4513444302177,0.552936168487625,2256.2978723404253,44.0,3.0,3.0,2343.0,47.0
94,15200.0,1.82,569.8396147403685,0.5525713011574402,2256.2978723404253,42.0,5.0,3.0,2388.0,47.0
94,15400.0,1.84,569.1849087893864,0.552307785863418,2256.2978723404253,39.0,8.0,3.0,2412.0,47.0
94,15600.0,1.88,569.2466202376075,0.551294265501794,2256.2978723404253,40.0,7.0,3.0,2441.0,47.0
94,15800.0,1.84,567.6268686868686,0.5416860924735978,2536.8333333333335,38.0,9.0,3.0,2475.0,48.0
94,16000.0,1.86,568.2971679297966,0.5366793018871749,2536.8333333333335,37.0,10.0,3.0,2507.0,48.0
95,0.0,0.0,nan,0.015202805424360975,nan,0.0,0.0,50.0,0.0,0.0
95,200.0,0.98,24.375,0.06415583889080331,nan,0.0,27.0,23.0,4.0,0.0
95,400.0,1.72,81.70833333333333,0.15683214075770782,362.75,2.0,33.0,15.0,12.0,2.0
95,600.0,1.86,157.3684210526316,0.2446840857032818,466.0,9.0,28.0,13.0,19.0,9.0
95,800.0,1.9,254.44827586206895,0.3193399955405104,584.1190476190476,20.0,17.0,13.0,29.0,21.0
95,1000.0,1.9,366.8095238095238,0.3787120183244481,685.5454545454545,33.0,5.0,12.0,42.0,33.0
95,1200.0,1.88,463.8333333333333,0.43542861776093084,719.6944444444445,35.0,3.0,12.0,69.0,36.0
95,1400.0,1.88,519.4022988505748,0.47789512091297914,719.6944444444445,35.0,3.0,12.0,87.0,36.0
95,1600.0,1.86,642.3418803418804,0.4954695639835404,719.6944444444445,36.0,2.0,12.0,117.0,36.0
95,1800.0,1.88,692.364238410596,0.4990371556564571,744.1756756756756,37.0,1.0,12.0,151.0,37.0
95,2000.0,1.84,677.4202127659574,0.5030304258812559,744.1756756756756,37.0,1.0,12.0,188.0,37.0
95,2200.0,1.84,669.5136363636364,0.5077737011736566,780.2368421052631,36.0,3.0,11.0,220.0,38.0
95,2400.0,1.88,655.1887550200803,0.5119088642490828,780.2368421052631,36.0,3.0,11.0,249.0,38.0
95,2600.0,1.88,645.8854545454545,0.5120304866924776,826.3461538461538,37.0,2.0,11.0,275.0,39.0
95,2800.0,1.84,651.4629032258065,0.5123750836154298,826.3461538461538,38.0,2.0,10.0,310.0,39.0
95,3000.0,1.88,643.8290229885057,0.509476415381185,826.3461538461538,37.0,3.0,10.0,348.0,39.0
95,3200.0,1.88,633.7319034852547,0.5111993999959459,826.3461538461538,38.0,2.0,10.0,373.0,39.0
95,3400.0,1.86,634.4447174447174,0.5145440171893053,826.3461538461538,38.0,2.0,10.0,407.0,39.0
95,3600.0,1.88,631.4988789237668,0.5144223947459104,826.3461538461538,38.0,2.0,10.0,446.0,39.0
95,3800.0,1.88,623.5073684210527,0.5218210933857661,826.3461538461538,38.0,2.0,10.0,475.0,39.0
95,4000.0,1.9,623.7696078431372,0.5276792410759532,826.3461538461538,38.0,3.0,9.0,510.0,39.0
95,4200.0,1.86,614.489945155393,0.5267670727504915,826.3461538461538,38.0,3.0,9.0,547.0,39.0
95,4400.0,1.9,606.1461538461539,0.5249832769140332,997.2560975609756,41.0,0.0,9.0,585.0,41.0
95,4600.0,1.88,598.3687600644122,0.5240711085885715,997.2560975609756,39.0,3.0,8.0,621.0,41.0
95,4800.0,1.9,596.0045801526718,0.5193075628889384,997.2560975609756,38.0,4.0,8.0,655.0,41.0
95,5000.0,1.88,592.1419213973799,0.5164899762836236,997.2560975609756,38.0,4.0,8.0,687.0,41.0
95,5200.0,1.86,596.4341192787795,0.5158615936594166,997.2560975609756,35.0,7.0,8.0,721.0,41.0
95,5400.0,1.88,594.296812749004,0.5170778180933655,1097.7619047619048,38.0,4.0,8.0,753.0,42.0
95,5600.0,1.88,586.2367088607594,0.5208683842458395,1097.7619047619048,38.0,4.0,8.0,790.0,42.0
95,5800.0,1.84,584.7381818181818,0.5204224352867249,1097.7619047619048,39.0,3.0,8.0,825.0,42.0
95,6000.0,1.9,581.9063953488372,0.5126183285022196,1097.7619047619048,39.0,3.0,8.0,860.0,42.0
95,6200.0,1.88,583.183572216097,0.5174426854235502,1097.7619047619048,39.0,3.0,8.0,907.0,42.0
95,6400.0,1.88,580.9844919786096,0.523584618814992,1097.7619047619048,40.0,2.0,8.0,935.0,42.0
95,6600.0,1.84,582.8473520249221,0.5220035270508585,1097.7619047619048,40.0,2.0,8.0,963.0,42.0
95,6800.0,1.86,581.1516966067865,0.521435955648349,1097.7619047619048,40.0,2.0,8.0,1002.0,42.0
95,7000.0,1.9,579.5406582768635,0.5231386698558774,1097.7619047619048,40.0,2.0,8.0,1033.0,42.0
95,7200.0,1.9,578.537488284911,0.5225710984533679,1097.7619047619048,39.0,3.0,8.0,1067.0,42.0
95,7400.0,1.88,577.805909090909,0.5224089351955081,1097.7619047619048,40.0,2.0,8.0,1100.0,42.0
95,7600.0,1.9,578.8467314487633,0.5220237974580909,1097.7619047619048,40.0,2.0,8.0,1132.0,42.0
95,7800.0,1.88,577.8314703353396,0.5221251494942534,1097.7619047619048,40.0,2.0,8.0,1163.0,42.0
95,8000.0,1.88,577.2886855241264,0.5166318691342509,1097.7619047619048,39.0,3.0,8.0,1202.0,42.0
95,8200.0,1.86,572.1432584269663,0.5176656599031074,1097.7619047619048,38.0,5.0,7.0,1246.0,42.0
95,8400.0,1.82,569.7658079625293,0.5141994202663531,1097.7619047619048,38.0,5.0,7.0,1281.0,42.0
95,8600.0,1.84,570.3274942878903,0.5179697160115947,1097.7619047619048,40.0,3.0,7.0,1313.0,42.0
95,8800.0,1.9,570.4266020864382,0.5231183994486449,1097.7619047619048,39.0,4.0,7.0,1342.0,42.0
95,9000.0,1.9,570.8455935906774,0.5281049196278353,1277.3372093023256,39.0,4.0,7.0,1373.0,43.0
95,9200.0,1.88,572.0747330960854,0.5321590010743316,1277.3372093023256,38.0,5.0,7.0,1405.0,43.0
95,9400.0,1.88,571.01875,0.5286319502158798,1277.3372093023256,37.0,6.0,7.0,1440.0,43.0
95,9600.0,1.9,569.8408010862186,0.5286927614375773,1277.3372093023256,39.0,4.0,7.0,1473.0,43.0
95,9800.0,1.88,568.4152317880795,0.5275576186325583,1277.3372093023256,38.0,5.0,7.0,1510.0,43.0
95,10000.0,1.86,568.4828033744321,0.5216386597206738,1277.3372093023256,37.0,7.0,6.0,1541.0,43.0
95,10200.0,1.9,567.5905912269549,0.5180913384549896,1277.3372093023256,37.0,8.0,5.0,1573.0,43.0
95,10400.0,1.9,568.1690490988192,0.5146656396327002,1277.3372093023256,37.0,8.0,5.0,1609.0,43.0
95,10600.0,1.88,569.7403787416005,0.5184156649707092,1277.3372093023256,36.0,9.0,5.0,1637.0,43.0
95,10800.0,1.88,570.1438763376932,0.5298684450570612,1277.3372093023256,37.0,8.0,5.0,1682.0,43.0
95,11000.0,1.86,567.7414294015108,0.535969837634038,1277.3372093023256,38.0,7.0,5.0,1721.0,43.0
95,11200.0,1.86,566.1217292377702,0.5360711896702005,1498.8636363636363,40.0,5.0,5.0,1758.0,44.0
95,11400.0,1.88,564.8237107623319,0.5374293069547768,1498.8636363636363,37.0,8.0,5.0,1784.0,44.0
95,11600.0,1.9,563.2670517051705,0.533902256096325,1722.6555555555556,38.0,7.0,5.0,1818.0,45.0
95,11800.0,1.86,564.1894878706199,0.5258549044250299,1722.6555555555556,37.0,8.0,5.0,1855.0,45.0
95,12000.0,1.82,563.7003695881732,0.5271927513023736,1722.6555555555556,37.0,8.0,5.0,1894.0,45.0
95,12200.0,1.86,563.2363777893098,0.5297670930208987,1722.6555555555556,37.0,8.0,5.0,1927.0,45.0
95,12400.0,1.88,563.6835119959163,0.5352401029736688,1722.6555555555556,37.0,8.0,5.0,1959.0,45.0
95,12600.0,1.9,562.1065532766384,0.5339427969107899,1722.6555555555556,37.0,9.0,4.0,1999.0,45.0
95,12800.0,1.86,562.3272058823529,0.5376725518415665,1722.6555555555556,36.0,10.0,4.0,2040.0,45.0
95,13000.0,1.9,560.5344910757357,0.5375306589909391,1722.6555555555556,36.0,10.0,4.0,2073.0,45.0
95,13200.0,1.84,560.0239677266255,0.533314414286583,1969.641304347826,39.0,7.0,4.0,2107.0,46.0
95,13400.0,1.9,560.5403828197946,0.5310238582693126,1969.641304347826,37.0,9.0,4.0,2142.0,46.0
95,13600.0,1.88,559.3117511520737,0.5291387103966919,1969.641304347826,39.0,7.0,4.0,2170.0,46.0
95,13800.0,1.88,559.2665158371041,0.5272738329313036,1969.641304347826,39.0,7.0,4.0,2210.0,46.0
95,14000.0,1.9,558.8593054318789,0.5380374191717512,1969.641304347826,39.0,7.0,4.0,2246.0,46.0
95,14200.0,1.9,558.2864971503726,0.5406117608902763,1969.641304347826,38.0,8.0,4.0,2281.0,46.0
95,14400.0,1.86,559.186958405546,0.5388482354610504,1969.641304347826,37.0,9.0,4.0,2308.0,46.0
95,14600.0,1.84,559.661407249467,0.5267265319360266,1969.641304347826,37.0,9.0,4.0,2345.0,46.0
95,14800.0,1.86,560.3698658843252,0.5225913688606004,1969.641304347826,38.0,8.0,4.0,2386.0,46.0
95,15000.0,1.88,558.2448389760528,0.5315914296718222,1969.641304347826,38.0,8.0,4.0,2422.0,46.0
95,15200.0,1.9,557.2576250508337,0.5385239089453308,1969.641304347826,39.0,7.0,4.0,2459.0,46.0
95,15400.0,1.88,556.2819533762058,0.5383009344657734,1969.641304347826,39.0,7.0,4.0,2488.0,46.0
95,15600.0,1.86,555.7799603174603,0.533233332657653,1969.641304347826,38.0,9.0,3.0,2520.0,46.0
95,15800.0,1.86,558.6798983183418,0.5348346948290191,1969.641304347826,38.0,9.0,3.0,2557.0,46.0
95,16000.0,1.86,557.4485152333204,0.5394968884924898,1969.641304347826,39.0,8.0,3.0,2593.0,46.0
96,0.0,0.0,nan,0.015202805424360975,nan,0.0,0.0,50.0,0.0,0.0
96,200.0,0.94,10.0,0.06889911418320394,nan,0.0,26.0,24.0,3.0,0.0
96,400.0,1.8,133.9090909090909,0.15062939614456855,nan,0.0,32.0,18.0,11.0,0.0
96,600.0,1.9,140.41666666666666,0.22836640788113433,483.4375,8.0,25.0,17.0,12.0,8.0
96,800.0,1.88,272.8863636363636,0.295907404779762,615.2272727272727,22.0,11.0,17.0,22.0,22.0
96,1000.0,1.88,370.5833333333333,0.35540105000709465,685.1,30.0,4.0,16.0,30.0,30.0
96,1200.0,1.92,435.0405405405405,0.4057730119798107,698.4677419354839,31.0,3.0,16.0,37.0,31.0
96,1400.0,1.9,588.8684210526316,0.44132730626558286,715.4375,32.0,2.0,16.0,57.0,32.0
96,1600.0,1.9,757.484693877551,0.45693551983459346,737.969696969697,33.0,2.0,15.0,98.0,33.0
96,1800.0,1.9,789.0833333333334,0.46496260109865606,737.969696969697,33.0,2.0,15.0,138.0,33.0
96,2000.0,1.9,753.2886904761905,0.4771856566598423,771.7794117647059,32.0,3.0,15.0,168.0,34.0
96,2200.0,1.9,748.2266009852217,0.48111811566294366,771.7794117647059,31.0,4.0,15.0,203.0,34.0
96,2400.0,1.86,723.031512605042,0.4825978553909148,771.7794117647059,32.0,3.0,15.0,238.0,34.0
96,2600.0,1.9,708.0888888888888,0.48829383982324204,771.7794117647059,33.0,2.0,15.0,270.0,34.0
96,2800.0,1.9,690.5445544554456,0.4936452273326171,771.7794117647059,33.0,2.0,15.0,303.0,34.0
96,3000.0,1.9,669.6458333333334,0.4911519672430219,771.7794117647059,33.0,2.0,15.0,336.0,34.0
96,3200.0,1.88,656.6186666666666,0.4832667788295867,771.7794117647059,33.0,2.0,15.0,375.0,34.0
96,3400.0,1.88,635.7282608695652,0.47710457503091236,771.7794117647059,33.0,2.0,15.0,414.0,34.0
96,3600.0,1.86,623.6813186813187,0.4810573044412462,771.7794117647059,33.0,4.0,13.0,455.0,34.0
96,3800.0,1.92,624.55,0.4821924472462652,854.6571428571428,34.0,3.0,13.0,480.0,35.0
96,4000.0,1.9,620.3660194174757,0.4930979263373401,940.9861111111111,35.0,2.0,13.0,515.0,36.0
96,4200.0,1.88,615.5795246800732,0.5050777370117365,940.9861111111111,35.0,3.0,12.0,547.0,36.0
96,4400.0,1.86,612.2,0.5106926398151339,1029.972972972973,36.0,2.0,12.0,580.0,37.0
96,4600.0,1.9,613.764802631579,0.5098412827113696,1029.972972972973,36.0,2.0,12.0,608.0,37.0
96,4800.0,1.9,614.25393081761,0.5082196501327712,1029.972972972973,36.0,2.0,12.0,636.0,37.0
96,5000.0,1.9,614.2028443113772,0.5002331096831736,1029.972972972973,35.0,4.0,11.0,668.0,37.0
96,5200.0,1.9,614.2294372294373,0.49674659963918677,1029.972972972973,35.0,5.0,10.0,693.0,37.0
96,5400.0,1.9,619.4522821576763,0.5013682524881925,1029.972972972973,34.0,6.0,10.0,723.0,37.0
96,5600.0,1.84,620.8931398416887,0.5043682727585997,1148.9473684210527,35.0,5.0,10.0,758.0,38.0
96,5800.0,1.9,615.2722152690864,0.5088074919425132,1263.320512820513,38.0,3.0,9.0,799.0,39.0
96,6000.0,1.88,616.0071770334928,0.513266981533659,1263.320512820513,38.0,3.0,9.0,836.0,39.0
96,6200.0,1.86,607.8436781609196,0.523037317819715,1385.275,40.0,1.0,9.0,870.0,40.0
96,6400.0,1.88,606.2417400881058,0.5340644193541848,1504.121951219512,39.0,2.0,9.0,908.0,41.0
96,6600.0,1.92,603.687432867884,0.5448685464090973,1504.121951219512,38.0,4.0,8.0,931.0,41.0
96,6800.0,1.84,602.4253347064881,0.5441996229704255,1504.121951219512,38.0,4.0,8.0,971.0,41.0
96,7000.0,1.88,601.647263681592,0.5413414955506456,1504.121951219512,39.0,3.0,8.0,1005.0,41.0
96,7200.0,1.86,597.6379477250726,0.5382198528368435,1504.121951219512,40.0,2.0,8.0,1033.0,41.0
96,7400.0,1.9,599.1918063314712,0.5382603936513084,1504.121951219512,40.0,2.0,8.0,1074.0,41.0
96,7600.0,1.92,597.9859601449275,0.5377536334704964,1504.121951219512,39.0,4.0,7.0,1104.0,41.0
96,7800.0,1.9,596.2445223488169,0.5340036081324874,1504.121951219512,38.0,5.0,7.0,1141.0,41.0
96,8000.0,1.92,594.7969543147208,0.531713052115217,1657.9404761904761,39.0,3.0,8.0,1182.0,42.0
96,8200.0,1.9,594.2493786246893,0.534449557091602,1657.9404761904761,39.0,3.0,8.0,1207.0,42.0
96,8400.0,1.92,594.6738249594814,0.530618450124663,1657.9404761904761,38.0,4.0,8.0,1234.0,42.0
96,8600.0,1.86,593.9948939512961,0.5212940627977216,1657.9404761904761,38.0,4.0,8.0,1273.0,42.0
96,8800.0,1.86,593.0488922841864,0.5195710781829607,1657.9404761904761,39.0,3.0,8.0,1309.0,42.0
96,9000.0,1.9,593.1497405485545,0.5212940627977216,1657.9404761904761,38.0,4.0,8.0,1349.0,42.0
96,9200.0,1.86,590.1825741142444,0.524172460624734,1657.9404761904761,39.0,3.0,8.0,1383.0,42.0
96,9400.0,1.9,587.669964664311,0.5368617355522672,1657.9404761904761,40.0,2.0,8.0,1415.0,42.0
96,9600.0,1.92,587.3021335168617,0.529057628767762,1657.9404761904761,42.0,0.0,8.0,1453.0,42.0
96,9800.0,1.88,587.6297915265635,0.5254089554659153,1657.9404761904761,39.0,3.0,8.0,1487.0,42.0
96,10000.0,1.92,584.2551020408164,0.5263008533841445,1657.9404761904761,40.0,2.0,8.0,1519.0,42.0
96,10200.0,1.9,582.9692954104719,0.5258549044250299,1657.9404761904761,39.0,3.0,8.0,1547.0,42.0
96,10400.0,1.92,584.9411392405063,0.5215575780917439,1657.9404761904761,37.0,5.0,8.0,1580.0,42.0
96,10600.0,1.86,584.2866419294991,0.5171386293150629,1657.9404761904761,37.0,5.0,8.0,1617.0,42.0
96,10800.0,1.92,583.1456692913385,0.5109764255163887,1657.9404761904761,37.0,5.0,8.0,1651.0,42.0
96,11000.0,1.9,583.0843731431967,0.5124967060588247,1657.9404761904761,37.0,5.0,8.0,1683.0,42.0
96,11200.0,1.9,582.7742690058479,0.5117264305839905,1657.9404761904761,36.0,6.0,8.0,1710.0,42.0
96,11400.0,1.92,583.6605609616486,0.5090507368293029,1657.9404761904761,36.0,6.0,8.0,1747.0,42.0
96,11600.0,1.9,582.6530269058296,0.5116453489550605,1657.9404761904761,37.0,5.0,8.0,1784.0,42.0
96,11800.0,1.86,581.8075233388248,0.511077777552551,1657.9404761904761,40.0,2.0,8.0,1821.0,42.0
96,12000.0,1.92,580.0801506186122,0.5128818437962419,1657.9404761904761,40.0,2.0,8.0,1859.0,42.0
96,12200.0,1.9,579.9907505285412,0.5107737214440639,1657.9404761904761,38.0,4.0,8.0,1892.0,42.0
96,12400.0,1.9,580.1121761658031,0.5124764356515923,1657.9404761904761,39.0,3.0,8.0,1930.0,42.0
96,12600.0,1.9,578.6547679755226,0.5156183487726268,1657.9404761904761,38.0,4.0,8.0,1961.0,42.0
96,12800.0,1.88,578.34125,0.5209697362820019,1657.9404761904761,38.0,5.0,7.0,2000.0,42.0
96,13000.0,1.88,576.3014742014742,0.5235238075932945,1657.9404761904761,39.0,4.0,7.0,2035.0,42.0
96,13200.0,1.86,575.445274831244,0.5284900573652525,1657.9404761904761,39.0,5.0,6.0,2074.0,42.0
96,13400.0,1.92,574.9655418250951,0.5304157460523382,1929.9418604651162,38.0,6.0,6.0,2104.0,43.0
96,13600.0,1.9,574.374648547329,0.531794133744147,1929.9418604651162,37.0,7.0,6.0,2134.0,43.0
96,13800.0,1.86,574.0859916782247,0.5331319806214907,2198.8636363636365,40.0,4.0,6.0,2163.0,44.0
96,14000.0,1.9,574.1370454545455,0.5328279245130034,2198.8636363636365,41.0,3.0,6.0,2200.0,44.0
96,14200.0,1.92,577.7800448430494,0.5326657612551436,2198.8636363636365,37.0,7.0,6.0,2230.0,44.0
96,14400.0,1.86,577.2579575596817,0.5345306387205319,2198.8636363636365,38.0,6.0,6.0,2262.0,44.0
96,14600.0,1.9,575.4241439098396,0.534956317272414,2198.8636363636365,38.0,6.0,6.0,2307.0,44.0
96,14800.0,1.9,575.5430775825118,0.5319360265947742,2198.8636363636365,37.0,8.0,5.0,2333.0,44.0
96,15000.0,1.92,575.0919102075392,0.5276184298542558,2198.8636363636365,36.0,10.0,4.0,2361.0,44.0
96,15200.0,1.86,572.8800914380715,0.5256724707599376,2198.8636363636365,37.0,9.0,4.0,2406.0,44.0
96,15400.0,1.88,574.1304258804258,0.5296657409847364,2768.532608695652,37.0,9.0,4.0,2442.0,46.0
96,15600.0,1.92,573.4104326728669,0.5376725518415665,2768.532608695652,39.0,7.0,4.0,2473.0,46.0
96,15800.0,1.92,573.5612,0.5414225771795755,2768.532608695652,42.0,4.0,4.0,2500.0,46.0
96,16000.0,1.9,572.6922016541946,0.5416658220663653,2768.532608695652,41.0,5.0,4.0,2539.0,46.0
97,0.0,0.0,nan,0.015202805424360975,nan,0.0,0.0,50.0,0.0,0.0
97,200.0,1.0,47.4,0.07086534368475463,nan,0.0,24.0,26.0,5.0,0.0
97,400.0,1.74,82.22727272727273,0.1605618956884844,317.0,1.0,36.0,13.0,11.0,1.0
97,600.0,1.88,181.34782608695653,0.25242738126608966,458.0,6.0,33.0,11.0,23.0,6.0
97,800.0,1.92,274.75,0.3288670869397766,629.8260869565217,23.0,16.0,11.0,32.0,23.0
97,1000.0,1.92,359.28409090909093,0.3947864512598058,683.3448275862069,29.0,10.0,11.0,44.0,29.0
97,1200.0,1.92,484.73770491803276,0.45158413232521843,771.0405405405405,37.0,2.0,11.0,61.0,37.0
97,1400.0,1.94,558.7666666666667,0.49889526280582974,782.9078947368421,38.0,1.0,11.0,75.0,38.0
97,1600.0,1.9,704.7067307692307,0.5248616544706383,782.9078947368421,38.0,1.0,11.0,104.0,38.0
97,1800.0,1.94,755.3905109489051,0.5362941641497577,782.9078947368421,38.0,1.0,11.0,137.0,38.0
97,2000.0,1.94,744.9228571428572,0.5422131230616423,782.9078947368421,38.0,1.0,11.0,175.0,38.0
97,2200.0,1.88,721.1400966183575,0.5464496381732309,782.9078947368421,38.0,1.0,11.0,207.0,38.0
97,2400.0,1.92,709.2605042016806,0.5445644903006102,782.9078947368421,38.0,1.0,11.0,238.0,38.0
97,2600.0,1.94,699.1193181818181,0.5363955161859202,782.9078947368421,38.0,2.0,10.0,264.0,38.0
97,2800.0,1.88,691.8913043478261,0.5325035979972838,782.9078947368421,38.0,2.0,10.0,299.0,38.0
97,3000.0,1.94,670.9849397590361,0.5308819654186853,839.1794871794872,38.0,2.0,10.0,332.0,39.0
97,3200.0,1.9,667.8373983739838,0.5373684957330793,839.1794871794872,39.0,1.0,10.0,369.0,39.0
97,3400.0,1.9,657.522113022113,0.5430644801654065,839.1794871794872,39.0,1.0,10.0,407.0,39.0
97,3600.0,1.94,654.048275862069,0.5498956074027527,839.1794871794872,39.0,2.0,9.0,435.0,39.0
97,3800.0,1.92,652.9511930585684,0.5498956074027527,839.1794871794872,39.0,2.0,9.0,461.0,39.0
97,4000.0,1.88,647.377800407332,0.5421320414327124,916.9125,40.0,1.0,9.0,491.0,40.0
97,4200.0,1.94,652.4609523809523,0.5463685565443009,993.280487804878,41.0,0.0,9.0,525.0,41.0
97,4400.0,1.92,644.6281362007169,0.5582267447753025,993.280487804878,41.0,0.0,9.0,558.0,41.0
97,4600.0,1.94,647.6621160409557,0.5562402448665194,993.280487804878,41.0,0.0,9.0,586.0,41.0
97,4800.0,1.94,645.4894822006472,0.5461455820647437,993.280487804878,41.0,1.0,8.0,618.0,41.0
97,5000.0,1.94,640.2870370370371,0.5421725822471773,993.280487804878,41.0,1.0,8.0,648.0,41.0
97,5200.0,1.9,636.2481857764876,0.5505239900269596,993.280487804878,41.0,1.0,8.0,689.0,41.0
97,5400.0,1.92,642.3921568627451,0.5566659234184015,1096.9285714285713,40.0,2.0,8.0,714.0,42.0
97,5600.0,1.92,632.6293333333333,0.5557942959074048,1096.9285714285713,40.0,2.0,8.0,750.0,42.0
97,5800.0,1.92,634.0051746442432,0.5502199339184725,1096.9285714285713,38.0,4.0,8.0,773.0,42.0
97,6000.0,1.88,631.4889162561576,0.5493483064074757,1096.9285714285713,39.0,3.0,8.0,812.0,42.0
97,6200.0,1.94,623.3251748251748,0.5472807248697626,1096.9285714285713,40.0,2.0,8.0,858.0,42.0
97,6400.0,1.92,625.1557930258717,0.546875316725113,1096.9285714285713,40.0,2.0,8.0,889.0,42.0
97,6600.0,1.94,618.3133116883117,0.5494091176291732,1096.9285714285713,41.0,1.0,8.0,924.0,42.0
97,6800.0,1.92,617.4911458333333,0.5443617862282853,1096.9285714285713,40.0,2.0,8.0,960.0,42.0
97,7000.0,1.92,612.5555555555555,0.5423752863195022,1096.9285714285713,40.0,2.0,8.0,999.0,42.0
97,7200.0,1.94,610.9854227405248,0.5399631078588368,1096.9285714285713,40.0,2.0,8.0,1029.0,42.0
97,7400.0,1.86,609.7246240601504,0.5391928323840026,1096.9285714285713,39.0,3.0,8.0,1064.0,42.0
97,7600.0,1.92,608.7864298724954,0.5371252508462895,1096.9285714285713,40.0,2.0,8.0,1098.0,42.0
97,7800.0,1.9,606.8857267950963,0.5435712403462185,1096.9285714285713,40.0,2.0,8.0,1142.0,42.0
97,8000.0,1.92,602.7393707482993,0.5463482861370685,1096.9285714285713,41.0,1.0,8.0,1176.0,42.0
97,8200.0,1.9,600.3180693069307,0.5399022966371394,1096.9285714285713,39.0,3.0,8.0,1212.0,42.0
97,8400.0,1.92,601.0302419354839,0.5309022358259178,1096.9285714285713,40.0,2.0,8.0,1240.0,42.0
97,8600.0,1.92,600.1203921568627,0.5288751951026696,1096.9285714285713,40.0,2.0,8.0,1275.0,42.0
97,8800.0,1.94,597.8825324180016,0.5341252305758822,1096.9285714285713,39.0,3.0,8.0,1311.0,42.0
97,9000.0,1.9,597.2301410541945,0.5334563071372104,1096.9285714285713,39.0,3.0,8.0,1347.0,42.0
97,9200.0,1.94,594.2125813449023,0.5341657713903473,1096.9285714285713,40.0,2.0,8.0,1383.0,42.0
97,9400.0,1.9,595.5987306064881,0.5406320312975088,1096.9285714285713,40.0,2.0,8.0,1418.0,42.0
97,9600.0,1.94,593.2153259361997,0.5416252812519003,1096.9285714285713,38.0,4.0,8.0,1442.0,42.0
97,9800.0,1.9,593.5212264150944,0.5417671741025277,1096.9285714285713,40.0,2.0,8.0,1484.0,42.0
97,10000.0,1.92,591.7249670619236,0.5440577301197981,1096.9285714285713,41.0,1.0,8.0,1518.0,42.0
97,10200.0,1.86,590.5849420849421,0.545233413739282,1096.9285714285713,40.0,3.0,7.0,1554.0,42.0
97,10400.0,1.94,588.156998738966,0.5446050311150751,1096.9285714285713,41.0,2.0,7.0,1586.0,42.0
97,10600.0,1.88,587.6199876619371,0.5422131230616423,1096.9285714285713,40.0,3.0,7.0,1621.0,42.0
97,10800.0,1.9,588.8524096385543,0.5353414550098311,1320.0,42.0,1.0,7.0,1660.0,43.0
97,11000.0,1.9,586.1789287816363,0.5309630470476152,1320.0,40.0,3.0,7.0,1699.0,43.0
97,11200.0,1.94,584.9400230680508,0.5278414043338131,1320.0,38.0,5.0,7.0,1734.0,43.0
97,11400.0,1.94,583.5825791855203,0.5226724504895304,1320.0,36.0,7.0,7.0,1768.0,43.0
97,11600.0,1.92,583.5247497219133,0.515456185514767,1320.0,38.0,5.0,7.0,1798.0,43.0
97,11800.0,1.94,581.4493464052288,0.520807573024142,1320.0,38.0,6.0,6.0,1836.0,43.0
97,12000.0,1.94,582.5581146223889,0.5264832870492369,1320.0,39.0,6.0,5.0,1867.0,43.0
97,12200.0,1.88,582.7128556375131,0.5313887255994973,1320.0,40.0,5.0,5.0,1898.0,43.0
97,12400.0,1.92,582.2463954685891,0.5319562970020068,1810.611111111111,41.0,4.0,5.0,1942.0,45.0
97,12600.0,1.94,580.1327455919395,0.5363549753714553,1810.611111111111,39.0,6.0,5.0,1985.0,45.0
97,12800.0,1.92,580.1645256916996,0.5440171893053332,1810.611111111111,40.0,5.0,5.0,2024.0,45.0
97,13000.0,1.92,577.3265405143135,0.5511929134656315,1810.611111111111,39.0,6.0,5.0,2061.0,45.0
97,13200.0,1.94,575.7383222116301,0.5584091784403948,1810.611111111111,39.0,6.0,5.0,2098.0,45.0
97,13400.0,1.92,574.6551804969527,0.5595037804309488,1810.611111111111,40.0,5.0,5.0,2133.0,45.0
97,13600.0,1.92,572.907057195572,0.5523483266778829,1810.611111111111,41.0,4.0,5.0,2168.0,45.0
97,13800.0,1.94,571.7748194945848,0.5499969594389151,1810.611111111111,41.0,4.0,5.0,2216.0,45.0
97,14000.0,1.92,571.042907959093,0.5441793525631929,1810.611111111111,41.0,4.0,5.0,2249.0,45.0
97,14200.0,1.9,571.0864793678666,0.5482131636024568,1810.611111111111,40.0,5.0,5.0,2278.0,45.0
97,14400.0,1.92,571.403937689312,0.5529969797093224,1810.611111111111,41.0,4.0,5.0,2311.0,45.0
97,14600.0,1.94,570.7845010615712,0.5518618369043035,1810.611111111111,42.0,3.0,5.0,2355.0,45.0
97,14800.0,1.92,570.441460344104,0.5524902195285103,1810.611111111111,41.0,4.0,5.0,2383.0,45.0
97,15000.0,1.86,569.8409090909091,0.5516996736464436,1810.611111111111,42.0,3.0,5.0,2420.0,45.0
97,15200.0,1.88,568.320138043037,0.5466726126527882,1810.611111111111,41.0,4.0,5.0,2463.0,45.0
97,15400.0,1.94,567.3921136909528,0.5433685362738937,1810.611111111111,41.0,4.0,5.0,2498.0,45.0
97,15600.0,1.92,565.8544378698225,0.5356455111183184,1810.611111111111,42.0,3.0,5.0,2535.0,45.0
97,15800.0,1.92,564.9494753206374,0.533233332657653,1810.611111111111,39.0,6.0,5.0,2573.0,45.0
97,16000.0,1.92,563.9487179487179,0.532686031662376,1810.611111111111,38.0,7.0,5.0,2613.0,45.0
98,0.0,0.0,nan,0.015202805424360975,nan,0.0,0.0,50.0,0.0,0.0
98,200.0,0.94,38.0,0.06650720612977115,nan,0.0,23.0,27.0,3.0,0.0
98,400.0,1.76,128.6,0.1549064520706221,343.0,2.0,31.0,17.0,10.0,2.0
98,600.0,1.94,209.73684210526315,0.23941377982283665,466.07142857142856,7.0,29.0,14.0,19.0,7.0
98,800.0,1.94,313.76666666666665,0.31554942938803643,624.2045454545455,22.0,14.0,14.0,30.0,22.0
98,1000.0,1.96,446.55555555555554,0.37696876330245477,705.75,31.0,7.0,12.0,45.0,32.0
98,1200.0,1.92,518.6825396825396,0.4339691484401922,735.0571428571428,34.0,4.0,12.0,63.0,35.0
98,1400.0,1.92,590.2586206896551,0.479111345346928,735.0571428571428,34.0,4.0,12.0,87.0,35.0
98,1600.0,1.94,697.3458333333333,0.5066385583686376,735.0571428571428,34.0,4.0,12.0,120.0,35.0
98,1800.0,1.92,733.8589743589744,0.5218210933857661,761.9583333333334,35.0,3.0,12.0,156.0,36.0
98,2000.0,1.9,718.508064516129,0.5236048892222245,761.9583333333334,35.0,3.0,12.0,186.0,36.0
98,2200.0,1.92,703.1705607476636,0.5195710781829607,800.0945945945946,37.0,1.0,12.0,214.0,37.0
98,2400.0,1.96,672.7880658436214,0.5208683842458395,800.0945945945946,36.0,2.0,12.0,243.0,37.0
98,2600.0,1.94,662.126334519573,0.5244765167332212,800.0945945945946,36.0,2.0,12.0,281.0,37.0
98,2800.0,1.9,660.9792993630573,0.5245170575476862,800.0945945945946,36.0,2.0,12.0,314.0,37.0
98,3000.0,1.9,657.4279538904899,0.5206859505807472,800.0945945945946,36.0,2.0,12.0,347.0,37.0
98,3200.0,1.94,651.7736842105263,0.5201589199927027,800.0945945945946,36.0,2.0,12.0,380.0,37.0
98,3400.0,1.94,647.5296296296297,0.5171994405367604,864.7105263157895,38.0,0.0,12.0,405.0,38.0
98,3600.0,1.84,635.9635761589404,0.5111385887742484,864.7105263157895,37.0,1.0,12.0,453.0,38.0
98,3800.0,1.96,630.6113402061856,0.5114831856972006,864.7105263157895,37.0,1.0,12.0,485.0,38.0
98,4000.0,1.92,621.5285171102662,0.5227129913039953,864.7105263157895,36.0,3.0,11.0,526.0,38.0
98,4200.0,1.94,624.3151785714285,0.5315508888573571,864.7105263157895,37.0,3.0,10.0,560.0,38.0
98,4400.0,1.92,619.4462457337884,0.5321792714815641,864.7105263157895,37.0,3.0,10.0,586.0,38.0
98,4600.0,1.96,614.7017973856209,0.5229359657835526,864.7105263157895,37.0,3.0,10.0,612.0,38.0
98,4800.0,1.9,612.4976958525345,0.5195102669612632,965.1923076923077,38.0,2.0,10.0,651.0,39.0
98,5000.0,1.92,616.5761346998536,0.5232197514848074,1064.1625,39.0,1.0,10.0,683.0,40.0
98,5200.0,1.9,614.2827586206896,0.5250238177284982,1064.1625,39.0,1.0,10.0,725.0,40.0
98,5400.0,1.96,610.759186351706,0.5271927513023736,1064.1625,39.0,1.0,10.0,762.0,40.0
98,5600.0,1.96,603.2803504380475,0.5317738633369145,1064.1625,40.0,0.0,10.0,799.0,40.0
98,5800.0,1.92,597.4892344497607,0.528429246143555,1064.1625,39.0,1.0,10.0,836.0,40.0
98,6000.0,1.92,596.5,0.5289360063243671,1064.1625,39.0,1.0,10.0,871.0,40.0
98,6200.0,1.94,594.3905390539054,0.5311860215271725,1064.1625,40.0,0.0,10.0,909.0,40.0
98,6400.0,1.96,593.9538706256628,0.53386171528186,1064.1625,38.0,2.0,10.0,943.0,40.0
98,6600.0,1.96,589.6901121304791,0.531713052115217,1064.1625,39.0,1.0,10.0,981.0,40.0
98,6800.0,1.92,587.4076464746772,0.5309630470476152,1064.1625,39.0,1.0,10.0,1007.0,40.0
98,7000.0,1.96,587.0296934865901,0.5272738329313036,1064.1625,39.0,1.0,10.0,1044.0,40.0
98,7200.0,1.94,589.2666051660517,0.5236048892222245,1064.1625,40.0,0.0,10.0,1084.0,40.0
98,7400.0,1.94,587.8050847457627,0.5213346036121865,1064.1625,40.0,0.0,10.0,1121.0,40.0
98,7600.0,1.94,581.695427092321,0.5221048790870209,1064.1625,40.0,0.0,10.0,1159.0,40.0
98,7800.0,1.96,579.9660804020101,0.5212737923904891,1064.1625,39.0,1.0,10.0,1194.0,40.0
98,8000.0,1.96,577.0538897893031,0.5264022054203069,1064.1625,38.0,2.0,10.0,1234.0,40.0
98,8200.0,1.9,576.2585114806018,0.5283278941073927,1064.1625,36.0,4.0,10.0,1263.0,40.0
98,8400.0,1.94,576.9345830145371,0.5311860215271725,1064.1625,36.0,4.0,10.0,1307.0,40.0
98,8600.0,1.96,575.1058339566193,0.5334968479516754,1064.1625,37.0,3.0,10.0,1337.0,40.0
98,8800.0,1.96,575.7267441860465,0.5313887255994973,1064.1625,37.0,3.0,10.0,1376.0,40.0
98,9000.0,1.94,574.1318407960199,0.5261792309407496,1064.1625,37.0,3.0,10.0,1407.0,40.0
98,9200.0,1.94,573.6622654621265,0.5169359252427381,1064.1625,37.0,3.0,10.0,1439.0,40.0
98,9400.0,1.9,574.2027027027027,0.5064561247035453,1064.1625,35.0,5.0,10.0,1480.0,40.0
98,9600.0,1.92,570.0065832784727,0.5117669713984554,1064.1625,36.0,4.0,10.0,1519.0,40.0
98,9800.0,1.92,570.3305466237942,0.5196521598118906,1064.1625,35.0,5.0,10.0,1555.0,40.0
98,10000.0,1.96,570.8517002518892,0.5260373380901222,1064.1625,38.0,2.0,10.0,1588.0,40.0
98,10200.0,1.9,570.6595810227973,0.5270508584517463,1064.1625,38.0,3.0,9.0,1623.0,40.0
98,10400.0,1.92,569.2887748943874,0.5317535929296819,1064.1625,38.0,3.0,9.0,1657.0,40.0
98,10600.0,1.88,568.5047142015321,0.5388076946465854,1064.1625,39.0,3.0,8.0,1697.0,40.0
98,10800.0,1.94,569.4674039580908,0.535422536638761,1064.1625,39.0,3.0,8.0,1718.0,40.0
98,11000.0,1.92,569.5148401826484,0.534449557091602,1303.2317073170732,39.0,3.0,8.0,1752.0,41.0
98,11200.0,1.96,572.4320606400898,0.5351184805302739,1538.142857142857,40.0,2.0,8.0,1781.0,42.0
98,11400.0,1.92,572.1036283672347,0.5339833377252549,1538.142857142857,40.0,2.0,8.0,1819.0,42.0
98,11600.0,1.96,573.405777537797,0.5327063020696086,1538.142857142857,40.0,2.0,8.0,1852.0,42.0
98,11800.0,1.92,574.3908076514347,0.532219812296029,1538.142857142857,40.0,2.0,8.0,1882.0,42.0
98,12000.0,1.92,573.0964546402503,0.5306792613463605,1538.142857142857,39.0,3.0,8.0,1918.0,42.0
98,12200.0,1.96,573.6547314578005,0.5293819552834816,1538.142857142857,39.0,3.0,8.0,1955.0,42.0
98,12400.0,1.92,573.1043129388164,0.5303143940161757,1538.142857142857,38.0,4.0,8.0,1994.0,42.0
98,12600.0,1.94,570.5714285714286,0.5321792714815641,1538.142857142857,38.0,4.0,8.0,2037.0,42.0
98,12800.0,1.9,570.7733204446592,0.5395982405286522,1538.142857142857,39.0,3.0,8.0,2069.0,42.0
98,13000.0,1.96,569.9685714285714,0.5417874445097602,1538.142857142857,38.0,4.0,8.0,2100.0,42.0
98,13200.0,1.96,568.8426622765758,0.5374090365475442,1538.142857142857,39.0,3.0,8.0,2126.0,42.0
98,13400.0,1.88,569.8567804428044,0.5418887965459226,1538.142857142857,39.0,3.0,8.0,2168.0,42.0
98,13600.0,1.92,569.6235801908224,0.5404901384468814,1538.142857142857,39.0,3.0,8.0,2201.0,42.0
98,13800.0,1.92,570.0123207885305,0.5381185008006811,1538.142857142857,40.0,2.0,8.0,2232.0,42.0
98,14000.0,1.92,571.7189153439153,0.5389901283116778,1538.142857142857,40.0,2.0,8.0,2268.0,42.0
98,14200.0,1.94,570.261077324066,0.5364157865931527,1538.142857142857,40.0,2.0,8.0,2302.0,42.0
98,14400.0,1.96,570.8722721437741,0.5320171082237042,1538.142857142857,40.0,2.0,8.0,2337.0,42.0
98,14600.0,1.92,570.5964135021097,0.5308211541969878,1538.142857142857,42.0,0.0,8.0,2370.0,42.0
98,14800.0,1.92,570.1010373443984,0.5325644092189812,1538.142857142857,39.0,3.0,8.0,2410.0,42.0
98,15000.0,1.96,569.5705233033524,0.5314698072284272,1538.142857142857,41.0,1.0,8.0,2446.0,42.0
98,15200.0,1.96,568.3214429665458,0.5302130419800134,1538.142857142857,41.0,1.0,8.0,2481.0,42.0
98,15400.0,1.94,567.6748210023866,0.5296252001702714,1538.142857142857,39.0,3.0,8.0,2514.0,42.0
98,15600.0,1.94,567.9737151824245,0.5264427462347718,1538.142857142857,39.0,3.0,8.0,2549.0,42.0
98,15800.0,1.94,569.3985675571041,0.5265238278637018,1538.142857142857,39.0,3.0,8.0,2583.0,42.0
98,16000.0,1.96,567.8464039785769,0.5265238278637018,1538.142857142857,37.0,5.0,8.0,2614.0,42.0
99,0.0,0.0,nan,0.015202805424360975,nan,0.0,0.0,50.0,0.0,0.0
99,200.0,1.06,33.5,0.07287211400077027,nan,0.0,28.0,22.0,1.0,0.0
99,400.0,1.86,153.25,0.16948087487077615,nan,0.0,38.0,12.0,8.0,0.0
99,600.0,1.94,246.55555555555554,0.25676524841384063,513.9,9.0,29.0,12.0,18.0,10.0
99,800.0,1.98,269.22,0.3305900715545375,638.0384615384615,25.0,13.0,12.0,25.0,26.0
99,1000.0,1.98,370.9864864864865,0.3991445888147893,688.484375,32.0,6.0,12.0,37.0,32.0
99,1200.0,1.96,479.2019230769231,0.4495165507875053,729.3055555555555,36.0,2.0,12.0,52.0,36.0
99,1400.0,1.96,628.5466666666666,0.49240873249143574,729.3055555555555,36.0,2.0,12.0,75.0,36.0
99,1600.0,1.96,765.5394736842105,0.516429165061926,748.8513513513514,37.0,1.0,12.0,114.0,37.0
99,1800.0,1.92,752.841059602649,0.5294833073196441,772.9868421052631,38.0,1.0,11.0,151.0,38.0
99,2000.0,1.98,740.375,0.5348549652362516,772.9868421052631,38.0,1.0,11.0,176.0,38.0
99,2200.0,1.96,705.8263888888889,0.537692822248799,772.9868421052631,38.0,1.0,11.0,216.0,38.0
99,2400.0,1.96,698.4642857142857,0.5464901789876959,811.7051282051282,39.0,0.0,11.0,252.0,39.0
99,2600.0,1.98,674.7660714285714,0.5499158778099852,811.7051282051282,39.0,0.0,11.0,280.0,39.0
99,2800.0,1.98,674.8762214983714,0.5581253927391401,811.7051282051282,39.0,1.0,10.0,307.0,39.0
99,3000.0,1.96,665.921052631579,0.562665963959216,811.7051282051282,39.0,1.0,10.0,342.0,39.0
99,3200.0,1.98,661.2574123989218,0.5595240508381814,811.7051282051282,39.0,1.0,10.0,371.0,39.0
99,3400.0,1.94,660.8679012345679,0.5473212656842276,811.7051282051282,38.0,2.0,10.0,405.0,39.0
99,3600.0,1.98,661.9908883826879,0.5385644497597957,877.2125,39.0,2.0,9.0,439.0,40.0
99,3800.0,1.96,652.6047008547008,0.5401252711166967,877.2125,39.0,2.0,9.0,468.0,40.0
99,4000.0,1.94,651.3013833992095,0.5443415158210528,951.5975609756098,40.0,2.0,8.0,506.0,41.0
99,4200.0,1.96,641.4124087591241,0.551294265501794,951.5975609756098,40.0,2.0,8.0,548.0,41.0
99,4400.0,1.96,637.268376068376,0.5534226582612045,951.5975609756098,40.0,2.0,8.0,585.0,41.0
99,4600.0,1.96,632.5541195476575,0.5507875053209819,951.5975609756098,39.0,3.0,8.0,619.0,41.0
99,4800.0,1.96,629.3715596330276,0.5474023473131575,951.5975609756098,39.0,4.0,7.0,654.0,41.0
99,5000.0,1.98,625.8110294117647,0.5510915614294691,951.5975609756098,40.0,4.0,6.0,680.0,41.0
99,5200.0,1.98,621.1557262569833,0.5564024081243792,951.5975609756098,39.0,5.0,6.0,716.0,41.0
99,5400.0,1.96,623.1875834445927,0.5625646119230535,951.5975609756098,40.0,4.0,6.0,749.0,41.0
99,5600.0,1.94,620.7747747747748,0.5636592139136075,1161.9767441860465,41.0,2.0,7.0,777.0,43.0
99,5800.0,1.92,618.2942998760842,0.5644294893884418,1161.9767441860465,40.0,3.0,7.0,807.0,43.0
99,6000.0,1.98,619.6819809069212,0.5632740761761904,1161.9767441860465,40.0,3.0,7.0,838.0,43.0
99,6200.0,1.98,622.0840961098398,0.5660308515598078,1161.9767441860465,40.0,3.0,7.0,874.0,43.0
99,6400.0,1.94,624.2720750551877,0.5667200454057122,1161.9767441860465,43.0,0.0,7.0,906.0,43.0
99,6600.0,1.96,620.7954303931987,0.5666592341840148,1161.9767441860465,42.0,1.0,7.0,941.0,43.0
99,6800.0,1.96,619.7517875383044,0.5627875864026108,1161.9767441860465,40.0,3.0,7.0,979.0,43.0
99,7000.0,1.96,619.1063303659743,0.5612875762674072,1161.9767441860465,41.0,2.0,7.0,1011.0,43.0
99,7200.0,1.96,615.2082139446036,0.5568280866762614,1161.9767441860465,39.0,4.0,7.0,1047.0,43.0
99,7400.0,1.96,615.4758364312268,0.556686193825634,1161.9767441860465,42.0,1.0,7.0,1076.0,43.0
99,7600.0,1.96,611.2301801801801,0.5546996939168508,1161.9767441860465,42.0,1.0,7.0,1110.0,43.0
99,7800.0,1.96,609.7647569444445,0.5514969695741188,1161.9767441860465,42.0,1.0,7.0,1152.0,43.0
99,8000.0,1.98,608.7952060555089,0.5505442604341921,1161.9767441860465,40.0,3.0,7.0,1189.0,43.0
99,8200.0,1.98,608.4104963384866,0.5542334745505038,1161.9767441860465,41.0,2.0,7.0,1229.0,43.0
99,8400.0,1.96,603.8351910828026,0.5671254535503618,1161.9767441860465,41.0,2.0,7.0,1256.0,43.0
99,8600.0,1.96,603.6937596302004,0.5650173311981838,1161.9767441860465,40.0,3.0,7.0,1298.0,43.0
99,8800.0,1.98,601.3603162650602,0.5597875661322036,1161.9767441860465,40.0,3.0,7.0,1328.0,43.0
99,9000.0,1.94,598.6123718887262,0.5486793829688038,1161.9767441860465,39.0,4.0,7.0,1366.0,43.0
99,9200.0,1.96,596.725106685633,0.5366590314799424,1161.9767441860465,40.0,4.0,6.0,1406.0,43.0
99,9400.0,1.96,596.4256055363322,0.5348955060507166,1161.9767441860465,41.0,3.0,6.0,1445.0,43.0
99,9600.0,1.96,594.5960757780784,0.539213102791235,1161.9767441860465,41.0,3.0,6.0,1478.0,43.0
99,9800.0,1.96,593.1506939854594,0.543125291387104,1357.7613636363637,42.0,2.0,6.0,1513.0,44.0
99,10000.0,1.98,591.4647020725389,0.5443415158210528,1357.7613636363637,40.0,4.0,6.0,1544.0,44.0
99,10200.0,1.96,592.091972187105,0.5431050209798715,1357.7613636363637,41.0,3.0,6.0,1582.0,44.0
99,10400.0,1.98,592.1898577612864,0.5466118014310908,1357.7613636363637,41.0,3.0,6.0,1617.0,44.0
99,10600.0,1.92,593.1944444444445,0.5503212859546348,1357.7613636363637,41.0,3.0,6.0,1656.0,44.0
99,10800.0,1.94,590.9262440758293,0.5586321529199522,1357.7613636363637,43.0,1.0,6.0,1688.0,44.0
99,11000.0,1.92,590.7045322486927,0.5590578314718343,1357.7613636363637,42.0,2.0,6.0,1721.0,44.0
99,11200.0,1.92,589.8989696622782,0.5543956378083635,1357.7613636363637,40.0,4.0,6.0,1747.0,44.0
99,11400.0,1.9,590.8512071869736,0.5453347657754444,1357.7613636363637,39.0,5.0,6.0,1781.0,44.0
99,11600.0,1.96,592.0699339207049,0.5427198832424543,1357.7613636363637,40.0,4.0,6.0,1816.0,44.0
99,11800.0,1.94,591.5974096060443,0.539213102791235,1357.7613636363637,41.0,3.0,6.0,1853.0,44.0
99,12000.0,1.9,591.2871496562665,0.5413820363651106,1357.7613636363637,41.0,3.0,6.0,1891.0,44.0
99,12200.0,1.94,588.9909279419388,0.5426185312062919,1357.7613636363637,39.0,5.0,6.0,1929.0,44.0
99,12400.0,1.96,586.5450840550178,0.5377130926560315,1357.7613636363637,39.0,6.0,5.0,1963.0,44.0
99,12600.0,1.94,584.1768809167912,0.5368617355522672,1357.7613636363637,39.0,6.0,5.0,2007.0,44.0
99,12800.0,1.98,583.7067613914747,0.5355441590821559,1610.2222222222222,39.0,7.0,4.0,2041.0,45.0
99,13000.0,1.92,582.3185755534167,0.5342873938337421,1610.2222222222222,38.0,8.0,4.0,2078.0,45.0
99,13200.0,1.96,582.8190633869442,0.5394968884924898,1861.0326086956522,39.0,7.0,4.0,2114.0,46.0
99,13400.0,1.96,582.6947809878844,0.5432469138304988,1861.0326086956522,38.0,8.0,4.0,2146.0,46.0
99,13600.0,1.98,582.2629409070087,0.549023979891756,1861.0326086956522,41.0,5.0,4.0,2183.0,46.0
99,13800.0,1.96,581.8701445347787,0.5445239494861451,1861.0326086956522,39.0,7.0,4.0,2214.0,46.0
99,14000.0,1.9,580.3297966401415,0.538706342610423,1861.0326086956522,40.0,6.0,4.0,2262.0,46.0
99,14200.0,1.98,578.9869224062772,0.5402063527456267,1861.0326086956522,39.0,7.0,4.0,2294.0,46.0
99,14400.0,1.94,577.436243046641,0.5383009344657734,1861.0326086956522,38.0,9.0,3.0,2337.0,46.0
99,14600.0,1.98,576.7093170320404,0.5416658220663653,1861.0326086956522,39.0,8.0,3.0,2372.0,46.0
99,14800.0,1.98,575.6785714285714,0.5407131129264386,1861.0326086956522,40.0,7.0,3.0,2408.0,46.0
99,15000.0,1.9,575.8547531619747,0.5455577402550017,2139.553191489362,40.0,7.0,3.0,2451.0,47.0
99,15200.0,1.92,574.9360932475885,0.54742261772039,2139.553191489362,42.0,5.0,3.0,2488.0,47.0
99,15400.0,1.94,574.1390214797136,0.5471185616119028,2139.553191489362,42.0,5.0,3.0,2514.0,47.0
99,15600.0,1.98,573.9806186374315,0.5422739342833397,2139.553191489362,40.0,7.0,3.0,2554.0,47.0
99,15800.0,1.96,573.2918108419839,0.534409016277137,2139.553191489362,40.0,7.0,3.0,2601.0,47.0
99,16000.0,1.96,571.6575056861259,0.5309630470476152,2139.553191489362,41.0,6.0,3.0,2638.0,47.0
100,0.0,0.0,nan,0.015202805424360975,nan,0.0,0.0,50.0,0.0,0.0
100,200.0,0.94,55.75,0.06895992540490138,nan,0.0,25.0,25.0,4.0,0.0
100,400.0,1.82,103.0,0.15482537044169217,378.5,1.0,32.0,17.0,16.0,1.0
100,600.0,2.0,155.46153846153845,0.23702187176940384,508.65,10.0,24.0,16.0,26.0,10.0
100,800.0,2.0,223.25,0.30652909816958224,634.7592592592592,27.0,7.0,16.0,36.0,27.0
100,1000.0,1.98,340.03921568627453,0.3681308657490929,663.0666666666667,30.0,4.0,16.0,51.0,30.0
100,1200.0,2.0,407.69354838709677,0.41892850627369105,700.7878787878788,33.0,1.0,16.0,62.0,33.0
100,1400.0,1.96,537.4127906976744,0.45065169359252427,700.7878787878788,33.0,2.0,15.0,86.0,33.0
100,1600.0,1.94,689.9256198347107,0.46605720308921006,700.7878787878788,33.0,2.0,15.0,121.0,33.0
100,1800.0,1.98,708.365625,0.4780370137636065,700.7878787878788,33.0,2.0,15.0,160.0,33.0
100,2000.0,2.0,703.3617021276596,0.485638416475787,700.7878787878788,33.0,1.0,16.0,188.0,33.0
100,2200.0,1.96,679.6076233183857,0.4813816309569659,700.7878787878788,33.0,1.0,16.0,223.0,33.0
100,2400.0,2.0,658.5172413793103,0.476962682180285,700.7878787878788,33.0,1.0,16.0,261.0,33.0
100,2600.0,1.96,663.2534965034965,0.47357752417246063,753.6176470588235,34.0,0.0,16.0,286.0,34.0
100,2800.0,1.98,652.979938271605,0.47720592706707476,753.6176470588235,34.0,1.0,15.0,324.0,34.0
100,3000.0,1.96,650.625,0.485597875661322,753.6176470588235,34.0,1.0,15.0,348.0,34.0
100,3200.0,1.98,657.8229166666666,0.49336144163136236,753.6176470588235,33.0,2.0,15.0,384.0,34.0
100,3400.0,2.0,647.1148325358852,0.4946587476942412,828.0285714285715,34.0,2.0,14.0,418.0,35.0
100,3600.0,1.98,644.2847682119206,0.5011250076014027,828.0285714285715,34.0,2.0,14.0,453.0,35.0
100,3800.0,2.0,639.351966873706,0.5053615227129913,907.9305555555555,36.0,0.0,14.0,483.0,36.0
100,4000.0,1.96,636.9874517374517,0.5033750228042081,907.9305555555555,35.0,1.0,14.0,518.0,36.0
100,4200.0,2.0,633.1633393829401,0.5016114973749822,907.9305555555555,36.0,0.0,14.0,551.0,36.0
100,4400.0,1.9,621.2512647554806,0.49964526787343155,907.9305555555555,36.0,0.0,14.0,593.0,36.0
100,4600.0,1.98,614.6014150943396,0.49956418624450166,907.9305555555555,36.0,0.0,14.0,636.0,36.0
100,4800.0,1.98,609.7111111111111,0.5023006912208866,907.9305555555555,36.0,0.0,14.0,675.0,36.0
100,5000.0,1.94,610.7842031029619,0.5011047371941703,907.9305555555555,36.0,0.0,14.0,709.0,36.0
100,5200.0,1.96,607.9429347826087,0.4997263495023615,907.9305555555555,36.0,0.0,14.0,736.0,36.0
100,5400.0,1.94,603.3174193548388,0.49439523240021893,907.9305555555555,36.0,0.0,14.0,775.0,36.0
100,5600.0,2.0,604.2959057071961,0.48730058986885044,907.9305555555555,36.0,0.0,14.0,806.0,36.0
100,5800.0,1.98,602.5235294117647,0.48711815620375815,907.9305555555555,36.0,0.0,14.0,850.0,36.0
100,6000.0,1.96,599.4148694665154,0.4897533091439807,907.9305555555555,36.0,0.0,14.0,881.0,36.0
100,6200.0,1.96,595.4686147186147,0.4959357833498875,907.9305555555555,36.0,0.0,14.0,924.0,36.0
100,6400.0,1.98,592.6930280957337,0.49634119149453715,907.9305555555555,33.0,3.0,14.0,961.0,36.0
100,6600.0,1.98,591.3606639839035,0.4953884823546105,907.9305555555555,34.0,2.0,14.0,994.0,36.0
100,6800.0,1.94,592.3,0.4938682018121744,907.9305555555555,35.0,2.0,13.0,1030.0,36.0
100,7000.0,1.96,589.543355325165,0.495368211947378,907.9305555555555,35.0,2.0,13.0,1061.0,36.0
100,7200.0,1.98,591.1932234432235,0.49707092615490645,907.9305555555555,34.0,3.0,13.0,1092.0,36.0
100,7400.0,1.98,591.4239610963749,0.497557415928486,907.9305555555555,35.0,2.0,13.0,1131.0,36.0
100,7600.0,1.98,591.6969957081545,0.493766849776012,907.9305555555555,34.0,3.0,13.0,1165.0,36.0
100,7800.0,1.96,589.8649210307565,0.49672632923195426,907.9305555555555,35.0,3.0,12.0,1203.0,36.0
100,8000.0,1.96,588.5286521388216,0.5040439462428801,1095.5945945945946,37.0,1.0,12.0,1239.0,37.0
100,8200.0,1.98,584.4541536050157,0.5088683031642106,1095.5945945945946,36.0,2.0,12.0,1276.0,37.0
100,8400.0,1.98,584.9761354888376,0.5118075122129203,1286.842105263158,37.0,1.0,12.0,1299.0,38.0
100,8600.0,1.96,585.1357196122297,0.5159021344738816,1286.842105263158,36.0,2.0,12.0,1341.0,38.0
100,8800.0,2.0,585.6745454545454,0.5154764559219994,1286.842105263158,35.0,3.0,12.0,1375.0,38.0
100,9000.0,1.98,583.9771126760563,0.5162264609896012,1286.842105263158,37.0,1.0,12.0,1420.0,38.0
100,9200.0,1.96,584.5352453351762,0.5085237062412584,1286.842105263158,37.0,1.0,12.0,1447.0,38.0
100,9400.0,1.98,583.8363759296822,0.5098818235258347,1286.842105263158,37.0,2.0,11.0,1479.0,38.0
100,9600.0,1.98,581.9125989445911,0.5061723390022905,1286.842105263158,37.0,2.0,11.0,1516.0,38.0
100,9800.0,1.98,582.3139534883721,0.5034155636186731,1286.842105263158,38.0,1.0,11.0,1548.0,38.0
100,10000.0,1.96,579.3317610062893,0.5033750228042081,1286.842105263158,37.0,2.0,11.0,1590.0,38.0
100,10200.0,1.96,580.5990190067444,0.5054831451563861,1511.2051282051282,38.0,1.0,11.0,1631.0,39.0
100,10400.0,1.94,581.1398432790838,0.5067196399975675,1511.2051282051282,38.0,1.0,11.0,1659.0,39.0
100,10600.0,1.98,578.3687943262412,0.5064966655180102,1511.2051282051282,36.0,3.0,11.0,1692.0,39.0
100,10800.0,1.98,579.3971610660486,0.5049155737538767,1511.2051282051282,36.0,3.0,11.0,1726.0,39.0
100,11000.0,2.0,580.2870528109029,0.5109358847019236,1511.2051282051282,35.0,4.0,11.0,1761.0,39.0
100,11200.0,1.98,579.4468854282536,0.5157602416232542,1511.2051282051282,37.0,2.0,11.0,1798.0,39.0
100,11400.0,1.96,580.0524876981957,0.510530476557274,1511.2051282051282,36.0,3.0,11.0,1829.0,39.0
100,11600.0,1.94,580.7424568965517,0.4979830944803681,1511.2051282051282,34.0,6.0,10.0,1856.0,39.0
100,11800.0,1.94,582.1549630411827,0.49682768126811666,1511.2051282051282,34.0,6.0,10.0,1894.0,39.0
100,12000.0,1.96,577.9170103092783,0.5096588490462773,1511.2051282051282,36.0,4.0,10.0,1940.0,39.0
100,12200.0,1.98,578.3479472883934,0.5139967161940283,1777.0125,39.0,1.0,10.0,1973.0,40.0
100,12400.0,1.94,577.8437343984024,0.5129426550179393,1777.0125,38.0,2.0,10.0,2003.0,40.0
100,12600.0,2.0,578.5752212389381,0.5130845478685667,1777.0125,38.0,2.0,10.0,2034.0,40.0
100,12800.0,1.98,579.0459159014016,0.5136521192710761,1777.0125,39.0,1.0,10.0,2069.0,40.0
100,13000.0,1.94,577.3873038516405,0.5200981087710053,1777.0125,38.0,2.0,10.0,2103.0,40.0
100,13200.0,1.94,577.8833021515435,0.5201589199927027,1777.0125,37.0,3.0,10.0,2138.0,40.0
100,13400.0,1.96,578.6762540266913,0.5198548638842154,1777.0125,36.0,4.0,10.0,2173.0,40.0
100,13600.0,2.0,579.0719800181653,0.5206251393590497,1777.0125,37.0,3.0,10.0,2202.0,40.0
100,13800.0,1.96,578.632707774799,0.5136318488638437,1777.0125,38.0,2.0,10.0,2238.0,40.0
100,14000.0,1.98,577.76110866696,0.5135913080493787,1777.0125,39.0,1.0,10.0,2273.0,40.0
100,14200.0,1.98,578.4881158167675,0.508929114385908,1777.0125,38.0,3.0,9.0,2314.0,40.0
100,14400.0,1.98,577.4268085106384,0.507875053209819,1777.0125,37.0,4.0,9.0,2350.0,40.0
100,14600.0,1.94,576.7519866164785,0.5107939918512963,1777.0125,36.0,5.0,9.0,2391.0,40.0
100,14800.0,1.98,575.383980181668,0.5128615733890094,1777.0125,35.0,7.0,8.0,2422.0,40.0
100,15000.0,1.94,576.2893988627133,0.5238278637017818,2096.0853658536585,37.0,5.0,8.0,2462.0,41.0
100,15200.0,1.96,576.1409947853991,0.5354428070459936,2404.25,39.0,3.0,8.0,2493.0,42.0
100,15400.0,1.92,574.8532200711181,0.5369428171811972,2404.25,40.0,2.0,8.0,2531.0,42.0
100,15600.0,2.0,574.2145914396887,0.5447874647801675,2404.25,41.0,1.0,8.0,2570.0,42.0
100,15800.0,2.0,574.118800461361,0.5460442300285813,2404.25,40.0,3.0,7.0,2601.0,42.0
100,16000.0,2.0,574.0056925996205,0.5436117811606835,2404.25,36.0,8.0,6.0,2635.0,42.0
