condition,episode_type,motor_id,track_id,start_s,end_s,duration_s,completed
baseline,motor_dwell,24,23,123.5,197.0,73.5,1
baseline,motor_dwell,38,6,28.5,290.0,261.5,1
baseline,motor_dwell,19,29,163.0,310.0,147.0,1
baseline,motor_dwell,21,45,342.5,354.5,12.0,1
baseline,motor_dwell,8,6,172.5,373.5,201.0,1
baseline,motor_dwell,8,49,380.5,407.0,26.5,1
baseline,motor_dwell,18,9,341.5,421.5,80.0,1
baseline,motor_dwell,35,18,13.0,439.0,426.0,1
baseline,motor_dwell,37,19,121.0,447.0,326.0,1
baseline,motor_dwell,25,26,118.5,495.0,376.5,1
baseline,motor_dwell,39,28,435.0,518.5,83.5,1
baseline,motor_dwell,27,16,133.5,536.0,402.5,1
baseline,motor_dwell,8,19,455.5,637.0,181.5,1
baseline,motor_dwell,22,29,453.0,783.0,330.0,1
baseline,motor_dwell,22,49,803.5,849.0,45.5,1
baseline,motor_dwell,30,26,296.0,871.0,575.0,1
baseline,motor_dwell,13,28,328.5,977.5,649.0,1
baseline,motor_dwell,24,28,211.5,1039.0,827.5,1
baseline,motor_dwell,12,37,103.5,1070.5,967.0,1
baseline,motor_dwell,28,9,104.0,1076.5,972.5,1
baseline,motor_dwell,11,16,15.5,1095.5,1080.0,1
baseline,motor_dwell,17,37,179.0,1112.5,933.5,1
baseline,motor_dwell,39,16,664.0,1153.5,489.5,1
baseline,motor_dwell,4,49,298.5,1158.5,860.0,1
baseline,motor_dwell,32,23,421.0,1193.5,772.5,1
baseline,motor_dwell,8,16,655.0,1218.0,563.0,1
baseline,motor_dwell,39,28,1164.0,1230.0,66.0,1
baseline,motor_dwell,3,37,315.5,1246.0,930.5,1
baseline,motor_dwell,31,28,8.0,1262.5,1254.5,1
baseline,motor_dwell,5,29,34.0,1358.5,1324.5,1
baseline,motor_dwell,6,16,382.5,1390.0,1007.5,1
baseline,motor_dwell,27,49,688.5,1422.5,734.0,1
baseline,motor_dwell,36,18,141.5,1427.5,1286.0,1
baseline,motor_dwell,33,23,15.0,1433.0,1418.0,1
baseline,motor_dwell,0,45,71.0,1456.0,1385.0,1
baseline,motor_dwell,2,28,177.0,1478.0,1301.0,1
baseline,motor_dwell,34,6,267.0,1526.5,1259.5,1
baseline,motor_dwell,9,5,83.5,1534.0,1450.5,1
baseline,motor_dwell,16,45,300.5,1573.0,1272.5,1
baseline,motor_dwell,1,23,225.0,1575.5,1350.5,1
baseline,motor_dwell,20,5,207.5,1595.5,1388.0,1
baseline,motor_dwell,15,18,297.0,1601.0,1304.0,1
baseline,motor_dwell,3,26,1251.0,1623.0,372.0,1
baseline,motor_dwell,14,23,161.0,1651.5,1490.5,1
baseline,motor_dwell,29,49,204.5,1654.0,1449.5,1
baseline,motor_dwell,10,5,454.0,1689.5,1235.5,1
baseline,motor_dwell,9,35,1543.0,1726.0,183.0,1
baseline,motor_dwell,2,26,1585.5,1747.5,162.0,1
baseline,motor_dwell,38,4,364.0,1751.0,1387.0,1
baseline,motor_dwell,35,35,442.5,1774.5,1332.0,1
baseline,motor_dwell,29,9,1654.5,1789.0,134.5,1
baseline,motor_dwell,5,49,1379.5,1808.0,428.5,1
baseline,motor_dwell,23,17,438.5,1819.5,1381.0,1
baseline,motor_dwell,9,23,1727.5,1824.0,96.5,1
baseline,motor_dwell,33,28,1454.5,1837.5,383.0,1
baseline,motor_dwell,14,35,1659.0,1859.5,200.5,1
baseline,motor_dwell,28,29,1123.5,1863.0,739.5,1
baseline,motor_dwell,6,45,1419.0,1882.5,463.5,1
baseline,motor_dwell,8,13,1223.0,1897.5,674.5,1
baseline,motor_dwell,26,29,274.0,1904.0,1630.0,1
baseline,motor_dwell,37,49,473.5,1913.5,1440.0,1
baseline,motor_dwell,18,27,489.5,1937.5,1448.0,1
baseline,motor_dwell,29,35,1795.5,1965.0,169.5,1
baseline,motor_dwell,7,13,251.5,1986.5,1735.0,1
baseline,motor_dwell,25,45,633.0,1996.5,1363.5,1
baseline,motor_dwell,21,9,506.5,2011.5,1505.0,1
baseline,motor_dwell,36,27,1438.0,2018.0,580.0,1
baseline,motor_dwell,34,4,1553.0,2019.5,466.5,1
baseline,motor_dwell,39,29,1245.0,2024.0,779.0,1
baseline,motor_dwell,21,26,2018.5,2101.0,82.5,1
baseline,motor_dwell,34,29,2023.5,2101.0,77.5,1
baseline,motor_dwell,39,27,2028.0,2101.0,73.0,1
baseline,motor_dwell,24,17,1040.5,2104.0,1063.5,1
baseline,motor_dwell,22,29,856.0,2124.0,1268.0,1
baseline,motor_dwell,32,28,1205.5,2135.5,930.0,1
baseline,motor_dwell,30,28,881.5,2151.5,1270.0,1
baseline,motor_dwell,8,16,1902.5,2167.0,264.5,1
baseline,motor_dwell,13,6,1055.0,2170.5,1115.5,1
baseline,motor_dwell,23,23,1827.5,2180.0,352.5,1
baseline,motor_dwell,21,18,2151.0,2192.5,41.5,1
baseline,motor_dwell,19,29,446.0,2198.5,1752.5,1
baseline,motor_dwell,26,18,1919.0,2208.5,289.5,1
baseline,motor_dwell,38,49,1769.5,2214.5,445.0,1
baseline,motor_dwell,12,5,1081.5,2215.0,1133.5,1
baseline,motor_dwell,20,35,1599.0,2233.0,634.0,1
baseline,motor_dwell,23,19,2181.5,2260.5,79.0,1
baseline,motor_dwell,34,13,2121.5,2265.5,144.0,1
baseline,motor_dwell,27,9,1423.5,2296.0,872.5,1
baseline,motor_dwell,32,37,2137.0,2303.5,166.5,1
baseline,motor_dwell,24,49,2122.5,2314.0,191.5,1
baseline,motor_dwell,17,35,1138.5,2316.0,1177.5,1
baseline,motor_dwell,33,29,1871.5,2316.0,444.5,1
baseline,motor_dwell,34,27,2270.5,2319.5,49.0,1
baseline,motor_dwell,4,5,1179.0,2350.0,1171.0,1
baseline,motor_dwell,11,6,1096.0,2354.5,1258.5,1
baseline,motor_dwell,30,28,2156.0,2383.5,227.5,1
baseline,motor_dwell,12,16,2235.0,2386.5,151.5,1
baseline,motor_dwell,9,4,1832.5,2398.5,566.0,1
baseline,motor_dwell,12,29,2387.0,2411.0,24.0,1
baseline,motor_dwell,36,9,2028.5,2416.0,387.5,1
baseline,motor_dwell,34,17,2344.0,2419.0,75.0,1
baseline,motor_dwell,20,6,2257.5,2425.5,168.0,1
baseline,motor_dwell,31,5,1329.0,2426.5,1097.5,1
baseline,motor_dwell,31,45,2430.5,2434.0,3.5,1
baseline,motor_dwell,34,9,2442.5,2447.0,4.5,1
baseline,motor_dwell,14,29,1889.0,2462.0,573.0,1
baseline,motor_dwell,36,18,2506.0,2534.5,28.5,1
baseline,motor_dwell,12,9,2415.5,2542.5,127.0,1
baseline,motor_dwell,39,13,2148.0,2549.0,401.0,1
baseline,motor_dwell,14,17,2470.5,2553.5,83.0,1
baseline,motor_dwell,37,18,1921.5,2577.0,655.5,1
baseline,motor_dwell,38,49,2216.5,2577.5,361.0,1
baseline,motor_dwell,10,37,1708.5,2596.0,887.5,1
baseline,motor_dwell,18,9,1954.0,2614.0,660.0,1
baseline,motor_dwell,15,28,1616.5,2631.5,1015.0,1
baseline,motor_dwell,16,13,1594.0,2638.5,1044.5,1
baseline,motor_dwell,28,5,1868.5,2671.5,803.0,1
baseline,motor_dwell,38,23,2581.5,2686.5,105.0,1
baseline,motor_dwell,6,37,1889.5,2691.0,801.5,1
baseline,motor_dwell,27,45,2314.0,2705.0,391.0,1
baseline,motor_dwell,22,17,2154.0,2707.5,553.5,1
baseline,motor_dwell,17,13,2345.5,2713.5,368.0,1
baseline,motor_dwell,38,28,2691.0,2747.5,56.5,1
baseline,motor_dwell,7,16,2013.0,2750.5,737.5,1
baseline,motor_dwell,1,4,1576.5,2758.5,1182.0,1
baseline,motor_dwell,37,17,2602.5,2759.0,156.5,1
baseline,motor_dwell,0,19,1490.5,2776.0,1285.5,1
baseline,motor_dwell,16,9,2639.0,2800.0,161.0,1
baseline,motor_dwell,14,27,2562.0,2818.5,256.5,1
baseline,motor_dwell,11,29,2373.0,2839.0,466.0,1
baseline,motor_dwell,24,26,2320.5,2870.0,549.5,1
baseline,motor_dwell,18,35,2657.0,2871.5,214.5,1
baseline,motor_dwell,11,6,2856.5,2880.0,23.5,1
baseline,motor_dwell,26,19,2222.5,2893.0,670.5,1
baseline,motor_dwell,29,45,1990.0,2901.5,911.5,1
baseline,motor_dwell,30,28,2385.5,2921.0,535.5,1
baseline,motor_dwell,25,6,2020.5,2930.5,910.0,1
baseline,motor_dwell,3,17,1649.5,2956.0,1306.5,1
baseline,motor_dwell,13,29,2183.0,2956.0,773.0,1
baseline,motor_dwell,1,45,2789.5,2963.0,173.5,1
baseline,motor_dwell,4,16,2362.0,2978.0,616.0,1
baseline,motor_dwell,17,23,2746.0,3009.0,263.0,1
baseline,motor_dwell,39,26,2552.0,3020.0,468.0,1
baseline,motor_dwell,3,49,2960.0,3031.0,71.0,1
baseline,motor_dwell,35,19,1797.5,3060.5,1263.0,1
baseline,motor_dwell,22,13,2781.5,3100.0,318.5,1
baseline,motor_dwell,20,6,2435.0,3101.5,666.5,1
baseline,motor_dwell,2,49,1749.0,3124.0,1375.0,1
baseline,motor_dwell,2,35,3126.0,3152.5,26.5,1
baseline,motor_dwell,31,13,2448.5,3161.5,713.0,1
baseline,motor_dwell,13,27,2961.0,3170.5,209.5,1
baseline,motor_dwell,36,9,2543.0,3179.0,636.0,1
baseline,motor_dwell,36,6,3181.0,3224.5,43.5,1
baseline,motor_dwell,26,23,2897.0,3231.0,334.0,1
baseline,motor_dwell,14,17,2840.0,3250.0,410.0,1
baseline,motor_dwell,5,27,1815.0,3261.5,1446.5,1
baseline,motor_dwell,27,9,2713.0,3266.5,553.5,1
baseline,motor_dwell,23,45,2273.0,3299.0,1026.0,1
baseline,motor_dwell,38,29,2777.0,3313.5,536.5,1
baseline,motor_dwell,3,35,3033.0,3319.5,286.5,1
baseline,motor_dwell,3,17,3324.5,3327.0,2.5,1
baseline,motor_dwell,30,28,2923.5,3339.0,415.5,1
baseline,motor_dwell,28,45,2673.0,3347.5,674.5,1
baseline,motor_dwell,6,49,2708.0,3404.5,696.5,1
baseline,motor_dwell,18,9,2882.0,3414.0,532.0,1
baseline,motor_dwell,9,16,2410.0,3422.5,1012.5,1
baseline,motor_dwell,34,27,2490.5,3439.5,949.0,1
baseline,motor_dwell,39,11,3027.5,3443.0,415.5,1
baseline,motor_dwell,8,28,2187.0,3483.0,1296.0,1
baseline,motor_dwell,28,16,3356.0,3489.5,133.5,1
baseline,motor_dwell,32,29,2312.0,3532.0,1220.0,1
baseline,motor_dwell,35,49,3109.5,3552.0,442.5,1
baseline,motor_dwell,36,37,3236.5,3553.5,317.0,1
baseline,motor_dwell,25,28,2949.0,3577.0,628.0,1
baseline,motor_dwell,30,13,3353.0,3579.0,226.0,1
baseline,motor_dwell,24,27,2903.5,3609.0,705.5,1
baseline,motor_dwell,11,9,2884.0,3612.0,728.0,1
baseline,motor_dwell,33,17,2322.5,3632.5,1310.0,1
baseline,motor_dwell,36,18,3573.0,3684.0,111.0,1
baseline,motor_dwell,12,28,2553.0,3703.5,1150.5,1
baseline,motor_dwell,30,4,3592.5,3715.5,123.0,1
baseline,motor_dwell,36,45,3686.0,3718.0,32.0,1
baseline,motor_dwell,37,5,2771.0,3740.5,969.5,1
baseline,motor_dwell,29,13,2950.0,3746.0,796.0,1
baseline,motor_dwell,7,45,2773.0,3756.0,983.0,1
baseline,motor_dwell,16,27,2801.0,3777.5,976.5,1
baseline,motor_dwell,37,19,3743.0,3813.0,70.0,1
baseline,motor_dwell,6,17,3411.0,3848.0,437.0,1
baseline,motor_dwell,13,4,3172.0,3864.0,692.0,1
baseline,motor_dwell,15,11,2642.5,3885.5,1243.0,1
baseline,motor_dwell,25,5,3588.5,3899.5,311.0,1
baseline,motor_dwell,0,6,2800.0,3902.5,1102.5,1
baseline,motor_dwell,26,29,3234.5,3905.5,671.0,1
baseline,motor_dwell,10,45,2610.5,3918.5,1308.0,1
baseline,motor_dwell,21,9,2211.5,3924.0,1712.5,1
baseline,motor_dwell,4,13,2994.0,3925.0,931.0,1
baseline,motor_dwell,33,9,3645.0,4005.5,360.5,1
baseline,motor_dwell,34,18,3443.5,4028.0,584.5,1
baseline,motor_dwell,19,9,2202.5,4045.5,1843.0,1
baseline,motor_dwell,10,28,3921.5,4046.0,124.5,1
baseline,motor_dwell,28,4,3490.0,4093.0,603.0,1
baseline,motor_dwell,17,29,3028.5,4100.0,1071.5,1
baseline,motor_dwell,12,28,3724.0,4145.0,421.0,1
baseline,motor_dwell,13,17,3866.0,4153.5,287.5,1
baseline,motor_dwell,33,27,4009.0,4156.5,147.5,1
baseline,motor_dwell,11,27,3613.0,4164.5,551.5,1
baseline,motor_dwell,19,37,4048.5,4193.0,144.5,1
baseline,motor_dwell,2,45,3171.0,4201.5,1030.5,1
baseline,motor_dwell,38,37,3317.0,4263.5,946.5,1
baseline,motor_dwell,30,5,3735.5,4299.5,564.0,1
baseline,motor_dwell,27,45,3274.5,4307.0,1032.5,1
baseline,motor_dwell,6,26,3872.0,4321.5,449.5,1
baseline,motor_dwell,9,23,3461.5,4327.0,865.5,1
baseline,motor_dwell,9,13,4333.5,4341.0,7.5,1
baseline,motor_dwell,35,35,3600.5,4351.5,751.0,1
baseline,motor_dwell,20,48,3104.5,4379.0,1274.5,1
baseline,motor_dwell,1,35,2966.5,4389.0,1422.5,1
baseline,motor_dwell,18,45,3450.0,4394.0,944.0,1
baseline,motor_dwell,6,9,4334.0,4409.5,75.5,1
baseline,motor_dwell,2,26,4220.5,4455.0,234.5,1
baseline,motor_dwell,23,6,3303.5,4475.0,1171.5,1
baseline,motor_dwell,34,16,4029.0,4483.0,454.0,1
baseline,motor_dwell,24,49,3631.5,4484.0,852.5,1
baseline,motor_dwell,11,9,4168.0,4509.0,341.0,1
baseline,motor_dwell,22,9,3110.0,4561.0,1451.0,1
baseline,motor_dwell,16,23,3802.0,4569.5,767.5,1
baseline,motor_dwell,18,16,4404.5,4585.0,180.5,1
baseline,motor_dwell,16,6,4610.5,4624.0,13.5,1
baseline,motor_dwell,0,11,3913.5,4630.5,717.0,1
baseline,motor_dwell,9,49,4341.5,4636.0,294.5,1
baseline,motor_dwell,39,48,3447.5,4649.0,1201.5,1
baseline,motor_dwell,36,17,3719.0,4658.0,939.0,1
baseline,motor_dwell,5,29,3278.5,4663.0,1384.5,1
baseline,motor_dwell,12,16,4167.0,4712.5,545.5,1
baseline,motor_dwell,7,29,3759.5,4733.0,973.5,1
baseline,motor_dwell,39,18,4656.5,4759.0,102.5,1
baseline,motor_dwell,2,27,4460.5,4760.0,299.5,1
baseline,motor_dwell,35,48,4357.0,4768.0,411.0,1
baseline,motor_dwell,24,16,4505.5,4794.0,288.5,1
baseline,motor_dwell,3,9,3337.0,4794.5,1457.5,1
baseline,motor_dwell,4,48,3927.0,4804.5,877.5,1
baseline,motor_dwell,36,11,4681.0,4806.0,125.0,1
baseline,motor_dwell,19,4,4236.5,4823.0,586.5,1
baseline,motor_dwell,15,19,3925.0,4832.0,907.0,1
baseline,motor_dwell,7,6,4740.5,4855.0,114.5,1
baseline,motor_dwell,29,17,3755.5,4862.5,1107.0,1
baseline,motor_dwell,10,35,4049.5,4865.5,816.0,1
baseline,motor_dwell,17,45,4104.5,4871.5,767.0,1
baseline,motor_dwell,26,13,3911.5,4882.5,971.0,1
baseline,motor_dwell,9,4,4641.0,4888.5,247.5,1
baseline,motor_dwell,34,9,4487.5,4895.0,407.5,1
baseline,motor_dwell,28,5,4100.0,4908.0,808.0,1
baseline,motor_dwell,3,27,4803.5,4927.0,123.5,1
baseline,motor_dwell,1,9,4409.5,4934.0,524.5,1
baseline,motor_dwell,23,19,4482.0,4943.5,461.5,1
baseline,motor_dwell,38,45,4278.0,4959.5,681.5,1
baseline,motor_dwell,0,29,4631.5,4985.0,353.5,1
baseline,motor_dwell,31,46,3162.5,4999.0,1836.5,1
baseline,motor_dwell,14,9,3273.0,5012.5,1739.5,1
baseline,motor_dwell,0,19,4991.5,5014.5,23.0,1
baseline,motor_dwell,14,49,5022.0,5066.0,44.0,1
baseline,motor_dwell,12,5,4713.5,5086.5,373.0,1
baseline,motor_dwell,21,35,3961.0,5091.0,1130.0,1
baseline,motor_dwell,24,28,4799.5,5092.0,292.5,1
baseline,motor_dwell,32,19,3538.0,5095.5,1557.5,1
baseline,motor_dwell,22,17,4574.5,5116.0,541.5,1
baseline,motor_dwell,24,40,5093.5,5148.5,55.0,1
baseline,motor_dwell,7,16,4866.0,5161.0,295.0,1
baseline,motor_dwell,37,19,3822.0,5161.5,1339.5,1
baseline,motor_dwell,1,27,4936.5,5170.5,234.0,1
baseline,motor_dwell,35,37,4812.0,5172.0,360.0,1
baseline,motor_dwell,33,46,4160.0,5189.0,1029.0,1
baseline,motor_dwell,20,29,4387.0,5198.5,811.5,1
baseline,motor_dwell,25,17,3901.5,5211.0,1309.5,1
baseline,motor_dwell,10,23,4872.0,5229.0,357.0,1
baseline,motor_dwell,6,9,4415.0,5231.5,816.5,1
baseline,motor_dwell,15,13,4844.0,5234.0,390.0,1
baseline,motor_dwell,13,6,4165.5,5255.5,1090.0,1
baseline,motor_dwell,23,17,4990.5,5272.5,282.0,1
baseline,motor_dwell,16,28,4626.0,5291.5,665.5,1
baseline,motor_dwell,23,16,5276.0,5294.0,18.0,1
baseline,motor_dwell,32,27,5107.5,5340.5,233.0,1
baseline,motor_dwell,13,17,5259.5,5350.5,91.0,1
baseline,motor_dwell,8,9,3507.5,5355.5,1848.0,1
baseline,motor_dwell,18,23,4594.0,5363.0,769.0,1
baseline,motor_dwell,3,49,4952.0,5366.0,414.0,1
baseline,motor_dwell,31,13,5012.5,5367.5,355.0,1
baseline,motor_dwell,38,16,4967.0,5388.0,421.0,1
baseline,motor_dwell,21,11,5116.5,5393.0,276.5,1
baseline,motor_dwell,15,23,5255.0,5414.0,159.0,1
baseline,motor_dwell,37,35,5169.5,5441.0,271.5,1
baseline,motor_dwell,26,16,4897.5,5445.5,548.0,1
baseline,motor_dwell,29,11,4876.0,5451.5,575.5,1
baseline,motor_dwell,30,9,4310.5,5457.5,1147.0,1
baseline,motor_dwell,19,19,4826.0,5460.0,634.0,1
baseline,motor_dwell,3,17,5367.5,5464.0,96.5,1
baseline,motor_dwell,32,6,5351.0,5477.5,126.5,1
baseline,motor_dwell,29,35,5467.5,5487.0,19.5,1
baseline,motor_dwell,39,9,4761.0,5514.0,753.0,1
baseline,motor_dwell,34,13,4898.0,5524.0,626.0,1
baseline,motor_dwell,16,29,5301.0,5560.5,259.5,1
baseline,motor_dwell,2,28,4764.0,5599.0,835.0,1
baseline,motor_dwell,19,13,5465.0,5630.5,165.5,1
baseline,motor_dwell,3,11,5466.5,5653.5,187.0,1
baseline,motor_dwell,34,11,5534.5,5654.5,120.0,1
baseline,motor_dwell,29,19,5499.5,5658.5,159.0,1
baseline,motor_dwell,22,37,5125.0,5663.0,538.0,1
baseline,motor_dwell,11,46,4525.0,5682.0,1157.0,1
baseline,motor_dwell,2,17,5616.0,5685.5,69.5,1
baseline,motor_dwell,31,49,5380.0,5692.0,312.0,1
baseline,motor_dwell,15,13,5421.5,5696.5,275.0,1
baseline,motor_dwell,18,13,5369.5,5720.5,351.0,1
baseline,motor_dwell,17,18,4876.0,5734.5,858.5,1
baseline,motor_dwell,5,46,4667.0,5735.0,1068.0,1
baseline,motor_dwell,27,29,4316.5,5743.0,1426.5,1
baseline,motor_dwell,16,9,5570.5,5751.0,180.5,1
baseline,motor_dwell,24,16,5155.0,5772.5,617.5,1
baseline,motor_dwell,25,18,5225.5,5803.0,577.5,1
baseline,motor_dwell,4,5,4811.0,5818.5,1007.5,1
baseline,motor_dwell,5,19,5746.5,5821.0,74.5,1
baseline,motor_dwell,26,27,5461.5,5826.0,364.5,1
baseline,motor_dwell,24,45,5791.5,5830.5,39.0,1
baseline,motor_dwell,36,9,4808.5,5833.5,1025.0,1
baseline,motor_dwell,20,48,5199.0,5844.0,645.0,1
baseline,motor_dwell,7,37,5194.5,5877.0,682.5,1
baseline,motor_dwell,1,13,5172.5,5879.0,706.5,1
baseline,motor_dwell,33,4,5215.0,5897.5,682.5,1
baseline,motor_dwell,12,5,5087.0,5901.0,814.0,1
baseline,motor_dwell,8,46,5371.5,5911.5,540.0,1
baseline,motor_dwell,35,46,5210.5,5943.0,732.5,1
baseline,motor_dwell,14,48,5067.0,5946.5,879.5,1
baseline,motor_dwell,26,29,5830.0,5967.5,137.5,1
baseline,motor_dwell,5,23,5834.5,5972.5,138.0,1
baseline,motor_dwell,29,11,5668.0,5981.5,313.5,1
baseline,motor_dwell,26,5,5970.5,6024.0,53.5,1
baseline,motor_dwell,27,19,5753.5,6026.5,273.0,1
baseline,motor_dwell,0,23,5028.0,6039.0,1011.0,1
baseline,motor_dwell,9,4,4922.5,6043.5,1121.0,1
baseline,motor_dwell,24,49,5836.5,6060.5,224.0,1
baseline,motor_dwell,25,17,5805.0,6066.5,261.5,1
baseline,motor_dwell,28,23,4915.5,6118.5,1203.0,1
baseline,motor_dwell,23,48,5297.5,6139.0,841.5,1
baseline,motor_dwell,15,48,5700.0,6171.0,471.0,1
baseline,motor_dwell,23,23,6141.0,6178.5,37.5,1
baseline,motor_dwell,37,6,5450.5,6184.0,733.5,1
baseline,motor_dwell,5,16,5976.5,6217.5,241.0,1
baseline,motor_dwell,26,5,6027.5,6218.0,190.5,1
baseline,motor_dwell,21,45,5403.5,6242.0,838.5,1
baseline,motor_dwell,26,16,6221.0,6250.5,29.5,1
baseline,motor_dwell,38,35,5391.0,6255.5,864.5,1
baseline,motor_dwell,30,28,5482.5,6299.0,816.5,1
baseline,motor_dwell,10,49,5263.5,6311.5,1048.0,1
baseline,motor_dwell,30,13,6309.0,6334.0,25.0,1
baseline,motor_dwell,39,29,5525.0,6354.0,829.0,1
baseline,motor_dwell,27,11,6052.5,6363.5,311.0,1
baseline,motor_dwell,31,19,5708.0,6407.0,699.0,1
baseline,motor_dwell,28,13,6123.0,6422.5,299.5,1
baseline,motor_dwell,36,35,5840.5,6427.0,586.5,1
baseline,motor_dwell,37,27,6188.0,6429.5,241.5,1
baseline,motor_dwell,33,18,5916.0,6433.5,517.5,1
baseline,motor_dwell,31,9,6408.0,6458.5,50.5,1
baseline,motor_dwell,17,19,5743.0,6465.0,722.0,1
baseline,motor_dwell,0,27,6048.5,6470.0,421.5,1
baseline,motor_dwell,32,13,5481.0,6526.0,1045.0,1
baseline,motor_dwell,30,9,6334.5,6546.5,212.0,1
baseline,motor_dwell,28,46,6429.5,6562.5,133.0,1
baseline,motor_dwell,6,11,5232.0,6571.0,1339.0,1
baseline,motor_dwell,21,45,6252.0,6583.5,331.5,1
baseline,motor_dwell,2,5,5691.5,6584.5,893.0,1
baseline,motor_dwell,2,6,6586.5,6595.5,9.0,1
baseline,motor_dwell,20,35,5862.5,6615.0,752.5,1
baseline,motor_dwell,1,4,5885.0,6655.0,770.0,1
baseline,motor_dwell,8,5,5916.5,6657.5,741.0,1
baseline,motor_dwell,22,46,5690.5,6688.0,997.5,1
baseline,motor_dwell,25,27,6109.5,6693.0,583.5,1
baseline,motor_dwell,18,27,5724.0,6707.0,983.0,1
baseline,motor_dwell,27,4,6382.0,6723.0,341.0,1
baseline,motor_dwell,24,17,6079.0,6772.0,693.0,1
baseline,motor_dwell,13,27,5364.5,6779.5,1415.0,1
baseline,motor_dwell,0,26,6475.0,6782.0,307.0,1
baseline,motor_dwell,21,18,6595.0,6789.0,194.0,1
baseline,motor_dwell,39,28,6371.0,6794.0,423.0,1
baseline,motor_dwell,36,11,6445.0,6794.5,349.5,1
baseline,motor_dwell,37,13,6441.5,6813.0,371.5,1
baseline,motor_dwell,11,46,5697.5,6843.0,1145.5,1
baseline,motor_dwell,7,46,5888.5,6871.0,982.5,1
baseline,motor_dwell,0,13,6801.5,6941.0,139.5,1
baseline,motor_dwell,36,49,6812.0,6960.5,148.5,1
baseline,motor_dwell,30,37,6570.0,6964.5,394.5,1
baseline,motor_dwell,26,4,6256.5,6995.5,739.0,1
baseline,motor_dwell,23,16,6201.5,7025.0,823.5,1
baseline,motor_dwell,3,9,5654.0,7042.0,1388.0,1
baseline,motor_dwell,11,23,6866.0,7056.5,190.5,1
baseline,motor_dwell,2,6,6600.5,7068.0,467.5,1
baseline,motor_dwell,33,17,6436.5,7080.5,644.0,1
baseline,motor_dwell,38,26,6286.0,7085.0,799.0,1
baseline,motor_dwell,12,49,5901.5,7093.5,1192.0,1
baseline,motor_dwell,28,29,6610.0,7094.0,484.0,1
baseline,motor_dwell,34,19,5655.5,7112.5,1457.0,1
baseline,motor_dwell,23,28,7030.5,7130.0,99.5,1
baseline,motor_dwell,8,46,6658.5,7149.5,491.0,1
baseline,motor_dwell,31,17,6485.5,7161.0,675.5,1
baseline,motor_dwell,4,0,5837.0,7167.0,1330.0,1
baseline,motor_dwell,37,13,6860.5,7177.5,317.0,1
baseline,motor_dwell,24,26,6773.5,7195.0,421.5,1
baseline,motor_dwell,35,48,5946.5,7217.5,1271.0,1
baseline,motor_dwell,11,18,7058.0,7223.0,165.0,1
baseline,motor_dwell,0,29,6960.5,7226.5,266.0,1
baseline,motor_dwell,21,23,6817.5,7231.5,414.0,1
baseline,motor_dwell,29,46,6043.0,7252.0,1209.0,1
baseline,motor_dwell,8,5,7151.0,7283.0,132.0,1
baseline,motor_dwell,7,46,6877.0,7343.0,466.0,1
baseline,motor_dwell,30,26,6984.0,7344.0,360.0,1
baseline,motor_dwell,16,13,5774.0,7346.0,1572.0,1
baseline,motor_dwell,0,18,7227.5,7347.0,119.5,1
baseline,motor_dwell,32,0,6528.0,7381.0,853.0,1
baseline,motor_dwell,18,48,6717.0,7400.5,683.5,1
baseline,motor_dwell,9,27,6053.0,7401.0,1348.0,1
baseline,motor_dwell,5,46,6257.0,7414.0,1157.0,1
baseline,motor_dwell,34,28,7117.0,7453.0,336.0,1
baseline,motor_dwell,12,37,7103.0,7459.5,356.5,1
baseline,motor_dwell,36,18,6967.0,7473.5,506.5,1
baseline,motor_dwell,15,18,6175.5,7487.0,1311.5,1
baseline,motor_dwell,27,4,6733.5,7510.0,776.5,1
baseline,motor_dwell,25,16,6710.0,7515.0,805.0,1
baseline,motor_dwell,37,9,7187.5,7518.0,330.5,1
baseline,motor_dwell,10,22,6369.0,7519.0,1150.0,1
baseline,motor_dwell,14,13,6021.0,7569.5,1548.5,1
baseline,motor_dwell,17,19,6480.0,7574.0,1094.0,1
baseline,motor_dwell,30,49,7351.0,7576.0,225.0,1
baseline,motor_dwell,19,9,5666.0,7598.0,1932.0,1
baseline,motor_dwell,6,6,6576.0,7603.5,1027.5,1
baseline,motor_dwell,19,45,7618.0,7624.5,6.5,1
baseline,motor_dwell,14,37,7574.5,7627.5,53.0,1
baseline,motor_dwell,37,17,7524.5,7642.5,118.0,1
baseline,motor_dwell,27,26,7529.0,7649.0,120.0,1
baseline,motor_dwell,1,27,6661.5,7658.5,997.0,1
baseline,motor_dwell,15,5,7493.5,7680.5,187.0,1
baseline,motor_dwell,22,9,6704.0,7682.5,978.5,1
baseline,motor_dwell,22,23,7683.0,7697.5,14.5,1
baseline,motor_dwell,13,17,6783.5,7717.0,933.5,1
baseline,motor_dwell,18,16,7414.0,7766.5,352.5,1
baseline,motor_dwell,34,45,7464.0,7768.0,304.0,1
baseline,motor_dwell,20,19,6623.5,7787.0,1163.5,1
baseline,motor_dwell,2,26,7073.5,7818.0,744.5,1
baseline,motor_dwell,18,37,7775.0,7832.5,57.5,1
baseline,motor_dwell,32,19,7390.0,7837.5,447.5,1
baseline,motor_dwell,35,46,7231.0,7897.0,666.0,1
baseline,motor_dwell,36,49,7514.0,7906.5,392.5,1
baseline,motor_dwell,14,17,7668.5,7928.0,259.5,1
baseline,motor_dwell,3,23,7046.0,7930.5,884.5,1
baseline,motor_dwell,35,13,7925.5,7932.0,6.5,1
baseline,motor_dwell,4,5,7167.5,7950.0,782.5,1
baseline,motor_dwell,30,6,7589.5,7953.0,363.5,1
baseline,motor_dwell,38,27,7085.5,7986.5,901.0,1
baseline,motor_dwell,22,22,7708.5,8037.5,329.0,1
baseline,motor_dwell,21,0,7240.0,8051.0,811.0,1
baseline,motor_dwell,25,17,7529.0,8056.0,527.0,1
baseline,motor_dwell,33,6,7081.5,8056.5,975.0,1
baseline,motor_dwell,8,45,7290.5,8071.0,780.5,1
baseline,motor_dwell,25,29,8058.0,8073.0,15.0,1
baseline,motor_dwell,39,46,6812.5,8087.0,1274.5,1
baseline,motor_dwell,15,9,7694.5,8091.5,397.0,1
baseline,motor_dwell,0,19,7349.0,8098.0,749.0,1
baseline,motor_dwell,30,27,7954.5,8116.5,162.0,1
baseline,motor_dwell,13,4,7733.5,8119.0,385.5,1
baseline,motor_dwell,25,11,8074.0,8120.5,46.5,1
baseline,motor_dwell,38,5,7988.0,8121.0,133.0,1
baseline,motor_dwell,32,18,7839.0,8138.5,299.5,1
baseline,motor_dwell,8,27,8082.5,8162.5,80.0,1
baseline,motor_dwell,1,37,7668.5,8207.5,539.0,1
baseline,motor_dwell,34,19,7769.0,8213.5,444.5,1
baseline,motor_dwell,26,13,7018.5,8228.0,1209.5,1
baseline,motor_dwell,28,18,7095.5,8257.0,1161.5,1
baseline,motor_dwell,31,29,7162.5,8277.0,1114.5,1
baseline,motor_dwell,26,23,8233.5,8279.5,46.0,1
baseline,motor_dwell,4,19,7973.5,8302.0,328.5,1
baseline,motor_dwell,10,9,7524.0,8312.0,788.0,1
baseline,motor_dwell,2,48,7832.5,8317.5,485.0,1
baseline,motor_dwell,24,22,7197.5,8323.0,1125.5,1
baseline,motor_dwell,7,0,7359.5,8342.0,982.5,1
baseline,motor_dwell,15,29,8113.5,8367.5,254.0,1
baseline,motor_dwell,9,48,7408.0,8407.5,999.5,1
baseline,motor_dwell,15,16,8368.0,8418.0,50.0,1
baseline,motor_dwell,29,46,7255.0,8452.0,1197.0,1
baseline,motor_dwell,11,11,7223.5,8458.5,1235.0,1
baseline,motor_dwell,12,17,7462.5,8486.5,1024.0,1
baseline,motor_dwell,3,6,7942.5,8501.5,559.0,1
baseline,motor_dwell,17,16,7580.0,8512.0,932.0,1
baseline,motor_dwell,27,4,7677.5,8551.0,873.5,1
baseline,motor_dwell,36,46,7914.0,8555.5,641.5,1
baseline,motor_dwell,16,23,7349.0,8561.5,1212.5,1
baseline,motor_dwell,4,16,8315.5,8563.0,247.5,1
baseline,motor_dwell,29,18,8459.0,8574.0,115.0,1
baseline,motor_dwell,4,9,8564.5,8605.0,40.5,1
baseline,motor_dwell,3,0,8507.5,8619.5,112.0,1
baseline,motor_dwell,14,49,7929.0,8621.5,692.5,1
baseline,motor_dwell,26,46,8311.0,8631.5,320.5,1
baseline,motor_dwell,23,17,7158.0,8656.5,1498.5,1
baseline,motor_dwell,2,5,8322.5,8659.5,337.0,1
baseline,motor_dwell,3,6,8624.5,8679.0,54.5,1
baseline,motor_dwell,35,23,7945.0,8680.5,735.5,1
baseline,motor_dwell,22,22,8040.0,8689.0,649.0,1
baseline,motor_dwell,23,13,8674.5,8730.5,56.0,1
baseline,motor_dwell,15,28,8422.5,8762.5,340.0,1
baseline,motor_dwell,19,18,7635.0,8793.5,1158.5,1
baseline,motor_dwell,5,40,7422.5,8800.0,1377.5,1
baseline,motor_dwell,14,17,8625.5,8814.5,189.0,1
baseline,motor_dwell,36,6,8561.0,8814.5,253.5,1
baseline,motor_dwell,24,13,8333.0,8824.0,491.0,1
baseline,motor_dwell,11,29,8462.0,8829.5,367.5,1
baseline,motor_dwell,14,13,8821.5,8836.5,15.0,1
baseline,motor_dwell,6,46,7606.5,8837.0,1230.5,1
baseline,motor_dwell,34,49,8243.0,8838.0,595.0,1
baseline,motor_dwell,12,11,8507.5,8854.5,347.0,1
baseline,motor_dwell,32,9,8149.0,8855.0,706.0,1
baseline,motor_dwell,22,9,8702.5,8895.5,193.0,1
baseline,motor_dwell,7,22,8344.5,8904.0,559.5,1
baseline,motor_dwell,14,6,8839.5,8905.0,65.5,1
baseline,motor_dwell,39,49,8087.5,8946.5,859.0,1
baseline,motor_dwell,33,6,8062.0,8951.0,889.0,1
baseline,motor_dwell,24,40,8838.5,8989.5,151.0,1
baseline,motor_dwell,37,40,7664.5,9018.5,1354.0,1
baseline,motor_dwell,11,0,8833.5,9079.5,246.0,1
baseline,motor_dwell,18,39,7839.0,9080.0,1241.0,1
baseline,motor_dwell,2,9,8660.0,9097.0,437.0,1
baseline,motor_dwell,24,27,9014.0,9111.5,97.5,1
baseline,motor_dwell,4,18,8609.0,9125.0,516.0,1
baseline,motor_dwell,0,5,8104.0,9132.5,1028.5,1
baseline,motor_dwell,27,29,8567.0,9149.5,582.5,1
baseline,motor_dwell,26,9,8663.5,9212.0,548.5,1
baseline,motor_dwell,20,19,7832.5,9214.5,1382.0,1
baseline,motor_dwell,39,17,8948.0,9219.0,271.0,1
baseline,motor_dwell,10,5,8315.5,9227.0,911.5,1
baseline,motor_dwell,34,37,8851.0,9267.5,416.5,1
baseline,motor_dwell,16,23,8564.5,9284.5,720.0,1
baseline,motor_dwell,8,39,8163.0,9288.0,1125.0,1
baseline,motor_dwell,3,22,8680.0,9304.5,624.5,1
baseline,motor_dwell,7,35,8909.5,9347.5,438.0,1
baseline,motor_dwell,20,29,9222.0,9354.5,132.5,1
baseline,motor_dwell,28,13,8263.0,9355.5,1092.5,1
baseline,motor_dwell,11,16,9091.0,9357.5,266.5,1
baseline,motor_dwell,37,0,9024.5,9366.5,342.0,1
baseline,motor_dwell,12,25,8867.0,9378.5,511.5,1
baseline,motor_dwell,32,29,8857.5,9381.5,524.0,1
baseline,motor_dwell,25,40,8128.0,9388.5,1260.5,1
baseline,motor_dwell,19,18,8804.0,9390.0,586.0,1
baseline,motor_dwell,31,27,8282.5,9441.5,1159.0,1
baseline,motor_dwell,7,40,9353.5,9442.0,88.5,1
baseline,motor_dwell,21,10,8055.0,9461.5,1406.5,1
baseline,motor_dwell,9,13,8412.5,9474.5,1062.0,1
baseline,motor_dwell,38,13,8129.5,9477.0,1347.5,1
baseline,motor_dwell,13,29,8127.5,9524.5,1397.0,1
baseline,motor_dwell,36,28,8820.0,9524.5,704.5,1
baseline,motor_dwell,7,23,9449.5,9528.5,79.0,1
baseline,motor_dwell,36,27,9528.5,9551.5,23.0,1
baseline,motor_dwell,12,39,9394.0,9564.0,170.0,1
baseline,motor_dwell,23,35,8737.5,9591.0,853.5,1
baseline,motor_dwell,38,37,9479.5,9595.5,116.0,1
baseline,motor_dwell,6,16,8847.5,9605.5,758.0,1
baseline,motor_dwell,0,23,9152.5,9607.5,455.0,1
baseline,motor_dwell,2,24,9108.5,9609.0,500.5,1
baseline,motor_dwell,25,37,9395.5,9619.0,223.5,1
baseline,motor_dwell,31,5,9453.5,9644.0,190.5,1
baseline,motor_dwell,35,19,8696.5,9672.5,976.0,1
baseline,motor_dwell,39,10,9258.0,9719.0,461.0,1
baseline,motor_dwell,22,49,8905.5,9725.5,820.0,1
baseline,motor_dwell,15,4,8772.0,9735.5,963.5,1
baseline,motor_dwell,11,22,9374.5,9747.5,373.0,1
baseline,motor_dwell,13,29,9529.5,9755.0,225.5,1
baseline,motor_dwell,3,40,9316.5,9774.5,458.0,1
baseline,motor_dwell,1,25,8210.5,9779.0,1568.5,1
baseline,motor_dwell,23,17,9602.5,9810.5,208.0,1
baseline,motor_dwell,30,9,8118.0,9837.0,1719.0,1
baseline,motor_dwell,23,48,9811.5,9840.5,29.0,1
baseline,motor_dwell,21,39,9473.5,9854.0,380.5,1
baseline,motor_dwell,38,37,9596.5,9860.5,264.0,1
baseline,motor_dwell,29,46,8588.0,9881.5,1293.5,1
baseline,motor_dwell,21,19,9860.0,9901.0,41.0,1
baseline,motor_dwell,27,48,9156.5,9912.0,755.5,1
baseline,motor_dwell,35,27,9688.0,9914.5,226.5,1
baseline,motor_dwell,6,48,9614.0,9957.0,343.0,1
baseline,motor_dwell,11,28,9749.0,9959.0,210.0,1
baseline,motor_dwell,18,23,9109.0,9967.0,858.0,1
baseline,motor_dwell,0,22,9608.5,9974.0,365.5,1
baseline,motor_dwell,5,19,8810.0,9996.5,1186.5,1
baseline,motor_dwell,17,9,8519.0,9996.5,1477.5,1
baseline,motor_dwell,20,26,9365.5,9998.0,632.5,1
baseline,motor_dwell,2,27,9609.5,10015.5,406.0,1
baseline,motor_dwell,8,28,9296.0,10018.5,722.5,1
baseline,motor_dwell,17,39,10003.5,10052.0,48.5,1
baseline,motor_dwell,33,23,8952.0,10065.5,1113.5,1
baseline,motor_dwell,3,49,9795.0,10071.0,276.0,1
baseline,motor_dwell,32,27,9403.0,10101.0,698.0,1
baseline,motor_dwell,3,11,10083.5,10103.0,19.5,1
baseline,motor_dwell,34,48,9268.5,10118.0,849.5,1
baseline,motor_dwell,21,28,9902.5,10124.0,221.5,1
baseline,motor_dwell,9,5,9475.0,10143.0,668.0,1
baseline,motor_dwell,1,25,9788.0,10150.5,362.5,1
baseline,motor_dwell,4,10,9129.5,10152.0,1022.5,1
baseline,motor_dwell,24,9,9124.5,10163.5,1039.0,1
baseline,motor_dwell,19,27,9401.0,10171.0,770.0,1
baseline,motor_dwell,4,18,10154.0,10175.5,21.5,1
baseline,motor_dwell,26,9,9227.5,10202.5,975.0,1
baseline,motor_dwell,27,6,9912.5,10217.0,304.5,1
baseline,motor_dwell,28,13,9356.5,10236.5,880.0,1
baseline,motor_dwell,12,24,9575.5,10242.0,666.5,1
baseline,motor_dwell,31,4,9648.0,10243.0,595.0,1
baseline,motor_dwell,5,16,10002.0,10264.0,262.0,1
baseline,motor_dwell,14,18,8908.5,10270.5,1362.0,1
baseline,motor_dwell,25,28,9623.0,10275.0,652.0,1
baseline,motor_dwell,31,45,10261.5,10284.0,22.5,1
baseline,motor_dwell,1,9,10157.0,10296.5,139.5,1
baseline,motor_dwell,8,9,10030.5,10304.5,274.0,1
baseline,motor_dwell,15,16,9738.5,10331.0,592.5,1
baseline,motor_dwell,13,17,9756.0,10338.5,582.5,1
baseline,motor_dwell,38,46,9863.5,10385.5,522.0,1
baseline,motor_dwell,27,10,10230.5,10399.0,168.5,1
baseline,motor_dwell,9,29,10153.0,10431.0,278.0,1
baseline,motor_dwell,18,40,9972.0,10431.0,459.0,1
baseline,motor_dwell,21,4,10130.0,10432.0,302.0,1
baseline,motor_dwell,1,6,10302.0,10432.5,130.5,1
baseline,motor_dwell,1,18,10439.5,10443.0,3.5,1
baseline,motor_dwell,19,23,10208.5,10465.0,256.5,1
baseline,motor_dwell,35,9,9921.5,10467.0,545.5,1
baseline,motor_dwell,34,46,10122.5,10469.0,346.5,1
baseline,motor_dwell,7,0,9530.0,10475.0,945.0,1
baseline,motor_dwell,1,19,10447.5,10501.0,53.5,1
baseline,motor_dwell,33,48,10072.0,10505.0,433.0,1
baseline,motor_dwell,17,6,10062.0,10521.0,459.0,1
baseline,motor_dwell,37,13,9371.0,10536.0,1165.0,1
baseline,motor_dwell,4,1,10183.0,10551.0,368.0,1
baseline,motor_dwell,6,27,9958.0,10562.5,604.5,1
baseline,motor_dwell,29,26,9887.5,10611.5,724.0,1
baseline,motor_dwell,23,48,9841.5,10615.0,773.5,1
baseline,motor_dwell,14,48,10299.0,10618.5,319.5,1
baseline,motor_dwell,23,49,10620.5,10641.0,20.5,1
baseline,motor_dwell,5,4,10273.0,10647.5,374.5,1
baseline,motor_dwell,0,24,9976.0,10665.5,689.5,1
baseline,motor_dwell,28,29,10237.0,10671.0,434.0,1
baseline,motor_dwell,37,10,10562.5,10676.0,113.5,1
baseline,motor_dwell,1,46,10502.5,10685.0,182.5,1
baseline,motor_dwell,33,37,10537.5,10690.0,152.5,1
baseline,motor_dwell,8,16,10326.0,10699.5,373.5,1
baseline,motor_dwell,22,0,9736.0,10720.5,984.5,1
baseline,motor_dwell,36,17,9558.0,10722.0,1164.0,1
baseline,motor_dwell,7,19,10518.5,10803.0,284.5,1
baseline,motor_dwell,32,27,10102.0,10803.0,701.0,1
baseline,motor_dwell,24,37,10169.0,10825.0,656.0,1
baseline,motor_dwell,19,24,10476.0,10851.0,375.0,1
baseline,motor_dwell,26,17,10211.0,10883.5,672.5,1
baseline,motor_dwell,12,29,10248.0,10884.0,636.0,1
baseline,motor_dwell,18,5,10434.5,10886.0,451.5,1
baseline,motor_dwell,11,49,9966.5,10888.0,921.5,1
baseline,motor_dwell,16,29,9317.5,10888.0,1570.5,1
baseline,motor_dwell,3,35,10106.0,10900.5,794.5,1
baseline,motor_dwell,20,16,9998.5,10912.0,913.5,1
baseline,motor_dwell,35,13,10482.0,10936.0,454.0,1
baseline,motor_dwell,34,6,10479.0,10954.5,475.5,1
baseline,motor_dwell,16,16,10903.5,10994.5,91.0,1
baseline,motor_dwell,31,27,10297.0,10998.0,701.0,1
baseline,motor_dwell,27,13,10407.0,11016.5,609.5,1
baseline,motor_dwell,10,29,9227.5,11046.5,1819.0,1
baseline,motor_dwell,2,9,10023.5,11059.5,1036.0,1
baseline,motor_dwell,13,17,10351.5,11084.5,733.0,1
baseline,motor_dwell,15,5,10347.5,11115.0,767.5,1
baseline,motor_dwell,27,11,11029.5,11119.5,90.0,1
baseline,motor_dwell,8,6,10701.5,11125.0,423.5,1
baseline,motor_dwell,4,27,10552.0,11134.0,582.0,1
baseline,motor_dwell,10,27,11077.5,11137.5,60.0,1
baseline,motor_dwell,39,9,9749.0,11154.5,1405.5,1
baseline,motor_dwell,30,29,9848.5,11168.0,1319.5,1
baseline,motor_dwell,4,11,11140.5,11172.0,31.5,1
baseline,motor_dwell,29,19,10643.5,11177.0,533.5,1
baseline,motor_dwell,31,10,10999.0,11185.0,186.0,1
baseline,motor_dwell,23,28,10652.5,11212.0,559.5,1
baseline,motor_dwell,14,13,10621.5,11218.0,596.5,1
baseline,motor_dwell,18,16,10892.0,11224.5,332.5,1
baseline,motor_dwell,17,22,10523.0,11229.0,706.0,1
baseline,motor_dwell,22,25,10737.5,11265.0,527.5,1
baseline,motor_dwell,28,5,10674.0,11294.0,620.0,1
baseline,motor_dwell,7,25,10812.5,11359.5,547.0,1
baseline,motor_dwell,25,9,10276.5,11360.0,1083.5,1
baseline,motor_dwell,32,25,10811.5,11367.0,555.5,1
baseline,motor_dwell,20,23,10916.5,11373.0,456.5,1
baseline,motor_dwell,36,6,10727.0,11377.5,650.5,1
baseline,motor_dwell,3,45,10907.0,11402.5,495.5,1
baseline,motor_dwell,21,0,10437.0,11402.5,965.5,1
baseline,motor_dwell,3,46,11403.5,11420.5,17.0,1
baseline,motor_dwell,6,9,10605.0,11444.0,839.0,1
baseline,motor_dwell,30,22,11178.0,11475.0,297.0,1
baseline,motor_dwell,5,39,10666.0,11504.5,838.5,1
baseline,motor_dwell,28,35,11297.5,11508.0,210.5,1
baseline,motor_dwell,26,23,10904.5,11519.0,614.5,1
baseline,motor_dwell,8,2,11149.5,11523.0,373.5,1
baseline,motor_dwell,38,49,10391.0,11532.5,1141.5,1
baseline,motor_dwell,24,22,10830.5,11534.5,704.0,1
baseline,motor_dwell,26,35,11529.0,11551.5,22.5,1
baseline,motor_dwell,1,46,10700.0,11566.0,866.0,1
baseline,motor_dwell,9,19,10433.5,11607.0,1173.5,1
baseline,motor_dwell,27,29,11146.0,11613.0,467.0,1
baseline,motor_dwell,19,9,10868.5,11620.5,752.0,1
baseline,motor_dwell,0,49,10678.0,11622.5,944.5,1
baseline,motor_dwell,26,35,11565.5,11627.0,61.5,1
baseline,motor_dwell,33,17,10702.5,11631.5,929.0,1
baseline,motor_dwell,4,10,11176.0,11636.0,460.0,1
baseline,motor_dwell,11,11,10923.5,11644.0,720.5,1
baseline,motor_dwell,13,22,11098.5,11657.0,558.5,1
baseline,motor_dwell,30,28,11517.5,11664.0,146.5,1
baseline,motor_dwell,35,49,10964.0,11665.0,701.0,1
baseline,motor_dwell,6,28,11448.0,11672.0,224.0,1
baseline,motor_dwell,8,27,11535.0,11680.0,145.0,1
baseline,motor_dwell,34,24,10971.0,11692.5,721.5,1
baseline,motor_dwell,13,10,11663.0,11693.0,30.0,1
baseline,motor_dwell,22,37,11269.5,11712.5,443.0,1
baseline,motor_dwell,35,11,11681.0,11729.0,48.0,1
baseline,motor_dwell,0,46,11634.5,11735.5,101.0,1
baseline,motor_dwell,32,27,11388.5,11741.5,353.0,1
baseline,motor_dwell,26,45,11630.0,11750.5,120.5,1
baseline,motor_dwell,37,29,10719.5,11766.5,1047.0,1
baseline,motor_dwell,19,45,11625.5,11789.0,163.5,1
baseline,motor_dwell,11,40,11648.5,11790.5,142.0,1
baseline,motor_dwell,14,23,11223.0,11796.0,573.0,1
baseline,motor_dwell,36,25,11379.0,11826.5,447.5,1
baseline,motor_dwell,32,4,11742.0,11837.5,95.5,1
baseline,motor_dwell,26,5,11758.5,11842.0,83.5,1
baseline,motor_dwell,9,6,11614.0,11844.5,230.5,1
baseline,motor_dwell,16,23,11008.0,11850.5,842.5,1
baseline,motor_dwell,5,19,11508.0,11871.0,363.0,1
baseline,motor_dwell,4,13,11644.0,11875.5,231.5,1
baseline,motor_dwell,7,22,11376.0,11879.5,503.5,1
baseline,motor_dwell,6,48,11673.0,11902.5,229.5,1
baseline,motor_dwell,4,25,11892.0,11906.0,14.0,1
baseline,motor_dwell,12,11,10901.5,11942.0,1040.5,1
baseline,motor_dwell,10,26,11142.5,11969.5,827.0,1
baseline,motor_dwell,3,16,11421.5,11970.0,548.5,1
baseline,motor_dwell,29,25,11178.5,11975.5,797.0,1
baseline,motor_dwell,15,4,11142.5,11977.5,835.0,1
baseline,motor_dwell,31,48,11186.0,11986.0,800.0,1
baseline,motor_dwell,38,24,11535.5,11997.5,462.0,1
baseline,motor_dwell,26,16,11850.0,12000.0,150.0,1
baseline,motor_dwell,30,11,11673.5,12007.0,333.5,1
baseline,motor_dwell,29,48,12008.0,12040.0,32.0,1
baseline,motor_dwell,12,45,11965.5,12057.5,92.0,1
baseline,motor_dwell,36,28,11831.5,12064.0,232.5,1
baseline,motor_dwell,4,23,11909.0,12087.0,178.0,1
baseline,motor_dwell,19,25,11798.0,12095.5,297.5,1
baseline,motor_dwell,2,19,11086.5,12117.5,1031.0,1
baseline,motor_dwell,23,17,11221.5,12133.0,911.5,1
baseline,motor_dwell,20,27,11383.0,12136.0,753.0,1
baseline,motor_dwell,23,23,12138.0,12143.0,5.0,1
baseline,motor_dwell,6,45,11914.5,12146.0,231.5,1
baseline,motor_dwell,24,35,11535.0,12196.5,661.5,1
baseline,motor_dwell,15,16,11985.5,12210.0,224.5,1
baseline,motor_dwell,35,18,11740.0,12252.5,512.5,1
baseline,motor_dwell,9,23,11848.5,12254.5,406.0,1
baseline,motor_dwell,1,49,11570.5,12260.0,689.5,1
baseline,motor_dwell,22,10,11732.5,12276.0,543.5,1
baseline,motor_dwell,3,22,11976.0,12287.5,311.5,1
baseline,motor_dwell,8,45,11681.5,12309.0,627.5,1
baseline,motor_dwell,39,45,11163.5,12315.5,1152.0,1
baseline,motor_dwell,6,35,12161.0,12385.0,224.0,1
baseline,motor_dwell,38,46,12006.0,12389.5,383.5,1
baseline,motor_dwell,1,26,12267.0,12394.0,127.0,1
baseline,motor_dwell,6,18,12407.5,12426.0,18.5,1
baseline,motor_dwell,21,49,11403.0,12428.5,1025.5,1
baseline,motor_dwell,26,6,12002.5,12429.0,426.5,1
baseline,motor_dwell,8,25,12331.0,12447.5,116.5,1
baseline,motor_dwell,27,0,11616.0,12469.0,853.0,1
baseline,motor_dwell,17,23,11239.0,12487.5,1248.5,1
baseline,motor_dwell,33,5,11632.0,12504.0,872.0,1
baseline,motor_dwell,14,26,11796.5,12505.0,708.5,1
baseline,motor_dwell,11,29,11806.5,12509.0,702.5,1
baseline,motor_dwell,10,28,11986.5,12518.0,531.5,1
baseline,motor_dwell,13,17,11696.0,12535.0,839.0,1
baseline,motor_dwell,0,13,11747.5,12542.0,794.5,1
baseline,motor_dwell,18,40,11233.0,12554.5,1321.5,1
baseline,motor_dwell,24,18,12197.0,12562.0,365.0,1
baseline,motor_dwell,22,11,12279.0,12588.0,309.0,1
baseline,motor_dwell,5,29,11894.5,12606.5,712.0,1
baseline,motor_dwell,25,27,11360.5,12636.0,1275.5,1
baseline,motor_dwell,15,22,12218.0,12646.5,428.5,1
baseline,motor_dwell,32,39,11841.0,12655.5,814.5,1
baseline,motor_dwell,36,37,12064.5,12657.5,593.0,1
baseline,motor_dwell,2,19,12120.0,12666.0,546.0,1
baseline,motor_dwell,39,23,12316.0,12676.5,360.5,1
baseline,motor_dwell,0,2,12551.5,12687.5,136.0,1
baseline,motor_dwell,4,0,12095.0,12715.5,620.5,1
baseline,motor_dwell,21,13,12430.5,12745.0,314.5,1
baseline,motor_dwell,1,23,12414.5,12760.5,346.0,1
baseline,motor_dwell,37,19,11780.0,12762.5,982.5,1
baseline,motor_dwell,26,18,12436.0,12789.5,353.5,1
baseline,motor_dwell,28,27,11508.5,12813.0,1304.5,1
baseline,motor_dwell,1,35,12774.5,12819.0,44.5,1
baseline,motor_dwell,38,26,12414.5,12830.0,415.5,1
baseline,motor_dwell,32,5,12657.0,12851.0,194.0,1
baseline,motor_dwell,18,16,12571.0,12858.5,287.5,1
baseline,motor_dwell,26,0,12790.5,12871.5,81.0,1
baseline,motor_dwell,0,4,12697.0,12888.0,191.0,1
baseline,motor_dwell,16,9,11883.0,12901.5,1018.5,1
baseline,motor_dwell,31,19,12004.5,12902.5,898.0,1
baseline,motor_dwell,7,18,11885.5,12916.5,1031.0,1
baseline,motor_dwell,29,17,12051.0,12941.0,890.0,1
baseline,motor_dwell,12,16,12070.0,12948.0,878.0,1
baseline,motor_dwell,14,5,12506.5,12961.5,455.0,1
baseline,motor_dwell,18,29,12861.5,12974.5,113.0,1
baseline,motor_dwell,3,25,12290.5,12979.5,689.0,1
baseline,motor_dwell,34,40,11694.5,12988.5,1294.0,1
baseline,motor_dwell,6,48,12441.5,13040.5,599.0,1
baseline,motor_dwell,8,35,12465.0,13046.0,581.0,1
baseline,motor_dwell,19,18,12110.0,13048.5,938.5,1
baseline,motor_dwell,7,2,12920.5,13072.0,151.5,1
baseline,motor_dwell,36,45,12663.0,13075.0,412.0,1
baseline,motor_dwell,34,5,13008.0,13097.0,89.0,1
baseline,motor_dwell,25,49,12639.5,13131.0,491.5,1
baseline,motor_dwell,33,37,12510.5,13135.0,624.5,1
baseline,motor_dwell,17,25,12493.0,13157.5,664.5,1
baseline,motor_dwell,15,24,12671.5,13160.5,489.0,1
baseline,motor_dwell,19,29,13057.0,13166.5,109.5,1
baseline,motor_dwell,22,28,12588.5,13167.0,578.5,1
baseline,motor_dwell,17,25,13160.5,13169.0,8.5,1
baseline,motor_dwell,5,37,12612.5,13177.0,564.5,1
baseline,motor_dwell,19,25,13167.0,13187.0,20.0,1
baseline,motor_dwell,37,0,12793.0,13241.0,448.0,1
baseline,motor_dwell,32,9,12858.5,13264.5,406.0,1
baseline,motor_dwell,28,4,12818.0,13275.5,457.5,1
baseline,motor_dwell,39,16,12678.0,13285.0,607.0,1
baseline,motor_dwell,39,15,13289.5,13293.5,4.0,1
baseline,motor_dwell,30,19,12022.0,13296.0,1274.0,1
baseline,motor_dwell,7,35,13074.0,13298.5,224.5,1
baseline,motor_dwell,0,23,12890.0,13313.5,423.5,1
baseline,motor_dwell,13,48,12559.5,13314.0,754.5,1
baseline,motor_dwell,20,45,12140.0,13322.0,1182.0,1
baseline,motor_dwell,28,0,13294.0,13347.0,53.0,1
baseline,motor_dwell,24,18,12574.0,13353.0,779.0,1
baseline,motor_dwell,23,45,12162.0,13370.5,1208.5,1
baseline,motor_dwell,26,48,12873.5,13378.0,504.5,1
baseline,motor_dwell,3,1,13000.0,13384.5,384.5,1
baseline,motor_dwell,38,6,12838.0,13386.5,548.5,1
baseline,motor_dwell,38,16,13387.5,13395.0,7.5,1
baseline,motor_dwell,31,29,12903.5,13418.5,515.0,1
baseline,motor_dwell,14,28,12972.5,13428.0,455.5,1
baseline,motor_dwell,12,48,12971.5,13430.5,459.0,1
baseline,motor_dwell,35,9,12268.0,13440.5,1172.5,1
baseline,motor_dwell,27,29,12472.5,13441.0,968.5,1
baseline,motor_dwell,6,0,13042.5,13454.5,412.0,1
baseline,motor_dwell,23,25,13380.5,13470.5,90.0,1
baseline,motor_dwell,5,17,13198.0,13476.5,278.5,1
baseline,motor_dwell,8,5,13052.0,13478.5,426.5,1
baseline,motor_dwell,11,9,12514.5,13502.0,987.5,1
baseline,motor_dwell,2,10,12671.0,13511.5,840.5,1
baseline,motor_dwell,7,6,13323.0,13515.0,192.0,1
baseline,motor_dwell,38,39,13406.0,13524.0,118.0,1
baseline,motor_dwell,3,16,13395.0,13527.0,132.0,1
baseline,motor_dwell,3,24,13531.5,13544.5,13.0,1
baseline,motor_dwell,9,19,12257.5,13568.5,1311.0,1
baseline,motor_dwell,19,13,13196.0,13568.5,372.5,1
baseline,motor_dwell,39,39,13297.0,13569.5,272.5,1
baseline,motor_dwell,2,25,13518.5,13582.0,63.5,1
baseline,motor_dwell,33,25,13137.0,13584.0,447.0,1
baseline,motor_dwell,10,5,12523.0,13585.5,1062.5,1
baseline,motor_dwell,22,5,13187.5,13589.0,401.5,1
baseline,motor_dwell,39,46,13571.5,13594.0,22.5,1
baseline,motor_dwell,6,0,13494.5,13595.5,101.0,1
baseline,motor_dwell,4,4,12730.5,13597.0,866.5,1
baseline,motor_dwell,20,24,13324.5,13602.0,277.5,1
baseline,motor_dwell,15,37,13175.0,13620.5,445.5,1
baseline,motor_dwell,35,27,13469.0,13622.0,153.0,1
baseline,motor_dwell,7,40,13516.5,13632.0,115.5,1
baseline,motor_dwell,1,25,12834.5,13639.0,804.5,1
baseline,motor_dwell,11,23,13532.0,13655.0,123.0,1
baseline,motor_dwell,22,18,13593.0,13671.5,78.5,1
baseline,motor_dwell,16,17,12907.0,13702.5,795.5,1
baseline,motor_dwell,20,5,13603.0,13723.5,120.5,1
baseline,motor_dwell,34,37,13131.5,13734.5,603.0,1
baseline,motor_dwell,33,39,13589.0,13739.5,150.5,1
baseline,motor_dwell,23,11,13472.5,13804.0,331.5,1
baseline,motor_dwell,26,35,13382.0,13810.0,428.0,1
baseline,motor_dwell,33,46,13786.0,13810.5,24.5,1
baseline,motor_dwell,15,4,13650.0,13855.5,205.5,1
baseline,motor_dwell,13,11,13319.0,13858.0,539.0,1
baseline,motor_dwell,15,28,13862.5,13906.0,43.5,1
baseline,motor_dwell,28,12,13367.0,13911.5,544.5,1
baseline,motor_dwell,27,22,13442.0,13915.5,473.5,1
baseline,motor_dwell,1,5,13642.5,14007.0,364.5,1
baseline,motor_dwell,17,23,13171.5,14007.0,835.5,1
baseline,motor_dwell,24,9,13364.0,14033.0,669.0,1
baseline,motor_dwell,25,22,13133.5,14036.5,903.0,1
baseline,motor_dwell,10,5,13614.5,14037.5,423.0,1
baseline,motor_dwell,6,19,13612.0,14072.0,460.0,1
baseline,motor_dwell,31,4,13419.5,14089.5,670.0,1
baseline,motor_dwell,8,0,13488.5,14099.5,611.0,1
baseline,motor_dwell,18,10,12982.0,14099.5,1117.5,1
baseline,motor_dwell,15,24,13907.0,14106.0,199.0,1
baseline,motor_dwell,10,27,14046.0,14106.5,60.5,1
baseline,motor_dwell,0,48,13318.5,14110.5,792.0,1
baseline,motor_dwell,14,49,13432.0,14131.0,699.0,1
baseline,motor_dwell,21,5,12746.5,14152.0,1405.5,1
baseline,motor_dwell,36,29,13097.0,14170.0,1073.0,1
baseline,motor_dwell,0,46,14112.5,14176.5,64.0,1
baseline,motor_dwell,34,6,13742.5,14177.5,435.0,1
baseline,motor_dwell,32,40,13282.0,14191.0,909.0,1
baseline,motor_dwell,37,27,13245.5,14206.5,961.0,1
baseline,motor_dwell,2,22,13582.5,14214.0,631.5,1
baseline,motor_dwell,16,23,13708.0,14217.0,509.0,1
baseline,motor_dwell,34,28,14179.0,14219.0,40.0,1
baseline,motor_dwell,13,37,13859.0,14288.0,429.0,1
baseline,motor_dwell,16,45,14244.5,14316.0,71.5,1
baseline,motor_dwell,21,35,14165.5,14333.0,167.5,1
baseline,motor_dwell,26,10,13822.0,14333.5,511.5,1
baseline,motor_dwell,32,24,14198.0,14337.5,139.5,1
baseline,motor_dwell,15,39,14110.0,14355.0,245.0,1
baseline,motor_dwell,19,39,13584.5,14359.0,774.5,1
baseline,motor_dwell,20,48,13731.5,14365.5,634.0,1
baseline,motor_dwell,30,29,13299.0,14391.5,1092.5,1
baseline,motor_dwell,11,26,13669.0,14407.5,738.5,1
baseline,motor_dwell,29,23,12951.5,14429.0,1477.5,1
baseline,motor_dwell,19,22,14368.5,14435.0,66.5,1
baseline,motor_dwell,9,16,13571.5,14448.5,877.0,1
baseline,motor_dwell,5,29,13499.5,14459.5,960.0,1
baseline,motor_dwell,3,19,13550.0,14476.5,926.5,1
baseline,motor_dwell,17,18,14010.0,14484.5,474.5,1
baseline,motor_dwell,1,23,14017.5,14488.0,470.5,1
baseline,motor_dwell,27,22,13917.0,14501.0,584.0,1
baseline,motor_dwell,7,9,13658.0,14503.5,845.5,1
baseline,motor_dwell,13,37,14291.0,14510.5,219.5,1
baseline,motor_dwell,3,24,14481.0,14548.0,67.0,1
baseline,motor_dwell,12,17,13431.5,14548.5,1117.0,1
baseline,motor_dwell,28,18,13917.0,14589.5,672.5,1
baseline,motor_dwell,5,23,14483.0,14605.5,122.5,1
baseline,motor_dwell,7,35,14510.5,14616.5,106.0,1
baseline,motor_dwell,33,46,13813.0,14628.0,815.0,1
baseline,motor_dwell,27,11,14504.0,14630.0,126.0,1
baseline,motor_dwell,7,19,14618.5,14631.0,12.5,1
baseline,motor_dwell,13,45,14512.5,14645.0,132.5,1
baseline,motor_dwell,38,46,13533.5,14650.5,1117.0,1
baseline,motor_dwell,11,29,14418.0,14671.5,253.5,1
baseline,motor_dwell,17,49,14488.0,14678.5,190.5,1
baseline,motor_dwell,30,25,14403.5,14691.5,288.0,1
baseline,motor_dwell,29,27,14450.5,14700.0,249.5,1
baseline,motor_dwell,1,9,14489.5,14714.0,224.5,1
baseline,motor_dwell,23,39,13815.0,14718.0,903.0,1
baseline,motor_dwell,36,5,14180.5,14722.0,541.5,1
baseline,motor_dwell,10,11,14110.0,14722.5,612.5,1
baseline,motor_dwell,26,40,14348.0,14727.5,379.5,1
baseline,motor_dwell,37,45,14219.5,14738.5,519.0,1
baseline,motor_dwell,39,23,13600.5,14739.0,1138.5,1
baseline,motor_dwell,6,26,14083.0,14744.0,661.0,1
baseline,motor_dwell,39,46,14745.5,14747.0,1.5,1
baseline,motor_dwell,9,4,14463.5,14752.0,288.5,1
baseline,motor_dwell,17,45,14684.5,14762.5,78.0,1
baseline,motor_dwell,13,27,14670.0,14768.0,98.0,1
baseline,motor_dwell,36,13,14734.0,14783.5,49.5,1
baseline,motor_dwell,6,6,14749.5,14803.0,53.5,1
baseline,motor_dwell,37,0,14778.5,14815.5,37.0,1
baseline,motor_dwell,1,25,14765.0,14828.0,63.0,1
baseline,motor_dwell,25,13,14043.0,14839.5,796.5,1
baseline,motor_dwell,31,11,14100.5,14851.0,750.5,1
baseline,motor_dwell,10,19,14724.5,14875.0,150.5,1
baseline,motor_dwell,3,24,14556.0,14881.0,325.0,1
baseline,motor_dwell,9,46,14754.5,14889.0,134.5,1
baseline,motor_dwell,2,49,14224.0,14892.5,668.5,1
baseline,motor_dwell,11,35,14675.5,14895.5,220.0,1
baseline,motor_dwell,11,28,14900.0,14929.5,29.5,1
baseline,motor_dwell,33,27,14656.0,14933.0,277.0,1
baseline,motor_dwell,0,35,14178.0,14949.0,771.0,1
baseline,motor_dwell,39,16,14763.0,14952.0,189.0,1
baseline,motor_dwell,4,49,13604.5,14965.5,1361.0,1
baseline,motor_dwell,16,10,14317.0,14971.5,654.5,1
baseline,motor_dwell,0,28,14957.0,14981.0,24.0,1
baseline,motor_dwell,1,27,14845.5,15009.0,163.5,1
baseline,motor_dwell,4,0,14976.5,15019.0,42.5,1
baseline,motor_dwell,37,35,14821.0,15050.0,229.0,1
baseline,motor_dwell,5,26,14613.0,15058.0,445.0,1
baseline,motor_dwell,28,27,14592.0,15060.0,468.0,1
baseline,motor_dwell,9,23,14898.5,15071.0,172.5,1
baseline,motor_dwell,32,19,14348.0,15080.5,732.5,1
baseline,motor_dwell,17,39,14782.0,15094.5,312.5,1
baseline,motor_dwell,22,49,13676.5,15114.5,1438.0,1
baseline,motor_dwell,34,5,14221.0,15136.5,915.5,1
baseline,motor_dwell,24,7,14040.5,15143.5,1103.0,1
baseline,motor_dwell,5,45,15065.0,15170.0,105.0,1
baseline,motor_dwell,38,16,14666.5,15170.0,503.5,1
baseline,motor_dwell,35,25,13628.0,15183.0,1555.0,1
baseline,motor_dwell,8,10,14108.0,15191.0,1083.0,1
baseline,motor_dwell,11,11,14939.0,15216.5,277.5,1
baseline,motor_dwell,24,23,15144.0,15252.5,108.5,1
baseline,motor_dwell,35,27,15190.5,15261.0,70.5,1
baseline,motor_dwell,21,9,14356.0,15273.0,917.0,1
baseline,motor_dwell,1,4,15061.5,15290.0,228.5,1
baseline,motor_dwell,12,17,14550.5,15307.0,756.5,1
baseline,motor_dwell,30,37,14731.0,15312.0,581.0,1
baseline,motor_dwell,14,10,14161.5,15317.0,1155.5,1
baseline,motor_dwell,36,28,14789.0,15335.0,546.0,1
baseline,motor_dwell,30,13,15313.5,15362.5,49.0,1
baseline,motor_dwell,31,0,14854.0,15406.0,552.0,1
baseline,motor_dwell,25,29,14911.5,15421.0,509.5,1
baseline,motor_dwell,36,13,15348.0,15490.0,142.0,1
baseline,motor_dwell,7,29,14639.0,15507.5,868.5,1
baseline,motor_dwell,15,13,14362.5,15514.0,1151.5,1
baseline,motor_dwell,35,10,15276.5,15532.0,255.5,1
baseline,motor_dwell,27,5,14645.0,15541.0,896.0,1
baseline,motor_dwell,19,46,14451.5,15584.0,1132.5,1
baseline,motor_dwell,3,35,14887.5,15586.0,698.5,1
baseline,motor_dwell,18,25,14108.0,15632.0,1524.0,1
baseline,motor_dwell,32,23,15089.0,15651.0,562.0,1
baseline,motor_dwell,4,0,15023.0,15685.5,662.5,1
baseline,motor_dwell,16,9,14982.5,15689.0,706.5,1
baseline,motor_dwell,19,28,15606.0,15699.5,93.5,1
baseline,motor_dwell,23,11,14731.5,15699.5,968.0,1
baseline,motor_dwell,35,13,15534.5,15704.0,169.5,1
baseline,motor_dwell,1,10,15295.0,15715.5,420.5,1
baseline,motor_dwell,10,7,14890.0,15727.5,837.5,1
baseline,motor_dwell,22,39,15115.0,15727.5,612.5,1
baseline,motor_dwell,0,48,15007.5,15755.5,748.0,1
baseline,motor_dwell,15,22,15518.5,15778.0,259.5,1
baseline,motor_dwell,27,2,15584.5,15788.0,203.5,1
baseline,motor_dwell,25,45,15429.0,15809.0,380.0,1
baseline,motor_dwell,28,10,15071.5,15809.5,738.0,1
baseline,motor_dwell,6,27,14803.5,15811.0,1007.5,1
baseline,motor_dwell,38,46,15174.5,15833.0,658.5,1
baseline,motor_dwell,23,39,15703.0,15836.0,133.0,1
baseline,motor_dwell,13,17,14771.0,15842.5,1071.5,1
baseline,motor_dwell,30,10,15371.0,15851.0,480.0,1
baseline,motor_dwell,20,12,14378.0,15893.0,1515.0,1
baseline,motor_dwell,14,49,15357.0,15949.0,592.0,1
baseline,motor_dwell,11,9,15219.0,15959.5,740.5,1
baseline,motor_dwell,33,27,14943.5,15970.5,1027.0,1
baseline,motor_dwell,35,7,15707.0,15971.5,264.5,1
baseline,motor_dwell,4,17,15738.0,15985.5,247.5,1
baseline,motor_dwell,29,5,14705.5,16000.0,1294.5,0
baseline,motor_dwell,26,49,14729.5,16000.0,1270.5,0
baseline,motor_dwell,2,46,14901.0,16000.0,1099.0,0
baseline,motor_dwell,39,5,14963.0,16000.0,1037.0,0
baseline,motor_dwell,37,28,15065.5,16000.0,934.5,0
baseline,motor_dwell,9,25,15075.5,16000.0,924.5,0
baseline,motor_dwell,17,39,15096.0,16000.0,904.0,0
baseline,motor_dwell,34,18,15138.5,16000.0,861.5,0
baseline,motor_dwell,5,40,15181.5,16000.0,818.5,0
baseline,motor_dwell,8,22,15229.5,16000.0,770.5,0
baseline,motor_dwell,24,46,15257.5,16000.0,742.5,0
baseline,motor_dwell,21,23,15281.0,16000.0,719.0,0
baseline,motor_dwell,12,16,15312.0,16000.0,688.0,0
baseline,motor_dwell,31,29,15418.5,16000.0,581.5,0
baseline,motor_dwell,36,46,15496.0,16000.0,504.0,0
baseline,motor_dwell,7,19,15508.5,16000.0,491.5,0
baseline,motor_dwell,3,29,15586.5,16000.0,413.5,0
baseline,motor_dwell,18,7,15635.5,16000.0,364.5,0
baseline,motor_dwell,32,24,15655.0,16000.0,345.0,0
baseline,motor_dwell,19,1,15703.5,16000.0,296.5,0
baseline,motor_dwell,16,39,15712.0,16000.0,288.0,0
baseline,motor_dwell,1,13,15716.0,16000.0,284.0,0
baseline,motor_dwell,22,19,15730.5,16000.0,269.5,0
baseline,motor_dwell,10,23,15752.0,16000.0,248.0,0
baseline,motor_dwell,0,17,15756.0,16000.0,244.0,0
baseline,motor_dwell,15,9,15785.0,16000.0,215.0,0
baseline,motor_dwell,27,2,15796.5,16000.0,203.5,0
baseline,motor_dwell,6,46,15812.5,16000.0,187.5,0
baseline,motor_dwell,25,35,15819.5,16000.0,180.5,0
baseline,motor_dwell,28,27,15822.0,16000.0,178.0,0
baseline,motor_dwell,38,28,15834.0,16000.0,166.0,0
baseline,motor_dwell,23,13,15846.0,16000.0,154.0,0
baseline,motor_dwell,13,29,15849.5,16000.0,150.5,0
baseline,motor_dwell,30,5,15865.5,16000.0,134.5,0
baseline,motor_dwell,20,45,15897.5,16000.0,102.5,0
baseline,motor_dwell,11,7,15962.0,16000.0,38.0,0
baseline,motor_dwell,14,9,15963.5,16000.0,36.5,0
baseline,motor_dwell,33,39,15971.5,16000.0,28.5,0
baseline,motor_dwell,35,40,15975.5,16000.0,24.5,0
baseline,motor_dwell,4,5,15988.0,16000.0,12.0,0
baseline,dark_to_lit,,0,0.0,6490.5,6490.5,1
baseline,dark_to_lit,,1,0.0,10507.0,10507.0,1
baseline,dark_to_lit,,2,0.0,16000.0,16000.0,0
baseline,dark_to_lit,,3,0.0,16000.0,16000.0,0
baseline,dark_to_lit,,4,0.0,1054.5,1054.5,1
baseline,dark_to_lit,,5,0.0,737.0,737.0,1
baseline,dark_to_lit,,6,0.0,900.5,900.5,1
baseline,dark_to_lit,,7,0.0,14623.0,14623.0,1
baseline,dark_to_lit,,8,0.0,16000.0,16000.0,0
baseline,dark_to_lit,,9,0.0,1375.0,1375.0,1
baseline,dark_to_lit,,10,0.0,8826.5,8826.5,1
baseline,dark_to_lit,,11,0.0,3264.0,3264.0,1
baseline,dark_to_lit,,12,0.0,15278.0,15278.0,1
baseline,dark_to_lit,,13,0.0,1182.0,1182.0,1
baseline,dark_to_lit,,14,0.0,16000.0,16000.0,0
baseline,dark_to_lit,,15,0.0,16000.0,16000.0,0
baseline,dark_to_lit,,16,0.0,474.5,474.5,1
baseline,dark_to_lit,,17,0.0,1074.5,1074.5,1
baseline,dark_to_lit,,18,0.0,744.5,744.5,1
baseline,dark_to_lit,,19,0.0,2105.5,2105.5,1
baseline,dark_to_lit,,20,0.0,16000.0,16000.0,0
baseline,dark_to_lit,,21,0.0,16000.0,16000.0,0
baseline,dark_to_lit,,22,0.0,6918.5,6918.5,1
baseline,dark_to_lit,,23,0.0,615.0,615.0,1
baseline,dark_to_lit,,24,0.0,9458.5,9458.5,1
baseline,dark_to_lit,,25,0.0,8963.5,8963.5,1
baseline,dark_to_lit,,26,0.0,468.5,468.5,1
baseline,dark_to_lit,,27,0.0,1266.0,1266.0,1
baseline,dark_to_lit,,28,0.0,532.0,532.0,1
baseline,dark_to_lit,,29,0.0,832.0,832.0,1
baseline,dark_to_lit,,30,0.0,16000.0,16000.0,0
baseline,dark_to_lit,,31,0.0,16000.0,16000.0,0
baseline,dark_to_lit,,32,0.0,16000.0,16000.0,0
baseline,dark_to_lit,,33,0.0,16000.0,16000.0,0
baseline,dark_to_lit,,34,0.0,16000.0,16000.0,0
baseline,dark_to_lit,,35,0.0,1104.5,1104.5,1
baseline,dark_to_lit,,36,0.0,16000.0,16000.0,0
baseline,dark_to_lit,,37,0.0,489.0,489.0,1
baseline,dark_to_lit,,38,0.0,16000.0,16000.0,0
baseline,dark_to_lit,,39,0.0,8380.0,8380.0,1
baseline,dark_to_lit,,40,0.0,8067.0,8067.0,1
baseline,dark_to_lit,,41,0.0,16000.0,16000.0,0
baseline,dark_to_lit,,42,0.0,16000.0,16000.0,0
baseline,dark_to_lit,,43,0.0,16000.0,16000.0,0
baseline,dark_to_lit,,44,0.0,16000.0,16000.0,0
baseline,dark_to_lit,,45,0.0,671.5,671.5,1
baseline,dark_to_lit,,46,0.0,4145.5,4145.5,1
baseline,dark_to_lit,,47,0.0,16000.0,16000.0,0
baseline,dark_to_lit,,48,0.0,3648.5,3648.5,1
baseline,dark_to_lit,,49,0.0,808.0,808.0,1
cutter,motor_dwell,39,45,13.0,28.0,15.0,1
cutter,motor_dwell,5,17,53.0,61.0,8.0,1
cutter,motor_dwell,8,29,27.0,74.5,47.5,1
cutter,motor_dwell,2,3,61.0,165.5,104.5,1
cutter,motor_dwell,23,48,56.0,178.5,122.5,1
cutter,motor_dwell,21,39,10.5,183.5,173.0,1
cutter,motor_dwell,18,37,66.5,225.5,159.0,1
cutter,motor_dwell,20,35,71.0,278.0,207.0,1
cutter,motor_dwell,5,23,153.0,282.5,129.5,1
cutter,motor_dwell,13,27,103.5,309.5,206.0,1
cutter,motor_dwell,30,20,195.0,343.5,148.5,1
cutter,motor_dwell,22,5,295.5,356.5,61.0,1
cutter,motor_dwell,25,2,147.0,435.0,288.0,1
cutter,motor_dwell,26,16,365.5,453.0,87.5,1
cutter,motor_dwell,8,16,214.0,485.0,271.0,1
cutter,motor_dwell,34,31,379.5,529.5,150.0,1
cutter,motor_dwell,20,29,413.0,539.0,126.0,1
cutter,motor_dwell,7,34,239.5,583.5,344.0,1
cutter,motor_dwell,19,39,490.0,629.5,139.5,1
cutter,motor_dwell,1,29,404.0,676.5,272.5,1
cutter,motor_dwell,38,46,271.5,695.5,424.0,1
cutter,motor_dwell,39,39,329.5,740.0,410.5,1
cutter,motor_dwell,18,31,355.5,741.5,386.0,1
cutter,motor_dwell,1,2,688.0,776.0,88.0,1
cutter,motor_dwell,21,27,291.5,821.0,529.5,1
cutter,motor_dwell,39,49,758.0,826.0,68.0,1
cutter,motor_dwell,23,37,259.0,849.5,590.5,1
cutter,motor_dwell,9,31,39.5,915.0,875.5,1
cutter,motor_dwell,0,46,502.0,937.0,435.0,1
cutter,motor_dwell,33,34,93.5,952.5,859.0,1
cutter,motor_dwell,29,31,170.5,1036.5,866.0,1
cutter,motor_dwell,3,34,156.0,1041.5,885.5,1
cutter,motor_dwell,12,37,249.0,1120.0,871.0,1
cutter,motor_dwell,18,48,791.0,1174.5,383.5,1
cutter,motor_dwell,10,34,329.0,1206.5,877.5,1
cutter,motor_dwell,4,29,390.0,1244.0,854.0,1
cutter,motor_dwell,21,20,822.5,1256.0,433.5,1
cutter,motor_dwell,3,0,1056.5,1315.0,258.5,1
cutter,motor_dwell,31,28,8.0,1323.0,1315.0,1
cutter,motor_dwell,23,5,936.0,1330.5,394.5,1
cutter,motor_dwell,16,28,94.0,1388.0,1294.0,1
cutter,motor_dwell,2,48,322.5,1411.5,1089.0,1
cutter,motor_dwell,1,41,829.5,1421.5,592.0,1
cutter,motor_dwell,35,23,14.5,1426.0,1411.5,1
cutter,motor_dwell,36,40,58.0,1463.0,1405.0,1
cutter,motor_dwell,5,48,286.0,1468.0,1182.0,1
cutter,motor_dwell,1,31,1439.0,1491.0,52.0,1
cutter,motor_dwell,8,40,519.0,1495.0,976.0,1
cutter,motor_dwell,15,35,396.5,1519.0,1122.5,1
cutter,motor_dwell,11,41,166.5,1555.0,1388.5,1
cutter,motor_dwell,14,40,149.5,1583.5,1434.0,1
cutter,motor_dwell,26,29,482.0,1594.0,1112.0,1
cutter,motor_dwell,6,5,217.0,1597.0,1380.0,1
cutter,motor_dwell,12,28,1147.0,1597.5,450.5,1
cutter,motor_dwell,37,10,170.5,1598.0,1427.5,1
cutter,motor_dwell,24,3,201.0,1605.0,1404.0,1
cutter,motor_dwell,34,48,601.5,1607.5,1006.0,1
cutter,motor_dwell,17,27,434.5,1649.5,1215.0,1
cutter,motor_dwell,12,34,1600.0,1655.5,55.5,1
cutter,motor_dwell,30,23,409.5,1657.0,1247.5,1
cutter,motor_dwell,28,40,255.5,1672.5,1417.0,1
cutter,motor_dwell,29,3,1056.0,1678.5,622.5,1
cutter,motor_dwell,26,34,1613.5,1698.5,85.0,1
cutter,motor_dwell,27,20,347.0,1707.5,1360.5,1
cutter,motor_dwell,15,23,1521.0,1720.0,199.0,1
cutter,motor_dwell,23,46,1347.0,1730.0,383.0,1
cutter,motor_dwell,18,48,1188.5,1768.0,579.5,1
cutter,motor_dwell,36,23,1469.0,1788.0,319.0,1
cutter,motor_dwell,21,35,1272.5,1794.0,521.5,1
cutter,motor_dwell,13,41,345.0,1801.0,1456.0,1
cutter,motor_dwell,19,27,661.0,1801.5,1140.5,1
cutter,motor_dwell,5,3,1475.5,1811.0,335.5,1
cutter,motor_dwell,25,35,490.0,1828.0,1338.0,1
cutter,motor_dwell,32,29,120.0,1857.0,1737.0,1
cutter,motor_dwell,3,29,1326.0,1858.0,532.0,1
cutter,motor_dwell,2,23,1413.0,1880.5,467.5,1
cutter,motor_dwell,34,48,1617.5,1882.0,264.5,1
cutter,motor_dwell,11,29,1555.5,1883.0,327.5,1
cutter,motor_dwell,22,10,525.5,1895.5,1370.0,1
cutter,motor_dwell,39,48,873.5,1896.5,1023.0,1
cutter,motor_dwell,28,40,1675.0,1916.5,241.5,1
cutter,motor_dwell,14,40,1599.5,1927.5,328.0,1
cutter,motor_dwell,27,37,1718.0,1965.5,247.5,1
cutter,motor_dwell,20,41,608.5,1970.5,1362.0,1
cutter,motor_dwell,4,3,1254.5,1998.5,744.0,1
cutter,motor_dwell,33,29,993.5,2018.5,1025.0,1
cutter,motor_dwell,36,37,1799.0,2022.5,223.5,1
cutter,motor_dwell,38,0,726.5,2026.5,1300.0,1
cutter,motor_dwell,21,41,1796.0,2028.5,232.5,1
cutter,motor_dwell,37,29,1599.5,2028.5,429.0,1
cutter,motor_dwell,19,23,1825.0,2041.5,216.5,1
cutter,motor_dwell,10,28,1219.5,2046.5,827.0,1
cutter,motor_dwell,0,39,1040.5,2061.5,1021.0,1
cutter,motor_dwell,17,5,1655.5,2062.0,406.5,1
cutter,motor_dwell,9,0,940.5,2081.5,1141.0,1
cutter,motor_dwell,17,3,2079.0,2087.0,8.0,1
cutter,motor_dwell,8,48,1502.0,2109.5,607.5,1
cutter,motor_dwell,36,10,2026.0,2139.5,113.5,1
cutter,motor_dwell,26,20,1704.0,2158.0,454.0,1
cutter,motor_dwell,29,48,1680.0,2171.0,491.0,1
cutter,motor_dwell,19,45,2057.0,2175.0,118.0,1
cutter,motor_dwell,36,0,2141.5,2175.5,34.0,1
cutter,motor_dwell,27,34,1978.5,2184.0,205.5,1
cutter,motor_dwell,7,29,684.0,2197.0,1513.0,1
cutter,motor_dwell,39,31,1901.0,2222.0,321.0,1
cutter,motor_dwell,32,3,1864.5,2224.5,360.0,1
cutter,motor_dwell,24,20,1639.0,2236.0,597.0,1
cutter,motor_dwell,21,39,2034.0,2259.0,225.0,1
cutter,motor_dwell,2,37,1891.5,2272.0,380.5,1
cutter,motor_dwell,20,39,1973.5,2274.0,300.5,1
cutter,motor_dwell,28,29,1919.0,2293.5,374.5,1
cutter,motor_dwell,30,31,1685.0,2293.5,608.5,1
cutter,motor_dwell,17,39,2134.0,2307.0,173.0,1
cutter,motor_dwell,15,5,1720.5,2327.5,607.0,1
cutter,motor_dwell,33,2,2041.5,2333.0,291.5,1
cutter,motor_dwell,23,0,1734.0,2364.0,630.0,1
cutter,motor_dwell,8,37,2121.5,2387.0,265.5,1
cutter,motor_dwell,8,34,2401.0,2419.5,18.5,1
cutter,motor_dwell,38,29,2111.5,2421.5,310.0,1
cutter,motor_dwell,31,41,1326.0,2440.0,1114.0,1
cutter,motor_dwell,9,34,2095.5,2440.5,345.0,1
cutter,motor_dwell,5,40,1856.0,2448.0,592.0,1
cutter,motor_dwell,18,20,1778.0,2454.0,676.0,1
cutter,motor_dwell,7,27,2221.0,2466.5,245.5,1
cutter,motor_dwell,21,0,2261.5,2501.0,239.5,1
cutter,motor_dwell,18,46,2455.5,2520.5,65.0,1
cutter,motor_dwell,35,40,1496.5,2520.5,1024.0,1
cutter,motor_dwell,1,29,1628.0,2532.5,904.5,1
cutter,motor_dwell,12,35,1681.0,2535.5,854.5,1
cutter,motor_dwell,3,5,1873.0,2548.5,675.5,1
cutter,motor_dwell,21,39,2506.0,2569.0,63.0,1
cutter,motor_dwell,37,35,2040.5,2627.5,587.0,1
cutter,motor_dwell,15,40,2334.5,2647.5,313.0,1
cutter,motor_dwell,34,28,1889.5,2650.5,761.0,1
cutter,motor_dwell,5,29,2457.0,2653.5,196.5,1
cutter,motor_dwell,14,20,1929.5,2661.5,732.0,1
cutter,motor_dwell,25,37,1839.5,2668.0,828.5,1
cutter,motor_dwell,27,20,2192.5,2672.5,480.0,1
cutter,motor_dwell,25,39,2669.5,2696.0,26.5,1
cutter,motor_dwell,15,5,2653.5,2727.0,73.5,1
cutter,motor_dwell,25,10,2719.5,2730.0,10.5,1
cutter,motor_dwell,6,2,1635.0,2743.5,1108.5,1
cutter,motor_dwell,16,3,1418.0,2794.5,1376.5,1
cutter,motor_dwell,22,0,1901.5,2794.5,893.0,1
cutter,motor_dwell,13,23,1822.0,2800.5,978.5,1
cutter,motor_dwell,19,40,2179.5,2803.5,624.0,1
cutter,motor_dwell,26,29,2181.0,2813.0,632.0,1
cutter,motor_dwell,19,10,2806.5,2856.5,50.0,1
cutter,motor_dwell,25,16,2739.5,2873.0,133.5,1
cutter,motor_dwell,16,31,2795.0,2881.0,86.0,1
cutter,motor_dwell,15,0,2727.5,2891.5,164.0,1
cutter,motor_dwell,39,20,2228.5,2898.0,669.5,1
cutter,motor_dwell,2,48,2302.5,2913.5,611.0,1
cutter,motor_dwell,12,40,2536.5,2931.5,395.0,1
cutter,motor_dwell,4,16,2015.5,2936.0,920.5,1
cutter,motor_dwell,5,2,2659.5,2942.5,283.0,1
cutter,motor_dwell,31,5,2469.0,2972.0,503.0,1
cutter,motor_dwell,17,16,2308.0,2972.5,664.5,1
cutter,motor_dwell,36,5,2194.0,2985.5,791.5,1
cutter,motor_dwell,34,37,2651.5,2988.0,336.5,1
cutter,motor_dwell,38,34,2437.5,3004.0,566.5,1
cutter,motor_dwell,15,16,2914.0,3006.5,92.5,1
cutter,motor_dwell,17,31,2983.5,3031.0,47.5,1
cutter,motor_dwell,22,16,2806.0,3045.0,239.0,1
cutter,motor_dwell,34,41,2999.5,3051.5,52.0,1
cutter,motor_dwell,28,10,2299.0,3063.5,764.5,1
cutter,motor_dwell,20,39,2278.5,3112.0,833.5,1
cutter,motor_dwell,5,0,2945.5,3129.0,183.5,1
cutter,motor_dwell,24,48,2243.5,3129.0,885.5,1
cutter,motor_dwell,19,46,2863.5,3131.0,267.5,1
cutter,motor_dwell,31,29,2983.5,3149.5,166.0,1
cutter,motor_dwell,23,2,2392.5,3169.5,777.0,1
cutter,motor_dwell,0,41,2081.5,3203.0,1121.5,1
cutter,motor_dwell,5,29,3140.5,3227.0,86.5,1
cutter,motor_dwell,4,40,2948.5,3257.5,309.0,1
cutter,motor_dwell,11,3,1907.0,3291.5,1384.5,1
cutter,motor_dwell,10,23,2112.0,3292.0,1180.0,1
cutter,motor_dwell,3,40,2580.0,3304.0,724.0,1
cutter,motor_dwell,16,37,2924.0,3311.0,387.0,1
cutter,motor_dwell,26,2,2828.5,3334.0,505.5,1
cutter,motor_dwell,35,39,2596.0,3335.0,739.0,1
cutter,motor_dwell,21,23,2591.0,3358.5,767.5,1
cutter,motor_dwell,7,37,2484.0,3364.5,880.5,1
cutter,motor_dwell,35,20,3340.5,3405.5,65.0,1
cutter,motor_dwell,25,28,2875.5,3413.0,537.5,1
cutter,motor_dwell,27,20,2685.5,3422.0,736.5,1
cutter,motor_dwell,29,46,2200.0,3459.0,1259.0,1
cutter,motor_dwell,34,20,3068.5,3474.0,405.5,1
cutter,motor_dwell,33,29,2350.0,3477.5,1127.5,1
cutter,motor_dwell,10,28,3297.0,3503.5,206.5,1
cutter,motor_dwell,2,2,2918.0,3507.5,589.5,1
cutter,motor_dwell,12,5,2990.5,3522.5,532.0,1
cutter,motor_dwell,6,20,2750.0,3546.5,796.5,1
cutter,motor_dwell,28,5,3074.5,3584.5,510.0,1
cutter,motor_dwell,4,40,3258.0,3602.0,344.0,1
cutter,motor_dwell,37,27,2640.5,3611.5,971.0,1
cutter,motor_dwell,29,27,3463.5,3624.0,160.5,1
cutter,motor_dwell,32,49,2231.0,3624.5,1393.5,1
cutter,motor_dwell,13,28,2802.5,3631.0,828.5,1
cutter,motor_dwell,16,23,3315.5,3636.5,321.0,1
cutter,motor_dwell,1,20,2537.5,3663.5,1126.0,1
cutter,motor_dwell,38,41,3016.0,3670.5,654.5,1
cutter,motor_dwell,18,29,2527.0,3686.5,1159.5,1
cutter,motor_dwell,27,35,3434.0,3687.5,253.5,1
cutter,motor_dwell,17,46,3039.5,3714.5,675.0,1
cutter,motor_dwell,31,10,3150.5,3736.0,585.5,1
cutter,motor_dwell,22,49,3053.5,3739.0,685.5,1
cutter,motor_dwell,29,27,3628.0,3751.0,123.0,1
cutter,motor_dwell,8,27,2425.0,3786.5,1361.5,1
cutter,motor_dwell,23,49,3181.5,3789.5,608.0,1
cutter,motor_dwell,12,20,3528.5,3799.5,271.0,1
cutter,motor_dwell,33,39,3479.0,3818.5,339.5,1
cutter,motor_dwell,23,16,3796.0,3821.0,25.0,1
cutter,motor_dwell,36,48,2999.5,3821.0,821.5,1
cutter,motor_dwell,23,23,3834.5,3859.0,24.5,1
cutter,motor_dwell,32,48,3641.0,3863.0,222.0,1
cutter,motor_dwell,25,35,3458.0,3874.0,416.0,1
cutter,motor_dwell,28,5,3597.0,3879.0,282.0,1
cutter,motor_dwell,2,27,3519.0,3895.5,376.5,1
cutter,motor_dwell,30,29,2297.0,3924.5,1627.5,1
cutter,motor_dwell,3,39,3318.0,3930.5,612.5,1
cutter,motor_dwell,20,31,3116.5,3938.0,821.5,1
cutter,motor_dwell,31,37,3748.5,3939.0,190.5,1
cutter,motor_dwell,4,0,3614.0,3943.0,329.0,1
cutter,motor_dwell,36,35,3824.0,3969.5,145.5,1
cutter,motor_dwell,37,28,3624.0,3979.0,355.0,1
cutter,motor_dwell,27,27,3695.0,4000.0,305.0,1
cutter,motor_dwell,2,46,3950.0,4008.5,58.5,1
cutter,motor_dwell,5,16,3228.0,4016.0,788.0,1
cutter,motor_dwell,30,49,3936.5,4025.5,89.0,1
cutter,motor_dwell,38,39,3677.5,4026.0,348.5,1
cutter,motor_dwell,39,48,2949.5,4033.0,1083.5,1
cutter,motor_dwell,14,10,2688.5,4041.0,1352.5,1
cutter,motor_dwell,2,27,4029.0,4062.0,33.0,1
cutter,motor_dwell,28,2,3880.5,4088.5,208.0,1
cutter,motor_dwell,23,10,3860.5,4093.5,233.0,1
cutter,motor_dwell,0,23,3206.5,4098.0,891.5,1
cutter,motor_dwell,15,28,3025.5,4098.5,1073.0,1
cutter,motor_dwell,23,28,4108.0,4117.0,9.0,1
cutter,motor_dwell,26,16,3350.0,4125.5,775.5,1
cutter,motor_dwell,22,34,3741.5,4138.0,396.5,1
cutter,motor_dwell,11,27,3296.5,4159.5,863.0,1
cutter,motor_dwell,22,39,4153.0,4166.0,13.0,1
cutter,motor_dwell,29,34,3759.5,4173.5,414.0,1
cutter,motor_dwell,8,23,3806.5,4185.5,379.0,1
cutter,motor_dwell,5,3,4018.0,4186.0,168.0,1
cutter,motor_dwell,4,37,3946.5,4227.5,281.0,1
cutter,motor_dwell,0,31,4119.5,4235.0,115.5,1
cutter,motor_dwell,30,3,4032.5,4245.5,213.0,1
cutter,motor_dwell,9,29,2454.0,4248.5,1794.5,1
cutter,motor_dwell,28,35,4093.0,4274.5,181.5,1
cutter,motor_dwell,16,28,3647.0,4289.5,642.5,1
cutter,motor_dwell,18,31,3703.5,4319.0,615.5,1
cutter,motor_dwell,24,39,3138.0,4335.5,1197.5,1
cutter,motor_dwell,35,29,3418.5,4336.0,917.5,1
cutter,motor_dwell,2,49,4064.0,4370.0,306.0,1
cutter,motor_dwell,11,46,4170.0,4377.5,207.5,1
cutter,motor_dwell,16,29,4308.0,4392.5,84.5,1
cutter,motor_dwell,5,37,4197.5,4396.5,199.0,1
cutter,motor_dwell,36,35,3970.0,4405.5,435.5,1
cutter,motor_dwell,17,20,3715.5,4409.0,693.5,1
cutter,motor_dwell,26,28,4133.0,4426.5,293.5,1
cutter,motor_dwell,34,29,3477.5,4429.5,952.0,1
cutter,motor_dwell,37,28,3983.0,4430.5,447.5,1
cutter,motor_dwell,19,15,3166.5,4472.5,1306.0,1
cutter,motor_dwell,12,29,3808.0,4489.5,681.5,1
cutter,motor_dwell,7,3,3367.0,4491.5,1124.5,1
cutter,motor_dwell,2,29,4375.0,4515.5,140.5,1
cutter,motor_dwell,16,35,4415.5,4526.5,111.0,1
cutter,motor_dwell,5,49,4407.5,4554.0,146.5,1
cutter,motor_dwell,35,35,4342.0,4561.5,219.5,1
cutter,motor_dwell,26,39,4443.5,4590.5,147.0,1
cutter,motor_dwell,21,27,3377.5,4591.5,1214.0,1
cutter,motor_dwell,2,28,4516.5,4609.0,92.5,1
cutter,motor_dwell,6,29,3549.0,4617.5,1068.5,1
cutter,motor_dwell,15,46,4110.5,4627.5,517.0,1
cutter,motor_dwell,26,49,4632.0,4636.0,4.0,1
cutter,motor_dwell,33,48,3823.5,4649.0,825.5,1
cutter,motor_dwell,27,41,4000.5,4661.0,660.5,1
cutter,motor_dwell,11,46,4384.5,4676.0,291.5,1
cutter,motor_dwell,19,15,4473.5,4680.0,206.5,1
cutter,motor_dwell,10,5,3510.5,4715.5,1205.0,1
cutter,motor_dwell,13,20,3641.0,4733.5,1092.5,1
cutter,motor_dwell,33,35,4652.0,4738.5,86.5,1
cutter,motor_dwell,38,16,4031.0,4748.0,717.0,1
cutter,motor_dwell,32,37,3879.0,4752.5,873.5,1
cutter,motor_dwell,25,29,3876.5,4774.0,897.5,1
cutter,motor_dwell,21,0,4619.0,4783.5,164.5,1
cutter,motor_dwell,24,27,4353.5,4787.0,433.5,1
cutter,motor_dwell,21,20,4784.5,4826.0,41.5,1
cutter,motor_dwell,27,49,4687.5,4840.5,153.0,1
cutter,motor_dwell,27,21,4841.0,4853.5,12.5,1
cutter,motor_dwell,29,35,4191.0,4854.0,663.0,1
cutter,motor_dwell,0,0,4238.0,4882.0,644.0,1
cutter,motor_dwell,31,2,3951.0,4893.0,942.0,1
cutter,motor_dwell,36,0,4410.5,4893.5,483.0,1
cutter,motor_dwell,0,29,4886.0,4901.5,15.5,1
cutter,motor_dwell,18,37,4339.0,4911.5,572.5,1
cutter,motor_dwell,12,34,4512.5,4923.5,411.0,1
cutter,motor_dwell,6,15,4640.0,4942.0,302.0,1
cutter,motor_dwell,22,48,4173.5,4960.5,787.0,1
cutter,motor_dwell,17,37,4417.5,4962.5,545.0,1
cutter,motor_dwell,27,40,4860.0,4972.5,112.5,1
cutter,motor_dwell,35,27,4572.5,4972.5,400.0,1
cutter,motor_dwell,8,29,4193.5,4982.5,789.0,1
cutter,motor_dwell,37,28,4440.5,4999.5,559.0,1
cutter,motor_dwell,28,37,4282.5,5028.0,745.5,1
cutter,motor_dwell,1,41,3670.5,5046.0,1375.5,1
cutter,motor_dwell,16,31,4536.5,5048.0,511.5,1
cutter,motor_dwell,20,39,3966.5,5049.0,1082.5,1
cutter,motor_dwell,39,0,4041.5,5054.0,1012.5,1
cutter,motor_dwell,27,28,4978.5,5119.0,140.5,1
cutter,motor_dwell,31,40,4896.0,5126.5,230.5,1
cutter,motor_dwell,3,3,3942.5,5135.0,1192.5,1
cutter,motor_dwell,17,37,5000.5,5137.5,137.0,1
cutter,motor_dwell,1,35,5054.0,5161.5,107.5,1
cutter,motor_dwell,17,2,5156.0,5169.0,13.0,1
cutter,motor_dwell,27,34,5137.5,5178.0,40.5,1
cutter,motor_dwell,4,10,4228.0,5187.5,959.5,1
cutter,motor_dwell,4,40,5191.5,5196.5,5.0,1
cutter,motor_dwell,14,5,4048.0,5256.5,1208.5,1
cutter,motor_dwell,19,15,4682.5,5265.0,582.5,1
cutter,motor_dwell,7,2,4492.0,5266.0,774.0,1
cutter,motor_dwell,29,29,4856.0,5266.0,410.0,1
cutter,motor_dwell,27,16,5194.5,5297.0,102.5,1
cutter,motor_dwell,23,5,4146.5,5306.0,1159.5,1
cutter,motor_dwell,30,39,4249.5,5321.0,1071.5,1
cutter,motor_dwell,17,29,5170.0,5338.5,168.5,1
cutter,motor_dwell,7,34,5274.5,5340.0,65.5,1
cutter,motor_dwell,35,3,4994.0,5344.5,350.5,1
cutter,motor_dwell,14,28,5273.0,5388.0,115.0,1
cutter,motor_dwell,6,10,4990.0,5436.0,446.0,1
cutter,motor_dwell,16,46,5059.5,5466.5,407.0,1
cutter,motor_dwell,15,28,4634.0,5473.0,839.0,1
cutter,motor_dwell,26,3,4637.0,5475.0,838.0,1
cutter,motor_dwell,5,2,4579.0,5477.0,898.0,1
cutter,motor_dwell,11,23,4684.0,5490.0,806.0,1
cutter,motor_dwell,28,37,5029.0,5534.0,505.0,1
cutter,motor_dwell,32,41,4770.0,5538.0,768.0,1
cutter,motor_dwell,37,2,5002.5,5542.0,539.5,1
cutter,motor_dwell,34,20,4430.5,5548.0,1117.5,1
cutter,motor_dwell,0,2,4906.5,5588.0,681.5,1
cutter,motor_dwell,38,16,4774.5,5600.5,826.0,1
cutter,motor_dwell,31,20,5127.0,5607.0,480.0,1
cutter,motor_dwell,24,31,4796.0,5621.5,825.5,1
cutter,motor_dwell,25,49,4783.5,5625.5,842.0,1
cutter,motor_dwell,26,5,5477.0,5634.0,157.0,1
cutter,motor_dwell,36,27,4913.5,5637.0,723.5,1
cutter,motor_dwell,8,10,5011.5,5654.5,643.0,1
cutter,motor_dwell,4,14,5253.5,5668.5,415.0,1
cutter,motor_dwell,2,3,4624.0,5675.5,1051.5,1
cutter,motor_dwell,33,27,4739.5,5689.5,950.0,1
cutter,motor_dwell,35,48,5356.5,5712.5,356.0,1
cutter,motor_dwell,10,2,4719.5,5722.0,1002.5,1
cutter,motor_dwell,37,41,5548.0,5724.5,176.5,1
cutter,motor_dwell,7,3,5351.0,5725.0,374.0,1
cutter,motor_dwell,31,27,5640.0,5741.5,101.5,1
cutter,motor_dwell,20,48,5059.0,5762.5,703.5,1
cutter,motor_dwell,9,46,4253.0,5785.5,1532.5,1
cutter,motor_dwell,30,37,5349.0,5794.0,445.0,1
cutter,motor_dwell,12,15,4926.0,5808.0,882.0,1
cutter,motor_dwell,15,2,5497.5,5815.0,317.5,1
cutter,motor_dwell,3,0,5154.0,5818.5,664.5,1
cutter,motor_dwell,12,37,5823.0,5845.5,22.5,1
cutter,motor_dwell,24,16,5622.5,5845.5,223.0,1
cutter,motor_dwell,17,46,5350.0,5873.0,523.0,1
cutter,motor_dwell,4,27,5691.0,5888.0,197.0,1
cutter,motor_dwell,16,35,5478.0,5894.0,416.0,1
cutter,motor_dwell,29,23,5269.5,5896.5,627.0,1
cutter,motor_dwell,28,48,5556.5,5897.5,341.0,1
cutter,motor_dwell,24,48,5862.0,5904.0,42.0,1
cutter,motor_dwell,14,41,5408.0,5928.5,520.5,1
cutter,motor_dwell,22,20,4962.5,5934.5,972.0,1
cutter,motor_dwell,21,10,4827.0,5941.5,1114.5,1
cutter,motor_dwell,27,39,5327.0,5943.0,616.0,1
cutter,motor_dwell,29,35,5911.5,5952.5,41.0,1
cutter,motor_dwell,30,34,5800.0,5954.0,154.0,1
cutter,motor_dwell,22,27,5942.0,5968.0,26.0,1
cutter,motor_dwell,18,23,4923.0,5970.5,1047.5,1
cutter,motor_dwell,32,40,5588.5,5980.5,392.0,1
cutter,motor_dwell,10,37,5725.0,5983.0,258.0,1
cutter,motor_dwell,34,13,5551.0,5996.0,445.0,1
cutter,motor_dwell,13,29,4743.0,5998.0,1255.0,1
cutter,motor_dwell,2,2,5682.0,6047.5,365.5,1
cutter,motor_dwell,39,21,5060.0,6067.5,1007.5,1
cutter,motor_dwell,26,35,5646.0,6084.0,438.0,1
cutter,motor_dwell,33,15,5701.5,6109.0,407.5,1
cutter,motor_dwell,22,48,5972.0,6113.5,141.5,1
cutter,motor_dwell,23,5,5314.5,6141.0,826.5,1
cutter,motor_dwell,1,2,5174.0,6178.5,1004.5,1
cutter,motor_dwell,35,29,5717.5,6205.0,487.5,1
cutter,motor_dwell,39,20,6070.5,6211.0,140.5,1
cutter,motor_dwell,21,29,5971.5,6225.0,253.5,1
cutter,motor_dwell,7,40,5726.5,6232.5,506.0,1
cutter,motor_dwell,19,20,5269.0,6318.0,1049.0,1
cutter,motor_dwell,28,35,5904.5,6348.5,444.0,1
cutter,motor_dwell,35,40,6209.5,6360.0,150.5,1
cutter,motor_dwell,23,41,6183.0,6388.0,205.0,1
cutter,motor_dwell,17,10,5877.5,6409.5,532.0,1
cutter,motor_dwell,0,5,5598.5,6438.5,840.0,1
cutter,motor_dwell,20,28,5793.0,6460.0,667.0,1
cutter,motor_dwell,36,15,5642.0,6462.0,820.0,1
cutter,motor_dwell,5,21,5485.0,6462.5,977.5,1
cutter,motor_dwell,18,0,5974.5,6470.0,495.5,1
cutter,motor_dwell,27,41,5953.5,6500.0,546.5,1
cutter,motor_dwell,27,48,6516.0,6521.5,5.5,1
cutter,motor_dwell,26,37,6103.0,6523.5,420.5,1
cutter,motor_dwell,4,40,5897.5,6538.5,641.0,1
cutter,motor_dwell,2,10,6050.5,6554.0,503.5,1
cutter,motor_dwell,12,15,5847.0,6568.0,721.0,1
cutter,motor_dwell,22,0,6118.0,6572.5,454.5,1
cutter,motor_dwell,32,41,6031.5,6586.0,554.5,1
cutter,motor_dwell,33,0,6109.5,6589.0,479.5,1
cutter,motor_dwell,14,39,5949.5,6611.0,661.5,1
cutter,motor_dwell,17,49,6416.0,6611.0,195.0,1
cutter,motor_dwell,6,3,5450.5,6613.5,1163.0,1
cutter,motor_dwell,15,35,5823.5,6617.5,794.0,1
cutter,motor_dwell,2,34,6567.0,6621.0,54.0,1
cutter,motor_dwell,22,27,6582.0,6643.0,61.0,1
cutter,motor_dwell,27,15,6522.5,6652.0,129.5,1
cutter,motor_dwell,31,46,5744.0,6675.5,931.5,1
cutter,motor_dwell,7,39,6236.0,6686.0,450.0,1
cutter,motor_dwell,33,35,6595.0,6696.0,101.0,1
cutter,motor_dwell,8,16,5668.5,6701.5,1033.0,1
cutter,motor_dwell,23,29,6395.5,6709.0,313.5,1
cutter,motor_dwell,1,34,6180.0,6713.5,533.5,1
cutter,motor_dwell,13,3,6000.0,6732.5,732.5,1
cutter,motor_dwell,25,15,5628.0,6740.0,1112.0,1
cutter,motor_dwell,0,2,6469.5,6757.0,287.5,1
cutter,motor_dwell,23,46,6710.5,6763.5,53.0,1
cutter,motor_dwell,37,28,5734.0,6772.0,1038.0,1
cutter,motor_dwell,1,3,6732.0,6776.5,44.5,1
cutter,motor_dwell,20,39,6517.5,6777.5,260.0,1
cutter,motor_dwell,15,20,6620.5,6832.0,211.5,1
cutter,motor_dwell,8,28,6702.0,6848.0,146.0,1
cutter,motor_dwell,7,21,6703.5,6860.5,157.0,1
cutter,motor_dwell,38,43,5603.5,6868.0,1264.5,1
cutter,motor_dwell,1,46,6789.5,6880.0,90.5,1
cutter,motor_dwell,24,16,5905.0,6880.0,975.0,1
cutter,motor_dwell,21,5,6229.0,6890.0,661.0,1
cutter,motor_dwell,9,23,5789.5,6921.0,1131.5,1
cutter,motor_dwell,29,2,5960.5,6923.5,963.0,1
cutter,motor_dwell,25,31,6756.5,6929.0,172.5,1
cutter,motor_dwell,17,46,6627.5,6934.5,307.0,1
cutter,motor_dwell,13,46,6736.5,6947.5,211.0,1
cutter,motor_dwell,30,28,5969.0,6952.5,983.5,1
cutter,motor_dwell,22,5,6677.5,6961.5,284.0,1
cutter,motor_dwell,16,27,5934.0,6979.5,1045.5,1
cutter,motor_dwell,1,49,6918.0,6981.5,63.5,1
cutter,motor_dwell,36,37,6467.0,6991.0,524.0,1
cutter,motor_dwell,34,40,5997.5,7040.0,1042.5,1
cutter,motor_dwell,29,35,6926.0,7047.5,121.5,1
cutter,motor_dwell,23,37,6764.0,7084.5,320.5,1
cutter,motor_dwell,34,5,7046.0,7094.0,48.0,1
cutter,motor_dwell,0,16,6794.5,7101.0,306.5,1
cutter,motor_dwell,11,46,5497.0,7111.5,1614.5,1
cutter,motor_dwell,3,29,5824.5,7143.0,1318.5,1
cutter,motor_dwell,2,28,6633.0,7144.5,511.5,1
cutter,motor_dwell,19,48,6319.5,7187.0,867.5,1
cutter,motor_dwell,12,40,6584.0,7208.5,624.5,1
cutter,motor_dwell,34,46,7098.0,7212.5,114.5,1
cutter,motor_dwell,7,43,6867.0,7213.5,346.5,1
cutter,motor_dwell,17,0,6951.0,7219.5,268.5,1
cutter,motor_dwell,1,29,6987.5,7231.5,244.0,1
cutter,motor_dwell,38,43,6884.5,7271.5,387.0,1
cutter,motor_dwell,1,15,7244.5,7273.5,29.0,1
cutter,motor_dwell,24,15,6890.0,7324.0,434.0,1
cutter,motor_dwell,5,10,6469.0,7353.5,884.5,1
cutter,motor_dwell,28,29,6351.0,7359.5,1008.5,1
cutter,motor_dwell,20,20,6782.0,7360.5,578.5,1
cutter,motor_dwell,6,16,6669.5,7363.0,693.5,1
cutter,motor_dwell,35,40,6383.5,7372.5,989.0,1
cutter,motor_dwell,32,27,6593.0,7439.0,846.0,1
cutter,motor_dwell,28,16,7374.0,7439.5,65.5,1
cutter,motor_dwell,10,17,6003.0,7457.5,1454.5,1
cutter,motor_dwell,8,10,6849.5,7484.5,635.0,1
cutter,motor_dwell,15,40,6879.0,7486.5,607.5,1
cutter,motor_dwell,23,23,7116.0,7509.0,393.0,1
cutter,motor_dwell,2,16,7188.0,7517.0,329.0,1
cutter,motor_dwell,35,20,7375.5,7527.0,151.5,1
cutter,motor_dwell,20,29,7365.0,7529.5,164.5,1
cutter,motor_dwell,39,13,6250.0,7532.0,1282.0,1
cutter,motor_dwell,16,49,7011.0,7549.5,538.5,1
cutter,motor_dwell,16,21,7557.5,7561.5,4.0,1
cutter,motor_dwell,8,40,7498.0,7576.0,78.0,1
cutter,motor_dwell,33,15,6700.5,7593.0,892.5,1
cutter,motor_dwell,9,29,6933.5,7603.0,669.5,1
cutter,motor_dwell,19,29,7205.0,7607.0,402.0,1
cutter,motor_dwell,21,39,6906.0,7639.0,733.0,1
cutter,motor_dwell,26,5,6536.0,7673.5,1137.5,1
cutter,motor_dwell,38,29,7283.0,7677.5,394.5,1
cutter,motor_dwell,37,46,6780.0,7685.5,905.5,1
cutter,motor_dwell,35,16,7537.5,7687.5,150.0,1
cutter,motor_dwell,19,28,7626.0,7699.0,73.0,1
cutter,motor_dwell,24,5,7327.5,7722.5,395.0,1
cutter,motor_dwell,12,29,7217.0,7729.5,512.5,1
cutter,motor_dwell,31,49,6684.0,7732.0,1048.0,1
cutter,motor_dwell,21,16,7650.5,7735.0,84.5,1
cutter,motor_dwell,5,43,7363.0,7748.5,385.5,1
cutter,motor_dwell,4,15,6562.0,7753.0,1191.0,1
cutter,motor_dwell,27,20,6665.5,7765.0,1099.5,1
cutter,motor_dwell,2,27,7530.0,7772.5,242.5,1
cutter,motor_dwell,28,23,7459.5,7787.0,327.5,1
cutter,motor_dwell,27,0,7766.0,7789.0,23.0,1
cutter,motor_dwell,28,35,7802.0,7809.5,7.5,1
cutter,motor_dwell,22,34,6964.0,7819.5,855.5,1
cutter,motor_dwell,17,29,7252.5,7885.5,633.0,1
cutter,motor_dwell,23,14,7511.5,7899.5,388.0,1
cutter,motor_dwell,3,3,7154.0,7903.0,749.0,1
cutter,motor_dwell,39,48,7537.5,7906.5,369.0,1
cutter,motor_dwell,7,29,7220.5,7908.5,688.0,1
cutter,motor_dwell,0,5,7110.5,7937.0,826.5,1
cutter,motor_dwell,11,27,7116.5,7968.0,851.5,1
cutter,motor_dwell,20,23,7532.5,7977.0,444.5,1
cutter,motor_dwell,39,28,7911.0,7987.5,76.5,1
cutter,motor_dwell,5,46,7750.5,7989.0,238.5,1
cutter,motor_dwell,32,29,7482.5,8009.5,527.0,1
cutter,motor_dwell,24,5,7730.5,8013.0,282.5,1
cutter,motor_dwell,1,34,7284.0,8024.0,740.0,1
cutter,motor_dwell,39,17,7994.0,8030.5,36.5,1
cutter,motor_dwell,2,28,7773.5,8039.0,265.5,1
cutter,motor_dwell,38,39,7680.5,8050.5,370.0,1
cutter,motor_dwell,18,13,6503.0,8059.0,1556.0,1
cutter,motor_dwell,8,17,7598.0,8077.5,479.5,1
cutter,motor_dwell,36,14,7002.5,8097.5,1095.0,1
cutter,motor_dwell,14,8,6611.5,8098.0,1486.5,1
cutter,motor_dwell,15,31,7489.5,8125.0,635.5,1
cutter,motor_dwell,19,16,7699.5,8135.0,435.5,1
cutter,motor_dwell,26,8,7694.0,8156.0,462.0,1
cutter,motor_dwell,22,14,7822.0,8161.5,339.5,1
cutter,motor_dwell,22,27,8165.5,8176.0,10.5,1
cutter,motor_dwell,30,39,6970.0,8182.0,1212.0,1
cutter,motor_dwell,14,8,8099.5,8197.5,98.0,1
cutter,motor_dwell,16,29,7566.0,8200.5,634.5,1
cutter,motor_dwell,36,14,8118.0,8202.0,84.0,1
cutter,motor_dwell,32,5,8014.0,8208.5,194.5,1
cutter,motor_dwell,10,21,7476.5,8227.0,750.5,1
cutter,motor_dwell,13,20,6961.5,8228.5,1267.0,1
cutter,motor_dwell,37,40,7686.5,8254.0,567.5,1
cutter,motor_dwell,29,27,7053.5,8258.5,1205.0,1
cutter,motor_dwell,31,34,7747.5,8261.0,513.5,1
cutter,motor_dwell,9,48,7609.0,8308.0,699.0,1
cutter,motor_dwell,39,14,8033.5,8329.5,296.0,1
cutter,motor_dwell,6,48,7365.5,8347.0,981.5,1
cutter,motor_dwell,28,29,7830.5,8351.5,521.0,1
cutter,motor_dwell,38,34,8051.0,8360.0,309.0,1
cutter,motor_dwell,11,12,7970.5,8374.0,403.5,1
cutter,motor_dwell,4,15,7756.5,8405.5,649.0,1
cutter,motor_dwell,28,14,8356.0,8431.0,75.0,1
cutter,motor_dwell,25,29,6942.5,8434.5,1492.0,1
cutter,motor_dwell,32,15,8215.5,8453.0,237.5,1
cutter,motor_dwell,4,21,8412.0,8459.0,47.0,1
cutter,motor_dwell,5,20,7995.5,8462.5,467.0,1
cutter,motor_dwell,12,34,7732.0,8475.5,743.5,1
cutter,motor_dwell,4,0,8462.5,8482.0,19.5,1
cutter,motor_dwell,36,16,8208.0,8502.5,294.5,1
cutter,motor_dwell,18,21,8066.5,8522.5,456.0,1
cutter,motor_dwell,33,5,7602.5,8527.0,924.5,1
cutter,motor_dwell,12,0,8479.5,8528.5,49.0,1
cutter,motor_dwell,4,14,8492.5,8547.0,54.5,1
cutter,motor_dwell,23,16,7904.5,8572.5,668.0,1
cutter,motor_dwell,18,16,8535.0,8637.5,102.5,1
cutter,motor_dwell,38,7,8363.0,8657.0,294.0,1
cutter,motor_dwell,8,8,8082.5,8680.0,597.5,1
cutter,motor_dwell,35,27,7692.0,8682.5,990.5,1
cutter,motor_dwell,15,20,8138.5,8700.0,561.5,1
cutter,motor_dwell,21,14,7747.5,8705.5,958.0,1
cutter,motor_dwell,37,43,8282.5,8715.5,433.0,1
cutter,motor_dwell,13,46,8230.0,8721.0,491.0,1
cutter,motor_dwell,7,23,7935.0,8747.0,812.0,1
cutter,motor_dwell,4,20,8554.5,8749.0,194.5,1
cutter,motor_dwell,19,35,8135.5,8765.5,630.0,1
cutter,motor_dwell,31,46,8272.5,8789.0,516.5,1
cutter,motor_dwell,6,10,8368.0,8815.5,447.5,1
cutter,motor_dwell,34,13,7227.0,8819.5,1592.5,1
cutter,motor_dwell,27,16,7789.5,8829.0,1039.5,1
cutter,motor_dwell,33,5,8558.5,8872.5,314.0,1
cutter,motor_dwell,22,29,8178.5,8892.0,713.5,1
cutter,motor_dwell,32,40,8455.0,8901.5,446.5,1
cutter,motor_dwell,3,23,7907.0,8921.5,1014.5,1
cutter,motor_dwell,35,35,8685.5,8928.0,242.5,1
cutter,motor_dwell,26,12,8171.0,8954.0,783.0,1
cutter,motor_dwell,0,13,7949.0,8955.5,1006.5,1
cutter,motor_dwell,14,10,8200.5,8977.5,777.0,1
cutter,motor_dwell,15,46,8712.5,8978.5,266.0,1
cutter,motor_dwell,12,28,8547.0,8984.5,437.5,1
cutter,motor_dwell,30,8,8199.5,8985.0,785.5,1
cutter,motor_dwell,10,40,8234.5,8985.5,751.0,1
cutter,motor_dwell,20,17,7983.5,8988.5,1005.0,1
cutter,motor_dwell,27,15,8834.0,9014.0,180.0,1
cutter,motor_dwell,30,16,9008.5,9021.5,13.0,1
cutter,motor_dwell,8,43,8682.5,9022.5,340.0,1
cutter,motor_dwell,21,8,8725.0,9049.5,324.5,1
cutter,motor_dwell,1,49,8037.5,9051.0,1013.5,1
cutter,motor_dwell,1,23,9061.5,9071.5,10.0,1
cutter,motor_dwell,36,43,8525.0,9075.5,550.5,1
cutter,motor_dwell,4,31,8754.5,9080.0,325.5,1
cutter,motor_dwell,20,29,8991.0,9086.5,95.5,1
cutter,motor_dwell,11,8,8388.0,9101.5,713.5,1
cutter,motor_dwell,24,49,8015.0,9169.0,1154.0,1
cutter,motor_dwell,19,2,8777.0,9195.5,418.5,1
cutter,motor_dwell,36,41,9079.0,9203.0,124.0,1
cutter,motor_dwell,39,21,8338.5,9209.5,871.0,1
cutter,motor_dwell,15,27,8986.5,9238.0,251.5,1
cutter,motor_dwell,37,17,8720.0,9242.5,522.5,1
cutter,motor_dwell,16,5,8203.0,9256.5,1053.5,1
cutter,motor_dwell,29,41,8265.5,9298.0,1032.5,1
cutter,motor_dwell,38,15,8683.0,9307.0,624.0,1
cutter,motor_dwell,11,27,9102.0,9319.5,217.5,1
cutter,motor_dwell,9,39,8309.0,9321.5,1012.5,1
cutter,motor_dwell,37,35,9259.0,9371.0,112.0,1
cutter,motor_dwell,26,40,8955.0,9374.0,419.0,1
cutter,motor_dwell,33,16,8881.0,9376.0,495.0,1
cutter,motor_dwell,13,41,8726.5,9378.0,651.5,1
cutter,motor_dwell,0,41,8968.0,9389.0,421.0,1
cutter,motor_dwell,23,17,8580.5,9417.0,836.5,1
cutter,motor_dwell,2,29,8044.5,9428.5,1384.0,1
cutter,motor_dwell,17,12,7889.0,9459.5,1570.5,1
cutter,motor_dwell,14,7,8994.5,9460.5,466.0,1
cutter,motor_dwell,7,28,8768.5,9461.5,693.0,1
cutter,motor_dwell,30,16,9023.5,9473.5,450.0,1
cutter,motor_dwell,14,29,9469.0,9476.0,7.0,1
cutter,motor_dwell,26,39,9380.5,9498.0,117.5,1
cutter,motor_dwell,28,20,8433.0,9500.5,1067.5,1
cutter,motor_dwell,23,16,9417.5,9513.0,95.5,1
cutter,motor_dwell,24,13,9192.0,9518.0,326.0,1
cutter,motor_dwell,21,21,9057.0,9519.5,462.5,1
cutter,motor_dwell,18,0,8645.5,9564.5,919.0,1
cutter,motor_dwell,25,41,8446.5,9575.5,1129.0,1
cutter,motor_dwell,12,0,8993.5,9589.5,596.0,1
cutter,motor_dwell,19,5,9201.5,9590.5,389.0,1
cutter,motor_dwell,0,43,9405.5,9594.5,189.0,1
cutter,motor_dwell,7,40,9469.5,9604.5,135.0,1
cutter,motor_dwell,9,27,9325.5,9606.0,280.5,1
cutter,motor_dwell,12,23,9591.5,9607.5,16.0,1
cutter,motor_dwell,35,13,8938.5,9611.5,673.0,1
cutter,motor_dwell,9,13,9608.0,9621.5,13.5,1
cutter,motor_dwell,3,35,8946.5,9637.0,690.5,1
cutter,motor_dwell,12,43,9612.5,9645.5,33.0,1
cutter,motor_dwell,38,29,9314.5,9659.5,345.0,1
cutter,motor_dwell,36,39,9204.5,9660.5,456.0,1
cutter,motor_dwell,20,31,9090.5,9686.5,596.0,1
cutter,motor_dwell,27,2,9023.0,9702.5,679.5,1
cutter,motor_dwell,3,40,9645.0,9717.5,72.5,1
cutter,motor_dwell,32,20,8907.5,9728.0,820.5,1
cutter,motor_dwell,5,17,8467.5,9738.0,1270.5,1
cutter,motor_dwell,3,37,9731.0,9739.5,8.5,1
cutter,motor_dwell,37,21,9386.5,9740.5,354.0,1
cutter,motor_dwell,25,2,9581.0,9749.0,168.0,1
cutter,motor_dwell,36,41,9682.0,9768.0,86.0,1
cutter,motor_dwell,11,0,9331.0,9790.0,459.0,1
cutter,motor_dwell,7,31,9611.5,9800.0,188.5,1
cutter,motor_dwell,15,20,9241.0,9804.5,563.5,1
cutter,motor_dwell,36,41,9770.0,9847.5,77.5,1
cutter,motor_dwell,21,35,9520.5,9855.5,335.0,1
cutter,motor_dwell,29,16,9299.0,9856.5,557.5,1
cutter,motor_dwell,24,7,9527.0,9867.0,340.0,1
cutter,motor_dwell,34,29,8826.5,9872.5,1046.0,1
cutter,motor_dwell,31,14,8792.0,9882.0,1090.0,1
cutter,motor_dwell,15,21,9828.0,9897.5,69.5,1
cutter,motor_dwell,10,2,8986.5,9915.0,928.5,1
cutter,motor_dwell,39,29,9212.5,9928.0,715.5,1
cutter,motor_dwell,6,17,8818.0,9966.0,1148.0,1
cutter,motor_dwell,18,37,9569.0,9966.0,397.0,1
cutter,motor_dwell,22,8,8910.5,9966.5,1056.0,1
cutter,motor_dwell,7,46,9811.5,9971.5,160.0,1
cutter,motor_dwell,4,29,9103.0,9979.5,876.5,1
cutter,motor_dwell,1,8,9079.0,10003.5,924.5,1
cutter,motor_dwell,26,29,9504.0,10020.5,516.5,1
cutter,motor_dwell,36,8,9870.0,10083.0,213.0,1
cutter,motor_dwell,13,3,9383.0,10110.0,727.0,1
cutter,motor_dwell,9,13,9626.0,10113.0,487.0,1
cutter,motor_dwell,31,41,9925.5,10128.5,203.0,1
cutter,motor_dwell,33,20,9385.5,10133.5,748.0,1
cutter,motor_dwell,37,28,9759.0,10134.5,375.5,1
cutter,motor_dwell,26,7,10036.0,10142.0,106.0,1
cutter,motor_dwell,28,31,9516.0,10163.5,647.5,1
cutter,motor_dwell,28,37,10166.0,10176.0,10.0,1
cutter,motor_dwell,26,29,10150.5,10185.0,34.5,1
cutter,motor_dwell,16,5,9259.0,10186.0,927.0,1
cutter,motor_dwell,36,8,10084.0,10188.0,104.0,1
cutter,motor_dwell,2,7,9448.5,10189.5,741.0,1
cutter,motor_dwell,0,8,9595.0,10200.0,605.0,1
cutter,motor_dwell,26,29,10188.0,10236.5,48.5,1
cutter,motor_dwell,10,2,9918.0,10252.0,334.0,1
cutter,motor_dwell,20,31,9688.0,10292.0,604.0,1
cutter,motor_dwell,1,43,10020.0,10303.5,283.5,1
cutter,motor_dwell,8,14,9027.5,10358.0,1330.5,1
cutter,motor_dwell,6,15,9977.5,10359.5,382.0,1
cutter,motor_dwell,28,27,10177.5,10370.0,192.5,1
cutter,motor_dwell,30,29,9508.5,10376.0,867.5,1
cutter,motor_dwell,28,15,10372.5,10406.5,34.0,1
cutter,motor_dwell,35,40,9637.0,10411.5,774.5,1
cutter,motor_dwell,13,41,10112.0,10440.0,328.0,1
cutter,motor_dwell,38,35,9665.0,10462.5,797.5,1
cutter,motor_dwell,9,20,10117.0,10465.5,348.5,1
cutter,motor_dwell,39,17,9933.5,10472.0,538.5,1
cutter,motor_dwell,39,14,10480.5,10484.0,3.5,1
cutter,motor_dwell,14,20,9476.5,10487.0,1010.5,1
cutter,motor_dwell,37,5,10149.5,10508.0,358.5,1
cutter,motor_dwell,25,34,9757.0,10509.0,752.0,1
cutter,motor_dwell,35,41,10412.0,10512.5,100.5,1
cutter,motor_dwell,33,23,10136.5,10528.5,392.0,1
cutter,motor_dwell,29,12,9865.0,10541.0,676.0,1
cutter,motor_dwell,17,27,9464.5,10547.5,1083.0,1
cutter,motor_dwell,30,10,10380.0,10558.0,178.0,1
cutter,motor_dwell,37,14,10516.0,10570.5,54.5,1
cutter,motor_dwell,34,40,9875.5,10596.5,721.0,1
cutter,motor_dwell,33,29,10535.0,10606.0,71.0,1
cutter,motor_dwell,26,46,10250.5,10610.0,359.5,1
cutter,motor_dwell,27,7,9722.5,10631.5,909.0,1
cutter,motor_dwell,10,15,10276.0,10645.0,369.0,1
cutter,motor_dwell,20,48,10300.5,10685.5,385.0,1
cutter,motor_dwell,22,7,9997.5,10686.5,689.0,1
cutter,motor_dwell,32,40,9743.0,10693.0,950.0,1
cutter,motor_dwell,3,17,9742.0,10714.5,972.5,1
cutter,motor_dwell,27,46,10707.5,10716.0,8.5,1
cutter,motor_dwell,5,15,9740.5,10735.0,994.5,1
cutter,motor_dwell,24,15,9868.0,10736.0,868.0,1
cutter,motor_dwell,11,12,9791.0,10742.5,951.5,1
cutter,motor_dwell,13,35,10444.0,10744.0,300.0,1
cutter,motor_dwell,30,31,10560.0,10754.5,194.5,1
cutter,motor_dwell,11,49,10744.0,10765.0,21.0,1
cutter,motor_dwell,14,5,10497.0,10765.5,268.5,1
cutter,motor_dwell,35,0,10515.0,10772.0,257.0,1
cutter,motor_dwell,38,20,10505.5,10774.0,268.5,1
cutter,motor_dwell,23,17,9521.0,10778.0,1257.0,1
cutter,motor_dwell,26,8,10610.5,10803.0,192.5,1
cutter,motor_dwell,27,46,10734.0,10818.5,84.5,1
cutter,motor_dwell,7,39,9974.5,10822.0,847.5,1
cutter,motor_dwell,27,29,10826.0,10827.5,1.5,1
cutter,motor_dwell,22,0,10688.5,10831.5,143.0,1
cutter,motor_dwell,9,13,10469.5,10839.0,369.5,1
cutter,motor_dwell,7,49,10827.5,10848.0,20.5,1
cutter,motor_dwell,31,20,10147.0,10853.0,706.0,1
cutter,motor_dwell,12,14,9652.5,10859.5,1207.0,1
cutter,motor_dwell,34,8,10599.0,10879.0,280.0,1
cutter,motor_dwell,33,28,10610.0,10894.0,284.0,1
cutter,motor_dwell,19,12,9612.0,10895.5,1283.5,1
cutter,motor_dwell,20,13,10691.0,10895.5,204.5,1
cutter,motor_dwell,15,37,9913.0,10900.5,987.5,1
cutter,motor_dwell,17,7,10549.5,10907.5,358.0,1
cutter,motor_dwell,16,41,10188.0,10925.5,737.5,1
cutter,motor_dwell,0,10,10209.0,10926.0,717.0,1
cutter,motor_dwell,13,2,10752.0,10929.5,177.5,1
cutter,motor_dwell,1,16,10309.5,10948.0,638.5,1
cutter,motor_dwell,16,17,10930.0,10991.5,61.5,1
cutter,motor_dwell,12,14,10873.0,10994.5,121.5,1
cutter,motor_dwell,3,43,10754.0,11012.0,258.0,1
cutter,motor_dwell,6,13,10370.5,11019.0,648.5,1
cutter,motor_dwell,11,34,10772.5,11050.0,277.5,1
cutter,motor_dwell,24,46,10752.5,11056.0,303.5,1
cutter,motor_dwell,36,31,10197.5,11060.5,863.0,1
cutter,motor_dwell,12,15,10999.5,11065.5,66.0,1
cutter,motor_dwell,27,49,10830.5,11078.5,248.0,1
cutter,motor_dwell,22,17,10835.5,11083.0,247.5,1
cutter,motor_dwell,6,17,11025.5,11095.0,69.5,1
cutter,motor_dwell,34,12,10885.5,11097.0,211.5,1
cutter,motor_dwell,21,29,9857.0,11105.0,1248.0,1
cutter,motor_dwell,2,0,10197.5,11106.0,908.5,1
cutter,motor_dwell,39,12,10485.0,11106.0,621.0,1
cutter,motor_dwell,17,49,10920.0,11121.0,201.0,1
cutter,motor_dwell,14,23,10769.0,11136.0,367.0,1
cutter,motor_dwell,34,12,11100.0,11154.0,54.0,1
cutter,motor_dwell,1,34,10973.5,11158.0,184.5,1
cutter,motor_dwell,38,2,10787.5,11162.0,374.5,1
cutter,motor_dwell,14,46,11164.0,11170.5,6.5,1
cutter,motor_dwell,4,3,9984.0,11191.5,1207.5,1
cutter,motor_dwell,7,10,10863.5,11215.5,352.0,1
cutter,motor_dwell,21,41,11129.0,11255.5,126.5,1
cutter,motor_dwell,27,20,11092.0,11276.0,184.0,1
cutter,motor_dwell,23,35,10788.5,11284.0,495.5,1
cutter,motor_dwell,7,23,11224.0,11290.5,66.5,1
cutter,motor_dwell,32,46,10694.5,11298.5,604.0,1
cutter,motor_dwell,38,40,11175.0,11303.0,128.0,1
cutter,motor_dwell,5,39,10744.5,11312.5,568.0,1
cutter,motor_dwell,14,43,11173.5,11345.5,172.0,1
cutter,motor_dwell,21,15,11258.0,11377.0,119.0,1
cutter,motor_dwell,1,0,11176.0,11380.5,204.5,1
cutter,motor_dwell,3,46,11021.0,11398.5,377.5,1
cutter,motor_dwell,24,21,11057.0,11406.0,349.0,1
cutter,motor_dwell,28,2,10420.0,11407.0,987.0,1
cutter,motor_dwell,38,40,11306.0,11412.5,106.5,1
cutter,motor_dwell,31,13,10895.0,11415.5,520.5,1
cutter,motor_dwell,16,12,11004.5,11433.5,429.0,1
cutter,motor_dwell,13,7,10939.5,11441.0,501.5,1
cutter,motor_dwell,3,17,11407.5,11453.0,45.5,1
cutter,motor_dwell,4,46,11199.0,11454.0,255.0,1
cutter,motor_dwell,7,31,11295.0,11455.5,160.5,1
cutter,motor_dwell,12,2,11075.5,11460.0,384.5,1
cutter,motor_dwell,37,43,10573.0,11472.0,899.0,1
cutter,motor_dwell,36,21,11063.5,11476.5,413.0,1
cutter,motor_dwell,5,0,11332.0,11482.0,150.0,1
cutter,motor_dwell,10,37,10645.5,11510.5,865.0,1
cutter,motor_dwell,8,8,10364.0,11520.5,1156.5,1
cutter,motor_dwell,3,20,11458.5,11572.0,113.5,1
cutter,motor_dwell,13,40,11444.0,11585.5,141.5,1
cutter,motor_dwell,18,12,9967.5,11593.0,1625.5,1
cutter,motor_dwell,11,27,11058.5,11606.0,547.5,1
cutter,motor_dwell,32,10,11309.5,11612.0,302.5,1
cutter,motor_dwell,20,37,10899.5,11620.5,721.0,1
cutter,motor_dwell,37,5,11480.5,11644.0,163.5,1
cutter,motor_dwell,30,2,10763.0,11653.5,890.5,1
cutter,motor_dwell,19,39,10908.5,11663.0,754.5,1
cutter,motor_dwell,16,5,11435.0,11686.5,251.5,1
cutter,motor_dwell,35,35,10783.5,11699.0,915.5,1
cutter,motor_dwell,13,40,11594.0,11713.5,119.5,1
cutter,motor_dwell,24,0,11427.0,11717.0,290.0,1
cutter,motor_dwell,27,46,11282.0,11719.5,437.5,1
cutter,motor_dwell,4,40,11461.5,11734.5,273.0,1
cutter,motor_dwell,25,20,10511.0,11739.0,1228.0,1
cutter,motor_dwell,29,8,10542.0,11742.0,1200.0,1
cutter,motor_dwell,12,14,11463.5,11792.5,329.0,1
cutter,motor_dwell,15,27,10934.0,11847.5,913.5,1
cutter,motor_dwell,0,2,10933.5,11849.0,915.5,1
cutter,motor_dwell,12,34,11807.5,11860.0,52.5,1
cutter,motor_dwell,38,13,11414.5,11895.5,481.0,1
cutter,motor_dwell,34,5,11154.5,11902.5,748.0,1
cutter,motor_dwell,17,12,11123.5,11913.0,789.5,1
cutter,motor_dwell,38,23,11910.5,11914.5,4.0,1
cutter,motor_dwell,26,46,10821.0,11915.5,1094.5,1
cutter,motor_dwell,18,15,11598.0,11921.5,323.5,1
cutter,motor_dwell,1,37,11387.0,11922.5,535.5,1
cutter,motor_dwell,35,0,11706.5,11958.0,251.5,1
cutter,motor_dwell,2,21,11110.5,11958.5,848.0,1
cutter,motor_dwell,6,10,11100.0,11965.5,865.5,1
cutter,motor_dwell,4,14,11744.5,11986.0,241.5,1
cutter,motor_dwell,31,43,11433.0,11991.0,558.0,1
cutter,motor_dwell,5,46,11485.0,12002.0,517.0,1
cutter,motor_dwell,9,14,10842.0,12002.0,1160.0,1
cutter,motor_dwell,16,46,11700.5,12028.5,328.0,1
cutter,motor_dwell,10,29,11523.0,12037.5,514.5,1
cutter,motor_dwell,34,12,11909.0,12054.5,145.5,1
cutter,motor_dwell,24,3,11718.5,12056.0,337.5,1
cutter,motor_dwell,28,5,11409.0,12060.5,651.5,1
cutter,motor_dwell,14,29,11350.0,12076.0,726.0,1
cutter,motor_dwell,7,0,11466.5,12084.5,618.0,1
cutter,motor_dwell,22,5,11090.0,12100.5,1010.5,1
cutter,motor_dwell,32,14,11618.5,12104.0,485.5,1
cutter,motor_dwell,3,17,11581.5,12154.5,573.0,1
cutter,motor_dwell,20,12,11621.5,12171.0,549.5,1
cutter,motor_dwell,36,2,11488.5,12175.5,687.0,1
cutter,motor_dwell,19,28,11677.0,12235.5,558.5,1
cutter,motor_dwell,31,46,11994.0,12245.0,251.0,1
cutter,motor_dwell,1,21,11934.0,12271.5,337.5,1
cutter,motor_dwell,10,3,12059.5,12290.0,230.5,1
cutter,motor_dwell,17,3,11920.5,12292.0,371.5,1
cutter,motor_dwell,29,27,11744.0,12294.0,550.0,1
cutter,motor_dwell,23,39,11288.0,12295.0,1007.0,1
cutter,motor_dwell,28,29,12073.5,12298.0,224.5,1
cutter,motor_dwell,35,41,11960.0,12301.0,341.0,1
cutter,motor_dwell,21,0,11378.0,12339.0,961.0,1
cutter,motor_dwell,22,14,12103.0,12355.0,252.0,1
cutter,motor_dwell,7,13,12101.0,12416.5,315.5,1
cutter,motor_dwell,33,13,10910.0,12432.5,1522.5,1
cutter,motor_dwell,26,5,11932.0,12462.5,530.5,1
cutter,motor_dwell,21,31,12345.0,12469.0,124.0,1
cutter,motor_dwell,39,8,11118.5,12479.0,1360.5,1
cutter,motor_dwell,9,20,12015.5,12486.0,470.5,1
cutter,motor_dwell,20,40,12206.0,12491.0,285.0,1
cutter,motor_dwell,7,35,12424.0,12505.0,81.0,1
cutter,motor_dwell,16,28,12042.5,12526.0,483.5,1
cutter,motor_dwell,20,16,12505.0,12529.0,24.0,1
cutter,motor_dwell,5,0,12007.5,12535.5,528.0,1
cutter,motor_dwell,22,48,12360.0,12544.5,184.5,1
cutter,motor_dwell,23,0,12305.5,12581.5,276.0,1
cutter,motor_dwell,35,3,12321.0,12582.5,261.5,1
cutter,motor_dwell,29,3,12297.5,12583.0,285.5,1
cutter,motor_dwell,27,34,11726.5,12586.0,859.5,1
cutter,motor_dwell,1,31,12273.5,12594.0,320.5,1
cutter,motor_dwell,22,41,12558.0,12653.0,95.0,1
cutter,motor_dwell,9,0,12502.0,12693.0,191.0,1
cutter,motor_dwell,12,7,11866.5,12695.5,829.0,1
cutter,motor_dwell,4,12,11986.5,12721.5,735.0,1
cutter,motor_dwell,0,49,11857.5,12725.0,867.5,1
cutter,motor_dwell,13,40,11736.0,12729.0,993.0,1
cutter,motor_dwell,8,14,11550.5,12734.5,1184.0,1
cutter,motor_dwell,33,29,12440.0,12743.5,303.5,1
cutter,motor_dwell,37,22,11651.0,12764.5,1113.5,1
cutter,motor_dwell,6,7,11995.5,12779.5,784.0,1
cutter,motor_dwell,22,48,12654.5,12799.5,145.0,1
cutter,motor_dwell,24,41,12067.0,12818.5,751.5,1
cutter,motor_dwell,37,40,12765.5,12822.0,56.5,1
cutter,motor_dwell,25,29,11743.5,12836.5,1093.0,1
cutter,motor_dwell,18,3,11929.0,12856.5,927.5,1
cutter,motor_dwell,29,39,12590.5,12866.0,275.5,1
cutter,motor_dwell,33,5,12749.0,12871.0,122.0,1
cutter,motor_dwell,24,12,12821.0,12882.0,61.0,1
cutter,motor_dwell,30,20,11658.0,12888.0,1230.0,1
cutter,motor_dwell,11,15,11618.5,12891.0,1272.5,1
cutter,motor_dwell,34,7,12067.5,12920.0,852.5,1
cutter,motor_dwell,39,43,12490.0,12931.0,441.0,1
cutter,motor_dwell,16,23,12532.5,12933.5,401.0,1
cutter,motor_dwell,34,7,12930.5,12939.5,9.0,1
cutter,motor_dwell,32,39,12106.5,12970.5,864.0,1
cutter,motor_dwell,8,40,12755.5,12977.0,221.5,1
cutter,motor_dwell,38,35,11919.5,12988.0,1068.5,1
cutter,motor_dwell,13,12,12730.5,13007.5,277.0,1
cutter,motor_dwell,5,17,12550.5,13014.0,463.5,1
cutter,motor_dwell,6,33,12806.0,13019.0,213.0,1
cutter,motor_dwell,27,49,12602.5,13020.0,417.5,1
cutter,motor_dwell,13,29,13010.5,13075.5,65.0,1
cutter,motor_dwell,10,27,12291.0,13076.5,785.5,1
cutter,motor_dwell,11,3,12900.0,13085.0,185.0,1
cutter,motor_dwell,3,7,12168.5,13087.0,918.5,1
cutter,motor_dwell,27,39,13020.5,13114.5,94.0,1
cutter,motor_dwell,20,2,12550.5,13117.5,567.0,1
cutter,motor_dwell,31,28,12253.5,13119.5,866.0,1
cutter,motor_dwell,15,43,11872.5,13120.0,1247.5,1
cutter,motor_dwell,12,46,12704.5,13128.0,423.5,1
cutter,motor_dwell,8,22,12982.0,13146.5,164.5,1
cutter,motor_dwell,13,8,13082.5,13159.5,77.0,1
cutter,motor_dwell,9,10,12708.5,13166.5,458.0,1
cutter,motor_dwell,30,12,12892.5,13217.0,324.5,1
cutter,motor_dwell,32,35,12975.0,13221.0,246.0,1
cutter,motor_dwell,1,39,12595.5,13228.5,633.0,1
cutter,motor_dwell,2,12,11959.0,13231.5,1272.5,1
cutter,motor_dwell,11,43,13087.5,13232.5,145.0,1
cutter,motor_dwell,15,49,13122.5,13248.5,126.0,1
cutter,motor_dwell,21,41,12470.5,13282.0,811.5,1
cutter,motor_dwell,35,10,12587.5,13289.0,701.5,1
cutter,motor_dwell,21,3,13304.5,13318.5,14.0,1
cutter,motor_dwell,24,39,12891.0,13341.0,450.0,1
cutter,motor_dwell,8,34,13172.0,13343.0,171.0,1
cutter,motor_dwell,14,46,12097.5,13358.5,1261.0,1
cutter,motor_dwell,16,2,12942.5,13361.5,419.0,1
cutter,motor_dwell,23,23,12597.5,13375.5,778.0,1
cutter,motor_dwell,2,41,13236.5,13376.5,140.0,1
cutter,motor_dwell,26,12,12463.5,13413.0,949.5,1
cutter,motor_dwell,10,40,13083.5,13440.5,357.0,1
cutter,motor_dwell,28,29,12330.0,13446.5,1116.5,1
cutter,motor_dwell,39,21,12934.0,13447.0,513.0,1
cutter,motor_dwell,4,7,12723.5,13463.5,740.0,1
cutter,motor_dwell,12,48,13148.0,13486.0,338.0,1
cutter,motor_dwell,10,40,13451.0,13494.5,43.5,1
cutter,motor_dwell,19,12,12239.5,13498.0,1258.5,1
cutter,motor_dwell,21,13,13321.5,13508.5,187.0,1
cutter,motor_dwell,29,39,12877.0,13517.5,640.5,1
cutter,motor_dwell,32,8,13222.5,13563.0,340.5,1
cutter,motor_dwell,33,31,12878.0,13565.0,687.0,1
cutter,motor_dwell,36,15,12180.5,13581.5,1401.0,1
cutter,motor_dwell,31,17,13158.5,13594.0,435.5,1
cutter,motor_dwell,37,20,12837.0,13595.5,758.5,1
cutter,motor_dwell,22,13,12822.0,13601.0,779.0,1
cutter,motor_dwell,0,13,12738.0,13649.5,911.5,1
cutter,motor_dwell,34,31,12946.5,13651.0,704.5,1
cutter,motor_dwell,19,49,13500.5,13679.0,178.5,1
cutter,motor_dwell,38,21,13000.5,13703.0,702.5,1
cutter,motor_dwell,36,46,13586.0,13705.5,119.5,1
cutter,motor_dwell,33,10,13566.5,13706.0,139.5,1
cutter,motor_dwell,20,29,13124.5,13709.5,585.0,1
cutter,motor_dwell,39,35,13448.0,13716.5,268.5,1
cutter,motor_dwell,13,14,13175.5,13727.0,551.5,1
cutter,motor_dwell,10,20,13499.0,13735.0,236.0,1
cutter,motor_dwell,8,23,13348.5,13738.5,390.0,1
cutter,motor_dwell,25,40,12841.0,13757.5,916.5,1
cutter,motor_dwell,2,29,13391.0,13763.0,372.0,1
cutter,motor_dwell,21,45,13511.5,13763.5,252.0,1
cutter,motor_dwell,5,2,13019.0,13781.5,762.5,1
cutter,motor_dwell,36,23,13708.5,13784.0,75.5,1
cutter,motor_dwell,24,8,13344.0,13790.5,446.5,1
cutter,motor_dwell,3,7,13088.5,13795.5,707.0,1
cutter,motor_dwell,24,0,13804.0,13818.5,14.5,1
cutter,motor_dwell,7,33,12507.5,13836.5,1329.0,1
cutter,motor_dwell,28,45,13448.5,13842.0,393.5,1
cutter,motor_dwell,37,22,13597.0,13848.0,251.0,1
cutter,motor_dwell,9,20,13169.5,13853.0,683.5,1
cutter,motor_dwell,16,3,13371.5,13855.0,483.5,1
cutter,motor_dwell,2,46,13764.5,13886.5,122.0,1
cutter,motor_dwell,11,43,13237.5,13903.5,666.0,1
cutter,motor_dwell,30,10,13237.5,13914.5,677.0,1
cutter,motor_dwell,31,37,13595.0,13925.0,330.0,1
cutter,motor_dwell,22,23,13607.5,13962.5,355.0,1
cutter,motor_dwell,25,43,13759.5,13970.0,210.5,1
cutter,motor_dwell,30,34,13916.0,13972.5,56.5,1
cutter,motor_dwell,29,23,13534.0,13984.0,450.0,1
cutter,motor_dwell,26,43,13430.0,14003.5,573.5,1
cutter,motor_dwell,15,0,13257.0,14028.5,771.5,1
cutter,motor_dwell,31,17,13941.0,14032.0,91.0,1
cutter,motor_dwell,23,9,13382.0,14040.5,658.5,1
cutter,motor_dwell,24,22,13820.5,14045.0,224.5,1
cutter,motor_dwell,21,22,13771.5,14056.5,285.0,1
cutter,motor_dwell,36,45,13792.5,14077.0,284.5,1
cutter,motor_dwell,9,9,13870.5,14077.5,207.0,1
cutter,motor_dwell,39,37,13717.0,14123.0,406.0,1
cutter,motor_dwell,31,21,14035.5,14126.5,91.0,1
cutter,motor_dwell,20,7,13713.5,14148.0,434.5,1
cutter,motor_dwell,13,8,13736.5,14149.0,412.5,1
cutter,motor_dwell,7,43,13880.5,14164.5,284.0,1
cutter,motor_dwell,0,49,13650.5,14168.0,517.5,1
cutter,motor_dwell,33,33,13712.0,14178.0,466.0,1
cutter,motor_dwell,28,28,13845.5,14179.0,333.5,1
cutter,motor_dwell,26,22,14010.0,14194.0,184.0,1
cutter,motor_dwell,36,48,14078.0,14198.5,120.5,1
cutter,motor_dwell,11,5,13911.5,14227.0,315.5,1
cutter,motor_dwell,27,13,13124.5,14263.0,1138.5,1
cutter,motor_dwell,6,45,13024.0,14274.5,1250.5,1
cutter,motor_dwell,21,9,14063.0,14287.0,224.0,1
cutter,motor_dwell,35,15,13299.0,14307.0,1008.0,1
cutter,motor_dwell,0,7,14174.5,14309.5,135.0,1
cutter,motor_dwell,5,41,13785.0,14318.0,533.0,1
cutter,motor_dwell,14,15,13360.0,14323.5,963.5,1
cutter,motor_dwell,17,9,12292.5,14324.0,2031.5,1
cutter,motor_dwell,23,40,14042.0,14361.0,319.0,1
cutter,motor_dwell,10,8,13748.5,14364.5,616.0,1
cutter,motor_dwell,15,7,14033.5,14374.5,341.0,1
cutter,motor_dwell,10,35,14365.5,14375.5,10.0,1
cutter,motor_dwell,23,0,14369.5,14410.5,41.0,1
cutter,motor_dwell,37,23,13874.0,14415.5,541.5,1
cutter,motor_dwell,34,45,13656.0,14449.0,793.0,1
cutter,motor_dwell,15,40,14397.0,14455.5,58.5,1
cutter,motor_dwell,3,7,13820.5,14464.0,643.5,1
cutter,motor_dwell,9,15,14078.5,14470.0,391.5,1
cutter,motor_dwell,12,9,13493.0,14476.0,983.0,1
cutter,motor_dwell,34,12,14451.0,14491.0,40.0,1
cutter,motor_dwell,9,27,14503.0,14504.5,1.5,1
cutter,motor_dwell,27,34,14264.5,14507.0,242.5,1
cutter,motor_dwell,38,17,13714.0,14518.5,804.5,1
cutter,motor_dwell,3,45,14464.5,14525.0,60.5,1
cutter,motor_dwell,9,7,14524.0,14528.5,4.5,1
cutter,motor_dwell,33,43,14198.5,14554.5,356.0,1
cutter,motor_dwell,4,13,13464.0,14566.0,1102.0,1
cutter,motor_dwell,13,34,14153.0,14569.0,416.0,1
cutter,motor_dwell,16,24,13861.0,14575.0,714.0,1
cutter,motor_dwell,12,37,14513.5,14593.5,80.0,1
cutter,motor_dwell,29,2,13989.5,14596.0,606.5,1
cutter,motor_dwell,24,33,14066.5,14620.0,553.5,1
cutter,motor_dwell,38,46,14519.5,14646.5,127.0,1
cutter,motor_dwell,23,45,14417.5,14652.5,235.0,1
cutter,motor_dwell,8,33,13753.0,14680.5,927.5,1
cutter,motor_dwell,38,37,14680.5,14689.5,9.0,1
cutter,motor_dwell,12,27,14604.0,14698.5,94.5,1
cutter,motor_dwell,22,35,13969.0,14698.5,729.5,1
cutter,motor_dwell,26,34,14195.5,14700.0,504.5,1
cutter,motor_dwell,30,22,13990.5,14716.5,726.0,1
cutter,motor_dwell,22,12,14711.0,14721.0,10.0,1
cutter,motor_dwell,2,13,13890.5,14724.0,833.5,1
cutter,motor_dwell,35,14,14312.0,14732.0,420.0,1
cutter,motor_dwell,18,9,12862.0,14774.5,1912.5,1
cutter,motor_dwell,37,45,14436.5,14780.5,344.0,1
cutter,motor_dwell,26,3,14702.0,14794.5,92.5,1
cutter,motor_dwell,31,10,14145.0,14795.0,650.0,1
cutter,motor_dwell,9,49,14551.0,14799.5,248.5,1
cutter,motor_dwell,18,9,14778.5,14816.5,38.0,1
cutter,motor_dwell,19,8,13702.5,14819.5,1117.0,1
cutter,motor_dwell,29,45,14596.5,14827.0,230.5,1
cutter,motor_dwell,15,21,14459.5,14831.5,372.0,1
cutter,motor_dwell,12,0,14706.0,14833.0,127.0,1
cutter,motor_dwell,33,43,14568.5,14841.5,273.0,1
cutter,motor_dwell,32,23,13563.5,14872.0,1308.5,1
cutter,motor_dwell,22,39,14722.0,14912.5,190.5,1
cutter,motor_dwell,34,28,14503.0,14914.0,411.0,1
cutter,motor_dwell,4,27,14567.0,14915.5,348.5,1
cutter,motor_dwell,18,21,14824.0,14943.0,119.0,1
cutter,motor_dwell,7,0,14175.5,14946.0,770.5,1
cutter,motor_dwell,33,17,14859.5,14948.5,89.0,1
cutter,motor_dwell,39,20,14123.5,14999.5,876.0,1
cutter,motor_dwell,7,41,14955.0,15002.5,47.5,1
cutter,motor_dwell,36,13,14201.5,15006.0,804.5,1
cutter,motor_dwell,36,48,15008.5,15015.0,6.5,1
cutter,motor_dwell,35,14,14737.0,15068.5,331.5,1
cutter,motor_dwell,1,9,13242.5,15080.0,1837.5,1
cutter,motor_dwell,0,0,14311.5,15088.5,777.0,1
cutter,motor_dwell,1,39,15085.0,15108.0,23.0,1
cutter,motor_dwell,38,45,14690.0,15108.0,418.0,1
cutter,motor_dwell,13,24,14571.5,15110.5,539.0,1
cutter,motor_dwell,15,27,14836.5,15132.0,295.5,1
cutter,motor_dwell,27,45,14528.0,15133.0,605.0,1
cutter,motor_dwell,31,45,14795.5,15153.5,358.0,1
cutter,motor_dwell,23,5,14663.5,15167.5,504.0,1
cutter,motor_dwell,0,21,15090.5,15170.5,80.0,1
cutter,motor_dwell,19,12,14820.0,15176.5,356.5,1
cutter,motor_dwell,31,20,15167.5,15184.5,17.0,1
cutter,motor_dwell,1,35,15128.5,15188.0,59.5,1
cutter,motor_dwell,23,39,15181.0,15208.0,27.0,1
cutter,motor_dwell,1,33,15189.0,15213.0,24.0,1
cutter,motor_dwell,31,3,15185.0,15243.5,58.5,1
cutter,motor_dwell,8,22,14682.0,15244.5,562.5,1
cutter,motor_dwell,21,41,14300.5,15252.5,952.0,1
cutter,motor_dwell,0,14,15175.5,15253.5,78.0,1
cutter,motor_dwell,18,5,14946.5,15270.0,323.5,1
cutter,motor_dwell,14,13,14339.5,15274.5,935.0,1
cutter,motor_dwell,22,33,14913.0,15305.0,392.0,1
cutter,motor_dwell,18,16,15293.0,15310.0,17.0,1
cutter,motor_dwell,9,23,14809.5,15315.0,505.5,1
cutter,motor_dwell,26,20,14802.0,15320.0,518.0,1
cutter,motor_dwell,17,45,14326.5,15327.5,1001.0,1
cutter,motor_dwell,2,27,14739.0,15332.0,593.0,1
cutter,motor_dwell,29,33,14832.5,15336.0,503.5,1
cutter,motor_dwell,32,33,14892.0,15337.0,445.0,1
cutter,motor_dwell,13,5,15124.5,15371.5,247.0,1
cutter,motor_dwell,30,9,14717.5,15382.0,664.5,1
cutter,motor_dwell,30,35,15386.0,15397.5,11.5,1
cutter,motor_dwell,2,20,15336.0,15404.0,68.0,1
cutter,motor_dwell,14,21,15275.5,15404.0,128.5,1
cutter,motor_dwell,5,14,14325.5,15406.0,1080.5,1
cutter,motor_dwell,26,40,15320.5,15420.0,99.5,1
cutter,motor_dwell,20,8,14149.0,15421.5,1272.5,1
cutter,motor_dwell,8,34,15258.5,15423.0,164.5,1
cutter,motor_dwell,38,17,15119.0,15424.5,305.5,1
cutter,motor_dwell,6,17,14290.5,15441.5,1151.0,1
cutter,motor_dwell,21,12,15253.0,15446.0,193.0,1
cutter,motor_dwell,18,43,15317.0,15466.0,149.0,1
cutter,motor_dwell,17,17,15346.0,15526.0,180.0,1
cutter,motor_dwell,32,16,15347.0,15529.0,182.0,1
cutter,motor_dwell,30,48,15404.5,15548.0,143.5,1
cutter,motor_dwell,11,23,14235.5,15549.0,1313.5,1
cutter,motor_dwell,28,13,14193.0,15560.5,1367.5,1
cutter,motor_dwell,27,22,15150.5,15567.5,417.0,1
cutter,motor_dwell,6,43,15477.5,15569.0,91.5,1
cutter,motor_dwell,16,29,14576.0,15602.0,1026.0,1
cutter,motor_dwell,24,22,14624.5,15612.5,988.0,1
cutter,motor_dwell,21,2,15447.0,15618.0,171.0,1
cutter,motor_dwell,4,10,14933.5,15630.0,696.5,1
cutter,motor_dwell,1,3,15221.0,15677.0,456.0,1
cutter,motor_dwell,28,49,15564.0,15680.0,116.0,1
cutter,motor_dwell,32,13,15558.5,15687.5,129.0,1
cutter,motor_dwell,21,10,15624.5,15691.5,67.0,1
cutter,motor_dwell,31,33,15251.5,15697.5,446.0,1
cutter,motor_dwell,37,17,14788.0,15719.0,931.0,1
cutter,motor_dwell,32,49,15688.0,15737.5,49.5,1
cutter,motor_dwell,17,13,15535.0,15746.0,211.0,1
cutter,motor_dwell,34,34,14922.5,15762.5,840.0,1
cutter,motor_dwell,4,12,15630.5,15792.0,161.5,1
cutter,motor_dwell,25,9,13971.0,15801.0,1830.0,1
cutter,motor_dwell,0,34,15254.0,15802.0,548.0,1
cutter,motor_dwell,5,0,15425.5,15803.0,377.5,1
cutter,motor_dwell,27,29,15581.5,15819.0,237.5,1
cutter,motor_dwell,19,27,15181.5,15849.0,667.5,1
cutter,motor_dwell,16,8,15617.5,15850.0,232.5,1
cutter,motor_dwell,12,40,14841.0,15859.0,1018.0,1
cutter,motor_dwell,4,9,15800.5,15863.5,63.0,1
cutter,motor_dwell,15,41,15133.5,15872.5,739.0,1
cutter,motor_dwell,4,39,15869.5,15879.0,9.5,1
cutter,motor_dwell,13,22,15381.0,15885.0,504.0,1
cutter,motor_dwell,33,17,14969.0,15890.0,921.0,1
cutter,motor_dwell,34,20,15773.5,15892.5,119.0,1
cutter,motor_dwell,35,35,15070.0,15907.0,837.0,1
cutter,motor_dwell,32,8,15746.5,15913.5,167.0,1
cutter,motor_dwell,18,10,15474.0,15940.5,466.5,1
cutter,motor_dwell,30,29,15553.5,15943.0,389.5,1
cutter,motor_dwell,21,33,15709.0,15961.0,252.0,1
cutter,motor_dwell,29,2,15341.5,15965.5,624.0,1
cutter,motor_dwell,1,12,15682.0,15967.5,285.5,1
cutter,motor_dwell,9,40,15321.5,15987.5,666.0,1
cutter,motor_dwell,10,46,14385.5,15995.5,1610.0,1
cutter,motor_dwell,3,9,14528.5,16000.0,1471.5,0
cutter,motor_dwell,39,22,15007.0,16000.0,993.0,0
cutter,motor_dwell,36,5,15017.0,16000.0,983.0,0
cutter,motor_dwell,7,8,15043.0,16000.0,957.0,0
cutter,motor_dwell,23,39,15218.5,16000.0,781.5,0
cutter,motor_dwell,22,3,15307.0,16000.0,693.0,0
cutter,motor_dwell,2,9,15404.5,16000.0,595.5,0
cutter,motor_dwell,14,5,15415.0,16000.0,585.0,0
cutter,motor_dwell,26,10,15425.0,16000.0,575.0,0
cutter,motor_dwell,8,22,15428.5,16000.0,571.5,0
cutter,motor_dwell,38,27,15436.0,16000.0,564.0,0
cutter,motor_dwell,20,15,15441.0,16000.0,559.0,0
cutter,motor_dwell,11,9,15566.0,16000.0,434.0,0
cutter,motor_dwell,6,13,15609.0,16000.0,391.0,0
cutter,motor_dwell,24,14,15614.5,16000.0,385.5,0
cutter,motor_dwell,28,23,15681.5,16000.0,318.5,0
cutter,motor_dwell,31,9,15711.5,16000.0,288.5,0
cutter,motor_dwell,37,39,15722.5,16000.0,277.5,0
cutter,motor_dwell,17,15,15750.0,16000.0,250.0,0
cutter,motor_dwell,0,45,15805.5,16000.0,194.5,0
cutter,motor_dwell,25,9,15807.0,16000.0,193.0,0
cutter,motor_dwell,27,23,15823.0,16000.0,177.0,0
cutter,motor_dwell,5,46,15831.5,16000.0,168.5,0
cutter,motor_dwell,16,7,15852.0,16000.0,148.0,0
cutter,motor_dwell,19,3,15858.5,16000.0,141.5,0
cutter,motor_dwell,12,5,15870.0,16000.0,130.0,0
cutter,motor_dwell,15,45,15875.0,16000.0,125.0,0
cutter,motor_dwell,4,9,15886.0,16000.0,114.0,0
cutter,motor_dwell,13,10,15892.5,16000.0,107.5,0
cutter,motor_dwell,34,40,15893.0,16000.0,107.0,0
cutter,motor_dwell,33,35,15912.0,16000.0,88.0,0
cutter,motor_dwell,32,10,15914.0,16000.0,86.0,0
cutter,motor_dwell,35,20,15938.5,16000.0,61.5,0
cutter,motor_dwell,30,9,15944.5,16000.0,55.5,0
cutter,motor_dwell,18,22,15950.0,16000.0,50.0,0
cutter,motor_dwell,21,20,15966.0,16000.0,34.0,0
cutter,motor_dwell,29,17,15967.5,16000.0,32.5,0
cutter,motor_dwell,1,27,15977.0,16000.0,23.0,0
cutter,motor_dwell,10,37,15996.0,16000.0,4.0,0
cutter,dark_to_lit,,0,0.0,1362.0,1362.0,1
cutter,dark_to_lit,,1,0.0,16000.0,16000.0,0
cutter,dark_to_lit,,2,0.0,2119.5,2119.5,1
cutter,dark_to_lit,,3,0.0,957.0,957.0,1
cutter,dark_to_lit,,4,0.0,16000.0,16000.0,0
cutter,dark_to_lit,,5,0.0,961.0,961.0,1
cutter,dark_to_lit,,6,0.0,16000.0,16000.0,0
cutter,dark_to_lit,,7,0.0,9291.0,9291.0,1
cutter,dark_to_lit,,8,0.0,7423.0,7423.0,1
cutter,dark_to_lit,,9,0.0,13284.5,13284.5,1
cutter,dark_to_lit,,10,0.0,800.0,800.0,1
cutter,dark_to_lit,,11,0.0,16000.0,16000.0,0
cutter,dark_to_lit,,12,0.0,8691.5,8691.5,1
cutter,dark_to_lit,,13,0.0,7100.5,7100.5,1
cutter,dark_to_lit,,14,0.0,7574.0,7574.0,1
cutter,dark_to_lit,,15,0.0,3912.5,3912.5,1
cutter,dark_to_lit,,16,0.0,2453.5,2453.5,1
cutter,dark_to_lit,,16,14326.0,16000.0,1674.0,0
cutter,dark_to_lit,,17,0.0,6728.0,6728.0,1
cutter,dark_to_lit,,18,0.0,16000.0,16000.0,0
cutter,dark_to_lit,,19,0.0,16000.0,16000.0,0
cutter,dark_to_lit,,20,0.0,948.5,948.5,1
cutter,dark_to_lit,,21,0.0,5519.5,5519.5,1
cutter,dark_to_lit,,22,0.0,12210.0,12210.0,1
cutter,dark_to_lit,,23,0.0,693.5,693.5,1
cutter,dark_to_lit,,24,0.0,14197.5,14197.5,1
cutter,dark_to_lit,,25,0.0,16000.0,16000.0,0
cutter,dark_to_lit,,26,0.0,16000.0,16000.0,0
cutter,dark_to_lit,,27,0.0,957.5,957.5,1
cutter,dark_to_lit,,28,0.0,628.5,628.5,1
cutter,dark_to_lit,,29,0.0,883.0,883.0,1
cutter,dark_to_lit,,30,0.0,16000.0,16000.0,0
cutter,dark_to_lit,,31,0.0,412.0,412.0,1
cutter,dark_to_lit,,32,0.0,16000.0,16000.0,0
cutter,dark_to_lit,,33,0.0,13174.0,13174.0,1
cutter,dark_to_lit,,34,0.0,439.0,439.0,1
cutter,dark_to_lit,,35,0.0,997.0,997.0,1
cutter,dark_to_lit,,36,0.0,16000.0,16000.0,0
cutter,dark_to_lit,,37,0.0,518.5,518.5,1
cutter,dark_to_lit,,38,0.0,16000.0,16000.0,0
cutter,dark_to_lit,,39,0.0,1563.0,1563.0,1
cutter,dark_to_lit,,40,0.0,705.5,705.5,1
cutter,dark_to_lit,,41,0.0,776.5,776.5,1
cutter,dark_to_lit,,42,0.0,16000.0,16000.0,0
cutter,dark_to_lit,,43,0.0,6270.0,6270.0,1
cutter,dark_to_lit,,44,0.0,16000.0,16000.0,0
cutter,dark_to_lit,,45,0.0,13604.0,13604.0,1
cutter,dark_to_lit,,46,0.0,2956.0,2956.0,1
cutter,dark_to_lit,,47,0.0,16000.0,16000.0,0
cutter,dark_to_lit,,48,0.0,769.5,769.5,1
cutter,dark_to_lit,,49,0.0,2983.5,2983.5,1
motor,motor_dwell,6,41,28.5,511.5,483.0,1
motor,motor_dwell,31,28,8.0,514.0,506.0,1
motor,motor_dwell,35,18,13.0,529.0,516.0,1
motor,motor_dwell,0,34,26.0,530.0,504.0,1
motor,motor_dwell,32,44,65.0,549.5,484.5,1
motor,motor_dwell,13,37,37.5,556.0,518.5,1
motor,motor_dwell,5,19,60.5,565.5,505.0,1
motor,motor_dwell,23,38,96.0,583.0,487.0,1
motor,motor_dwell,34,14,69.0,587.5,518.5,1
motor,motor_dwell,29,5,77.5,589.5,512.0,1
motor,motor_dwell,27,39,88.5,593.5,505.0,1
motor,motor_dwell,9,45,62.5,594.5,532.0,1
motor,motor_dwell,22,10,115.5,607.5,492.0,1
motor,motor_dwell,2,41,97.0,613.5,516.5,1
motor,motor_dwell,33,8,139.5,616.5,477.0,1
motor,motor_dwell,24,18,122.0,620.5,498.5,1
motor,motor_dwell,16,11,167.5,622.5,455.0,1
motor,motor_dwell,38,9,152.0,628.0,476.0,1
motor,motor_dwell,10,32,137.0,631.0,494.0,1
motor,motor_dwell,25,28,127.0,640.5,513.5,1
motor,motor_dwell,37,1,162.0,677.5,515.5,1
motor,motor_dwell,28,44,161.5,684.0,522.5,1
motor,motor_dwell,19,31,183.5,688.5,505.0,1
motor,motor_dwell,17,5,207.0,713.5,506.5,1
motor,motor_dwell,8,37,217.5,720.0,502.5,1
motor,motor_dwell,30,4,260.0,731.0,471.0,1
motor,motor_dwell,36,30,227.5,742.0,514.5,1
motor,motor_dwell,12,5,232.0,755.0,523.0,1
motor,motor_dwell,18,23,247.0,759.0,512.0,1
motor,motor_dwell,26,16,313.5,768.0,454.5,1
motor,motor_dwell,1,10,272.5,786.5,514.0,1
motor,motor_dwell,21,5,295.5,791.0,495.5,1
motor,motor_dwell,20,29,316.5,807.5,491.0,1
motor,motor_dwell,7,14,313.5,827.5,514.0,1
motor,motor_dwell,3,38,330.5,836.0,505.5,1
motor,motor_dwell,11,31,375.0,882.0,507.0,1
motor,motor_dwell,14,1,380.0,894.0,514.0,1
motor,motor_dwell,4,49,408.5,906.5,498.0,1
motor,motor_dwell,39,8,444.0,938.5,494.5,1
motor,motor_dwell,15,37,430.5,940.0,509.5,1
motor,motor_dwell,6,19,519.5,997.0,477.5,1
motor,motor_dwell,31,39,524.0,1004.5,480.5,1
motor,motor_dwell,32,30,562.0,1054.0,492.0,1
motor,motor_dwell,0,16,567.0,1064.5,497.5,1
motor,motor_dwell,35,18,628.5,1094.5,466.0,1
motor,motor_dwell,34,49,613.0,1100.5,487.5,1
motor,motor_dwell,29,9,620.0,1109.5,489.5,1
motor,motor_dwell,10,45,664.0,1131.5,467.5,1
motor,motor_dwell,16,25,623.5,1131.5,508.0,1
motor,motor_dwell,24,29,621.0,1132.0,511.0,1
motor,motor_dwell,2,32,648.5,1139.0,490.5,1
motor,motor_dwell,27,41,608.0,1144.5,536.5,1
motor,motor_dwell,13,39,642.0,1149.5,507.5,1
motor,motor_dwell,5,32,648.0,1156.5,508.5,1
motor,motor_dwell,33,28,650.5,1157.5,507.0,1
motor,motor_dwell,9,34,642.5,1158.5,516.0,1
motor,motor_dwell,25,39,688.5,1158.5,470.0,1
motor,motor_dwell,38,30,641.5,1170.5,529.0,1
motor,motor_dwell,8,18,736.5,1185.0,448.5,1
motor,motor_dwell,36,28,743.5,1200.0,456.5,1
motor,motor_dwell,22,45,725.5,1209.0,483.5,1
motor,motor_dwell,23,11,682.0,1211.5,529.5,1
motor,motor_dwell,37,23,757.0,1229.0,472.0,1
motor,motor_dwell,12,32,766.0,1246.0,480.0,1
motor,motor_dwell,19,41,753.5,1247.5,494.0,1
motor,motor_dwell,17,28,718.5,1255.5,537.0,1
motor,motor_dwell,28,14,724.5,1262.0,537.5,1
motor,motor_dwell,20,10,808.0,1313.0,505.0,1
motor,motor_dwell,1,41,791.0,1313.5,522.5,1
motor,motor_dwell,30,30,824.0,1316.5,492.5,1
motor,motor_dwell,7,48,839.0,1320.5,481.5,1
motor,motor_dwell,26,30,781.5,1331.5,550.0,1
motor,motor_dwell,21,10,820.5,1337.0,516.5,1
motor,motor_dwell,3,11,853.5,1346.5,493.0,1
motor,motor_dwell,18,14,869.5,1351.5,482.0,1
motor,motor_dwell,11,37,901.5,1407.5,506.0,1
motor,motor_dwell,14,14,921.0,1422.0,501.0,1
motor,motor_dwell,15,2,971.0,1471.5,500.5,1
motor,motor_dwell,4,32,938.0,1482.5,544.5,1
motor,motor_dwell,31,23,1012.5,1498.5,486.0,1
motor,motor_dwell,6,19,1011.0,1508.5,497.5,1
motor,motor_dwell,32,9,1065.0,1559.0,494.0,1
motor,motor_dwell,39,18,1027.5,1561.0,533.5,1
motor,motor_dwell,18,37,1436.5,1575.5,139.0,1
motor,motor_dwell,0,49,1108.0,1613.5,505.5,1
motor,motor_dwell,35,44,1132.0,1622.5,490.5,1
motor,motor_dwell,2,4,1142.0,1624.0,482.0,1
motor,motor_dwell,24,38,1145.0,1629.5,484.5,1
motor,motor_dwell,5,18,1157.5,1633.5,476.0,1
motor,motor_dwell,29,49,1111.5,1640.0,528.5,1
motor,motor_dwell,34,41,1117.0,1648.5,531.5,1
motor,motor_dwell,13,9,1155.5,1649.0,493.5,1
motor,motor_dwell,27,10,1149.0,1652.5,503.5,1
motor,motor_dwell,10,18,1178.5,1654.0,475.5,1
motor,motor_dwell,18,34,1584.5,1661.5,77.0,1
motor,motor_dwell,33,48,1173.5,1663.0,489.5,1
motor,motor_dwell,16,8,1140.5,1672.5,532.0,1
motor,motor_dwell,25,32,1160.0,1672.5,512.5,1
motor,motor_dwell,9,2,1160.5,1676.5,516.0,1
motor,motor_dwell,38,10,1181.0,1684.5,503.5,1
motor,motor_dwell,17,1,1265.0,1691.0,426.0,1
motor,motor_dwell,13,44,1656.5,1693.5,37.0,1
motor,motor_dwell,36,24,1210.5,1715.0,504.5,1
motor,motor_dwell,22,32,1211.5,1731.0,519.5,1
motor,motor_dwell,37,5,1231.0,1731.0,500.0,1
motor,motor_dwell,8,37,1224.5,1738.0,513.5,1
motor,motor_dwell,23,14,1235.5,1738.0,502.5,1
motor,motor_dwell,12,19,1258.5,1742.0,483.5,1
motor,motor_dwell,28,49,1291.5,1793.5,502.0,1
motor,motor_dwell,19,44,1284.5,1799.5,515.0,1
motor,motor_dwell,36,34,1718.0,1819.0,101.0,1
motor,motor_dwell,20,16,1346.0,1831.5,485.5,1
motor,motor_dwell,1,16,1344.0,1838.5,494.5,1
motor,motor_dwell,7,18,1331.5,1839.5,508.0,1
motor,motor_dwell,26,44,1345.0,1851.0,506.0,1
motor,motor_dwell,30,5,1337.5,1853.5,516.0,1
motor,motor_dwell,11,5,1411.0,1913.5,502.5,1
motor,motor_dwell,21,19,1342.0,1913.5,571.5,1
motor,motor_dwell,14,8,1424.0,1915.5,491.5,1
motor,motor_dwell,3,38,1428.0,1930.0,502.0,1
motor,motor_dwell,6,28,1511.0,1965.0,454.0,1
motor,motor_dwell,4,23,1508.0,1995.0,487.0,1
motor,motor_dwell,31,38,1500.5,2035.5,535.0,1
motor,motor_dwell,15,48,1576.5,2065.5,489.0,1
motor,motor_dwell,7,34,1847.0,2074.5,227.5,1
motor,motor_dwell,24,10,1636.5,2098.0,461.5,1
motor,motor_dwell,2,37,1639.5,2130.5,491.0,1
motor,motor_dwell,20,37,1839.5,2131.0,291.5,1
motor,motor_dwell,18,34,1670.0,2132.5,462.5,1
motor,motor_dwell,32,9,1627.0,2137.0,510.0,1
motor,motor_dwell,39,45,1623.5,2139.5,516.0,1
motor,motor_dwell,19,31,1801.0,2141.0,340.0,1
motor,motor_dwell,0,38,1633.5,2144.0,510.5,1
motor,motor_dwell,35,5,1628.5,2144.5,516.0,1
motor,motor_dwell,10,19,1656.5,2160.5,504.0,1
motor,motor_dwell,16,9,1690.0,2164.5,474.5,1
motor,motor_dwell,34,24,1671.5,2164.5,493.0,1
motor,motor_dwell,33,1,1677.0,2166.0,489.0,1
motor,motor_dwell,27,34,1669.0,2167.5,498.5,1
motor,motor_dwell,5,24,1654.0,2171.0,517.0,1
motor,motor_dwell,9,41,1677.0,2174.0,497.0,1
motor,motor_dwell,29,25,1660.5,2179.0,518.5,1
motor,motor_dwell,25,10,1687.5,2202.0,514.5,1
motor,motor_dwell,13,10,1699.0,2205.5,506.5,1
motor,motor_dwell,17,38,1705.5,2212.0,506.5,1
motor,motor_dwell,38,48,1686.0,2213.5,527.5,1
motor,motor_dwell,12,10,1744.5,2218.5,474.0,1
motor,motor_dwell,30,31,1858.0,2232.5,374.5,1
motor,motor_dwell,8,4,1768.0,2250.0,482.0,1
motor,motor_dwell,37,14,1743.0,2259.5,516.5,1
motor,motor_dwell,22,18,1747.0,2274.0,527.0,1
motor,motor_dwell,23,11,1759.5,2295.0,535.5,1
motor,motor_dwell,36,39,1825.0,2304.0,479.0,1
motor,motor_dwell,1,10,1845.0,2332.0,487.0,1
motor,motor_dwell,28,38,1799.5,2332.5,533.0,1
motor,motor_dwell,26,5,1857.5,2361.5,504.0,1
motor,motor_dwell,24,37,2112.0,2370.5,258.5,1
motor,motor_dwell,10,18,2165.5,2371.0,205.5,1
motor,motor_dwell,21,23,1924.0,2381.0,457.0,1
motor,motor_dwell,14,30,1929.5,2410.0,480.5,1
motor,motor_dwell,4,31,2000.0,2416.5,416.5,1
motor,motor_dwell,11,4,1915.5,2421.5,506.0,1
motor,motor_dwell,3,37,1933.0,2448.0,515.0,1
motor,motor_dwell,6,30,1974.5,2462.0,487.5,1
motor,motor_dwell,39,44,2153.5,2482.5,329.0,1
motor,motor_dwell,19,16,2153.0,2544.5,391.5,1
motor,motor_dwell,15,45,2093.0,2558.0,465.0,1
motor,motor_dwell,31,18,2046.0,2568.5,522.5,1
motor,motor_dwell,7,48,2114.0,2591.0,477.0,1
motor,motor_dwell,2,8,2133.5,2610.0,476.5,1
motor,motor_dwell,18,49,2156.0,2620.0,464.0,1
motor,motor_dwell,0,25,2156.5,2628.0,471.5,1
motor,motor_dwell,20,14,2132.5,2639.5,507.0,1
motor,motor_dwell,5,28,2189.5,2654.0,464.5,1
motor,motor_dwell,32,2,2156.0,2670.5,514.5,1
motor,motor_dwell,28,48,2338.5,2685.0,346.5,1
motor,motor_dwell,33,49,2188.5,2690.0,501.5,1
motor,motor_dwell,9,45,2181.5,2690.5,509.0,1
motor,motor_dwell,35,8,2190.5,2691.5,501.0,1
motor,motor_dwell,25,39,2215.0,2706.5,491.5,1
motor,motor_dwell,27,18,2177.0,2708.0,531.0,1
motor,motor_dwell,29,25,2196.5,2712.5,516.0,1
motor,motor_dwell,16,42,2171.0,2714.5,543.5,1
motor,motor_dwell,13,24,2206.0,2715.5,509.5,1
motor,motor_dwell,12,9,2220.0,2716.0,496.0,1
motor,motor_dwell,38,10,2221.0,2739.5,518.5,1
motor,motor_dwell,17,19,2222.5,2749.5,527.0,1
motor,motor_dwell,34,4,2184.5,2750.5,566.0,1
motor,motor_dwell,30,32,2236.0,2757.0,521.0,1
motor,motor_dwell,8,41,2258.0,2766.0,508.0,1
motor,motor_dwell,22,5,2291.0,2786.5,495.5,1
motor,motor_dwell,23,38,2296.5,2793.0,496.5,1
motor,motor_dwell,37,18,2280.5,2816.5,536.0,1
motor,motor_dwell,36,5,2315.0,2823.0,508.0,1
motor,motor_dwell,1,44,2341.0,2829.5,488.5,1
motor,motor_dwell,24,37,2392.0,2874.0,482.0,1
motor,motor_dwell,26,41,2368.0,2877.5,509.5,1
motor,motor_dwell,10,9,2381.0,2882.0,501.0,1
motor,motor_dwell,28,41,2704.0,2898.5,194.5,1
motor,motor_dwell,21,32,2397.0,2904.0,507.0,1
motor,motor_dwell,11,10,2427.0,2905.0,478.0,1
motor,motor_dwell,4,48,2421.0,2915.5,494.5,1
motor,motor_dwell,24,34,2875.0,2918.0,43.0,1
motor,motor_dwell,14,24,2410.5,2920.5,510.0,1
motor,motor_dwell,3,10,2455.5,2938.5,483.0,1
motor,motor_dwell,39,8,2484.0,2959.0,475.0,1
motor,motor_dwell,6,23,2466.5,2997.0,530.5,1
motor,motor_dwell,12,24,2717.5,2997.0,279.5,1
motor,motor_dwell,32,10,2680.5,2997.0,316.5,1
motor,motor_dwell,7,5,2600.0,3052.5,452.5,1
motor,motor_dwell,29,10,2713.0,3067.0,354.0,1
motor,motor_dwell,31,19,2581.5,3075.0,493.5,1
motor,motor_dwell,2,41,2614.0,3077.5,463.5,1
motor,motor_dwell,31,37,3077.0,3078.5,1.5,1
motor,motor_dwell,15,11,2583.0,3079.0,496.0,1
motor,motor_dwell,19,28,2557.5,3089.0,531.5,1
motor,motor_dwell,18,8,2631.5,3118.5,487.0,1
motor,motor_dwell,34,2,2757.5,3133.0,375.5,1
motor,motor_dwell,0,41,2630.5,3138.0,507.5,1
motor,motor_dwell,38,14,2745.0,3146.5,401.5,1
motor,motor_dwell,2,16,3079.5,3149.0,69.5,1
motor,motor_dwell,27,39,2718.0,3169.0,451.0,1
motor,motor_dwell,33,23,2693.0,3175.0,482.0,1
motor,motor_dwell,16,49,2741.5,3181.0,439.5,1
motor,motor_dwell,5,10,2667.5,3188.5,521.0,1
motor,motor_dwell,25,8,2710.5,3193.5,483.0,1
motor,motor_dwell,9,25,2704.5,3196.5,492.0,1
motor,motor_dwell,20,5,2655.0,3210.5,555.5,1
motor,motor_dwell,35,10,2738.5,3211.0,472.5,1
motor,motor_dwell,1,5,2840.5,3232.5,392.0,1
motor,motor_dwell,10,44,2903.0,3236.5,333.5,1
motor,motor_dwell,30,49,2757.5,3241.0,483.5,1
motor,motor_dwell,13,31,2725.0,3270.5,545.5,1
motor,motor_dwell,17,10,2759.0,3279.0,520.0,1
motor,motor_dwell,14,18,2924.5,3289.0,364.5,1
motor,motor_dwell,23,48,2806.5,3300.5,494.0,1
motor,motor_dwell,8,18,2791.5,3302.5,511.0,1
motor,motor_dwell,37,38,2819.0,3309.0,490.0,1
motor,motor_dwell,22,30,2833.5,3323.5,490.0,1
motor,motor_dwell,28,28,2900.0,3356.0,456.0,1
motor,motor_dwell,36,5,2824.5,3366.5,542.0,1
motor,motor_dwell,26,18,2883.5,3367.0,483.5,1
motor,motor_dwell,0,41,3142.5,3374.0,231.5,1
motor,motor_dwell,24,28,2919.0,3411.5,492.5,1
motor,motor_dwell,21,23,2918.0,3418.5,500.5,1
motor,motor_dwell,3,16,2941.0,3421.5,480.5,1
motor,motor_dwell,11,38,2915.5,3437.0,521.5,1
motor,motor_dwell,4,23,2920.5,3447.5,527.0,1
motor,motor_dwell,39,9,2963.5,3459.5,496.0,1
motor,motor_dwell,16,18,3223.0,3460.5,237.5,1
motor,motor_dwell,32,38,3002.0,3472.5,470.5,1
motor,motor_dwell,12,28,3004.5,3483.5,479.0,1
motor,motor_dwell,8,5,3303.5,3493.0,189.5,1
motor,motor_dwell,6,2,3009.5,3521.0,511.5,1
motor,motor_dwell,7,25,3053.5,3529.0,475.5,1
motor,motor_dwell,20,8,3216.5,3552.5,336.0,1
motor,motor_dwell,1,38,3271.0,3579.5,308.5,1
motor,motor_dwell,29,39,3080.0,3589.5,509.5,1
motor,motor_dwell,15,11,3079.5,3594.0,514.5,1
motor,motor_dwell,19,37,3091.0,3606.0,515.0,1
motor,motor_dwell,31,39,3092.0,3616.0,524.0,1
motor,motor_dwell,14,9,3298.0,3624.0,326.0,1
motor,motor_dwell,18,14,3153.5,3638.5,485.0,1
motor,motor_dwell,27,28,3176.0,3639.0,463.0,1
motor,motor_dwell,2,19,3155.0,3644.5,489.5,1
motor,motor_dwell,34,19,3142.5,3662.5,520.0,1
motor,motor_dwell,38,2,3148.0,3671.5,523.5,1
motor,motor_dwell,25,45,3196.5,3672.5,476.0,1
motor,motor_dwell,9,16,3212.0,3689.0,477.0,1
motor,motor_dwell,33,18,3180.0,3698.5,518.5,1
motor,motor_dwell,5,5,3198.0,3711.5,513.5,1
motor,motor_dwell,10,23,3238.0,3727.0,489.0,1
motor,motor_dwell,38,16,3672.5,3751.0,78.5,1
motor,motor_dwell,35,24,3281.5,3775.5,494.0,1
motor,motor_dwell,13,48,3286.5,3784.0,497.5,1
motor,motor_dwell,30,9,3243.0,3790.0,547.0,1
motor,motor_dwell,17,41,3315.0,3805.5,490.5,1
motor,motor_dwell,37,1,3312.0,3810.0,498.0,1
motor,motor_dwell,5,44,3721.5,3823.5,102.0,1
motor,motor_dwell,0,33,3377.0,3841.0,464.0,1
motor,motor_dwell,22,29,3335.5,3845.0,509.5,1
motor,motor_dwell,23,4,3329.5,3852.0,522.5,1
motor,motor_dwell,28,39,3365.0,3875.0,510.0,1
motor,motor_dwell,36,8,3388.0,3885.0,497.0,1
motor,motor_dwell,21,31,3433.0,3892.0,459.0,1
motor,motor_dwell,26,9,3375.0,3894.5,519.5,1
motor,motor_dwell,4,25,3448.5,3899.5,451.0,1
motor,motor_dwell,7,34,3531.5,3915.0,383.5,1
motor,motor_dwell,3,14,3423.0,3916.5,493.5,1
motor,motor_dwell,16,24,3469.0,3931.0,462.0,1
motor,motor_dwell,24,30,3417.5,3935.0,517.5,1
motor,motor_dwell,37,8,3820.0,3954.5,134.5,1
motor,motor_dwell,11,2,3460.5,3969.0,508.5,1
motor,motor_dwell,12,18,3486.0,3974.0,488.0,1
motor,motor_dwell,32,19,3479.0,3974.0,495.0,1
motor,motor_dwell,8,30,3498.5,3979.5,481.0,1
motor,motor_dwell,34,9,3669.5,3987.0,317.5,1
motor,motor_dwell,39,18,3460.0,4004.0,544.0,1
motor,motor_dwell,3,1,3933.0,4018.0,85.0,1
motor,motor_dwell,0,41,3846.5,4039.5,193.0,1
motor,motor_dwell,6,41,3576.0,4061.5,485.5,1
motor,motor_dwell,20,39,3553.5,4069.0,515.5,1
motor,motor_dwell,18,16,3645.5,4072.0,426.5,1
motor,motor_dwell,19,8,3610.5,4087.5,477.0,1
motor,motor_dwell,1,16,3594.5,4091.0,496.5,1
motor,motor_dwell,29,10,3590.0,4095.0,505.0,1
motor,motor_dwell,15,10,3613.0,4103.0,490.0,1
motor,motor_dwell,31,30,3631.5,4141.5,510.0,1
motor,motor_dwell,27,39,3654.5,4157.5,503.0,1
motor,motor_dwell,8,1,3980.5,4178.5,198.0,1
motor,motor_dwell,14,45,3687.5,4185.0,497.5,1
motor,motor_dwell,25,25,3686.0,4195.5,509.5,1
motor,motor_dwell,33,23,3705.0,4204.0,499.0,1
motor,motor_dwell,10,16,3728.0,4208.0,480.0,1
motor,motor_dwell,2,36,3671.5,4209.0,537.5,1
motor,motor_dwell,9,49,3722.5,4215.0,492.5,1
motor,motor_dwell,38,18,3753.0,4226.0,473.0,1
motor,motor_dwell,8,44,4200.0,4236.0,36.0,1
motor,motor_dwell,7,10,3943.0,4239.5,296.5,1
motor,motor_dwell,34,5,3992.0,4264.5,272.5,1
motor,motor_dwell,5,5,3825.0,4277.0,452.0,1
motor,motor_dwell,13,25,3791.0,4282.5,491.5,1
motor,motor_dwell,35,23,3783.0,4287.5,504.5,1
motor,motor_dwell,30,14,3796.5,4298.0,501.5,1
motor,motor_dwell,17,49,3825.0,4348.0,523.0,1
motor,motor_dwell,15,1,4105.5,4352.0,246.5,1
motor,motor_dwell,28,30,3885.0,4362.5,477.5,1
motor,motor_dwell,23,23,3856.0,4368.0,512.0,1
motor,motor_dwell,34,37,4275.5,4371.0,95.5,1
motor,motor_dwell,22,32,3894.0,4389.5,495.5,1
motor,motor_dwell,26,14,3897.5,4399.5,502.0,1
motor,motor_dwell,36,29,3893.0,4404.5,511.5,1
motor,motor_dwell,24,25,3942.0,4419.0,477.0,1
motor,motor_dwell,21,45,3892.5,4422.5,530.0,1
motor,motor_dwell,4,9,3901.0,4425.5,524.5,1
motor,motor_dwell,16,23,3936.5,4439.0,502.5,1
motor,motor_dwell,12,4,3980.5,4444.5,464.0,1
motor,motor_dwell,11,9,3971.5,4445.0,473.5,1
motor,motor_dwell,37,14,3958.0,4455.0,497.0,1
motor,motor_dwell,31,10,4153.0,4474.5,321.5,1
motor,motor_dwell,32,19,3985.5,4500.0,514.5,1
motor,motor_dwell,39,5,4007.5,4524.5,517.0,1
motor,motor_dwell,18,49,4076.0,4531.5,455.5,1
motor,motor_dwell,8,37,4237.5,4535.0,297.5,1
motor,motor_dwell,3,45,4025.0,4540.0,515.0,1
motor,motor_dwell,20,13,4078.5,4543.5,465.0,1
motor,motor_dwell,2,2,4214.0,4546.5,332.5,1
motor,motor_dwell,6,45,4065.0,4563.0,498.0,1
motor,motor_dwell,0,16,4060.5,4580.5,520.0,1
motor,motor_dwell,29,10,4097.5,4584.5,487.0,1
motor,motor_dwell,1,41,4094.0,4594.0,500.0,1
motor,motor_dwell,19,19,4093.0,4595.5,502.5,1
motor,motor_dwell,26,28,4412.5,4634.5,222.0,1
motor,motor_dwell,27,32,4163.0,4651.0,488.0,1
motor,motor_dwell,5,5,4296.0,4656.0,360.0,1
motor,motor_dwell,2,39,4556.5,4662.5,106.0,1
motor,motor_dwell,9,28,4226.5,4693.0,466.5,1
motor,motor_dwell,14,18,4199.0,4694.0,495.0,1
motor,motor_dwell,11,38,4467.0,4694.5,227.5,1
motor,motor_dwell,38,33,4229.0,4710.5,481.5,1
motor,motor_dwell,25,30,4218.5,4734.5,516.0,1
motor,motor_dwell,29,10,4604.0,4738.0,134.0,1
motor,motor_dwell,10,14,4211.0,4740.5,529.5,1
motor,motor_dwell,35,19,4292.5,4755.5,463.0,1
motor,motor_dwell,33,9,4213.5,4756.0,542.5,1
motor,motor_dwell,13,37,4283.5,4772.5,489.0,1
motor,motor_dwell,15,34,4355.0,4793.0,438.0,1
motor,motor_dwell,30,25,4301.0,4798.0,497.0,1
motor,motor_dwell,7,37,4245.0,4817.0,572.0,1
motor,motor_dwell,17,10,4355.5,4820.0,464.5,1
motor,motor_dwell,23,8,4383.0,4829.5,446.5,1
motor,motor_dwell,20,34,4544.0,4831.0,287.0,1
motor,motor_dwell,11,14,4702.5,4846.0,143.5,1
motor,motor_dwell,28,36,4364.5,4894.0,529.5,1
motor,motor_dwell,34,10,4397.5,4900.0,502.5,1
motor,motor_dwell,36,45,4409.5,4904.5,495.0,1
motor,motor_dwell,21,48,4446.0,4938.0,492.0,1
motor,motor_dwell,22,2,4408.5,4938.5,530.0,1
motor,motor_dwell,16,23,4450.0,4953.5,503.5,1
motor,motor_dwell,12,49,4459.5,4961.0,501.5,1
motor,motor_dwell,4,18,4463.0,4973.0,510.0,1
motor,motor_dwell,24,37,4423.0,4975.5,552.5,1
motor,motor_dwell,31,28,4493.5,4975.5,482.0,1
motor,motor_dwell,18,49,4536.0,4993.0,457.0,1
motor,motor_dwell,1,25,4609.0,4994.0,385.0,1
motor,motor_dwell,12,31,4973.0,4995.0,22.0,1
motor,motor_dwell,32,30,4501.5,4997.0,495.5,1
motor,motor_dwell,25,45,4739.0,4999.0,260.0,1
motor,motor_dwell,37,39,4484.5,5016.0,531.5,1
motor,motor_dwell,39,19,4530.0,5016.0,486.0,1
motor,motor_dwell,3,32,4558.5,5031.0,472.5,1
motor,motor_dwell,8,32,4543.0,5041.0,498.0,1
motor,motor_dwell,6,19,4575.5,5043.0,467.5,1
motor,motor_dwell,20,31,4834.5,5069.5,235.0,1
motor,motor_dwell,25,2,5004.5,5098.5,94.0,1
motor,motor_dwell,23,10,4831.5,5116.0,284.5,1
motor,motor_dwell,0,34,4599.5,5117.5,518.0,1
motor,motor_dwell,19,25,4613.5,5119.0,505.5,1
motor,motor_dwell,26,19,4641.5,5120.5,479.0,1
motor,motor_dwell,4,37,4978.0,5127.0,149.0,1
motor,motor_dwell,2,18,4663.0,5128.0,465.0,1
motor,motor_dwell,27,41,4652.0,5158.0,506.0,1
motor,motor_dwell,5,16,4658.0,5165.5,507.5,1
motor,motor_dwell,9,28,4697.5,5185.5,488.0,1
motor,motor_dwell,14,48,4699.0,5190.0,491.0,1
motor,motor_dwell,33,25,4757.5,5235.0,477.5,1
motor,motor_dwell,10,4,4743.0,5240.5,497.5,1
motor,motor_dwell,8,48,5069.5,5247.5,178.0,1
motor,motor_dwell,29,36,4738.5,5248.0,509.5,1
motor,motor_dwell,35,25,4766.0,5259.5,493.5,1
motor,motor_dwell,38,39,4721.5,5269.5,548.0,1
motor,motor_dwell,13,33,4778.5,5277.0,498.5,1
motor,motor_dwell,15,41,4805.5,5324.5,519.0,1
motor,motor_dwell,17,8,4833.0,5331.0,498.0,1
motor,motor_dwell,7,48,4821.5,5340.0,518.5,1
motor,motor_dwell,30,19,4801.0,5342.0,541.0,1
motor,motor_dwell,11,5,4847.5,5372.5,525.0,1
motor,motor_dwell,36,28,4905.5,5374.5,469.0,1
motor,motor_dwell,28,49,4906.0,5380.0,474.0,1
motor,motor_dwell,26,49,5121.5,5392.0,270.5,1
motor,motor_dwell,34,32,4901.5,5399.0,497.5,1
motor,motor_dwell,6,28,5048.5,5402.5,354.0,1
motor,motor_dwell,9,48,5207.5,5422.5,215.0,1
motor,motor_dwell,21,30,4948.5,5443.0,494.5,1
motor,motor_dwell,16,14,4958.0,5445.0,487.0,1
motor,motor_dwell,24,23,4995.0,5448.0,453.0,1
motor,motor_dwell,15,14,5334.5,5453.5,119.0,1
motor,motor_dwell,31,19,4976.5,5455.5,479.0,1
motor,motor_dwell,22,39,4941.5,5460.5,519.0,1
motor,motor_dwell,12,18,4998.0,5479.5,481.5,1
motor,motor_dwell,32,25,5002.5,5485.5,483.0,1
motor,motor_dwell,18,23,5012.5,5504.5,492.0,1
motor,motor_dwell,1,16,5005.5,5514.0,508.5,1
motor,motor_dwell,37,9,5022.0,5516.0,494.0,1
motor,motor_dwell,18,39,5527.5,5528.0,0.5,1
motor,motor_dwell,37,18,5519.5,5535.0,15.5,1
motor,motor_dwell,25,38,5115.5,5540.0,424.5,1
motor,motor_dwell,39,13,5019.0,5554.0,535.0,1
motor,motor_dwell,33,5,5248.0,5556.5,308.5,1
motor,motor_dwell,3,25,5061.5,5559.5,498.0,1
motor,motor_dwell,20,10,5077.0,5572.0,495.0,1
motor,motor_dwell,19,13,5120.0,5604.0,484.0,1
motor,motor_dwell,2,30,5129.0,5616.0,487.0,1
motor,motor_dwell,0,9,5118.0,5628.5,510.5,1
motor,motor_dwell,4,38,5142.5,5629.5,487.0,1
motor,motor_dwell,0,34,5632.5,5651.0,18.5,1
motor,motor_dwell,23,38,5131.5,5651.5,520.0,1
motor,motor_dwell,27,30,5160.5,5662.5,502.0,1
motor,motor_dwell,5,41,5175.5,5691.5,516.0,1
motor,motor_dwell,26,34,5398.5,5700.0,301.5,1
motor,motor_dwell,1,32,5521.5,5700.5,179.0,1
motor,motor_dwell,14,16,5196.0,5722.0,526.0,1
motor,motor_dwell,34,14,5416.5,5722.0,305.5,1
motor,motor_dwell,25,18,5550.0,5724.0,174.0,1
motor,motor_dwell,8,8,5260.0,5727.5,467.5,1
motor,motor_dwell,2,28,5621.5,5746.0,124.5,1
motor,motor_dwell,29,19,5250.0,5748.5,498.5,1
motor,motor_dwell,10,5,5258.5,5750.5,492.0,1
motor,motor_dwell,35,28,5262.5,5759.5,497.0,1
motor,motor_dwell,14,1,5727.0,5764.0,37.0,1
motor,motor_dwell,38,32,5270.0,5777.5,507.5,1
motor,motor_dwell,4,19,5634.0,5811.0,177.0,1
motor,motor_dwell,13,25,5312.0,5811.5,499.5,1
motor,motor_dwell,30,14,5351.5,5838.0,486.5,1
motor,motor_dwell,7,8,5341.0,5850.5,509.5,1
motor,motor_dwell,17,49,5333.0,5851.0,518.0,1
motor,motor_dwell,1,19,5703.0,5862.5,159.5,1
motor,motor_dwell,28,30,5401.0,5862.5,461.5,1
motor,motor_dwell,12,34,5488.0,5867.5,379.5,1
motor,motor_dwell,26,10,5701.5,5875.5,174.0,1
motor,motor_dwell,11,24,5376.0,5879.0,503.0,1
motor,motor_dwell,25,8,5739.5,5915.5,176.0,1
motor,motor_dwell,9,38,5423.5,5920.0,496.5,1
motor,motor_dwell,36,25,5400.5,5924.5,524.0,1
motor,motor_dwell,6,9,5405.5,5943.0,537.5,1
motor,motor_dwell,21,8,5454.5,5946.0,491.5,1
motor,motor_dwell,16,14,5447.5,5954.0,506.5,1
motor,motor_dwell,15,38,5469.0,5956.0,487.0,1
motor,motor_dwell,21,18,5953.0,5958.5,5.5,1
motor,motor_dwell,24,13,5460.5,5964.0,503.5,1
motor,motor_dwell,22,41,5464.0,5970.0,506.0,1
motor,motor_dwell,31,49,5464.0,5973.5,509.5,1
motor,motor_dwell,25,5,5921.0,5999.5,78.5,1
motor,motor_dwell,32,2,5501.5,6012.0,510.5,1
motor,motor_dwell,37,19,5541.5,6014.5,473.0,1
motor,motor_dwell,34,39,5730.0,6021.0,291.0,1
motor,motor_dwell,18,8,5535.5,6029.5,494.0,1
motor,motor_dwell,23,45,5671.5,6036.0,364.5,1
motor,motor_dwell,25,38,6000.5,6050.0,49.5,1
motor,motor_dwell,3,2,5562.0,6051.0,489.0,1
motor,motor_dwell,24,32,5967.5,6051.5,84.0,1
motor,motor_dwell,21,18,5959.5,6054.5,95.0,1
motor,motor_dwell,17,48,5857.5,6059.0,201.5,1
motor,motor_dwell,20,48,5587.5,6076.5,489.0,1
motor,motor_dwell,39,9,5565.0,6076.5,511.5,1
motor,motor_dwell,6,28,5946.0,6089.5,143.5,1
motor,motor_dwell,33,18,5601.5,6108.5,507.0,1
motor,motor_dwell,5,14,5710.5,6121.0,410.5,1
motor,motor_dwell,35,28,5767.5,6139.0,371.5,1
motor,motor_dwell,0,45,5664.0,6142.5,478.5,1
motor,motor_dwell,19,45,5610.0,6147.0,537.0,1
motor,motor_dwell,4,18,5819.0,6148.0,329.0,1
motor,motor_dwell,9,32,5945.0,6164.5,219.5,1
motor,motor_dwell,27,49,5680.0,6188.0,508.0,1
motor,motor_dwell,0,10,6172.5,6221.0,48.5,1
motor,motor_dwell,27,41,6200.5,6246.0,45.5,1
motor,motor_dwell,29,44,5755.0,6252.0,497.0,1
motor,motor_dwell,16,8,5964.5,6261.5,297.0,1
motor,motor_dwell,28,9,5872.0,6264.0,392.0,1
motor,motor_dwell,35,37,6167.5,6272.0,104.5,1
motor,motor_dwell,8,18,5752.5,6272.5,520.0,1
motor,motor_dwell,6,30,6098.0,6279.0,181.0,1
motor,motor_dwell,10,8,5758.0,6280.0,522.0,1
motor,motor_dwell,2,14,5755.0,6287.0,532.0,1
motor,motor_dwell,14,25,5776.0,6315.5,539.5,1
motor,motor_dwell,13,24,5822.5,6318.0,495.5,1
motor,motor_dwell,38,4,5804.5,6330.5,526.0,1
motor,motor_dwell,1,4,5864.0,6345.0,481.0,1
motor,motor_dwell,20,44,6081.5,6347.5,266.0,1
motor,motor_dwell,12,37,5882.0,6359.5,477.5,1
motor,motor_dwell,30,48,5854.5,6371.5,517.0,1
motor,motor_dwell,26,32,5877.5,6377.0,499.5,1
motor,motor_dwell,8,24,6274.0,6388.5,114.5,1
motor,motor_dwell,11,13,5916.5,6398.0,481.5,1
motor,motor_dwell,7,9,5898.0,6398.5,500.5,1
motor,motor_dwell,36,33,5925.0,6402.0,477.0,1
motor,motor_dwell,35,19,6273.0,6432.5,159.5,1
motor,motor_dwell,15,28,5956.5,6448.5,492.0,1
motor,motor_dwell,7,18,6415.5,6462.5,47.0,1
motor,motor_dwell,22,10,5971.0,6483.5,512.5,1
motor,motor_dwell,31,41,5986.0,6488.5,502.5,1
motor,motor_dwell,17,29,6067.0,6504.0,437.0,1
motor,motor_dwell,25,38,6051.5,6505.5,454.0,1
motor,motor_dwell,32,28,6017.0,6511.5,494.5,1
motor,motor_dwell,16,33,6262.5,6525.0,262.5,1
motor,motor_dwell,3,39,6063.0,6525.5,462.5,1
motor,motor_dwell,18,36,6033.0,6526.5,493.5,1
motor,motor_dwell,26,28,6379.0,6526.5,147.5,1
motor,motor_dwell,37,25,6018.0,6537.0,519.0,1
motor,motor_dwell,34,30,6021.5,6549.5,528.0,1
motor,motor_dwell,21,30,6073.5,6564.5,491.0,1
motor,motor_dwell,23,39,6042.0,6571.0,529.0,1
motor,motor_dwell,24,29,6095.5,6575.0,479.5,1
motor,motor_dwell,39,10,6085.5,6594.5,509.0,1
motor,motor_dwell,4,14,6149.5,6624.5,475.0,1
motor,motor_dwell,33,11,6130.0,6631.0,501.0,1
motor,motor_dwell,5,36,6123.5,6656.5,533.0,1
motor,motor_dwell,19,28,6158.0,6661.0,503.0,1
motor,motor_dwell,9,10,6167.5,6690.0,522.5,1
motor,motor_dwell,27,9,6246.5,6734.0,487.5,1
motor,motor_dwell,0,36,6222.0,6736.0,514.0,1
motor,motor_dwell,20,49,6357.0,6738.5,381.5,1
motor,motor_dwell,8,32,6394.0,6763.0,369.0,1
motor,motor_dwell,28,32,6283.0,6772.0,489.0,1
motor,motor_dwell,10,25,6289.0,6787.5,498.5,1
motor,motor_dwell,29,19,6266.0,6789.0,523.0,1
motor,motor_dwell,13,49,6319.0,6795.0,476.0,1
motor,motor_dwell,38,18,6333.0,6797.5,464.5,1
motor,motor_dwell,25,37,6509.0,6802.5,293.5,1
motor,motor_dwell,2,37,6303.5,6807.5,504.0,1
motor,motor_dwell,6,10,6285.0,6818.5,533.5,1
motor,motor_dwell,14,16,6316.5,6827.5,511.0,1
motor,motor_dwell,1,29,6352.5,6868.5,516.0,1
motor,motor_dwell,30,30,6402.0,6869.5,467.5,1
motor,motor_dwell,27,44,6761.0,6891.5,130.5,1
motor,motor_dwell,12,37,6371.0,6901.5,530.5,1
motor,motor_dwell,36,33,6407.0,6907.0,500.0,1
motor,motor_dwell,11,16,6404.0,6916.5,512.5,1
motor,motor_dwell,19,31,6666.5,6917.0,250.5,1
motor,motor_dwell,35,33,6434.0,6928.0,494.0,1
motor,motor_dwell,25,49,6824.5,6932.5,108.0,1
motor,motor_dwell,31,14,6510.0,6981.5,471.5,1
motor,motor_dwell,7,45,6474.0,6988.0,514.0,1
motor,motor_dwell,15,25,6449.5,6989.0,539.5,1
motor,motor_dwell,32,37,6516.5,6993.0,476.5,1
motor,motor_dwell,22,30,6485.5,7000.0,514.5,1
motor,motor_dwell,16,19,6528.0,7008.5,480.5,1
motor,motor_dwell,18,9,6530.5,7014.0,483.5,1
motor,motor_dwell,3,19,6533.0,7023.0,490.0,1
motor,motor_dwell,26,2,6532.5,7023.0,490.5,1
motor,motor_dwell,24,23,6581.0,7029.0,448.0,1
motor,motor_dwell,28,48,6778.0,7030.0,252.0,1
motor,motor_dwell,33,39,6639.0,7031.0,392.0,1
motor,motor_dwell,24,44,7034.5,7046.0,11.5,1
motor,motor_dwell,17,26,6547.0,7055.5,508.5,1
motor,motor_dwell,23,10,6574.5,7056.5,482.0,1
motor,motor_dwell,37,30,6564.5,7058.0,493.5,1
motor,motor_dwell,9,16,6690.5,7073.0,382.5,1
motor,motor_dwell,34,13,6569.5,7077.5,508.0,1
motor,motor_dwell,4,28,6626.0,7083.0,457.0,1
motor,motor_dwell,39,33,6603.0,7126.5,523.5,1
motor,motor_dwell,32,10,6997.5,7128.5,131.0,1
motor,motor_dwell,21,41,6585.5,7130.5,545.0,1
motor,motor_dwell,5,48,6657.5,7181.5,524.0,1
motor,motor_dwell,6,16,6820.0,7205.5,385.5,1
motor,motor_dwell,0,42,6743.0,7231.0,488.0,1
motor,motor_dwell,22,23,7011.5,7243.5,232.0,1
motor,motor_dwell,8,25,6766.0,7251.0,485.0,1
motor,motor_dwell,38,9,6817.0,7289.0,472.0,1
motor,motor_dwell,13,14,6818.0,7304.5,486.5,1
motor,motor_dwell,29,28,6797.0,7309.0,512.0,1
motor,motor_dwell,2,9,6818.5,7316.5,498.0,1
motor,motor_dwell,20,29,6766.5,7320.0,553.5,1
motor,motor_dwell,10,41,6788.5,7326.0,537.5,1
motor,motor_dwell,5,25,7189.0,7326.5,137.5,1
motor,motor_dwell,15,5,7013.0,7336.0,323.0,1
motor,motor_dwell,35,48,6933.5,7342.0,408.5,1
motor,motor_dwell,32,39,7135.5,7348.0,212.5,1
motor,motor_dwell,30,25,6871.5,7370.0,498.5,1
motor,motor_dwell,11,49,6918.5,7378.0,459.5,1
motor,motor_dwell,14,5,6850.0,7389.5,539.5,1
motor,motor_dwell,1,48,6874.5,7390.5,516.0,1
motor,motor_dwell,36,4,6907.5,7394.5,487.0,1
motor,motor_dwell,12,31,6907.0,7399.0,492.0,1
motor,motor_dwell,19,3,6927.0,7414.5,487.5,1
motor,motor_dwell,27,45,6903.0,7418.0,515.0,1
motor,motor_dwell,25,37,6938.5,7429.5,491.0,1
motor,motor_dwell,34,36,7078.0,7456.5,378.5,1
motor,motor_dwell,26,2,7031.5,7463.0,431.5,1
motor,motor_dwell,18,9,7021.5,7486.0,464.5,1
motor,motor_dwell,7,2,6991.0,7493.5,502.5,1
motor,motor_dwell,31,44,6989.0,7498.0,509.0,1
motor,motor_dwell,37,18,7061.0,7508.0,447.0,1
motor,motor_dwell,33,36,7032.5,7523.0,490.5,1
motor,motor_dwell,3,18,7040.5,7528.5,488.0,1
motor,motor_dwell,24,2,7075.0,7541.5,466.5,1
motor,motor_dwell,16,2,7034.0,7542.5,508.5,1
motor,motor_dwell,8,5,7252.5,7556.0,303.5,1
motor,motor_dwell,19,9,7420.0,7569.5,149.5,1
motor,motor_dwell,9,24,7085.5,7575.0,489.5,1
motor,motor_dwell,28,36,7047.5,7581.0,533.5,1
motor,motor_dwell,17,19,7056.5,7591.0,534.5,1
motor,motor_dwell,23,10,7062.0,7599.0,537.0,1
motor,motor_dwell,4,36,7115.0,7605.5,490.5,1
motor,motor_dwell,39,30,7131.0,7623.5,492.5,1
motor,motor_dwell,14,41,7399.5,7627.0,227.5,1
motor,motor_dwell,9,37,7579.0,7636.0,57.0,1
motor,motor_dwell,37,10,7520.5,7637.5,117.0,1
motor,motor_dwell,25,33,7434.5,7644.5,210.0,1
motor,motor_dwell,21,33,7159.0,7648.5,489.5,1
motor,motor_dwell,28,36,7582.5,7672.5,90.0,1
motor,motor_dwell,32,1,7365.0,7680.5,315.5,1
motor,motor_dwell,6,8,7208.0,7690.5,482.5,1
motor,motor_dwell,22,28,7244.5,7713.5,469.0,1
motor,motor_dwell,0,11,7235.5,7733.5,498.0,1
motor,motor_dwell,8,41,7564.5,7755.5,191.0,1
motor,motor_dwell,38,14,7294.0,7777.0,483.0,1
motor,motor_dwell,15,9,7356.5,7791.5,435.0,1
motor,motor_dwell,20,8,7323.0,7795.5,472.5,1
motor,motor_dwell,2,29,7324.5,7797.0,472.5,1
motor,motor_dwell,35,41,7371.0,7806.0,435.0,1
motor,motor_dwell,5,5,7335.0,7807.5,472.5,1
motor,motor_dwell,29,24,7332.0,7809.0,477.0,1
motor,motor_dwell,13,45,7309.5,7815.0,505.5,1
motor,motor_dwell,4,4,7609.0,7828.5,219.5,1
motor,motor_dwell,10,30,7340.0,7861.5,521.5,1
motor,motor_dwell,11,14,7392.0,7874.0,482.0,1
motor,motor_dwell,12,29,7405.0,7880.5,475.5,1
motor,motor_dwell,37,11,7649.5,7884.5,235.0,1
motor,motor_dwell,30,6,7378.0,7885.0,507.0,1
motor,motor_dwell,1,32,7396.0,7887.0,491.0,1
motor,motor_dwell,26,24,7475.5,7887.0,411.5,1
motor,motor_dwell,39,9,7625.0,7887.5,262.5,1
motor,motor_dwell,17,36,7594.0,7910.5,316.5,1
motor,motor_dwell,36,13,7412.0,7929.0,517.0,1
motor,motor_dwell,29,33,7846.5,7942.0,95.5,1
motor,motor_dwell,8,5,7763.0,7965.5,202.5,1
motor,motor_dwell,15,10,7804.5,7972.0,167.5,1
motor,motor_dwell,31,19,7508.5,7980.0,471.5,1
motor,motor_dwell,27,45,7453.0,7984.0,531.0,1
motor,motor_dwell,34,28,7458.5,7990.5,532.0,1
motor,motor_dwell,9,10,7639.0,8014.5,375.5,1
motor,motor_dwell,3,25,7531.5,8018.5,487.0,1
motor,motor_dwell,22,25,7717.0,8018.5,301.5,1
motor,motor_dwell,16,1,7545.5,8019.5,474.0,1
motor,motor_dwell,7,36,7509.5,8020.5,511.0,1
motor,motor_dwell,18,4,7503.0,8021.0,518.0,1
motor,motor_dwell,24,9,7544.5,8024.5,480.0,1
motor,motor_dwell,33,37,7527.0,8038.5,511.5,1
motor,motor_dwell,4,5,7835.5,8059.5,224.0,1
motor,motor_dwell,16,44,8031.5,8060.0,28.5,1
motor,motor_dwell,19,34,7577.0,8073.5,496.5,1
motor,motor_dwell,16,36,8066.0,8093.5,27.5,1
motor,motor_dwell,31,10,8003.0,8094.5,91.5,1
motor,motor_dwell,30,30,7885.5,8109.5,224.0,1
motor,motor_dwell,21,38,7651.5,8147.0,495.5,1
motor,motor_dwell,32,32,7681.0,8150.5,469.5,1
motor,motor_dwell,14,36,7635.5,8155.5,520.0,1
motor,motor_dwell,23,9,7611.5,8159.0,547.5,1
motor,motor_dwell,25,9,7648.0,8160.0,512.0,1
motor,motor_dwell,28,4,7683.0,8168.0,485.0,1
motor,motor_dwell,6,29,7710.5,8173.0,462.5,1
motor,motor_dwell,17,23,7911.0,8184.0,273.0,1
motor,motor_dwell,7,18,8041.0,8195.0,154.0,1
motor,motor_dwell,0,44,7739.0,8203.5,464.5,1
motor,motor_dwell,33,30,8039.5,8250.0,210.5,1
motor,motor_dwell,20,33,7797.0,8299.0,502.0,1
motor,motor_dwell,38,1,7800.0,8299.0,499.0,1
motor,motor_dwell,9,16,8018.0,8301.0,283.0,1
motor,motor_dwell,35,36,7806.5,8311.5,505.0,1
motor,motor_dwell,2,3,7824.0,8326.5,502.5,1
motor,motor_dwell,13,9,7817.0,8345.5,528.5,1
motor,motor_dwell,5,32,7816.0,8355.5,539.5,1
motor,motor_dwell,17,41,8186.0,8368.5,182.5,1
motor,motor_dwell,1,16,7887.5,8372.0,484.5,1
motor,motor_dwell,10,25,7891.5,8372.5,481.0,1
motor,motor_dwell,16,5,8120.5,8376.5,256.0,1
motor,motor_dwell,39,25,7896.5,8384.5,488.0,1
motor,motor_dwell,12,4,7883.0,8397.0,514.0,1
motor,motor_dwell,37,29,7892.5,8407.0,514.5,1
motor,motor_dwell,11,26,7878.5,8410.5,532.0,1
motor,motor_dwell,26,4,7896.5,8427.0,530.5,1
motor,motor_dwell,8,41,7983.0,8442.0,459.0,1
motor,motor_dwell,29,16,7945.0,8443.5,498.5,1
motor,motor_dwell,32,28,8159.0,8455.5,296.5,1
motor,motor_dwell,34,49,7993.5,8457.5,464.0,1
motor,motor_dwell,16,48,8382.0,8478.0,96.0,1
motor,motor_dwell,21,18,8147.5,8479.0,331.5,1
motor,motor_dwell,15,32,7973.5,8481.5,508.0,1
motor,motor_dwell,4,16,8060.5,8498.0,437.5,1
motor,motor_dwell,27,18,7991.0,8501.0,510.0,1
motor,motor_dwell,22,41,8036.5,8503.5,467.0,1
motor,motor_dwell,6,23,8188.0,8515.0,327.0,1
motor,motor_dwell,3,40,8024.0,8522.5,498.5,1
motor,motor_dwell,36,4,7973.0,8525.5,552.5,1
motor,motor_dwell,18,9,8022.5,8543.0,520.5,1
motor,motor_dwell,24,11,8052.5,8550.0,497.5,1
motor,motor_dwell,19,49,8085.5,8567.0,481.5,1
motor,motor_dwell,22,37,8550.5,8574.0,23.5,1
motor,motor_dwell,4,32,8498.5,8600.0,101.5,1
motor,motor_dwell,3,30,8529.0,8635.0,106.0,1
motor,motor_dwell,30,45,8118.5,8635.0,516.5,1
motor,motor_dwell,9,28,8359.5,8639.5,280.0,1
motor,motor_dwell,31,16,8099.5,8641.0,541.5,1
motor,motor_dwell,36,31,8534.0,8644.0,110.0,1
motor,motor_dwell,22,18,8582.0,8651.5,69.5,1
motor,motor_dwell,23,14,8176.0,8659.5,483.5,1
motor,motor_dwell,25,9,8160.5,8668.0,507.5,1
motor,motor_dwell,14,30,8160.5,8672.5,512.0,1
motor,motor_dwell,19,28,8576.5,8685.0,108.5,1
motor,motor_dwell,15,9,8482.5,8685.5,203.0,1
motor,motor_dwell,28,37,8186.5,8686.5,500.0,1
motor,motor_dwell,24,24,8584.5,8704.5,120.0,1
motor,motor_dwell,0,9,8206.0,8708.0,502.0,1
motor,motor_dwell,7,14,8196.0,8713.5,517.5,1
motor,motor_dwell,16,8,8497.0,8723.0,226.0,1
motor,motor_dwell,5,44,8361.5,8727.0,365.5,1
motor,motor_dwell,28,23,8721.5,8727.0,5.5,1
motor,motor_dwell,33,3,8255.5,8734.0,478.5,1
motor,motor_dwell,3,25,8645.0,8782.0,137.0,1
motor,motor_dwell,2,9,8335.5,8794.0,458.5,1
motor,motor_dwell,20,30,8301.5,8804.0,502.5,1
motor,motor_dwell,35,29,8317.0,8809.0,492.0,1
motor,motor_dwell,38,29,8301.5,8818.0,516.5,1
motor,motor_dwell,18,16,8547.5,8840.0,292.5,1
motor,motor_dwell,1,36,8375.5,8847.5,472.0,1
motor,motor_dwell,17,41,8370.5,8851.0,480.5,1
motor,motor_dwell,13,37,8351.0,8865.0,514.0,1
motor,motor_dwell,39,39,8385.5,8867.0,481.5,1
motor,motor_dwell,18,45,8841.5,8886.5,45.0,1
motor,motor_dwell,10,32,8386.5,8887.5,501.0,1
motor,motor_dwell,23,36,8664.5,8895.5,231.0,1
motor,motor_dwell,28,24,8728.5,8897.5,169.0,1
motor,motor_dwell,14,23,8678.0,8906.5,228.5,1
motor,motor_dwell,37,29,8413.5,8909.5,496.0,1
motor,motor_dwell,12,33,8401.0,8910.0,509.0,1
motor,motor_dwell,26,25,8427.5,8914.5,487.0,1
motor,motor_dwell,8,1,8446.5,8921.0,474.5,1
motor,motor_dwell,11,13,8412.0,8940.5,528.5,1
motor,motor_dwell,29,33,8447.5,8949.5,502.0,1
motor,motor_dwell,34,9,8462.5,8958.0,495.5,1
motor,motor_dwell,32,19,8457.0,8963.5,506.5,1
motor,motor_dwell,38,23,8840.5,8985.5,145.0,1
motor,motor_dwell,21,25,8497.0,8993.0,496.0,1
motor,motor_dwell,25,30,8672.5,8993.0,320.5,1
motor,motor_dwell,27,8,8513.0,9002.0,489.0,1
motor,motor_dwell,6,5,8515.5,9013.5,498.0,1
motor,motor_dwell,28,18,8909.0,9023.0,114.0,1
motor,motor_dwell,4,37,8612.5,9073.0,460.5,1
motor,motor_dwell,36,25,8646.0,9113.0,467.0,1
motor,motor_dwell,35,36,8830.5,9121.0,290.5,1
motor,motor_dwell,30,18,8639.5,9136.5,497.0,1
motor,motor_dwell,9,49,8652.0,9152.5,500.5,1
motor,motor_dwell,9,44,9155.0,9156.0,1.0,1
motor,motor_dwell,31,40,8648.5,9163.5,515.0,1
motor,motor_dwell,19,14,8703.0,9173.0,470.0,1
motor,motor_dwell,22,9,8675.5,9174.0,498.5,1
motor,motor_dwell,7,28,8728.5,9185.0,456.5,1
motor,motor_dwell,15,13,8689.0,9187.5,498.5,1
motor,motor_dwell,24,40,8723.5,9197.0,473.5,1
motor,motor_dwell,31,25,9171.0,9204.5,33.5,1
motor,motor_dwell,37,24,8910.5,9211.0,300.5,1
motor,motor_dwell,16,23,8734.0,9219.0,485.0,1
motor,motor_dwell,2,3,8795.0,9224.0,429.0,1
motor,motor_dwell,3,48,8799.0,9229.5,430.5,1
motor,motor_dwell,0,25,8734.0,9232.0,498.0,1
motor,motor_dwell,5,48,8735.5,9234.5,499.0,1
motor,motor_dwell,11,39,8942.5,9265.0,322.5,1
motor,motor_dwell,20,32,8813.5,9268.5,455.0,1
motor,motor_dwell,33,25,8744.0,9277.0,533.0,1
motor,motor_dwell,2,23,9224.5,9294.0,69.5,1
motor,motor_dwell,18,42,8916.0,9308.5,392.5,1
motor,motor_dwell,27,30,9004.0,9315.5,311.5,1
motor,motor_dwell,4,48,9085.0,9325.0,240.0,1
motor,motor_dwell,1,49,8849.5,9332.5,483.0,1
motor,motor_dwell,17,18,8868.0,9336.5,468.5,1
motor,motor_dwell,10,1,8892.0,9354.5,462.5,1
motor,motor_dwell,39,16,8868.0,9369.5,501.5,1
motor,motor_dwell,13,18,8892.0,9390.5,498.5,1
motor,motor_dwell,23,19,8898.0,9391.5,493.5,1
motor,motor_dwell,18,37,9311.0,9403.0,92.0,1
motor,motor_dwell,8,29,8933.0,9420.0,487.0,1
motor,motor_dwell,26,38,8920.0,9421.5,501.5,1
motor,motor_dwell,12,6,8910.5,9426.0,515.5,1
motor,motor_dwell,19,10,9177.0,9428.5,251.5,1
motor,motor_dwell,8,38,9426.0,9432.5,6.5,1
motor,motor_dwell,14,24,8929.0,9443.5,514.5,1
motor,motor_dwell,29,18,8954.0,9449.0,495.0,1
motor,motor_dwell,32,31,8968.0,9460.5,492.5,1
motor,motor_dwell,14,3,9456.5,9471.0,14.5,1
motor,motor_dwell,6,45,9017.5,9475.0,457.5,1
motor,motor_dwell,21,36,8997.0,9479.0,482.0,1
motor,motor_dwell,25,36,8994.0,9480.5,486.5,1
motor,motor_dwell,21,36,9494.5,9495.5,1.0,1
motor,motor_dwell,34,26,8974.0,9497.0,523.0,1
motor,motor_dwell,28,36,9023.5,9506.0,482.5,1
motor,motor_dwell,38,33,9001.5,9524.0,522.5,1
motor,motor_dwell,5,48,9243.0,9527.0,284.0,1
motor,motor_dwell,27,2,9316.0,9564.5,248.5,1
motor,motor_dwell,34,28,9500.5,9589.0,88.5,1
motor,motor_dwell,10,24,9364.5,9632.5,268.0,1
motor,motor_dwell,35,48,9125.0,9639.0,514.0,1
motor,motor_dwell,30,25,9138.0,9639.5,501.5,1
motor,motor_dwell,2,38,9300.0,9645.0,345.0,1
motor,motor_dwell,36,19,9129.5,9655.0,525.5,1
motor,motor_dwell,15,2,9188.5,9658.0,469.5,1
motor,motor_dwell,9,39,9160.0,9667.5,507.5,1
motor,motor_dwell,24,9,9198.5,9673.0,474.5,1
motor,motor_dwell,31,29,9206.5,9694.0,487.5,1
motor,motor_dwell,7,13,9193.5,9699.0,505.5,1
motor,motor_dwell,22,4,9199.0,9699.0,500.0,1
motor,motor_dwell,3,45,9232.0,9727.0,495.0,1
motor,motor_dwell,37,10,9221.5,9731.5,510.0,1
motor,motor_dwell,11,32,9267.5,9734.0,466.5,1
motor,motor_dwell,16,28,9224.0,9745.0,521.0,1
motor,motor_dwell,13,14,9394.0,9763.5,369.5,1
motor,motor_dwell,15,23,9663.5,9771.0,107.5,1
motor,motor_dwell,33,48,9281.0,9774.0,493.0,1
motor,motor_dwell,20,29,9273.5,9789.0,515.5,1
motor,motor_dwell,4,24,9336.0,9800.0,464.0,1
motor,motor_dwell,0,19,9254.5,9803.5,549.0,1
motor,motor_dwell,1,19,9337.0,9841.5,504.5,1
motor,motor_dwell,23,41,9396.5,9848.5,452.0,1
motor,motor_dwell,17,30,9342.0,9863.0,521.0,1
motor,motor_dwell,2,38,9660.5,9873.5,213.0,1
motor,motor_dwell,33,45,9777.0,9873.5,96.5,1
motor,motor_dwell,39,26,9376.0,9889.5,513.5,1
motor,motor_dwell,31,31,9700.0,9897.0,197.0,1
motor,motor_dwell,19,37,9432.0,9897.5,465.5,1
motor,motor_dwell,12,39,9429.0,9898.0,469.0,1
motor,motor_dwell,8,36,9435.0,9923.5,488.5,1
motor,motor_dwell,18,19,9430.5,9926.0,495.5,1
motor,motor_dwell,26,14,9423.0,9942.0,519.0,1
motor,motor_dwell,32,18,9469.0,9958.0,489.0,1
motor,motor_dwell,21,36,9496.0,9959.0,463.0,1
motor,motor_dwell,29,6,9457.0,9962.0,505.0,1
motor,motor_dwell,25,48,9482.5,9968.0,485.5,1
motor,motor_dwell,6,14,9490.0,9970.0,480.0,1
motor,motor_dwell,30,30,9673.0,9990.0,317.0,1
motor,motor_dwell,28,9,9507.0,9993.0,486.0,1
motor,motor_dwell,14,10,9488.5,9997.5,509.0,1
motor,motor_dwell,35,49,9643.0,10014.5,371.5,1
motor,motor_dwell,5,41,9531.0,10025.0,494.0,1
motor,motor_dwell,38,25,9525.5,10033.5,508.0,1
motor,motor_dwell,36,42,9677.5,10060.5,383.0,1
motor,motor_dwell,32,2,9959.5,10068.0,108.5,1
motor,motor_dwell,19,26,9900.5,10069.5,169.0,1
motor,motor_dwell,27,42,9574.5,10075.5,501.0,1
motor,motor_dwell,39,34,9911.0,10086.0,175.0,1
motor,motor_dwell,34,19,9595.0,10104.0,509.0,1
motor,motor_dwell,8,4,9926.0,10110.0,184.0,1
motor,motor_dwell,10,10,9642.0,10120.0,478.0,1
motor,motor_dwell,31,16,9909.0,10130.5,221.5,1
motor,motor_dwell,22,19,9712.5,10162.0,449.5,1
motor,motor_dwell,9,23,9676.0,10203.0,527.0,1
motor,motor_dwell,11,9,9745.0,10215.0,470.0,1
motor,motor_dwell,7,32,9725.5,10220.5,495.0,1
motor,motor_dwell,24,38,9681.5,10221.5,540.0,1
motor,motor_dwell,28,44,10002.0,10225.5,223.5,1
motor,motor_dwell,16,19,9748.5,10238.0,489.5,1
motor,motor_dwell,37,16,9743.5,10243.5,500.0,1
motor,motor_dwell,13,5,9764.5,10245.0,480.5,1
motor,motor_dwell,3,13,9741.0,10249.5,508.5,1
motor,motor_dwell,24,49,10230.0,10254.5,24.5,1
motor,motor_dwell,39,28,10094.0,10259.5,165.5,1
motor,motor_dwell,20,37,9792.5,10263.0,470.5,1
motor,motor_dwell,35,11,10016.0,10286.5,270.5,1
motor,motor_dwell,15,11,9777.5,10311.0,533.5,1
motor,motor_dwell,0,16,9833.5,10316.5,483.0,1
motor,motor_dwell,25,29,9969.0,10320.0,351.0,1
motor,motor_dwell,20,45,10276.5,10343.5,67.0,1
motor,motor_dwell,23,13,9854.0,10344.5,490.5,1
motor,motor_dwell,4,49,9825.0,10349.5,524.5,1
motor,motor_dwell,1,13,9853.5,10353.0,499.5,1
motor,motor_dwell,33,25,9878.0,10353.5,475.5,1
motor,motor_dwell,17,24,9875.5,10367.5,492.0,1
motor,motor_dwell,39,5,10260.5,10371.5,111.0,1
motor,motor_dwell,0,3,10321.5,10403.0,81.5,1
motor,motor_dwell,18,28,9927.0,10403.0,476.0,1
motor,motor_dwell,12,18,9904.5,10408.0,503.5,1
motor,motor_dwell,20,49,10344.0,10411.0,67.0,1
motor,motor_dwell,2,37,9889.0,10414.5,525.5,1
motor,motor_dwell,26,40,9945.0,10430.5,485.5,1
motor,motor_dwell,29,18,9963.5,10438.5,475.0,1
motor,motor_dwell,24,45,10266.0,10469.0,203.0,1
motor,motor_dwell,29,41,10446.5,10471.5,25.0,1
motor,motor_dwell,14,36,10003.0,10478.5,475.5,1
motor,motor_dwell,6,48,9980.0,10484.0,504.0,1
motor,motor_dwell,21,10,9961.5,10500.5,539.0,1
motor,motor_dwell,30,26,10004.5,10510.5,506.0,1
motor,motor_dwell,19,8,10070.5,10512.0,441.5,1
motor,motor_dwell,39,32,10379.5,10514.5,135.0,1
motor,motor_dwell,5,42,10026.5,10520.5,494.0,1
motor,motor_dwell,38,13,10039.5,10523.5,484.0,1
motor,motor_dwell,14,25,10483.5,10558.0,74.5,1
motor,motor_dwell,27,28,10089.0,10574.5,485.5,1
motor,motor_dwell,32,30,10069.5,10580.5,511.0,1
motor,motor_dwell,36,6,10080.5,10588.5,508.0,1
motor,motor_dwell,23,33,10347.5,10598.0,250.5,1
motor,motor_dwell,2,44,10430.5,10609.0,178.5,1
motor,motor_dwell,8,32,10136.0,10628.5,492.5,1
motor,motor_dwell,35,3,10291.0,10632.0,341.0,1
motor,motor_dwell,17,36,10383.0,10633.5,250.5,1
motor,motor_dwell,10,13,10146.0,10639.0,493.0,1
motor,motor_dwell,22,9,10176.0,10647.0,471.0,1
motor,motor_dwell,34,31,10136.0,10653.5,517.5,1
motor,motor_dwell,31,49,10154.0,10658.0,504.0,1
motor,motor_dwell,9,39,10207.0,10683.0,476.0,1
motor,motor_dwell,7,41,10231.5,10683.5,452.0,1
motor,motor_dwell,36,38,10601.5,10685.0,83.5,1
motor,motor_dwell,1,11,10368.5,10703.5,335.0,1
motor,motor_dwell,3,33,10253.5,10742.0,488.5,1
motor,motor_dwell,11,3,10219.0,10743.5,524.5,1
motor,motor_dwell,16,11,10248.5,10745.0,496.5,1
motor,motor_dwell,28,9,10235.5,10749.5,514.0,1
motor,motor_dwell,37,32,10245.0,10750.0,505.0,1
motor,motor_dwell,2,44,10610.5,10759.5,149.0,1
motor,motor_dwell,13,45,10255.5,10774.0,518.5,1
motor,motor_dwell,17,32,10644.5,10777.0,132.5,1
motor,motor_dwell,25,14,10334.0,10803.0,469.0,1
motor,motor_dwell,1,9,10710.0,10805.0,95.0,1
motor,motor_dwell,24,42,10472.5,10828.0,355.5,1
motor,motor_dwell,16,2,10745.5,10833.5,88.0,1
motor,motor_dwell,15,3,10312.0,10836.5,524.5,1
motor,motor_dwell,12,33,10410.5,10841.5,431.0,1
motor,motor_dwell,29,41,10476.5,10850.0,373.5,1
motor,motor_dwell,4,26,10352.0,10858.5,506.5,1
motor,motor_dwell,19,9,10518.5,10866.0,347.5,1
motor,motor_dwell,33,16,10354.5,10869.5,515.0,1
motor,motor_dwell,18,8,10406.5,10896.5,490.0,1
motor,motor_dwell,38,6,10536.0,10899.5,363.5,1
motor,motor_dwell,0,30,10403.5,10913.5,510.0,1
motor,motor_dwell,30,30,10511.5,10918.5,407.0,1
motor,motor_dwell,26,16,10432.0,10919.0,487.0,1
motor,motor_dwell,20,26,10418.0,10938.0,520.0,1
motor,motor_dwell,6,29,10498.0,10965.0,467.0,1
motor,motor_dwell,3,5,10762.5,10981.5,219.0,1
motor,motor_dwell,5,45,10526.0,10994.5,468.5,1
motor,motor_dwell,23,39,10609.0,11012.5,403.5,1
motor,motor_dwell,24,48,10838.0,11015.5,177.5,1
motor,motor_dwell,37,23,10750.5,11029.5,279.0,1
motor,motor_dwell,10,16,10644.0,11038.0,394.0,1
motor,motor_dwell,39,19,10522.0,11042.0,520.0,1
motor,motor_dwell,27,32,10584.0,11044.5,460.5,1
motor,motor_dwell,1,30,10808.0,11048.0,240.0,1
motor,motor_dwell,21,35,10511.5,11050.0,538.5,1
motor,motor_dwell,20,29,10941.0,11069.0,128.0,1
motor,motor_dwell,32,4,10584.0,11089.5,505.5,1
motor,motor_dwell,14,33,10565.0,11114.0,549.0,1
motor,motor_dwell,8,40,10636.0,11140.5,504.5,1
motor,motor_dwell,35,9,10633.5,11154.0,520.5,1
motor,motor_dwell,30,39,10919.0,11166.0,247.0,1
motor,motor_dwell,5,18,11003.0,11169.5,166.5,1
motor,motor_dwell,22,9,10663.5,11170.0,506.5,1
motor,motor_dwell,34,25,10666.0,11173.5,507.5,1
motor,motor_dwell,7,9,10689.5,11185.5,496.0,1
motor,motor_dwell,36,40,10688.5,11186.5,498.0,1
motor,motor_dwell,9,48,10684.5,11202.0,517.5,1
motor,motor_dwell,31,33,10676.0,11202.5,526.5,1
motor,motor_dwell,11,3,10751.0,11216.0,465.0,1
motor,motor_dwell,14,36,11118.5,11216.5,98.0,1
motor,motor_dwell,28,42,10759.5,11258.5,499.0,1
motor,motor_dwell,25,45,10813.0,11260.5,447.5,1
motor,motor_dwell,13,14,10777.0,11272.5,495.5,1
motor,motor_dwell,2,36,10763.0,11281.5,518.5,1
motor,motor_dwell,2,9,11282.0,11283.0,1.0,1
motor,motor_dwell,33,23,10875.5,11300.0,424.5,1
motor,motor_dwell,17,28,10789.0,11303.0,514.0,1
motor,motor_dwell,26,13,10926.5,11308.0,381.5,1
motor,motor_dwell,19,8,10871.0,11334.0,463.0,1
motor,motor_dwell,12,11,10847.5,11351.5,504.0,1
motor,motor_dwell,16,29,10838.5,11353.0,514.5,1
motor,motor_dwell,38,48,10901.0,11361.5,460.5,1
motor,motor_dwell,4,14,10876.0,11365.5,489.5,1
motor,motor_dwell,15,9,10849.0,11369.0,520.0,1
motor,motor_dwell,29,18,10868.5,11372.5,504.0,1
motor,motor_dwell,0,30,10932.0,11383.0,451.0,1
motor,motor_dwell,24,23,11018.0,11389.0,371.0,1
motor,motor_dwell,18,40,10897.0,11398.0,501.0,1
motor,motor_dwell,33,28,11304.0,11415.0,111.0,1
motor,motor_dwell,25,18,11266.5,11419.5,153.0,1
motor,motor_dwell,21,10,11081.0,11448.5,367.5,1
motor,motor_dwell,16,5,11361.5,11459.0,97.5,1
motor,motor_dwell,6,41,10966.0,11467.5,501.5,1
motor,motor_dwell,23,48,11016.0,11480.5,464.5,1
motor,motor_dwell,3,32,10992.5,11491.0,498.5,1
motor,motor_dwell,17,13,11304.5,11509.0,204.5,1
motor,motor_dwell,27,10,11048.0,11518.5,470.5,1
motor,motor_dwell,38,28,11374.0,11525.0,151.0,1
motor,motor_dwell,11,32,11229.5,11527.0,297.5,1
motor,motor_dwell,10,28,11065.0,11538.0,473.0,1
motor,motor_dwell,37,30,11040.5,11550.0,509.5,1
motor,motor_dwell,20,16,11081.0,11560.5,479.5,1
motor,motor_dwell,39,39,11062.0,11562.5,500.5,1
motor,motor_dwell,1,25,11067.5,11596.5,529.0,1
motor,motor_dwell,32,13,11091.5,11599.0,507.5,1
motor,motor_dwell,35,10,11155.0,11611.0,456.0,1
motor,motor_dwell,7,1,11195.0,11627.0,432.0,1
motor,motor_dwell,34,33,11177.0,11629.5,452.5,1
motor,motor_dwell,35,4,11617.0,11631.5,14.5,1
motor,motor_dwell,8,14,11147.5,11641.0,493.5,1
motor,motor_dwell,28,25,11261.0,11664.5,403.5,1
motor,motor_dwell,5,19,11171.0,11674.0,503.0,1
motor,motor_dwell,36,1,11199.5,11675.0,475.5,1
motor,motor_dwell,30,2,11169.0,11681.0,512.0,1
motor,motor_dwell,9,38,11208.5,11706.0,497.5,1
motor,motor_dwell,14,13,11217.5,11706.0,488.5,1
motor,motor_dwell,6,11,11477.0,11706.5,229.5,1
motor,motor_dwell,12,42,11353.5,11707.0,353.5,1
motor,motor_dwell,22,33,11174.5,11710.0,535.5,1
motor,motor_dwell,26,30,11311.5,11730.0,418.5,1
motor,motor_dwell,13,29,11273.5,11739.0,465.5,1
motor,motor_dwell,31,32,11226.5,11747.5,521.0,1
motor,motor_dwell,4,11,11369.5,11761.0,391.5,1
motor,motor_dwell,17,25,11514.0,11763.5,249.5,1
motor,motor_dwell,2,6,11290.0,11771.5,481.5,1
motor,motor_dwell,30,33,11709.0,11797.0,88.0,1
motor,motor_dwell,12,8,11730.0,11804.5,74.5,1
motor,motor_dwell,19,4,11335.0,11805.0,470.0,1
motor,motor_dwell,22,39,11722.5,11818.5,96.0,1
motor,motor_dwell,29,27,11375.0,11867.5,492.5,1
motor,motor_dwell,15,9,11370.5,11893.5,523.0,1
motor,motor_dwell,33,25,11416.0,11893.5,477.5,1
motor,motor_dwell,0,19,11407.0,11894.0,487.0,1
motor,motor_dwell,5,29,11695.5,11897.5,202.0,1
motor,motor_dwell,25,35,11425.5,11915.0,489.5,1
motor,motor_dwell,24,35,11401.0,11938.0,537.0,1
motor,motor_dwell,18,19,11409.0,11943.0,534.0,1
motor,motor_dwell,16,30,11476.0,11978.0,502.0,1
motor,motor_dwell,30,3,11798.0,11978.5,180.5,1
motor,motor_dwell,3,35,11493.0,11981.0,488.0,1
motor,motor_dwell,10,34,11557.5,11985.0,427.5,1
motor,motor_dwell,23,39,11484.0,11987.5,503.5,1
motor,motor_dwell,13,44,11743.0,11988.0,245.0,1
motor,motor_dwell,38,41,11528.0,11991.0,463.0,1
motor,motor_dwell,27,33,11522.0,11996.0,474.0,1
motor,motor_dwell,21,19,11469.0,12002.0,533.0,1
motor,motor_dwell,37,30,11565.0,12003.5,438.5,1
motor,motor_dwell,34,2,11634.5,12020.5,386.0,1
motor,motor_dwell,1,33,11597.0,12048.0,451.0,1
motor,motor_dwell,11,45,11535.0,12050.5,515.5,1
motor,motor_dwell,20,36,11563.0,12052.5,489.5,1
motor,motor_dwell,39,41,11563.0,12064.5,501.5,1
motor,motor_dwell,15,41,11902.5,12076.5,174.0,1
motor,motor_dwell,32,13,11604.0,12112.5,508.5,1
motor,motor_dwell,37,8,12014.0,12113.0,99.0,1
motor,motor_dwell,7,25,11628.0,12125.0,497.0,1
motor,motor_dwell,4,37,11766.5,12127.0,360.5,1
motor,motor_dwell,8,30,11664.0,12129.5,465.5,1
motor,motor_dwell,5,39,11904.5,12154.5,250.0,1
motor,motor_dwell,35,34,11639.0,12175.0,536.0,1
motor,motor_dwell,28,30,11692.0,12181.5,489.5,1
motor,motor_dwell,19,4,11840.0,12185.0,345.0,1
motor,motor_dwell,36,30,11687.0,12194.5,507.5,1
motor,motor_dwell,6,36,11707.0,12215.5,508.5,1
motor,motor_dwell,17,29,11781.5,12222.5,441.0,1
motor,motor_dwell,14,41,11709.5,12223.5,514.0,1
motor,motor_dwell,9,13,11715.5,12238.5,523.0,1
motor,motor_dwell,39,2,12079.5,12239.0,159.5,1
motor,motor_dwell,28,24,12182.0,12255.0,73.0,1
motor,motor_dwell,31,30,11758.5,12257.0,498.5,1
motor,motor_dwell,26,8,11732.0,12264.5,532.5,1
motor,motor_dwell,33,1,11895.5,12271.5,376.0,1
motor,motor_dwell,2,10,11790.5,12286.5,496.0,1
motor,motor_dwell,12,13,11810.0,12314.5,504.5,1
motor,motor_dwell,22,49,11819.0,12317.5,498.5,1
motor,motor_dwell,12,28,12316.5,12339.5,23.0,1
motor,motor_dwell,34,26,12038.0,12354.0,316.0,1
motor,motor_dwell,34,4,12356.5,12377.0,20.5,1
motor,motor_dwell,25,32,11920.5,12382.5,462.0,1
motor,motor_dwell,4,10,12129.5,12390.0,260.5,1
motor,motor_dwell,0,48,11900.5,12392.0,491.5,1
motor,motor_dwell,29,29,11871.5,12397.0,525.5,1
motor,motor_dwell,4,26,12404.5,12408.5,4.0,1
motor,motor_dwell,7,25,12128.0,12412.5,284.5,1
motor,motor_dwell,33,29,12282.0,12419.5,137.5,1
motor,motor_dwell,24,13,11940.5,12423.0,482.5,1
motor,motor_dwell,32,28,12113.5,12428.0,314.5,1
motor,motor_dwell,29,23,12409.5,12431.5,22.0,1
motor,motor_dwell,6,49,12240.5,12460.5,220.0,1
motor,motor_dwell,16,25,11979.5,12461.0,481.5,1
motor,motor_dwell,13,10,11998.0,12484.5,486.5,1
motor,motor_dwell,23,49,11995.5,12492.0,496.5,1
motor,motor_dwell,30,27,12014.5,12493.5,479.0,1
motor,motor_dwell,3,40,12002.5,12494.0,491.5,1
motor,motor_dwell,10,9,11986.0,12497.5,511.5,1
motor,motor_dwell,18,8,11957.5,12498.0,540.5,1
motor,motor_dwell,32,48,12435.5,12507.5,72.0,1
motor,motor_dwell,38,6,12002.0,12516.0,514.0,1
motor,motor_dwell,27,25,11999.0,12519.5,520.5,1
motor,motor_dwell,21,41,12009.5,12532.0,522.5,1
motor,motor_dwell,39,28,12250.0,12538.0,288.0,1
motor,motor_dwell,20,36,12053.5,12545.0,491.5,1
motor,motor_dwell,10,23,12499.5,12553.0,53.5,1
motor,motor_dwell,15,37,12082.0,12553.0,471.0,1
motor,motor_dwell,1,29,12062.5,12556.0,493.5,1
motor,motor_dwell,11,33,12069.0,12564.5,495.5,1
motor,motor_dwell,19,23,12195.0,12594.5,399.5,1
motor,motor_dwell,5,3,12155.0,12605.0,450.0,1
motor,motor_dwell,23,36,12492.5,12622.0,129.5,1
motor,motor_dwell,37,4,12124.5,12637.5,513.0,1
motor,motor_dwell,8,28,12156.0,12655.0,499.0,1
motor,motor_dwell,19,23,12605.0,12667.0,62.0,1
motor,motor_dwell,35,39,12178.5,12672.5,494.0,1
motor,motor_dwell,20,29,12556.5,12696.0,139.5,1
motor,motor_dwell,28,41,12256.5,12712.0,455.5,1
motor,motor_dwell,9,18,12248.0,12714.5,466.5,1
motor,motor_dwell,17,30,12225.0,12723.0,498.0,1
motor,motor_dwell,6,2,12468.0,12731.5,263.5,1
motor,motor_dwell,14,29,12232.0,12736.0,504.0,1
motor,motor_dwell,1,45,12569.5,12743.0,173.5,1
motor,motor_dwell,26,3,12266.5,12755.0,488.5,1
motor,motor_dwell,31,5,12259.5,12755.5,496.0,1
motor,motor_dwell,36,30,12207.0,12783.0,576.0,1
motor,motor_dwell,2,28,12289.5,12802.5,513.0,1
motor,motor_dwell,6,38,12749.5,12805.5,56.0,1
motor,motor_dwell,22,30,12318.5,12833.0,514.5,1
motor,motor_dwell,27,8,12526.0,12837.5,311.5,1
motor,motor_dwell,12,8,12348.0,12844.0,496.0,1
motor,motor_dwell,25,24,12383.5,12844.5,461.0,1
motor,motor_dwell,28,49,12723.5,12873.0,149.5,1
motor,motor_dwell,4,25,12417.0,12887.0,470.0,1
motor,motor_dwell,34,19,12381.0,12887.0,506.0,1
motor,motor_dwell,0,32,12396.0,12899.5,503.5,1
motor,motor_dwell,7,27,12420.0,12916.0,496.0,1
motor,motor_dwell,33,40,12421.5,12925.5,504.0,1
motor,motor_dwell,36,44,12789.5,12926.0,136.5,1
motor,motor_dwell,24,4,12426.0,12941.0,515.0,1
motor,motor_dwell,18,11,12499.5,12951.5,452.0,1
motor,motor_dwell,30,11,12503.0,12962.0,459.0,1
motor,motor_dwell,31,2,12769.0,12964.5,195.5,1
motor,motor_dwell,3,30,12495.0,12969.5,474.5,1
motor,motor_dwell,32,45,12510.0,12975.5,465.5,1
motor,motor_dwell,10,18,12557.0,12976.0,419.0,1
motor,motor_dwell,16,2,12469.0,12977.5,508.5,1
motor,motor_dwell,17,28,12725.5,12982.0,256.5,1
motor,motor_dwell,38,31,12553.5,12982.5,429.0,1
motor,motor_dwell,0,24,12905.5,12987.5,82.0,1
motor,motor_dwell,29,1,12460.5,12998.5,538.0,1
motor,motor_dwell,13,9,12489.5,13002.0,512.5,1
motor,motor_dwell,39,35,12538.5,13025.0,486.5,1
motor,motor_dwell,11,10,12567.0,13040.5,473.5,1
motor,motor_dwell,21,18,12539.0,13053.5,514.5,1
motor,motor_dwell,15,16,12559.5,13068.5,509.0,1
motor,motor_dwell,24,41,12945.5,13072.0,126.5,1
motor,motor_dwell,37,18,12638.0,13072.5,434.5,1
motor,motor_dwell,5,6,12612.0,13115.5,503.5,1
motor,motor_dwell,20,38,12703.0,13128.0,425.0,1
motor,motor_dwell,23,40,12623.0,13141.5,518.5,1
motor,motor_dwell,8,27,12656.0,13142.5,486.5,1
motor,motor_dwell,35,33,12676.0,13150.5,474.5,1
motor,motor_dwell,19,9,12686.0,13189.0,503.0,1
motor,motor_dwell,1,14,12749.0,13219.5,470.5,1
motor,motor_dwell,35,9,13155.0,13221.5,66.5,1
motor,motor_dwell,9,9,12719.0,13235.0,516.0,1
motor,motor_dwell,7,39,12927.5,13237.5,310.0,1
motor,motor_dwell,14,14,12744.5,13237.5,493.0,1
motor,motor_dwell,29,37,13022.0,13244.0,222.0,1
motor,motor_dwell,26,30,12762.5,13256.5,494.0,1
motor,motor_dwell,16,1,12982.0,13266.5,284.5,1
motor,motor_dwell,18,5,12953.0,13269.5,316.5,1
motor,motor_dwell,13,37,13010.0,13313.5,303.5,1
motor,motor_dwell,22,29,12835.5,13313.5,478.0,1
motor,motor_dwell,25,37,12849.0,13318.5,469.5,1
motor,motor_dwell,2,3,12804.0,13330.0,526.0,1
motor,motor_dwell,6,39,12812.0,13330.0,518.0,1
motor,motor_dwell,13,45,13323.0,13362.5,39.5,1
motor,motor_dwell,28,33,12875.0,13372.5,497.5,1
motor,motor_dwell,27,33,12866.5,13380.0,513.5,1
motor,motor_dwell,12,3,12861.5,13392.5,531.0,1
motor,motor_dwell,36,18,12935.0,13409.0,474.0,1
motor,motor_dwell,33,9,12930.0,13409.5,479.5,1
motor,motor_dwell,4,25,12897.0,13411.5,514.5,1
motor,motor_dwell,34,16,12890.5,13413.0,522.5,1
motor,motor_dwell,38,26,12985.5,13438.5,453.0,1
motor,motor_dwell,31,8,12978.5,13439.0,460.5,1
motor,motor_dwell,30,7,12973.0,13452.0,479.0,1
motor,motor_dwell,6,24,13341.5,13472.0,130.5,1
motor,motor_dwell,35,6,13225.0,13475.0,250.0,1
motor,motor_dwell,3,10,12984.5,13476.0,491.5,1
motor,motor_dwell,10,9,12979.0,13478.0,499.0,1
motor,motor_dwell,39,8,13036.5,13500.0,463.5,1
motor,motor_dwell,32,4,12980.5,13501.5,521.0,1
motor,motor_dwell,26,31,13269.0,13511.5,242.5,1
motor,motor_dwell,0,39,12989.5,13514.0,524.5,1
motor,motor_dwell,19,48,13224.5,13520.5,296.0,1
motor,motor_dwell,11,44,13042.5,13537.0,494.5,1
motor,motor_dwell,16,16,13268.0,13547.0,279.0,1
motor,motor_dwell,17,32,13000.5,13551.0,550.5,1
motor,motor_dwell,21,18,13057.0,13555.0,498.0,1
motor,motor_dwell,19,45,13538.0,13568.5,30.5,1
motor,motor_dwell,24,9,13083.0,13587.5,504.5,1
motor,motor_dwell,15,33,13109.5,13598.0,488.5,1
motor,motor_dwell,5,10,13122.0,13606.0,484.0,1
motor,motor_dwell,37,42,13096.5,13614.5,518.0,1
motor,motor_dwell,36,38,13423.0,13616.5,193.5,1
motor,motor_dwell,20,14,13146.5,13630.0,483.5,1
motor,motor_dwell,23,25,13146.0,13667.5,521.5,1
motor,motor_dwell,29,37,13255.0,13670.5,415.5,1
motor,motor_dwell,8,37,13149.0,13678.5,529.5,1
motor,motor_dwell,9,10,13236.0,13703.5,467.5,1
motor,motor_dwell,36,29,13620.0,13707.0,87.0,1
motor,motor_dwell,1,9,13234.5,13724.0,489.5,1
motor,motor_dwell,14,18,13238.5,13749.0,510.5,1
motor,motor_dwell,19,1,13569.5,13750.0,180.5,1
motor,motor_dwell,19,26,13753.0,13760.0,7.0,1
motor,motor_dwell,7,13,13261.5,13769.0,507.5,1
motor,motor_dwell,0,4,13514.5,13769.5,255.0,1
motor,motor_dwell,38,34,13443.0,13792.5,349.5,1
motor,motor_dwell,18,48,13276.0,13801.5,525.5,1
motor,motor_dwell,4,31,13413.5,13803.5,390.0,1
motor,motor_dwell,2,35,13337.5,13825.5,488.0,1
motor,motor_dwell,22,24,13315.5,13835.5,520.0,1
motor,motor_dwell,29,29,13674.5,13846.5,172.0,1
motor,motor_dwell,13,30,13365.5,13850.5,485.0,1
motor,motor_dwell,34,11,13416.0,13853.0,437.0,1
motor,motor_dwell,25,4,13325.0,13859.0,534.0,1
motor,motor_dwell,27,27,13384.0,13872.0,488.0,1
motor,motor_dwell,14,14,13750.0,13875.0,125.0,1
motor,motor_dwell,8,9,13680.5,13877.5,197.0,1
motor,motor_dwell,15,39,13602.0,13884.5,282.5,1
motor,motor_dwell,12,28,13394.0,13890.0,496.0,1
motor,motor_dwell,13,45,13867.5,13899.5,32.0,1
motor,motor_dwell,28,14,13381.5,13903.0,521.5,1
motor,motor_dwell,9,8,13704.0,13906.0,202.0,1
motor,motor_dwell,33,39,13411.5,13922.0,510.5,1
motor,motor_dwell,31,18,13440.0,13935.0,495.0,1
motor,motor_dwell,39,18,13502.0,13947.0,445.0,1
motor,motor_dwell,10,4,13485.0,13961.0,476.0,1
motor,motor_dwell,30,2,13473.0,13968.0,495.0,1
motor,motor_dwell,4,30,13804.5,13989.5,185.0,1
motor,motor_dwell,6,9,13485.0,13998.0,513.0,1
motor,motor_dwell,35,3,13485.0,13999.0,514.0,1
motor,motor_dwell,36,10,13729.5,14006.5,277.0,1
motor,motor_dwell,13,5,13906.0,14010.0,104.0,1
motor,motor_dwell,26,14,13513.0,14011.5,498.5,1
motor,motor_dwell,3,25,13477.0,14024.5,547.5,1
motor,motor_dwell,16,29,13563.5,14031.0,467.5,1
motor,motor_dwell,21,33,13560.5,14043.5,483.0,1
motor,motor_dwell,11,42,13545.0,14048.5,503.5,1
motor,motor_dwell,32,8,13518.0,14054.0,536.0,1
motor,motor_dwell,30,36,13976.5,14061.0,84.5,1
motor,motor_dwell,17,10,13552.5,14063.0,510.5,1
motor,motor_dwell,23,29,13696.0,14065.0,369.0,1
motor,motor_dwell,15,48,13885.5,14084.5,199.0,1
motor,motor_dwell,19,25,13766.0,14086.5,320.5,1
motor,motor_dwell,24,33,13597.0,14105.0,508.0,1
motor,motor_dwell,5,39,13612.5,14121.0,508.5,1
motor,motor_dwell,37,3,13619.0,14127.5,508.5,1
motor,motor_dwell,30,26,14063.0,14144.5,81.5,1
motor,motor_dwell,20,5,13636.0,14148.0,512.0,1
motor,motor_dwell,28,2,13905.0,14160.5,255.5,1
motor,motor_dwell,23,4,14072.0,14173.5,101.5,1
motor,motor_dwell,16,38,14033.0,14180.0,147.0,1
motor,motor_dwell,32,1,14059.0,14219.5,160.5,1
motor,motor_dwell,2,19,13828.5,14236.0,407.5,1
motor,motor_dwell,3,48,14027.5,14237.0,209.5,1
motor,motor_dwell,1,39,13735.0,14249.0,514.0,1
motor,motor_dwell,7,3,13774.0,14266.0,492.0,1
motor,motor_dwell,34,45,13858.5,14285.0,426.5,1
motor,motor_dwell,38,9,13797.0,14294.0,497.0,1
motor,motor_dwell,22,6,13837.0,14316.5,479.5,1
motor,motor_dwell,18,8,13808.5,14319.5,511.0,1
motor,motor_dwell,0,30,13780.0,14328.0,548.0,1
motor,motor_dwell,14,4,13876.5,14339.5,463.0,1
motor,motor_dwell,16,44,14180.5,14352.5,172.0,1
motor,motor_dwell,20,2,14157.5,14356.5,199.0,1
motor,motor_dwell,29,42,13850.5,14360.5,510.0,1
motor,motor_dwell,31,49,13942.0,14364.5,422.5,1
motor,motor_dwell,25,45,13864.5,14370.5,506.0,1
motor,motor_dwell,9,25,13916.5,14392.0,475.5,1
motor,motor_dwell,8,40,13892.0,14394.5,502.5,1
motor,motor_dwell,27,4,13885.5,14398.5,513.0,1
motor,motor_dwell,33,28,13927.5,14399.0,471.5,1
motor,motor_dwell,12,29,13906.0,14405.0,499.0,1
motor,motor_dwell,15,11,14091.5,14423.0,331.5,1
motor,motor_dwell,39,48,13950.0,14444.0,494.0,1
motor,motor_dwell,10,36,13962.0,14479.5,517.5,1
motor,motor_dwell,36,14,14007.0,14496.5,489.5,1
motor,motor_dwell,26,27,14020.0,14501.5,481.5,1
motor,motor_dwell,4,32,13994.5,14503.0,508.5,1
motor,motor_dwell,35,19,14007.0,14509.5,502.5,1
motor,motor_dwell,6,26,14003.5,14515.5,512.0,1
motor,motor_dwell,21,49,14051.0,14549.0,498.0,1
motor,motor_dwell,13,27,14020.5,14551.0,530.5,1
motor,motor_dwell,32,31,14220.0,14553.5,333.5,1
motor,motor_dwell,17,30,14063.5,14554.5,491.0,1
motor,motor_dwell,23,40,14185.0,14555.5,370.5,1
motor,motor_dwell,1,3,14256.5,14558.0,301.5,1
motor,motor_dwell,20,1,14367.0,14578.5,211.5,1
motor,motor_dwell,11,8,14066.0,14585.5,519.5,1
motor,motor_dwell,35,4,14511.0,14600.5,89.5,1
motor,motor_dwell,19,30,14091.0,14602.5,511.5,1
motor,motor_dwell,35,6,14601.5,14613.0,11.5,1
motor,motor_dwell,24,29,14108.0,14633.0,525.0,1
motor,motor_dwell,19,38,14608.5,14641.0,32.5,1
motor,motor_dwell,5,30,14129.5,14643.5,514.0,1
motor,motor_dwell,37,19,14133.0,14655.0,522.0,1
motor,motor_dwell,28,2,14164.0,14662.5,498.5,1
motor,motor_dwell,2,29,14255.5,14676.0,420.5,1
motor,motor_dwell,32,3,14575.0,14676.0,101.0,1
motor,motor_dwell,30,30,14173.5,14691.0,517.5,1
motor,motor_dwell,10,42,14484.0,14703.5,219.5,1
motor,motor_dwell,16,13,14355.5,14708.0,352.5,1
motor,motor_dwell,35,4,14622.0,14714.0,92.0,1
motor,motor_dwell,38,7,14299.0,14740.0,441.0,1
motor,motor_dwell,3,42,14239.5,14759.0,519.5,1
motor,motor_dwell,21,40,14566.5,14782.0,215.5,1
motor,motor_dwell,7,33,14278.0,14788.0,510.0,1
motor,motor_dwell,37,30,14655.5,14788.0,132.5,1
motor,motor_dwell,0,40,14333.5,14804.0,470.5,1
motor,motor_dwell,34,18,14291.0,14817.0,526.0,1
motor,motor_dwell,11,39,14587.5,14826.0,238.5,1
motor,motor_dwell,18,37,14320.0,14844.5,524.5,1
motor,motor_dwell,22,29,14323.5,14846.5,523.0,1
motor,motor_dwell,14,21,14343.0,14861.0,518.0,1
motor,motor_dwell,29,40,14364.5,14871.5,507.0,1
motor,motor_dwell,8,40,14400.0,14874.5,474.5,1
motor,motor_dwell,35,4,14715.5,14890.0,174.5,1
motor,motor_dwell,27,49,14418.0,14897.5,479.5,1
motor,motor_dwell,25,9,14384.5,14899.0,514.5,1
motor,motor_dwell,5,35,14645.5,14903.0,257.5,1
motor,motor_dwell,9,45,14405.5,14913.0,507.5,1
motor,motor_dwell,31,32,14378.5,14918.0,539.5,1
motor,motor_dwell,12,7,14428.5,14925.5,497.0,1
motor,motor_dwell,33,1,14401.0,14932.0,531.0,1
motor,motor_dwell,8,37,14878.0,14953.0,75.0,1
motor,motor_dwell,39,48,14454.5,14957.5,503.0,1
motor,motor_dwell,36,33,14497.5,14965.0,467.5,1
motor,motor_dwell,30,31,14691.5,14994.5,303.0,1
motor,motor_dwell,15,13,14456.0,14999.0,543.0,1
motor,motor_dwell,4,12,14518.0,15007.5,489.5,1
motor,motor_dwell,1,43,14562.5,15015.0,452.5,1
motor,motor_dwell,26,41,14504.0,15019.5,515.5,1
motor,motor_dwell,1,3,15020.0,15029.0,9.0,1
motor,motor_dwell,13,18,14564.0,15033.5,469.5,1
motor,motor_dwell,6,30,14525.0,15042.5,517.5,1
motor,motor_dwell,19,16,14653.5,15067.5,414.0,1
motor,motor_dwell,23,39,14557.0,15074.5,517.5,1
motor,motor_dwell,16,42,14708.5,15077.0,368.5,1
motor,motor_dwell,20,35,14588.5,15087.0,498.5,1
motor,motor_dwell,17,35,14560.5,15112.5,552.0,1
motor,motor_dwell,21,25,14786.5,15163.5,377.0,1
motor,motor_dwell,24,30,14633.5,15165.5,532.0,1
motor,motor_dwell,32,49,14677.5,15167.0,489.5,1
motor,motor_dwell,28,14,14669.5,15176.5,507.0,1
motor,motor_dwell,2,2,14678.0,15189.5,511.5,1
motor,motor_dwell,16,34,15078.5,15205.5,127.0,1
motor,motor_dwell,12,36,14929.0,15211.0,282.0,1
motor,motor_dwell,10,21,14720.5,15229.5,509.0,1
motor,motor_dwell,8,16,14961.0,15270.0,309.0,1
motor,motor_dwell,0,3,14805.5,15271.0,465.5,1
motor,motor_dwell,3,6,14768.5,15276.0,507.5,1
motor,motor_dwell,34,40,14829.0,15297.5,468.5,1
motor,motor_dwell,38,30,14742.0,15298.5,556.5,1
motor,motor_dwell,7,19,14805.0,15312.0,507.0,1
motor,motor_dwell,3,45,15285.5,15319.0,33.5,1
motor,motor_dwell,37,13,14793.5,15319.0,525.5,1
motor,motor_dwell,18,4,14847.0,15322.5,475.5,1
motor,motor_dwell,11,25,14830.5,15325.0,494.5,1
motor,motor_dwell,17,5,15117.5,15335.0,217.5,1
motor,motor_dwell,31,29,14927.0,15337.5,410.5,1
motor,motor_dwell,14,26,14867.0,15340.5,473.5,1
motor,motor_dwell,29,37,14881.0,15351.0,470.0,1
motor,motor_dwell,4,24,15025.0,15360.5,335.5,1
motor,motor_dwell,14,26,15341.0,15369.5,28.5,1
motor,motor_dwell,28,13,15183.5,15374.0,190.5,1
motor,motor_dwell,13,14,15037.5,15384.0,346.5,1
motor,motor_dwell,22,33,14852.0,15386.0,534.0,1
motor,motor_dwell,25,49,14900.0,15387.0,487.0,1
motor,motor_dwell,27,12,14904.0,15393.0,489.0,1
motor,motor_dwell,5,14,14908.0,15404.5,496.5,1
motor,motor_dwell,9,45,14916.0,15411.0,495.0,1
motor,motor_dwell,33,25,14952.0,15411.0,459.0,1
motor,motor_dwell,35,28,14899.5,15415.0,515.5,1
motor,motor_dwell,36,7,14972.0,15476.0,504.0,1
motor,motor_dwell,39,29,14984.5,15477.5,493.0,1
motor,motor_dwell,15,30,15005.5,15496.0,490.5,1
motor,motor_dwell,26,25,15028.0,15538.0,510.0,1
motor,motor_dwell,30,36,14999.5,15549.0,549.5,1
motor,motor_dwell,12,37,15215.5,15551.0,335.5,1
motor,motor_dwell,1,11,15053.0,15554.5,501.5,1
motor,motor_dwell,19,40,15077.0,15565.0,488.0,1
motor,motor_dwell,23,35,15083.0,15566.5,483.5,1
motor,motor_dwell,6,10,15051.5,15579.5,528.0,1
motor,motor_dwell,20,5,15087.5,15598.0,510.5,1
motor,motor_dwell,32,18,15170.5,15653.0,482.5,1
motor,motor_dwell,16,44,15219.0,15662.0,443.0,1
motor,motor_dwell,24,36,15183.5,15662.0,478.5,1
motor,motor_dwell,21,7,15172.5,15671.0,498.5,1
motor,motor_dwell,30,41,15556.5,15673.5,117.0,1
motor,motor_dwell,2,42,15210.0,15674.5,464.5,1
motor,motor_dwell,29,21,15366.0,15722.0,356.0,1
motor,motor_dwell,14,37,15374.0,15737.0,363.0,1
motor,motor_dwell,10,16,15242.5,15737.5,495.0,1
motor,motor_dwell,0,27,15273.5,15748.0,474.5,1
motor,motor_dwell,8,29,15278.5,15749.0,470.5,1
motor,motor_dwell,7,13,15335.0,15781.5,446.5,1
motor,motor_dwell,3,18,15329.0,15784.5,455.5,1
motor,motor_dwell,34,5,15298.5,15786.5,488.0,1
motor,motor_dwell,18,40,15331.0,15791.0,460.0,1
motor,motor_dwell,1,21,15555.5,15799.5,244.0,1
motor,motor_dwell,17,35,15336.0,15815.0,479.0,1
motor,motor_dwell,38,24,15302.5,15815.0,512.5,1
motor,motor_dwell,25,6,15396.5,15829.5,433.0,1
motor,motor_dwell,11,19,15337.5,15831.0,493.5,1
motor,motor_dwell,37,3,15320.5,15838.5,518.0,1
motor,motor_dwell,4,29,15364.0,15852.5,488.5,1
motor,motor_dwell,37,32,15842.0,15856.0,14.0,1
motor,motor_dwell,32,33,15686.0,15858.5,172.5,1
motor,motor_dwell,31,18,15342.5,15861.5,519.0,1
motor,motor_dwell,8,19,15753.0,15866.5,113.5,1
motor,motor_dwell,35,36,15435.5,15869.5,434.0,1
motor,motor_dwell,16,38,15662.5,15870.0,207.5,1
motor,motor_dwell,22,49,15391.0,15870.0,479.0,1
motor,motor_dwell,13,41,15388.0,15873.5,485.5,1
motor,motor_dwell,28,3,15377.5,15874.5,497.0,1
motor,motor_dwell,9,23,15411.5,15913.5,502.0,1
motor,motor_dwell,5,10,15419.0,15914.5,495.5,1
motor,motor_dwell,21,28,15680.0,15916.0,236.0,1
motor,motor_dwell,33,2,15411.5,15939.5,528.0,1
motor,motor_dwell,22,18,15873.0,15944.0,71.0,1
motor,motor_dwell,27,10,15412.0,15946.0,534.0,1
motor,motor_dwell,36,42,15479.5,15982.0,502.5,1
motor,motor_dwell,39,29,15481.0,15999.5,518.5,1
motor,motor_dwell,15,8,15509.5,16000.0,490.5,0
motor,motor_dwell,26,4,15543.5,16000.0,456.5,0
motor,motor_dwell,12,2,15552.5,16000.0,447.5,0
motor,motor_dwell,23,12,15573.0,16000.0,427.0,0
motor,motor_dwell,19,16,15581.5,16000.0,418.5,0
motor,motor_dwell,6,19,15588.0,16000.0,412.0,0
motor,motor_dwell,20,7,15606.0,16000.0,394.0,0
motor,motor_dwell,24,12,15675.5,16000.0,324.5,0
motor,motor_dwell,2,30,15677.5,16000.0,322.5,0
motor,motor_dwell,30,12,15680.5,16000.0,319.5,0
motor,motor_dwell,29,3,15724.5,16000.0,275.5,0
motor,motor_dwell,10,12,15740.0,16000.0,260.0,0
motor,motor_dwell,14,16,15748.0,16000.0,252.0,0
motor,motor_dwell,0,48,15750.0,16000.0,250.0,0
motor,motor_dwell,7,16,15782.5,16000.0,217.5,0
motor,motor_dwell,34,49,15797.0,16000.0,203.0,0
motor,motor_dwell,18,7,15801.0,16000.0,199.0,0
motor,motor_dwell,1,29,15802.0,16000.0,198.0,0
motor,motor_dwell,3,42,15802.0,16000.0,198.0,0
motor,motor_dwell,38,9,15816.5,16000.0,183.5,0
motor,motor_dwell,17,29,15818.5,16000.0,181.5,0
motor,motor_dwell,25,19,15830.0,16000.0,170.0,0
motor,motor_dwell,11,10,15851.5,16000.0,148.5,0
motor,motor_dwell,4,14,15854.5,16000.0,145.5,0
motor,motor_dwell,32,42,15861.5,16000.0,138.5,0
motor,motor_dwell,8,33,15867.0,16000.0,133.0,0
motor,motor_dwell,37,8,15870.0,16000.0,130.0,0
motor,motor_dwell,31,41,15871.0,16000.0,129.0,0
motor,motor_dwell,16,13,15873.5,16000.0,126.5,0
motor,motor_dwell,13,38,15874.5,16000.0,125.5,0
motor,motor_dwell,35,3,15881.0,16000.0,119.0,0
motor,motor_dwell,28,27,15883.5,16000.0,116.5,0
motor,motor_dwell,9,44,15916.5,16000.0,83.5,0
motor,motor_dwell,5,3,15920.0,16000.0,80.0,0
motor,motor_dwell,21,8,15937.0,16000.0,63.0,0
motor,motor_dwell,22,13,15946.5,16000.0,53.5,0
motor,motor_dwell,27,7,15950.5,16000.0,49.5,0
motor,motor_dwell,33,40,15967.5,16000.0,32.5,0
motor,dark_to_lit,,0,0.0,16000.0,16000.0,0
motor,dark_to_lit,,1,0.0,486.5,486.5,1
motor,dark_to_lit,,2,0.0,2523.0,2523.0,1
motor,dark_to_lit,,3,0.0,8569.0,8569.0,1
motor,dark_to_lit,,4,0.0,2056.0,2056.0,1
motor,dark_to_lit,,5,0.0,1458.0,1458.0,1
motor,dark_to_lit,,6,0.0,10400.0,10400.0,1
motor,dark_to_lit,,7,0.0,14521.0,14521.0,1
motor,dark_to_lit,,8,0.0,1645.0,1645.0,1
motor,dark_to_lit,,9,0.0,1494.5,1494.5,1
motor,dark_to_lit,,10,0.0,1089.5,1089.5,1
motor,dark_to_lit,,11,0.0,1016.0,1016.0,1
motor,dark_to_lit,,12,0.0,15749.0,15749.0,1
motor,dark_to_lit,,13,0.0,5603.0,5603.0,1
motor,dark_to_lit,,14,0.0,1220.5,1220.5,1
motor,dark_to_lit,,15,0.0,16000.0,16000.0,0
motor,dark_to_lit,,16,0.0,715.5,715.5,1
motor,dark_to_lit,,17,0.0,16000.0,16000.0,0
motor,dark_to_lit,,18,0.0,945.5,945.5,1
motor,dark_to_lit,,19,0.0,1437.0,1437.0,1
motor,dark_to_lit,,20,0.0,16000.0,16000.0,0
motor,dark_to_lit,,21,0.0,14834.5,14834.5,1
motor,dark_to_lit,,22,0.0,16000.0,16000.0,0
motor,dark_to_lit,,23,0.0,1455.5,1455.5,1
motor,dark_to_lit,,23,15052.5,16000.0,947.5,0
motor,dark_to_lit,,24,0.0,1537.0,1537.0,1
motor,dark_to_lit,,25,0.0,2184.5,2184.5,1
motor,dark_to_lit,,26,0.0,6945.0,6945.0,1
motor,dark_to_lit,,27,0.0,12466.5,12466.5,1
motor,dark_to_lit,,28,0.0,903.5,903.5,1
motor,dark_to_lit,,29,0.0,7701.0,7701.0,1
motor,dark_to_lit,,30,0.0,992.0,992.0,1
motor,dark_to_lit,,31,0.0,546.5,546.5,1
motor,dark_to_lit,,32,0.0,1073.0,1073.0,1
motor,dark_to_lit,,33,0.0,4575.5,4575.5,1
motor,dark_to_lit,,34,0.0,428.0,428.0,1
motor,dark_to_lit,,35,0.0,11579.0,11579.0,1
motor,dark_to_lit,,36,0.0,6340.5,6340.5,1
motor,dark_to_lit,,37,0.0,457.5,457.5,1
motor,dark_to_lit,,38,0.0,1500.0,1500.0,1
motor,dark_to_lit,,39,0.0,873.5,873.5,1
motor,dark_to_lit,,40,0.0,9087.0,9087.0,1
motor,dark_to_lit,,41,0.0,1098.0,1098.0,1
motor,dark_to_lit,,42,0.0,9782.0,9782.0,1
motor,dark_to_lit,,43,0.0,16000.0,16000.0,0
motor,dark_to_lit,,44,0.0,447.5,447.5,1
motor,dark_to_lit,,45,0.0,908.5,908.5,1
motor,dark_to_lit,,46,0.0,16000.0,16000.0,0
motor,dark_to_lit,,47,0.0,16000.0,16000.0,0
motor,dark_to_lit,,48,0.0,1505.5,1505.5,1
motor,dark_to_lit,,49,0.0,1285.0,1285.0,1
permanent,motor_dwell,25,12,4.0,9.5,5.5,1
permanent,motor_dwell,16,46,10.0,30.5,20.5,1
permanent,motor_dwell,21,16,15.5,107.0,91.5,1
permanent,motor_dwell,22,30,40.0,153.0,113.0,1
permanent,motor_dwell,10,12,11.5,182.5,171.0,1
permanent,motor_dwell,14,45,11.5,183.5,172.0,1
permanent,motor_dwell,27,4,1.0,186.0,185.0,1
permanent,motor_dwell,11,48,16.0,214.0,198.0,1
permanent,motor_dwell,5,25,10.5,271.5,261.0,1
permanent,motor_dwell,2,32,3.5,281.0,277.5,1
permanent,motor_dwell,36,36,19.5,414.5,395.0,1
permanent,motor_dwell,39,21,24.0,465.0,441.0,1
permanent,motor_dwell,30,25,7.5,483.5,476.0,1
permanent,motor_dwell,32,33,2.0,487.5,485.5,1
permanent,motor_dwell,4,24,7.5,497.0,489.5,1
permanent,motor_dwell,1,43,7.5,506.0,498.5,1
permanent,motor_dwell,33,1,10.0,507.5,497.5,1
permanent,motor_dwell,31,0,38.0,515.0,477.0,1
permanent,motor_dwell,33,13,526.0,533.5,7.5,1
permanent,motor_dwell,29,17,2.0,541.0,539.0,1
permanent,motor_dwell,3,34,1.5,541.5,540.0,1
permanent,motor_dwell,0,40,53.5,543.5,490.0,1
permanent,motor_dwell,27,20,201.0,543.5,342.5,1
permanent,motor_dwell,1,22,511.0,544.5,33.5,1
permanent,motor_dwell,27,3,548.5,576.5,28.0,1
permanent,motor_dwell,6,39,7.0,588.5,581.5,1
permanent,motor_dwell,26,19,0.5,615.5,615.0,1
permanent,motor_dwell,34,21,11.0,629.0,618.0,1
permanent,motor_dwell,1,40,552.5,629.5,77.0,1
permanent,motor_dwell,13,41,37.5,631.0,593.5,1
permanent,motor_dwell,37,23,2.5,648.0,645.5,1
permanent,motor_dwell,12,10,43.5,655.5,612.0,1
permanent,motor_dwell,3,20,543.5,663.5,120.0,1
permanent,motor_dwell,7,37,25.5,665.0,639.5,1
permanent,motor_dwell,9,40,14.0,686.5,672.5,1
permanent,motor_dwell,29,17,541.5,691.5,150.0,1
permanent,motor_dwell,19,15,7.5,695.0,687.5,1
permanent,motor_dwell,18,4,7.5,710.5,703.0,1
permanent,motor_dwell,2,39,322.5,721.0,398.5,1
permanent,motor_dwell,16,28,40.5,734.5,694.0,1
permanent,motor_dwell,23,9,14.0,742.5,728.5,1
permanent,motor_dwell,23,39,745.5,747.0,1.5,1
permanent,motor_dwell,1,40,640.5,754.0,113.5,1
permanent,motor_dwell,11,41,225.0,762.0,537.0,1
permanent,motor_dwell,10,29,191.0,776.5,585.5,1
permanent,motor_dwell,25,3,13.5,785.0,771.5,1
permanent,motor_dwell,20,32,3.5,787.0,783.5,1
permanent,motor_dwell,15,25,35.0,824.0,789.0,1
permanent,motor_dwell,36,33,421.5,838.5,417.0,1
permanent,motor_dwell,36,32,847.5,852.0,4.5,1
permanent,motor_dwell,19,7,701.0,859.5,158.5,1
permanent,motor_dwell,35,37,15.0,862.5,847.5,1
permanent,motor_dwell,17,9,5.5,868.0,862.5,1
permanent,motor_dwell,38,18,3.0,878.0,875.0,1
permanent,motor_dwell,30,27,491.0,881.5,390.5,1
permanent,motor_dwell,17,12,881.5,890.5,9.0,1
permanent,motor_dwell,2,43,736.0,895.0,159.0,1
permanent,motor_dwell,25,20,789.5,917.0,127.5,1
permanent,motor_dwell,6,20,601.0,932.5,331.5,1
permanent,motor_dwell,34,1,633.0,937.5,304.5,1
permanent,motor_dwell,8,27,7.5,938.5,931.0,1
permanent,motor_dwell,29,38,695.5,949.5,254.0,1
permanent,motor_dwell,1,5,762.0,960.0,198.0,1
permanent,motor_dwell,26,25,625.5,973.0,347.5,1
permanent,motor_dwell,28,33,3.5,1030.5,1027.0,1
permanent,motor_dwell,8,26,942.5,1044.0,101.5,1
permanent,motor_dwell,35,37,870.0,1044.5,174.5,1
permanent,motor_dwell,14,21,187.5,1050.5,863.0,1
permanent,motor_dwell,24,13,5.0,1064.0,1059.0,1
permanent,motor_dwell,21,20,135.0,1126.0,991.0,1
permanent,motor_dwell,32,34,490.0,1144.0,654.0,1
permanent,motor_dwell,4,44,500.5,1144.5,644.0,1
permanent,motor_dwell,12,10,662.5,1159.5,497.0,1
permanent,motor_dwell,8,3,1048.5,1163.5,115.0,1
permanent,motor_dwell,33,8,537.5,1164.0,626.5,1
permanent,motor_dwell,27,15,600.5,1168.0,567.5,1
permanent,motor_dwell,39,45,491.0,1179.5,688.5,1
permanent,motor_dwell,23,25,796.5,1181.0,384.5,1
permanent,motor_dwell,32,49,1166.5,1187.0,20.5,1
permanent,motor_dwell,24,30,1068.5,1190.5,122.0,1
permanent,motor_dwell,24,15,1191.0,1194.0,3.0,1
permanent,motor_dwell,0,44,545.0,1197.5,652.5,1
permanent,motor_dwell,37,28,669.5,1206.0,536.5,1
permanent,motor_dwell,39,24,1194.0,1215.0,21.0,1
permanent,motor_dwell,5,6,286.5,1221.0,934.5,1
permanent,motor_dwell,19,19,876.0,1230.0,354.0,1
permanent,motor_dwell,8,31,1182.5,1249.5,67.0,1
permanent,motor_dwell,2,25,895.5,1306.0,410.5,1
permanent,motor_dwell,18,12,714.0,1306.0,592.0,1
permanent,motor_dwell,31,38,533.0,1316.5,783.5,1
permanent,motor_dwell,10,25,800.5,1323.0,522.5,1
permanent,motor_dwell,28,20,1033.5,1332.5,299.0,1
permanent,motor_dwell,22,25,158.5,1343.0,1184.5,1
permanent,motor_dwell,7,38,666.5,1355.0,688.5,1
permanent,motor_dwell,17,20,923.0,1372.5,449.5,1
permanent,motor_dwell,3,46,665.0,1379.0,714.0,1
permanent,motor_dwell,17,8,1379.0,1379.5,0.5,1
permanent,motor_dwell,9,6,689.5,1385.5,696.0,1
permanent,motor_dwell,34,14,940.0,1395.5,455.5,1
permanent,motor_dwell,30,36,887.5,1400.0,512.5,1
permanent,motor_dwell,29,23,963.0,1424.0,461.0,1
permanent,motor_dwell,7,14,1359.0,1440.5,81.5,1
permanent,motor_dwell,6,17,958.5,1446.5,488.0,1
permanent,motor_dwell,1,36,964.5,1452.0,487.5,1
permanent,motor_dwell,12,3,1173.0,1456.0,283.0,1
permanent,motor_dwell,11,21,762.5,1457.5,695.0,1
permanent,motor_dwell,30,26,1414.5,1469.0,54.5,1
permanent,motor_dwell,22,38,1356.5,1476.5,120.0,1
permanent,motor_dwell,28,49,1357.5,1484.0,126.5,1
permanent,motor_dwell,33,47,1165.5,1489.0,323.5,1
permanent,motor_dwell,28,43,1502.5,1543.5,41.0,1
permanent,motor_dwell,8,4,1258.0,1546.0,288.0,1
permanent,motor_dwell,8,28,1556.5,1567.0,10.5,1
permanent,motor_dwell,13,27,646.0,1567.0,921.0,1
permanent,motor_dwell,32,49,1189.5,1580.0,390.5,1
permanent,motor_dwell,15,14,825.0,1597.0,772.0,1
permanent,motor_dwell,35,3,1054.5,1598.0,543.5,1
permanent,motor_dwell,32,22,1583.0,1614.0,31.0,1
permanent,motor_dwell,6,13,1471.0,1637.0,166.0,1
permanent,motor_dwell,11,48,1462.5,1641.5,179.0,1
permanent,motor_dwell,23,9,1211.0,1671.0,460.0,1
permanent,motor_dwell,39,8,1270.5,1677.5,407.0,1
permanent,motor_dwell,21,29,1131.0,1691.0,560.0,1
permanent,motor_dwell,8,21,1573.0,1711.5,138.5,1
permanent,motor_dwell,20,9,788.5,1724.0,935.5,1
permanent,motor_dwell,25,27,919.0,1725.0,806.0,1
permanent,motor_dwell,5,9,1225.0,1725.5,500.5,1
permanent,motor_dwell,0,13,1208.5,1730.0,521.5,1
permanent,motor_dwell,38,12,886.5,1756.5,870.0,1
permanent,motor_dwell,27,42,1171.0,1792.0,621.0,1
permanent,motor_dwell,8,34,1719.5,1797.5,78.0,1
permanent,motor_dwell,29,6,1427.0,1802.5,375.5,1
permanent,motor_dwell,31,0,1327.5,1807.0,479.5,1
permanent,motor_dwell,25,24,1729.0,1815.5,86.5,1
permanent,motor_dwell,5,1,1735.5,1817.0,81.5,1
permanent,motor_dwell,27,39,1806.5,1834.5,28.0,1
permanent,motor_dwell,19,20,1231.5,1841.5,610.0,1
permanent,motor_dwell,27,37,1844.5,1853.5,9.0,1
permanent,motor_dwell,9,15,1392.5,1877.5,485.0,1
permanent,motor_dwell,16,46,749.0,1888.0,1139.0,1
permanent,motor_dwell,0,8,1739.0,1927.0,188.0,1
permanent,motor_dwell,21,26,1692.0,1932.0,240.0,1
permanent,motor_dwell,2,27,1307.5,1965.0,657.5,1
permanent,motor_dwell,3,8,1403.5,1988.0,584.5,1
permanent,motor_dwell,36,12,857.0,1991.0,1134.0,1
permanent,motor_dwell,29,35,1803.0,2002.0,199.0,1
permanent,motor_dwell,26,23,977.5,2047.0,1069.5,1
permanent,motor_dwell,20,12,1743.0,2079.0,336.0,1
permanent,motor_dwell,4,46,1146.0,2089.0,943.0,1
permanent,motor_dwell,22,20,1484.5,2090.0,605.5,1
permanent,motor_dwell,18,33,1308.0,2092.5,784.5,1
permanent,motor_dwell,37,43,1211.5,2096.5,885.0,1
permanent,motor_dwell,3,20,2001.5,2112.5,111.0,1
permanent,motor_dwell,14,14,1054.0,2123.5,1069.5,1
permanent,motor_dwell,38,46,1758.0,2124.5,366.5,1
permanent,motor_dwell,39,40,1678.5,2131.5,453.0,1
permanent,motor_dwell,39,36,2137.0,2141.0,4.0,1
permanent,motor_dwell,15,5,1601.5,2149.0,547.5,1
permanent,motor_dwell,13,45,1600.5,2175.5,575.0,1
permanent,motor_dwell,36,29,1994.5,2176.5,182.0,1
permanent,motor_dwell,35,3,1599.5,2194.5,595.0,1
permanent,motor_dwell,18,10,2095.0,2196.0,101.0,1
permanent,motor_dwell,19,37,1844.0,2198.5,354.5,1
permanent,motor_dwell,23,35,1682.0,2203.5,521.5,1
permanent,motor_dwell,30,11,1473.5,2217.0,743.5,1
permanent,motor_dwell,1,18,1456.0,2225.5,769.5,1
permanent,motor_dwell,20,28,2092.0,2241.5,149.5,1
permanent,motor_dwell,10,32,1337.0,2261.0,924.0,1
permanent,motor_dwell,10,13,2265.5,2275.5,10.0,1
permanent,motor_dwell,7,25,1465.0,2278.5,813.5,1
permanent,motor_dwell,13,14,2183.5,2280.0,96.5,1
permanent,motor_dwell,18,9,2205.0,2281.0,76.0,1
permanent,motor_dwell,0,22,1941.5,2294.0,352.5,1
permanent,motor_dwell,25,41,1845.0,2307.5,462.5,1
permanent,motor_dwell,32,32,1617.0,2315.5,698.5,1
permanent,motor_dwell,27,9,1864.0,2320.0,456.0,1
permanent,motor_dwell,9,49,1891.0,2342.0,451.0,1
permanent,motor_dwell,24,15,1208.5,2357.0,1148.5,1
permanent,motor_dwell,33,48,1509.0,2384.5,875.5,1
permanent,motor_dwell,13,49,2292.0,2392.0,100.0,1
permanent,motor_dwell,17,15,1381.5,2398.0,1016.5,1
permanent,motor_dwell,28,41,1559.0,2402.5,843.5,1
permanent,motor_dwell,22,10,2092.0,2417.5,325.5,1
permanent,motor_dwell,15,41,2160.0,2420.5,260.5,1
permanent,motor_dwell,34,35,1401.0,2453.0,1052.0,1
permanent,motor_dwell,14,37,2130.5,2478.0,347.5,1
permanent,motor_dwell,31,4,1826.5,2496.5,670.0,1
permanent,motor_dwell,7,3,2283.0,2516.5,233.5,1
permanent,motor_dwell,32,24,2319.5,2519.0,199.5,1
permanent,motor_dwell,6,9,1657.0,2531.0,874.0,1
permanent,motor_dwell,0,22,2297.0,2535.5,238.5,1
permanent,motor_dwell,9,47,2357.5,2544.0,186.5,1
permanent,motor_dwell,12,18,1459.0,2550.5,1091.5,1
permanent,motor_dwell,26,11,2061.5,2556.0,494.5,1
permanent,motor_dwell,38,38,2125.5,2563.5,438.0,1
permanent,motor_dwell,13,29,2394.5,2614.0,219.5,1
permanent,motor_dwell,27,49,2334.5,2645.0,310.5,1
permanent,motor_dwell,8,9,1805.0,2649.5,844.5,1
permanent,motor_dwell,14,42,2513.0,2680.5,167.5,1
permanent,motor_dwell,33,22,2386.5,2695.5,309.0,1
permanent,motor_dwell,35,25,2199.5,2697.0,497.5,1
permanent,motor_dwell,15,23,2423.5,2697.5,274.0,1
permanent,motor_dwell,9,44,2546.0,2734.0,188.0,1
permanent,motor_dwell,21,12,1934.0,2739.5,805.5,1
permanent,motor_dwell,13,29,2618.0,2755.5,137.5,1
permanent,motor_dwell,30,36,2232.5,2765.5,533.0,1
permanent,motor_dwell,18,16,2289.0,2770.5,481.5,1
permanent,motor_dwell,9,6,2747.0,2780.5,33.5,1
permanent,motor_dwell,11,43,1644.0,2798.5,1154.5,1
permanent,motor_dwell,39,35,2141.5,2828.5,687.0,1
permanent,motor_dwell,36,32,2186.0,2857.5,671.5,1
permanent,motor_dwell,35,1,2699.5,2886.0,186.5,1
permanent,motor_dwell,5,7,1837.5,2889.0,1051.5,1
permanent,motor_dwell,19,28,2201.5,2889.0,687.5,1
permanent,motor_dwell,3,34,2122.0,2936.5,814.5,1
permanent,motor_dwell,16,48,1891.0,2942.5,1051.5,1
permanent,motor_dwell,1,47,2241.0,2946.0,705.0,1
permanent,motor_dwell,34,43,2456.5,2950.5,494.0,1
permanent,motor_dwell,32,1,2525.5,2961.0,435.5,1
permanent,motor_dwell,11,0,2811.5,2962.5,151.0,1
permanent,motor_dwell,37,17,2104.5,2965.0,860.5,1
permanent,motor_dwell,0,45,2537.5,2978.5,441.0,1
permanent,motor_dwell,25,46,2325.0,2984.5,659.5,1
permanent,motor_dwell,32,37,2962.0,2988.0,26.0,1
permanent,motor_dwell,28,35,2410.0,3033.5,623.5,1
permanent,motor_dwell,33,9,2698.5,3039.5,341.0,1
permanent,motor_dwell,17,48,2403.5,3068.0,664.5,1
permanent,motor_dwell,29,42,2003.5,3070.5,1067.0,1
permanent,motor_dwell,20,7,2244.0,3104.5,860.5,1
permanent,motor_dwell,11,21,2970.5,3117.0,146.5,1
permanent,motor_dwell,2,14,1978.5,3123.0,1144.5,1
permanent,motor_dwell,4,42,2093.0,3123.5,1030.5,1
permanent,motor_dwell,5,1,2893.5,3125.0,231.5,1
permanent,motor_dwell,21,48,2760.5,3136.0,375.5,1
permanent,motor_dwell,30,22,2768.0,3155.5,387.5,1
permanent,motor_dwell,24,33,2373.5,3159.5,786.0,1
permanent,motor_dwell,16,9,2954.0,3176.0,222.0,1
permanent,motor_dwell,30,29,3159.5,3212.0,52.5,1
permanent,motor_dwell,39,35,2840.5,3239.0,398.5,1
permanent,motor_dwell,11,41,3121.5,3248.5,127.0,1
permanent,motor_dwell,15,40,2698.0,3255.0,557.0,1
permanent,motor_dwell,26,30,2558.0,3262.5,704.5,1
permanent,motor_dwell,12,7,2552.5,3268.0,715.5,1
permanent,motor_dwell,11,22,3252.5,3270.0,17.5,1
permanent,motor_dwell,21,34,3136.5,3270.0,133.5,1
permanent,motor_dwell,15,24,3267.5,3291.5,24.0,1
permanent,motor_dwell,9,14,2784.0,3295.5,511.5,1
permanent,motor_dwell,33,39,3049.5,3334.0,284.5,1
permanent,motor_dwell,39,10,3252.0,3349.0,97.0,1
permanent,motor_dwell,36,34,2861.5,3349.5,488.0,1
permanent,motor_dwell,24,40,3164.5,3350.0,185.5,1
permanent,motor_dwell,14,48,2688.5,3362.0,673.5,1
permanent,motor_dwell,2,49,3133.0,3368.0,235.0,1
permanent,motor_dwell,1,46,2950.5,3374.0,423.5,1
permanent,motor_dwell,19,1,2897.0,3395.5,498.5,1
permanent,motor_dwell,5,38,3125.5,3397.5,272.0,1
permanent,motor_dwell,24,28,3350.5,3410.5,60.0,1
permanent,motor_dwell,20,4,3107.0,3443.5,336.5,1
permanent,motor_dwell,3,45,2944.0,3447.0,503.0,1
permanent,motor_dwell,10,25,2283.5,3452.5,1169.0,1
permanent,motor_dwell,16,49,3183.0,3488.0,305.0,1
permanent,motor_dwell,31,46,2502.0,3500.5,998.5,1
permanent,motor_dwell,3,26,3449.0,3519.5,70.5,1
permanent,motor_dwell,34,11,2961.0,3525.5,564.5,1
permanent,motor_dwell,8,33,2651.5,3528.5,877.0,1
permanent,motor_dwell,18,42,2773.0,3544.5,771.5,1
permanent,motor_dwell,23,25,2206.5,3570.0,1363.5,1
permanent,motor_dwell,13,27,2759.5,3615.0,855.5,1
permanent,motor_dwell,13,7,3618.0,3620.5,2.5,1
permanent,motor_dwell,15,21,3298.0,3631.0,333.0,1
permanent,motor_dwell,9,28,3298.5,3637.0,338.5,1
permanent,motor_dwell,32,6,2996.0,3644.0,648.0,1
permanent,motor_dwell,22,0,2420.5,3644.5,1224.0,1
permanent,motor_dwell,25,41,2988.5,3674.5,686.0,1
permanent,motor_dwell,1,35,3379.5,3698.0,318.5,1
permanent,motor_dwell,5,18,3411.5,3707.0,295.5,1
permanent,motor_dwell,26,25,3268.0,3737.0,469.0,1
permanent,motor_dwell,29,46,3079.5,3739.0,659.5,1
permanent,motor_dwell,38,0,2565.0,3773.5,1208.5,1
permanent,motor_dwell,9,4,3641.5,3774.0,132.5,1
permanent,motor_dwell,18,14,3547.5,3803.5,256.0,1
permanent,motor_dwell,35,49,2894.5,3813.0,918.5,1
permanent,motor_dwell,24,35,3413.0,3814.0,401.0,1
permanent,motor_dwell,21,13,3270.5,3842.0,571.5,1
permanent,motor_dwell,2,9,3377.5,3844.5,467.0,1
permanent,motor_dwell,31,8,3521.0,3853.5,332.5,1
permanent,motor_dwell,17,12,3070.0,3857.0,787.0,1
permanent,motor_dwell,6,19,2564.0,3859.5,1295.5,1
permanent,motor_dwell,25,17,3676.0,3894.5,218.5,1
permanent,motor_dwell,30,32,3213.5,3896.5,683.0,1
permanent,motor_dwell,37,8,2965.5,3911.5,946.0,1
permanent,motor_dwell,17,28,3859.5,3915.0,55.5,1
permanent,motor_dwell,14,42,3363.0,3941.0,578.0,1
permanent,motor_dwell,38,40,3774.5,3968.5,194.0,1
permanent,motor_dwell,32,8,3646.0,3988.5,342.5,1
permanent,motor_dwell,0,23,2986.0,4010.0,1024.0,1
permanent,motor_dwell,33,47,3336.0,4025.5,689.5,1
permanent,motor_dwell,22,10,3655.5,4029.5,374.0,1
permanent,motor_dwell,11,34,3278.0,4044.0,766.0,1
permanent,motor_dwell,17,7,3924.5,4067.0,142.5,1
permanent,motor_dwell,0,9,4015.0,4093.5,78.5,1
permanent,motor_dwell,2,18,3851.5,4106.5,255.0,1
permanent,motor_dwell,20,34,3444.5,4107.5,663.0,1
permanent,motor_dwell,16,0,3488.5,4119.5,631.0,1
permanent,motor_dwell,20,39,4120.0,4124.5,4.5,1
permanent,motor_dwell,13,40,3628.0,4126.5,498.5,1
permanent,motor_dwell,6,31,3865.5,4130.0,264.5,1
permanent,motor_dwell,8,36,3532.0,4140.0,608.0,1
permanent,motor_dwell,7,46,2532.5,4151.5,1619.0,1
permanent,motor_dwell,18,35,3809.0,4151.5,342.5,1
permanent,motor_dwell,32,27,3999.0,4176.0,177.0,1
permanent,motor_dwell,13,46,4130.0,4199.0,69.0,1
permanent,motor_dwell,28,10,3038.0,4217.0,1179.0,1
permanent,motor_dwell,12,32,3269.0,4245.5,976.5,1
permanent,motor_dwell,20,44,4146.5,4247.0,100.5,1
permanent,motor_dwell,27,32,2649.5,4249.5,1600.0,1
permanent,motor_dwell,4,19,3125.5,4254.0,1128.5,1
permanent,motor_dwell,27,41,4255.0,4259.0,4.0,1
permanent,motor_dwell,1,16,3729.0,4265.5,536.5,1
permanent,motor_dwell,26,10,3741.5,4301.0,559.5,1
permanent,motor_dwell,24,12,3817.5,4302.5,485.0,1
permanent,motor_dwell,9,27,3782.5,4317.0,534.5,1
permanent,motor_dwell,35,34,3820.0,4340.0,520.0,1
permanent,motor_dwell,39,39,3362.0,4354.0,992.0,1
permanent,motor_dwell,3,43,3520.0,4361.5,841.5,1
permanent,motor_dwell,13,31,4206.5,4369.0,162.5,1
permanent,motor_dwell,5,42,3725.0,4372.5,647.5,1
permanent,motor_dwell,4,22,4264.0,4378.0,114.0,1
permanent,motor_dwell,36,14,3354.0,4381.0,1027.0,1
permanent,motor_dwell,19,5,3400.5,4387.0,986.5,1
permanent,motor_dwell,14,29,3950.5,4430.0,479.5,1
permanent,motor_dwell,0,25,4097.5,4434.0,336.5,1
permanent,motor_dwell,33,48,4032.5,4453.5,421.0,1
permanent,motor_dwell,37,37,3916.0,4453.5,537.5,1
permanent,motor_dwell,30,8,3898.5,4467.5,569.0,1
permanent,motor_dwell,24,17,4305.0,4477.5,172.5,1
permanent,motor_dwell,21,6,3842.5,4494.0,651.5,1
permanent,motor_dwell,27,18,4266.5,4506.0,239.5,1
permanent,motor_dwell,29,19,3746.0,4507.5,761.5,1
permanent,motor_dwell,23,15,3575.5,4509.5,934.0,1
permanent,motor_dwell,13,20,4374.5,4527.0,152.5,1
permanent,motor_dwell,2,0,4122.0,4544.0,422.0,1
permanent,motor_dwell,9,42,4321.0,4548.5,227.5,1
permanent,motor_dwell,10,43,3455.5,4590.0,1134.5,1
permanent,motor_dwell,18,32,4153.0,4601.5,448.5,1
permanent,motor_dwell,25,3,3898.0,4610.5,712.5,1
permanent,motor_dwell,14,17,4433.5,4619.5,186.0,1
permanent,motor_dwell,10,12,4599.5,4639.0,39.5,1
permanent,motor_dwell,17,26,4072.0,4645.5,573.5,1
permanent,motor_dwell,35,37,4346.0,4651.5,305.5,1
permanent,motor_dwell,20,9,4251.0,4667.0,416.0,1
permanent,motor_dwell,6,25,4139.5,4688.5,549.0,1
permanent,motor_dwell,15,18,3632.5,4703.5,1071.0,1
permanent,motor_dwell,1,14,4274.0,4713.0,439.0,1
permanent,motor_dwell,2,33,4544.5,4736.0,191.5,1
permanent,motor_dwell,11,46,4050.5,4771.5,721.0,1
permanent,motor_dwell,39,13,4355.5,4821.0,465.5,1
permanent,motor_dwell,16,45,4120.5,4822.5,702.0,1
permanent,motor_dwell,20,46,4682.5,4832.0,149.5,1
permanent,motor_dwell,35,18,4655.0,4866.0,211.0,1
permanent,motor_dwell,13,13,4555.0,4867.5,312.5,1
permanent,motor_dwell,31,7,3862.0,4880.0,1018.0,1
permanent,motor_dwell,38,43,3970.0,4912.0,942.0,1
permanent,motor_dwell,16,6,4836.0,4919.5,83.5,1
permanent,motor_dwell,2,39,4739.5,4947.5,208.0,1
permanent,motor_dwell,25,46,4617.5,4960.5,343.0,1
permanent,motor_dwell,28,37,4217.5,4982.5,765.0,1
permanent,motor_dwell,18,8,4608.0,4997.5,389.5,1
permanent,motor_dwell,34,27,3531.5,5004.5,1473.0,1
permanent,motor_dwell,8,47,4143.0,5017.5,874.5,1
permanent,motor_dwell,26,6,4303.5,5038.0,734.5,1
permanent,motor_dwell,11,40,4790.0,5042.5,252.5,1
permanent,motor_dwell,24,10,4482.5,5062.5,580.0,1
permanent,motor_dwell,19,14,4417.0,5063.0,646.0,1
permanent,motor_dwell,8,17,5022.0,5071.5,49.5,1
permanent,motor_dwell,29,14,4508.5,5105.5,597.0,1
permanent,motor_dwell,25,35,4968.5,5108.5,140.0,1
permanent,motor_dwell,11,49,5044.0,5112.5,68.5,1
permanent,motor_dwell,37,22,4465.0,5113.5,648.5,1
permanent,motor_dwell,32,20,4184.5,5117.0,932.5,1
permanent,motor_dwell,1,3,4719.0,5136.5,417.5,1
permanent,motor_dwell,17,31,4672.5,5144.0,471.5,1
permanent,motor_dwell,33,12,4467.5,5145.0,677.5,1
permanent,motor_dwell,6,15,4691.5,5151.0,459.5,1
permanent,motor_dwell,0,32,4435.5,5151.5,716.0,1
permanent,motor_dwell,37,43,5116.0,5162.5,46.5,1
permanent,motor_dwell,17,0,5148.0,5169.0,21.0,1
permanent,motor_dwell,15,27,4708.5,5179.0,470.5,1
permanent,motor_dwell,22,5,4032.5,5190.5,1158.0,1
permanent,motor_dwell,24,42,5078.0,5203.0,125.0,1
permanent,motor_dwell,3,28,4373.0,5206.0,833.0,1
permanent,motor_dwell,4,38,4379.5,5243.5,864.0,1
permanent,motor_dwell,15,38,5187.0,5243.5,56.5,1
permanent,motor_dwell,26,17,5044.0,5268.0,224.0,1
permanent,motor_dwell,36,19,4384.0,5272.5,888.5,1
permanent,motor_dwell,33,19,5147.0,5273.5,126.5,1
permanent,motor_dwell,21,38,4501.0,5293.0,792.0,1
permanent,motor_dwell,32,30,5139.0,5295.0,156.0,1
permanent,motor_dwell,26,12,5275.5,5299.0,23.5,1
permanent,motor_dwell,13,19,4874.5,5337.0,462.5,1
permanent,motor_dwell,8,21,5078.0,5339.0,261.0,1
permanent,motor_dwell,34,22,5007.0,5347.5,340.5,1
permanent,motor_dwell,5,20,4384.0,5371.0,987.0,1
permanent,motor_dwell,12,14,4248.0,5376.0,1128.0,1
permanent,motor_dwell,18,2,5010.5,5377.5,367.0,1
permanent,motor_dwell,11,41,5113.0,5395.5,282.5,1
permanent,motor_dwell,7,25,4153.0,5400.5,1247.5,1
permanent,motor_dwell,4,22,5244.5,5410.5,166.0,1
permanent,motor_dwell,18,33,5406.5,5443.0,36.5,1
permanent,motor_dwell,24,25,5207.0,5483.0,276.0,1
permanent,motor_dwell,0,23,5158.5,5508.5,350.0,1
permanent,motor_dwell,10,25,4646.5,5519.5,873.0,1
permanent,motor_dwell,1,1,5151.5,5522.0,370.5,1
permanent,motor_dwell,30,5,4469.0,5523.0,1054.0,1
permanent,motor_dwell,31,27,4887.5,5545.5,658.0,1
permanent,motor_dwell,2,23,4969.0,5563.0,594.0,1
permanent,motor_dwell,9,45,4554.0,5564.0,1010.0,1
permanent,motor_dwell,23,9,4517.0,5566.0,1049.0,1
permanent,motor_dwell,16,7,4940.0,5572.5,632.5,1
permanent,motor_dwell,21,27,5296.5,5585.0,288.5,1
permanent,motor_dwell,37,48,5172.5,5592.5,420.0,1
permanent,motor_dwell,22,20,5196.0,5595.5,399.5,1
permanent,motor_dwell,7,39,5401.0,5614.0,213.0,1
permanent,motor_dwell,26,10,5319.0,5615.5,296.5,1
permanent,motor_dwell,39,28,4822.5,5629.5,807.0,1
permanent,motor_dwell,37,41,5593.0,5653.0,60.0,1
permanent,motor_dwell,29,18,5106.5,5653.5,547.0,1
permanent,motor_dwell,19,14,5064.5,5654.0,589.5,1
permanent,motor_dwell,38,27,4915.5,5661.0,745.5,1
permanent,motor_dwell,36,17,5273.5,5686.0,412.5,1
permanent,motor_dwell,14,4,4630.0,5687.5,1057.5,1
permanent,motor_dwell,4,30,5413.0,5695.5,282.5,1
permanent,motor_dwell,12,2,5380.5,5702.0,321.5,1
permanent,motor_dwell,24,12,5488.0,5730.0,242.0,1
permanent,motor_dwell,25,19,5116.5,5736.0,619.5,1
permanent,motor_dwell,32,43,5298.0,5752.5,454.5,1
permanent,motor_dwell,32,26,5753.0,5779.5,26.5,1
permanent,motor_dwell,10,15,5520.5,5786.0,265.5,1
permanent,motor_dwell,28,25,4986.5,5793.0,806.5,1
permanent,motor_dwell,34,10,5348.5,5807.5,459.0,1
permanent,motor_dwell,6,3,5166.5,5809.5,643.0,1
permanent,motor_dwell,19,19,5658.5,5817.5,159.0,1
permanent,motor_dwell,25,31,5751.0,5835.5,84.5,1
permanent,motor_dwell,35,48,4893.0,5837.5,944.5,1
permanent,motor_dwell,17,16,5171.0,5838.0,667.0,1
permanent,motor_dwell,4,41,5705.5,5850.0,144.5,1
permanent,motor_dwell,22,24,5598.0,5852.5,254.5,1
permanent,motor_dwell,32,45,5794.5,5873.5,79.0,1
permanent,motor_dwell,26,16,5619.0,5890.5,271.5,1
permanent,motor_dwell,27,27,4515.5,5899.0,1383.5,1
permanent,motor_dwell,17,19,5839.0,5921.5,82.5,1
permanent,motor_dwell,6,45,5813.0,5923.0,110.0,1
permanent,motor_dwell,13,17,5338.0,5924.5,586.5,1
permanent,motor_dwell,39,42,5652.0,5926.0,274.0,1
permanent,motor_dwell,27,6,5904.5,5937.5,33.0,1
permanent,motor_dwell,37,14,5658.5,5946.0,287.5,1
permanent,motor_dwell,34,15,5808.5,5948.5,140.0,1
permanent,motor_dwell,9,12,5570.5,5958.5,388.0,1
permanent,motor_dwell,29,29,5655.0,5984.5,329.5,1
permanent,motor_dwell,18,18,5444.5,5986.5,542.0,1
permanent,motor_dwell,37,33,5946.5,5992.0,45.5,1
permanent,motor_dwell,21,13,5597.5,6006.0,408.5,1
permanent,motor_dwell,18,20,5994.0,6011.0,17.0,1
permanent,motor_dwell,31,11,5548.0,6031.0,483.0,1
permanent,motor_dwell,36,8,5687.0,6040.0,353.0,1
permanent,motor_dwell,32,32,5875.5,6055.5,180.0,1
permanent,motor_dwell,15,47,5244.0,6081.5,837.5,1
permanent,motor_dwell,16,37,5573.0,6082.0,509.0,1
permanent,motor_dwell,28,41,5794.5,6086.5,292.0,1
permanent,motor_dwell,33,29,5279.5,6130.5,851.0,1
permanent,motor_dwell,21,30,6008.0,6135.0,127.0,1
permanent,motor_dwell,3,45,5213.0,6163.0,950.0,1
permanent,motor_dwell,21,44,6139.0,6173.0,34.0,1
permanent,motor_dwell,30,33,5526.0,6185.5,659.5,1
permanent,motor_dwell,26,23,5901.0,6188.5,287.5,1
permanent,motor_dwell,26,45,6190.5,6198.0,7.5,1
permanent,motor_dwell,32,21,6065.0,6200.0,135.0,1
permanent,motor_dwell,4,20,5858.0,6217.0,359.0,1
permanent,motor_dwell,1,17,5523.5,6232.0,708.5,1
permanent,motor_dwell,10,0,5795.0,6243.0,448.0,1
permanent,motor_dwell,20,32,4834.0,6249.5,1415.5,1
permanent,motor_dwell,33,36,6136.5,6267.0,130.5,1
permanent,motor_dwell,0,33,5509.0,6269.0,760.0,1
permanent,motor_dwell,11,47,5402.5,6273.5,871.0,1
permanent,motor_dwell,33,14,6275.0,6276.5,1.5,1
permanent,motor_dwell,23,40,5572.0,6318.5,746.5,1
permanent,motor_dwell,27,18,5966.0,6322.5,356.5,1
permanent,motor_dwell,5,5,5381.5,6350.0,968.5,1
permanent,motor_dwell,29,17,5993.0,6350.0,357.0,1
permanent,motor_dwell,34,34,5952.0,6352.5,400.5,1
permanent,motor_dwell,13,33,5935.0,6365.0,430.0,1
permanent,motor_dwell,21,27,6175.5,6370.0,194.5,1
permanent,motor_dwell,28,44,6088.5,6371.0,282.5,1
permanent,motor_dwell,25,37,5852.0,6396.5,544.5,1
permanent,motor_dwell,7,43,5634.5,6398.5,764.0,1
permanent,motor_dwell,0,5,6269.5,6407.5,138.0,1
permanent,motor_dwell,16,16,6082.5,6422.5,340.0,1
permanent,motor_dwell,29,44,6350.5,6430.0,79.5,1
permanent,motor_dwell,32,14,6202.0,6432.0,230.0,1
permanent,motor_dwell,38,23,5663.0,6483.0,820.0,1
permanent,motor_dwell,29,12,6430.5,6483.5,53.0,1
permanent,motor_dwell,8,13,5340.0,6505.5,1165.5,1
permanent,motor_dwell,25,20,6399.5,6509.5,110.0,1
permanent,motor_dwell,1,36,6233.0,6510.5,277.5,1
permanent,motor_dwell,23,6,6320.5,6534.5,214.0,1
permanent,motor_dwell,25,35,6512.0,6561.0,49.0,1
permanent,motor_dwell,30,16,6186.5,6562.5,376.0,1
permanent,motor_dwell,6,11,5928.5,6640.5,712.0,1
permanent,motor_dwell,39,39,5943.5,6652.5,709.0,1
permanent,motor_dwell,34,8,6369.0,6657.5,288.5,1
permanent,motor_dwell,5,3,6353.5,6663.0,309.5,1
permanent,motor_dwell,9,19,5961.5,6697.0,735.5,1
permanent,motor_dwell,13,45,6385.0,6697.0,312.0,1
permanent,motor_dwell,29,0,6499.5,6716.0,216.5,1
permanent,motor_dwell,19,15,5823.5,6716.5,893.0,1
permanent,motor_dwell,22,2,5856.0,6724.5,868.5,1
permanent,motor_dwell,32,5,6446.0,6729.0,283.0,1
permanent,motor_dwell,30,42,6573.5,6740.0,166.5,1
permanent,motor_dwell,22,0,6726.0,6747.0,21.0,1
permanent,motor_dwell,31,25,6033.0,6747.0,714.0,1
permanent,motor_dwell,12,0,5710.0,6757.5,1047.5,1
permanent,motor_dwell,5,25,6666.0,6772.5,106.5,1
permanent,motor_dwell,2,3,5567.0,6799.0,1232.0,1
permanent,motor_dwell,2,13,6800.0,6800.5,0.5,1
permanent,motor_dwell,21,22,6379.0,6835.5,456.5,1
permanent,motor_dwell,5,31,6774.5,6858.0,83.5,1
permanent,motor_dwell,39,16,6655.5,6864.5,209.0,1
permanent,motor_dwell,15,33,6095.0,6868.0,773.0,1
permanent,motor_dwell,34,0,6663.0,6870.0,207.0,1
permanent,motor_dwell,1,38,6525.0,6873.0,348.0,1
permanent,motor_dwell,23,30,6536.0,6877.0,341.0,1
permanent,motor_dwell,15,7,6876.0,6881.5,5.5,1
permanent,motor_dwell,14,35,5692.0,6883.0,1191.0,1
permanent,motor_dwell,18,25,6012.5,6898.5,886.0,1
permanent,motor_dwell,14,46,6888.5,6930.0,41.5,1
permanent,motor_dwell,21,36,6837.5,6937.0,99.5,1
permanent,motor_dwell,0,8,6423.0,6958.0,535.0,1
permanent,motor_dwell,39,4,6869.0,6962.5,93.5,1
permanent,motor_dwell,36,49,6042.5,6975.0,932.5,1
permanent,motor_dwell,11,25,6279.5,6980.5,701.0,1
permanent,motor_dwell,17,46,5926.5,6982.5,1056.0,1
permanent,motor_dwell,23,42,6880.0,6991.0,111.0,1
permanent,motor_dwell,39,25,6965.5,6993.5,28.0,1
permanent,motor_dwell,25,37,6565.5,7004.0,438.5,1
permanent,motor_dwell,21,26,6941.0,7020.0,79.0,1
permanent,motor_dwell,11,17,6981.5,7026.0,44.5,1
permanent,motor_dwell,35,12,5839.5,7059.5,1220.0,1
permanent,motor_dwell,10,29,6251.0,7068.5,817.5,1
permanent,motor_dwell,0,0,6958.5,7095.0,136.5,1
permanent,motor_dwell,6,23,6646.5,7101.5,455.0,1
permanent,motor_dwell,26,39,6199.5,7110.0,910.5,1
permanent,motor_dwell,16,16,6437.0,7128.0,691.0,1
permanent,motor_dwell,29,24,6718.5,7129.5,411.0,1
permanent,motor_dwell,38,35,6496.5,7163.0,666.5,1
permanent,motor_dwell,18,32,6899.0,7167.5,268.5,1
permanent,motor_dwell,4,15,6221.5,7192.0,970.5,1
permanent,motor_dwell,33,14,6280.5,7201.5,921.0,1
permanent,motor_dwell,20,46,6257.0,7227.5,970.5,1
permanent,motor_dwell,0,43,7096.5,7258.5,162.0,1
permanent,motor_dwell,37,32,5995.5,7267.0,1271.5,1
permanent,motor_dwell,22,9,6748.5,7278.0,529.5,1
permanent,motor_dwell,24,32,5733.0,7293.5,1560.5,1
permanent,motor_dwell,27,35,6327.5,7319.0,991.5,1
permanent,motor_dwell,33,33,7224.0,7354.0,130.0,1
permanent,motor_dwell,5,30,6860.0,7361.0,501.0,1
permanent,motor_dwell,6,1,7103.5,7368.5,265.0,1
permanent,motor_dwell,29,42,7138.5,7382.0,243.5,1
permanent,motor_dwell,29,17,7385.0,7394.0,9.0,1
permanent,motor_dwell,27,7,7322.5,7399.0,76.5,1
permanent,motor_dwell,23,40,6995.0,7401.0,406.0,1
permanent,motor_dwell,3,9,6165.5,7419.5,1254.0,1
permanent,motor_dwell,28,19,6372.0,7437.5,1065.5,1
permanent,motor_dwell,11,13,7028.0,7439.5,411.5,1
permanent,motor_dwell,29,30,7394.5,7470.5,76.0,1
permanent,motor_dwell,8,17,6519.5,7488.5,969.0,1
permanent,motor_dwell,0,16,7264.5,7491.0,226.5,1
permanent,motor_dwell,24,5,7297.5,7494.0,196.5,1
permanent,motor_dwell,25,9,7007.0,7511.0,504.0,1
permanent,motor_dwell,13,6,6712.5,7512.0,799.5,1
permanent,motor_dwell,34,11,6878.0,7517.0,639.0,1
permanent,motor_dwell,17,27,6987.0,7530.0,543.0,1
permanent,motor_dwell,20,48,7241.5,7530.5,289.0,1
permanent,motor_dwell,31,34,6748.0,7532.5,784.5,1
permanent,motor_dwell,7,40,6407.5,7551.5,1144.0,1
permanent,motor_dwell,37,48,7270.0,7555.5,285.5,1
permanent,motor_dwell,28,37,7446.0,7567.5,121.5,1
permanent,motor_dwell,25,39,7522.0,7597.0,75.0,1
permanent,motor_dwell,14,16,6941.0,7605.5,664.5,1
permanent,motor_dwell,26,5,7120.5,7631.0,510.5,1
permanent,motor_dwell,16,8,7141.5,7640.5,499.0,1
permanent,motor_dwell,39,3,7002.0,7661.0,659.0,1
permanent,motor_dwell,11,21,7444.5,7667.0,222.5,1
permanent,motor_dwell,4,49,7194.0,7672.5,478.5,1
permanent,motor_dwell,37,40,7604.5,7688.5,84.0,1
permanent,motor_dwell,13,26,7515.5,7689.0,173.5,1
permanent,motor_dwell,12,19,6760.5,7692.5,932.0,1
permanent,motor_dwell,11,17,7667.5,7729.5,62.0,1
permanent,motor_dwell,37,42,7699.5,7736.0,36.5,1
permanent,motor_dwell,32,19,6745.0,7741.0,996.0,1
permanent,motor_dwell,6,30,7370.0,7756.0,386.0,1
permanent,motor_dwell,22,24,7280.5,7769.5,489.0,1
permanent,motor_dwell,0,44,7503.0,7796.5,293.5,1
permanent,motor_dwell,23,34,7402.5,7804.5,402.0,1
permanent,motor_dwell,38,46,7170.5,7815.5,645.0,1
permanent,motor_dwell,18,13,7170.0,7835.5,665.5,1
permanent,motor_dwell,26,2,7649.0,7840.5,191.5,1
permanent,motor_dwell,15,16,6890.5,7847.5,957.0,1
permanent,motor_dwell,14,45,7610.0,7873.0,263.0,1
permanent,motor_dwell,32,26,7764.5,7879.0,114.5,1
permanent,motor_dwell,20,0,7538.5,7884.0,345.5,1
permanent,motor_dwell,36,14,6980.0,7899.5,919.5,1
permanent,motor_dwell,1,9,6879.0,7901.5,1022.5,1
permanent,motor_dwell,19,20,6724.5,7905.0,1180.5,1
permanent,motor_dwell,19,37,7908.0,7910.0,2.0,1
permanent,motor_dwell,0,3,7803.0,7937.0,134.0,1
permanent,motor_dwell,35,8,7084.0,7943.0,859.0,1
permanent,motor_dwell,30,30,6741.5,7956.0,1214.5,1
permanent,motor_dwell,11,19,7732.5,7974.5,242.0,1
permanent,motor_dwell,15,17,7850.5,7980.5,130.0,1
permanent,motor_dwell,22,32,7775.5,8015.5,240.0,1
permanent,motor_dwell,0,26,7939.5,8017.5,78.0,1
permanent,motor_dwell,21,0,7020.5,8024.5,1004.0,1
permanent,motor_dwell,2,0,6802.0,8030.0,1228.0,1
permanent,motor_dwell,25,25,7607.5,8030.0,422.5,1
permanent,motor_dwell,12,6,7695.0,8036.0,341.0,1
permanent,motor_dwell,13,25,7694.0,8086.0,392.0,1
permanent,motor_dwell,5,5,7365.5,8095.0,729.5,1
permanent,motor_dwell,34,23,7525.0,8137.5,612.5,1
permanent,motor_dwell,35,14,7947.5,8150.5,203.0,1
permanent,motor_dwell,16,43,7643.5,8160.5,517.0,1
permanent,motor_dwell,17,6,7536.5,8173.5,637.0,1
permanent,motor_dwell,35,21,8156.5,8177.0,20.5,1
permanent,motor_dwell,7,18,7554.5,8181.5,627.0,1
permanent,motor_dwell,18,12,7837.5,8189.0,351.5,1
permanent,motor_dwell,4,33,7709.0,8212.5,503.5,1
permanent,motor_dwell,24,37,7497.5,8245.5,748.0,1
permanent,motor_dwell,29,4,7471.0,8261.0,790.0,1
permanent,motor_dwell,8,35,7496.0,8263.0,767.0,1
permanent,motor_dwell,38,26,7827.0,8272.0,445.0,1
permanent,motor_dwell,3,12,7420.0,8288.0,868.0,1
permanent,motor_dwell,31,11,7538.5,8297.5,759.0,1
permanent,motor_dwell,25,22,8033.5,8301.5,268.0,1
permanent,motor_dwell,6,20,7758.5,8365.0,606.5,1
permanent,motor_dwell,28,11,7568.5,8370.5,802.0,1
permanent,motor_dwell,9,9,6699.0,8388.0,1689.0,1
permanent,motor_dwell,31,49,8299.0,8389.0,90.0,1
permanent,motor_dwell,29,27,8268.0,8400.0,132.0,1
permanent,motor_dwell,9,12,8388.5,8427.5,39.0,1
permanent,motor_dwell,12,36,8070.5,8433.0,362.5,1
permanent,motor_dwell,23,30,7805.0,8452.5,647.5,1
permanent,motor_dwell,37,38,7739.0,8475.0,736.0,1
permanent,motor_dwell,38,33,8277.0,8477.5,200.5,1
permanent,motor_dwell,19,19,7910.5,8511.0,600.5,1
permanent,motor_dwell,39,45,7667.5,8513.5,846.0,1
permanent,motor_dwell,4,20,8216.5,8522.0,305.5,1
permanent,motor_dwell,32,13,7883.0,8552.0,669.0,1
permanent,motor_dwell,1,34,7907.5,8554.5,647.0,1
permanent,motor_dwell,10,14,7069.5,8559.5,1490.0,1
permanent,motor_dwell,19,1,8512.0,8568.0,56.0,1
permanent,motor_dwell,35,10,8197.5,8582.5,385.0,1
permanent,motor_dwell,33,41,7355.5,8608.5,1253.0,1
permanent,motor_dwell,22,17,8019.5,8633.0,613.5,1
permanent,motor_dwell,39,4,8517.5,8636.0,118.5,1
permanent,motor_dwell,4,20,8554.0,8639.0,85.0,1
permanent,motor_dwell,35,15,8593.0,8672.5,79.5,1
permanent,motor_dwell,13,0,8087.5,8679.5,592.0,1
permanent,motor_dwell,32,25,8575.0,8680.5,105.5,1
permanent,motor_dwell,20,4,7891.5,8688.0,796.5,1
permanent,motor_dwell,14,17,7873.5,8706.5,833.0,1
permanent,motor_dwell,16,35,8167.0,8718.5,551.5,1
permanent,motor_dwell,37,30,8475.5,8720.0,244.5,1
permanent,motor_dwell,23,28,8458.5,8724.0,265.5,1
permanent,motor_dwell,17,12,8178.0,8728.5,550.5,1
permanent,motor_dwell,28,43,8379.0,8732.0,353.0,1
permanent,motor_dwell,0,0,8024.0,8744.5,720.5,1
permanent,motor_dwell,17,36,8731.0,8751.5,20.5,1
permanent,motor_dwell,21,35,8027.0,8755.5,728.5,1
permanent,motor_dwell,27,32,7411.0,8759.5,1348.5,1
permanent,motor_dwell,2,42,8038.5,8783.0,744.5,1
permanent,motor_dwell,18,37,8189.5,8809.5,620.0,1
permanent,motor_dwell,21,29,8764.0,8837.0,73.0,1
permanent,motor_dwell,22,38,8657.0,8849.0,192.0,1
permanent,motor_dwell,11,18,7978.0,8851.5,873.5,1
permanent,motor_dwell,39,14,8648.0,8870.5,222.5,1
permanent,motor_dwell,21,21,8842.5,8878.5,36.0,1
permanent,motor_dwell,35,10,8714.5,8896.5,182.0,1
permanent,motor_dwell,24,2,8247.5,8923.0,675.5,1
permanent,motor_dwell,10,12,8568.0,8950.0,382.0,1
permanent,motor_dwell,37,1,8727.0,8950.0,223.0,1
permanent,motor_dwell,0,11,8746.5,8966.0,219.5,1
permanent,motor_dwell,32,43,8687.5,8976.5,289.0,1
permanent,motor_dwell,31,32,8392.5,9007.0,614.5,1
permanent,motor_dwell,36,42,7902.5,9032.0,1129.5,1
permanent,motor_dwell,29,7,8408.0,9043.0,635.0,1
permanent,motor_dwell,9,45,8428.5,9047.5,619.0,1
permanent,motor_dwell,23,27,8724.5,9053.0,328.5,1
permanent,motor_dwell,5,40,8095.5,9073.5,978.0,1
permanent,motor_dwell,33,38,8616.5,9083.5,467.0,1
permanent,motor_dwell,25,46,8308.0,9087.0,779.0,1
permanent,motor_dwell,23,0,9054.0,9094.0,40.0,1
permanent,motor_dwell,11,1,8858.5,9097.5,239.0,1
permanent,motor_dwell,10,32,8955.0,9100.5,145.5,1
permanent,motor_dwell,15,5,8006.0,9106.5,1100.5,1
permanent,motor_dwell,35,14,8899.0,9127.5,228.5,1
permanent,motor_dwell,25,28,9094.0,9143.0,49.0,1
permanent,motor_dwell,14,20,8708.0,9161.0,453.0,1
permanent,motor_dwell,29,39,9053.5,9175.5,122.0,1
permanent,motor_dwell,0,46,8967.0,9180.0,213.0,1
permanent,motor_dwell,16,32,8725.0,9186.5,461.5,1
permanent,motor_dwell,12,43,8448.0,9224.0,776.0,1
permanent,motor_dwell,35,48,9131.0,9226.0,95.0,1
permanent,motor_dwell,38,12,8479.0,9226.0,747.0,1
permanent,motor_dwell,14,19,9163.0,9245.5,82.5,1
permanent,motor_dwell,11,31,9109.0,9266.0,157.0,1
permanent,motor_dwell,15,26,9115.0,9269.5,154.5,1
permanent,motor_dwell,4,20,8645.0,9271.0,626.0,1
permanent,motor_dwell,8,49,8264.0,9277.5,1013.5,1
permanent,motor_dwell,5,42,9076.5,9282.0,205.5,1
permanent,motor_dwell,14,4,9258.0,9282.0,24.0,1
permanent,motor_dwell,37,28,8958.0,9286.0,328.0,1
permanent,motor_dwell,34,14,8151.0,9319.0,1168.0,1
permanent,motor_dwell,6,0,8366.5,9349.5,983.0,1
permanent,motor_dwell,9,4,9068.5,9358.0,289.5,1
permanent,motor_dwell,14,10,9286.0,9366.5,80.5,1
permanent,motor_dwell,30,46,7960.0,9373.5,1413.5,1
permanent,motor_dwell,25,25,9146.5,9401.5,255.0,1
permanent,motor_dwell,4,15,9271.5,9410.0,138.5,1
permanent,motor_dwell,7,20,8186.0,9411.5,1225.5,1
permanent,motor_dwell,32,18,8988.0,9416.5,428.5,1
permanent,motor_dwell,7,16,9417.5,9455.0,37.5,1
permanent,motor_dwell,24,35,8926.5,9462.5,536.0,1
permanent,motor_dwell,20,23,8696.0,9463.5,767.5,1
permanent,motor_dwell,31,47,9008.5,9466.0,457.5,1
permanent,motor_dwell,3,9,8293.5,9466.5,1173.0,1
permanent,motor_dwell,24,7,9463.5,9472.5,9.0,1
permanent,motor_dwell,6,11,9366.0,9490.0,124.0,1
permanent,motor_dwell,28,30,8747.5,9505.0,757.5,1
permanent,motor_dwell,33,12,9115.5,9510.0,394.5,1
permanent,motor_dwell,20,15,9464.5,9511.5,47.0,1
permanent,motor_dwell,29,31,9201.0,9512.5,311.5,1
permanent,motor_dwell,26,13,7843.0,9516.0,1673.0,1
permanent,motor_dwell,36,43,9052.5,9516.5,464.0,1
permanent,motor_dwell,35,22,9228.0,9525.5,297.5,1
permanent,motor_dwell,6,28,9499.0,9529.5,30.5,1
permanent,motor_dwell,33,27,9513.5,9544.5,31.0,1
permanent,motor_dwell,25,28,9412.5,9546.5,134.0,1
permanent,motor_dwell,36,12,9522.5,9551.0,28.5,1
permanent,motor_dwell,16,38,9187.0,9554.5,367.5,1
permanent,motor_dwell,38,5,9233.0,9568.5,335.5,1
permanent,motor_dwell,10,39,9103.5,9595.5,492.0,1
permanent,motor_dwell,18,36,8810.0,9599.5,789.5,1
permanent,motor_dwell,26,23,9523.5,9612.5,89.0,1
permanent,motor_dwell,5,12,9286.5,9636.0,349.5,1
permanent,motor_dwell,39,49,8871.0,9672.0,801.0,1
permanent,motor_dwell,24,24,9474.5,9678.0,203.5,1
permanent,motor_dwell,25,37,9548.5,9678.0,129.5,1
permanent,motor_dwell,7,6,9456.5,9682.0,225.5,1
permanent,motor_dwell,28,26,9512.0,9683.5,171.5,1
permanent,motor_dwell,34,9,9339.0,9687.0,348.0,1
permanent,motor_dwell,13,13,8681.5,9702.5,1021.0,1
permanent,motor_dwell,9,20,9362.0,9707.0,345.0,1
permanent,motor_dwell,27,30,8761.0,9715.0,954.0,1
permanent,motor_dwell,19,10,8577.0,9728.0,1151.0,1
permanent,motor_dwell,39,17,9678.5,9734.0,55.5,1
permanent,motor_dwell,19,35,9735.5,9743.5,8.0,1
permanent,motor_dwell,36,20,9556.5,9769.0,212.5,1
permanent,motor_dwell,8,27,9285.5,9773.5,488.0,1
permanent,motor_dwell,14,20,9370.5,9774.5,404.0,1
permanent,motor_dwell,26,43,9614.5,9785.0,170.5,1
permanent,motor_dwell,1,10,8561.5,9809.5,1248.0,1
permanent,motor_dwell,9,37,9708.0,9811.0,103.0,1
permanent,motor_dwell,34,39,9694.0,9819.0,125.0,1
permanent,motor_dwell,17,35,8753.5,9825.0,1071.5,1
permanent,motor_dwell,31,1,9467.5,9831.0,363.5,1
permanent,motor_dwell,10,25,9610.0,9856.0,246.0,1
permanent,motor_dwell,2,46,8786.5,9865.0,1078.5,1
permanent,motor_dwell,29,6,9515.0,9869.5,354.5,1
permanent,motor_dwell,23,0,9106.0,9881.0,775.0,1
permanent,motor_dwell,28,46,9685.5,9905.5,220.0,1
permanent,motor_dwell,15,3,9280.0,9908.0,628.0,1
permanent,motor_dwell,11,42,9267.5,9932.5,665.0,1
permanent,motor_dwell,12,11,9235.0,9934.5,699.5,1
permanent,motor_dwell,28,43,9909.0,9940.5,31.5,1
permanent,motor_dwell,28,22,9943.5,9950.5,7.0,1
permanent,motor_dwell,31,38,9831.5,9964.0,132.5,1
permanent,motor_dwell,29,6,9879.5,9973.5,94.0,1
permanent,motor_dwell,18,23,9601.0,9974.5,373.5,1
permanent,motor_dwell,35,29,9527.5,10010.5,483.0,1
permanent,motor_dwell,26,39,9790.0,10017.0,227.0,1
permanent,motor_dwell,2,17,9865.5,10030.5,165.0,1
permanent,motor_dwell,3,3,9467.0,10043.0,576.0,1
permanent,motor_dwell,10,11,9861.0,10072.0,211.0,1
permanent,motor_dwell,6,47,9531.5,10080.0,548.5,1
permanent,motor_dwell,23,12,9883.0,10085.0,202.0,1
permanent,motor_dwell,22,6,8851.0,10095.0,1244.0,1
permanent,motor_dwell,9,46,9813.5,10103.5,290.0,1
permanent,motor_dwell,32,20,9418.5,10105.0,686.5,1
permanent,motor_dwell,32,47,10119.0,10121.5,2.5,1
permanent,motor_dwell,11,5,9936.0,10138.0,202.0,1
permanent,motor_dwell,22,0,10120.0,10143.5,23.5,1
permanent,motor_dwell,16,3,9557.5,10153.0,595.5,1
permanent,motor_dwell,2,4,10031.5,10163.5,132.0,1
permanent,motor_dwell,0,4,9180.5,10166.0,985.5,1
permanent,motor_dwell,29,30,9978.5,10182.5,204.0,1
permanent,motor_dwell,7,5,9685.0,10188.5,503.5,1
permanent,motor_dwell,32,20,10133.5,10201.5,68.0,1
permanent,motor_dwell,34,10,9823.0,10222.0,399.0,1
permanent,motor_dwell,3,22,10059.0,10222.5,163.5,1
permanent,motor_dwell,22,46,10145.5,10236.5,91.0,1
permanent,motor_dwell,2,16,10173.0,10238.0,65.0,1
permanent,motor_dwell,26,4,10020.0,10251.5,231.5,1
permanent,motor_dwell,30,25,9374.0,10251.5,877.5,1
permanent,motor_dwell,17,33,9827.0,10254.0,427.0,1
permanent,motor_dwell,26,0,10260.0,10269.5,9.5,1
permanent,motor_dwell,31,46,9965.5,10281.5,316.0,1
permanent,motor_dwell,19,18,9749.5,10310.0,560.5,1
permanent,motor_dwell,2,5,10241.5,10313.0,71.5,1
permanent,motor_dwell,31,38,10286.0,10323.5,37.5,1
permanent,motor_dwell,14,19,9780.0,10334.5,554.5,1
permanent,motor_dwell,29,1,10202.5,10351.0,148.5,1
permanent,motor_dwell,37,49,9286.5,10362.0,1075.5,1
permanent,motor_dwell,38,34,9573.0,10365.0,792.0,1
permanent,motor_dwell,24,25,9686.5,10370.0,683.5,1
permanent,motor_dwell,13,35,9720.5,10378.0,657.5,1
permanent,motor_dwell,7,22,10196.5,10381.0,184.5,1
permanent,motor_dwell,33,16,9546.0,10408.0,862.0,1
permanent,motor_dwell,0,3,10167.5,10419.0,251.5,1
permanent,motor_dwell,9,19,10107.0,10428.0,321.0,1
permanent,motor_dwell,4,49,9420.5,10439.5,1019.0,1
permanent,motor_dwell,15,26,9911.5,10440.5,529.0,1
permanent,motor_dwell,39,17,9740.0,10446.0,706.0,1
permanent,motor_dwell,19,40,10323.0,10448.5,125.5,1
permanent,motor_dwell,27,45,9724.0,10495.0,771.0,1
permanent,motor_dwell,22,18,10239.0,10496.5,257.5,1
permanent,motor_dwell,34,46,10225.5,10497.5,272.0,1
permanent,motor_dwell,9,25,10433.0,10501.0,68.0,1
permanent,motor_dwell,20,30,9517.5,10504.0,986.5,1
permanent,motor_dwell,11,13,10140.0,10510.5,370.5,1
permanent,motor_dwell,8,28,9774.5,10511.0,736.5,1
permanent,motor_dwell,7,9,10383.5,10521.0,137.5,1
permanent,motor_dwell,12,3,9938.0,10556.0,618.0,1
permanent,motor_dwell,13,19,10386.5,10558.0,171.5,1
permanent,motor_dwell,25,48,9686.0,10570.5,884.5,1
permanent,motor_dwell,32,46,10202.0,10577.0,375.0,1
permanent,motor_dwell,22,49,10499.0,10612.5,113.5,1
permanent,motor_dwell,31,41,10326.0,10621.5,295.5,1
permanent,motor_dwell,6,40,10084.5,10637.5,553.0,1
permanent,motor_dwell,5,14,9653.0,10647.5,994.5,1
permanent,motor_dwell,4,13,10461.5,10661.0,199.5,1
permanent,motor_dwell,4,19,10675.0,10680.5,5.5,1
permanent,motor_dwell,20,43,10506.5,10681.5,175.0,1
permanent,motor_dwell,2,37,10324.0,10696.5,372.5,1
permanent,motor_dwell,18,35,9994.0,10704.5,710.5,1
permanent,motor_dwell,13,22,10560.0,10708.0,148.0,1
permanent,motor_dwell,38,20,10368.0,10709.0,341.0,1
permanent,motor_dwell,6,37,10648.0,10719.5,71.5,1
permanent,motor_dwell,33,23,10410.0,10738.5,328.5,1
permanent,motor_dwell,23,31,10098.0,10744.0,646.0,1
permanent,motor_dwell,21,9,8885.0,10752.5,1867.5,1
permanent,motor_dwell,10,41,10075.5,10773.5,698.0,1
permanent,motor_dwell,22,10,10628.0,10781.0,153.0,1
permanent,motor_dwell,28,15,9956.5,10792.0,835.5,1
permanent,motor_dwell,30,44,10258.5,10818.0,559.5,1
permanent,motor_dwell,34,39,10508.0,10829.5,321.5,1
permanent,motor_dwell,3,12,10236.0,10833.5,597.5,1
permanent,motor_dwell,35,9,10015.5,10835.0,819.5,1
permanent,motor_dwell,18,9,10711.0,10844.5,133.5,1
permanent,motor_dwell,18,37,10847.0,10850.5,3.5,1
permanent,motor_dwell,1,42,9811.0,10851.0,1040.0,1
permanent,motor_dwell,30,43,10831.5,10853.0,21.5,1
permanent,motor_dwell,20,0,10682.0,10884.0,202.0,1
permanent,motor_dwell,22,32,10793.5,10898.0,104.5,1
permanent,motor_dwell,3,2,10838.0,10919.0,81.0,1
permanent,motor_dwell,37,14,10365.0,10926.5,561.5,1
permanent,motor_dwell,4,18,10694.5,10938.5,244.0,1
permanent,motor_dwell,9,9,10506.5,10967.0,460.5,1
permanent,motor_dwell,32,12,10584.5,11000.0,415.5,1
permanent,motor_dwell,36,3,9772.0,11012.0,1240.0,1
permanent,motor_dwell,39,9,10460.0,11023.0,563.0,1
permanent,motor_dwell,17,30,10259.0,11035.5,776.5,1
permanent,motor_dwell,26,18,10276.0,11036.0,760.0,1
permanent,motor_dwell,33,15,10742.0,11036.5,294.5,1
permanent,motor_dwell,3,35,10920.0,11051.5,131.5,1
permanent,motor_dwell,38,43,10711.5,11056.0,344.5,1
permanent,motor_dwell,30,48,10860.5,11057.0,196.5,1
permanent,motor_dwell,7,23,10523.5,11059.5,536.0,1
permanent,motor_dwell,16,42,10182.5,11069.5,887.0,1
permanent,motor_dwell,25,30,10579.0,11097.0,518.0,1
permanent,motor_dwell,10,46,10787.0,11110.5,323.5,1
permanent,motor_dwell,0,42,10433.5,11112.0,678.5,1
permanent,motor_dwell,26,18,11039.0,11138.0,99.0,1
permanent,motor_dwell,13,41,10717.0,11150.0,433.0,1
permanent,motor_dwell,5,36,10655.5,11170.0,514.5,1
permanent,motor_dwell,1,42,10854.0,11193.5,339.5,1
permanent,motor_dwell,32,20,11001.0,11219.0,218.0,1
permanent,motor_dwell,8,34,10512.0,11223.5,711.5,1
permanent,motor_dwell,15,8,10446.5,11238.0,791.5,1
permanent,motor_dwell,2,42,10702.0,11249.5,547.5,1
permanent,motor_dwell,33,18,11040.5,11252.0,211.5,1
permanent,motor_dwell,14,23,10336.0,11253.0,917.0,1
permanent,motor_dwell,9,9,10988.5,11256.0,267.5,1
permanent,motor_dwell,4,45,10950.0,11279.0,329.0,1
permanent,motor_dwell,27,27,10496.5,11289.5,793.0,1
permanent,motor_dwell,13,0,11154.5,11290.0,135.5,1
permanent,motor_dwell,1,19,11205.5,11304.0,98.5,1
permanent,motor_dwell,2,21,11253.5,11325.0,71.5,1
permanent,motor_dwell,21,32,10760.5,11328.5,568.0,1
permanent,motor_dwell,18,36,10851.5,11330.0,478.5,1
permanent,motor_dwell,16,35,11072.5,11346.5,274.0,1
permanent,motor_dwell,36,22,11024.0,11356.0,332.0,1
permanent,motor_dwell,15,30,11255.0,11371.5,116.5,1
permanent,motor_dwell,18,12,11340.0,11387.5,47.5,1
permanent,motor_dwell,17,5,11043.5,11400.5,357.0,1
permanent,motor_dwell,39,18,11030.5,11442.0,411.5,1
permanent,motor_dwell,3,30,11063.0,11454.0,391.0,1
permanent,motor_dwell,15,27,11376.0,11469.0,93.0,1
permanent,motor_dwell,22,23,10900.5,11471.0,570.5,1
permanent,motor_dwell,3,28,11467.5,11472.0,4.5,1
permanent,motor_dwell,32,42,11242.0,11478.5,236.5,1
permanent,motor_dwell,8,49,11230.0,11486.0,256.0,1
permanent,motor_dwell,27,11,11299.0,11492.0,193.0,1
permanent,motor_dwell,36,6,11366.0,11508.5,142.5,1
permanent,motor_dwell,12,25,10562.0,11519.5,957.5,1
permanent,motor_dwell,29,9,10353.0,11525.0,1172.0,1
permanent,motor_dwell,4,0,11279.5,11526.5,247.0,1
permanent,motor_dwell,8,18,11489.5,11538.5,49.0,1
permanent,motor_dwell,11,40,10511.5,11548.5,1037.0,1
permanent,motor_dwell,35,17,10859.5,11562.0,702.5,1
permanent,motor_dwell,19,40,10449.5,11567.0,1117.5,1
permanent,motor_dwell,24,5,10371.0,11569.0,1198.0,1
permanent,motor_dwell,37,7,10936.0,11625.0,689.0,1
permanent,motor_dwell,31,4,10635.5,11633.5,998.0,1
permanent,motor_dwell,28,15,10794.0,11636.5,842.5,1
permanent,motor_dwell,2,28,11329.5,11672.5,343.0,1
permanent,motor_dwell,9,14,11264.5,11682.0,417.5,1
permanent,motor_dwell,6,40,10730.5,11683.0,952.5,1
permanent,motor_dwell,16,44,11361.0,11693.5,332.5,1
permanent,motor_dwell,0,22,11112.5,11696.0,583.5,1
permanent,motor_dwell,7,39,11074.0,11716.5,642.5,1
permanent,motor_dwell,39,4,11444.5,11722.0,277.5,1
permanent,motor_dwell,23,12,10751.5,11743.0,991.5,1
permanent,motor_dwell,10,25,11119.5,11744.0,624.5,1
permanent,motor_dwell,21,17,11346.5,11744.0,397.5,1
permanent,motor_dwell,34,16,10831.0,11774.5,943.5,1
permanent,motor_dwell,28,39,11641.0,11779.5,138.5,1
permanent,motor_dwell,22,29,11491.0,11784.0,293.0,1
permanent,motor_dwell,26,1,11148.5,11842.0,693.5,1
permanent,motor_dwell,17,4,11401.0,11860.0,459.0,1
permanent,motor_dwell,35,7,11572.0,11918.0,346.0,1
permanent,motor_dwell,33,10,11256.0,11924.0,668.0,1
permanent,motor_dwell,33,30,11925.5,11940.5,15.0,1
permanent,motor_dwell,14,5,11253.5,11960.5,707.0,1
permanent,motor_dwell,17,49,11860.5,11964.0,103.5,1
permanent,motor_dwell,31,43,11636.5,11969.0,332.5,1
permanent,motor_dwell,34,35,11777.0,11972.5,195.5,1
permanent,motor_dwell,19,24,11573.0,11976.0,403.0,1
permanent,motor_dwell,38,23,11064.5,11984.5,920.0,1
permanent,motor_dwell,20,46,10888.0,11986.5,1098.5,1
permanent,motor_dwell,5,32,11173.0,11994.5,821.5,1
permanent,motor_dwell,10,12,11754.0,12006.0,252.0,1
permanent,motor_dwell,24,16,11569.5,12019.5,450.0,1
permanent,motor_dwell,29,30,11527.0,12032.0,505.0,1
permanent,motor_dwell,17,35,11968.5,12038.5,70.0,1
permanent,motor_dwell,6,34,11702.0,12042.0,340.0,1
permanent,motor_dwell,22,10,11793.0,12060.5,267.5,1
permanent,motor_dwell,30,13,11059.0,12064.5,1005.5,1
permanent,motor_dwell,20,7,11990.0,12071.0,81.0,1
permanent,motor_dwell,26,36,11850.0,12074.5,224.5,1
permanent,motor_dwell,17,1,12047.0,12084.0,37.0,1
permanent,motor_dwell,22,32,12061.0,12084.5,23.5,1
permanent,motor_dwell,5,11,11997.0,12101.5,104.5,1
permanent,motor_dwell,32,38,11482.5,12121.0,638.5,1
permanent,motor_dwell,15,14,11473.5,12121.5,648.0,1
permanent,motor_dwell,17,25,12088.5,12131.0,42.5,1
permanent,motor_dwell,28,32,11792.5,12135.5,343.0,1
permanent,motor_dwell,22,49,12093.5,12140.0,46.5,1
permanent,motor_dwell,3,14,11480.0,12167.5,687.5,1
permanent,motor_dwell,6,47,12049.5,12200.5,151.0,1
permanent,motor_dwell,7,0,11717.5,12237.5,520.0,1
permanent,motor_dwell,28,31,12138.5,12240.5,102.0,1
permanent,motor_dwell,10,30,12009.0,12253.0,244.0,1
permanent,motor_dwell,30,11,12066.0,12284.5,218.5,1
permanent,motor_dwell,17,37,12140.0,12313.5,173.5,1
permanent,motor_dwell,18,35,11389.0,12328.0,939.0,1
permanent,motor_dwell,4,25,11540.0,12334.5,794.5,1
permanent,motor_dwell,1,14,11310.5,12336.0,1025.5,1
permanent,motor_dwell,0,43,11704.0,12342.0,638.0,1
permanent,motor_dwell,14,30,11974.0,12344.5,370.5,1
permanent,motor_dwell,5,19,12102.0,12349.0,247.0,1
permanent,motor_dwell,3,49,12190.0,12380.5,190.5,1
permanent,motor_dwell,33,41,11957.0,12381.0,424.0,1
permanent,motor_dwell,20,28,12072.5,12388.5,316.0,1
permanent,motor_dwell,19,14,12008.0,12393.0,385.0,1
permanent,motor_dwell,33,7,12382.5,12398.5,16.0,1
permanent,motor_dwell,34,39,11978.0,12408.0,430.0,1
permanent,motor_dwell,7,45,12246.0,12425.5,179.5,1
permanent,motor_dwell,12,32,11522.5,12436.5,914.0,1
permanent,motor_dwell,14,33,12363.0,12438.5,75.5,1
permanent,motor_dwell,22,12,12145.0,12450.0,305.0,1
permanent,motor_dwell,25,15,11101.0,12458.0,1357.0,1
permanent,motor_dwell,14,4,12440.5,12477.0,36.5,1
permanent,motor_dwell,11,46,11560.5,12490.0,929.5,1
permanent,motor_dwell,39,49,11725.5,12492.5,767.0,1
permanent,motor_dwell,13,20,11292.5,12495.0,1202.5,1
permanent,motor_dwell,19,18,12406.5,12495.5,89.0,1
permanent,motor_dwell,16,23,11699.5,12533.5,834.0,1
permanent,motor_dwell,4,26,12340.5,12545.0,204.5,1
permanent,motor_dwell,15,0,12125.0,12564.5,439.5,1
permanent,motor_dwell,26,22,12076.5,12580.5,504.0,1
permanent,motor_dwell,17,45,12315.0,12594.5,279.5,1
permanent,motor_dwell,32,10,12127.0,12601.5,474.5,1
permanent,motor_dwell,16,33,12534.0,12603.0,69.0,1
permanent,motor_dwell,37,17,11628.0,12603.5,975.5,1
permanent,motor_dwell,8,15,11547.0,12613.5,1066.5,1
permanent,motor_dwell,36,49,11509.0,12639.5,1130.5,1
permanent,motor_dwell,21,4,11751.0,12653.5,902.5,1
permanent,motor_dwell,10,1,12253.5,12657.5,404.0,1
permanent,motor_dwell,27,49,11496.0,12676.0,1180.0,1
permanent,motor_dwell,19,39,12497.5,12683.5,186.0,1
permanent,motor_dwell,31,38,11972.0,12695.5,723.5,1
permanent,motor_dwell,20,22,12401.5,12723.0,321.5,1
permanent,motor_dwell,31,27,12700.0,12723.5,23.5,1
permanent,motor_dwell,35,37,11931.0,12723.5,792.5,1
permanent,motor_dwell,24,32,12031.5,12726.5,695.0,1
permanent,motor_dwell,23,6,11745.5,12739.5,994.0,1
permanent,motor_dwell,3,48,12395.5,12746.0,350.5,1
permanent,motor_dwell,36,46,12640.5,12759.0,118.5,1
permanent,motor_dwell,28,5,12256.0,12790.0,534.0,1
permanent,motor_dwell,6,34,12201.0,12823.0,622.0,1
permanent,motor_dwell,38,23,12000.0,12827.5,827.5,1
permanent,motor_dwell,2,0,11677.0,12845.5,1168.5,1
permanent,motor_dwell,4,15,12553.0,12855.0,302.0,1
permanent,motor_dwell,19,49,12698.0,12855.5,157.5,1
permanent,motor_dwell,5,48,12352.5,12879.5,527.0,1
permanent,motor_dwell,34,25,12411.5,12881.0,469.5,1
permanent,motor_dwell,3,32,12755.5,12901.5,146.0,1
permanent,motor_dwell,9,40,11685.5,12932.0,1246.5,1
permanent,motor_dwell,11,39,12491.5,12942.5,451.0,1
permanent,motor_dwell,15,0,12565.5,12960.0,394.5,1
permanent,motor_dwell,0,4,12346.0,12965.5,619.5,1
permanent,motor_dwell,30,14,12286.5,12967.0,680.5,1
permanent,motor_dwell,29,4,12038.0,12972.5,934.5,1
permanent,motor_dwell,6,4,12836.0,12977.0,141.0,1
permanent,motor_dwell,15,19,12965.0,12978.0,13.0,1
permanent,motor_dwell,14,44,12478.0,12979.0,501.0,1
permanent,motor_dwell,23,12,12749.5,13007.0,257.5,1
permanent,motor_dwell,9,17,12961.5,13020.5,59.0,1
permanent,motor_dwell,17,14,12605.5,13040.5,435.0,1
permanent,motor_dwell,27,47,12678.0,13051.5,373.5,1
permanent,motor_dwell,1,35,12340.0,13066.0,726.0,1
permanent,motor_dwell,20,1,12744.0,13068.0,324.0,1
permanent,motor_dwell,19,13,12859.5,13081.5,222.0,1
permanent,motor_dwell,1,39,13075.5,13103.0,27.5,1
permanent,motor_dwell,18,5,12344.0,13124.0,780.0,1
permanent,motor_dwell,7,19,12426.5,13127.5,701.0,1
permanent,motor_dwell,21,34,12655.5,13130.5,475.0,1
permanent,motor_dwell,0,25,12968.0,13146.0,178.0,1
permanent,motor_dwell,28,38,12793.5,13162.0,368.5,1
permanent,motor_dwell,5,10,12890.5,13185.5,295.0,1
permanent,motor_dwell,14,13,12996.5,13201.0,204.5,1
permanent,motor_dwell,5,43,13187.0,13278.5,91.5,1
permanent,motor_dwell,0,16,13152.0,13289.0,137.0,1
permanent,motor_dwell,13,46,12505.0,13294.5,789.5,1
permanent,motor_dwell,12,5,12442.0,13332.5,890.5,1
permanent,motor_dwell,22,6,12463.0,13372.5,909.5,1
permanent,motor_dwell,8,22,12617.0,13381.0,764.0,1
permanent,motor_dwell,23,4,13008.0,13386.0,378.0,1
permanent,motor_dwell,16,14,12604.0,13400.5,796.5,1
permanent,motor_dwell,19,30,13092.5,13402.5,310.0,1
permanent,motor_dwell,32,4,12602.0,13418.5,816.5,1
permanent,motor_dwell,25,3,12459.0,13427.0,968.0,1
permanent,motor_dwell,0,47,13290.0,13444.5,154.5,1
permanent,motor_dwell,24,15,12729.0,13455.5,726.5,1
permanent,motor_dwell,3,48,12903.5,13501.5,598.0,1
permanent,motor_dwell,25,11,13430.0,13507.0,77.0,1
permanent,motor_dwell,30,36,12973.0,13516.5,543.5,1
permanent,motor_dwell,16,26,13415.0,13517.5,102.5,1
permanent,motor_dwell,36,32,12767.0,13542.0,775.0,1
permanent,motor_dwell,31,45,12729.0,13547.0,818.0,1
permanent,motor_dwell,0,6,13456.0,13562.0,106.0,1
permanent,motor_dwell,19,36,13411.0,13567.0,156.0,1
permanent,motor_dwell,2,23,12848.0,13571.5,723.5,1
permanent,motor_dwell,32,22,13427.5,13593.0,165.5,1
permanent,motor_dwell,1,10,13108.5,13612.5,504.0,1
permanent,motor_dwell,28,26,13164.0,13628.0,464.0,1
permanent,motor_dwell,19,1,13568.5,13635.0,66.5,1
permanent,motor_dwell,9,34,13028.0,13642.5,614.5,1
permanent,motor_dwell,19,4,13641.5,13646.0,4.5,1
permanent,motor_dwell,6,37,12979.0,13674.0,695.0,1
permanent,motor_dwell,11,19,12947.5,13683.5,736.0,1
permanent,motor_dwell,36,1,13543.0,13683.5,140.5,1
permanent,motor_dwell,38,25,12835.5,13685.0,849.5,1
permanent,motor_dwell,35,40,12726.0,13686.0,960.0,1
permanent,motor_dwell,26,0,12598.5,13693.5,1095.0,1
permanent,motor_dwell,12,1,13335.0,13694.5,359.5,1
permanent,motor_dwell,28,43,13633.5,13701.5,68.0,1
permanent,motor_dwell,3,6,13518.0,13713.5,195.5,1
permanent,motor_dwell,33,15,12400.0,13718.0,1318.0,1
permanent,motor_dwell,37,9,12620.0,13720.0,1100.0,1
permanent,motor_dwell,15,5,12981.0,13724.0,743.0,1
permanent,motor_dwell,27,16,13052.5,13742.0,689.5,1
permanent,motor_dwell,29,17,12974.5,13742.5,768.0,1
permanent,motor_dwell,14,1,13209.0,13745.0,536.0,1
permanent,motor_dwell,9,27,13652.5,13750.5,98.0,1
permanent,motor_dwell,36,3,13685.5,13772.0,86.5,1
permanent,motor_dwell,32,8,13596.0,13778.5,182.5,1
permanent,motor_dwell,23,0,13393.0,13789.5,396.5,1
permanent,motor_dwell,12,4,13696.5,13798.0,101.5,1
permanent,motor_dwell,33,9,13718.5,13799.0,80.5,1
permanent,motor_dwell,20,13,13070.5,13805.5,735.0,1
permanent,motor_dwell,7,35,13133.5,13824.0,690.5,1
permanent,motor_dwell,13,42,13307.0,13845.5,538.5,1
permanent,motor_dwell,24,37,13456.5,13861.5,405.0,1
permanent,motor_dwell,18,40,13131.0,13863.0,732.0,1
permanent,motor_dwell,35,49,13690.5,13883.5,193.0,1
permanent,motor_dwell,22,15,13374.5,13908.0,533.5,1
permanent,motor_dwell,2,43,13576.5,13913.5,337.0,1
permanent,motor_dwell,0,26,13563.5,13914.0,350.5,1
permanent,motor_dwell,30,3,13517.5,13951.5,434.0,1
permanent,motor_dwell,32,13,13780.0,13974.0,194.0,1
permanent,motor_dwell,8,14,13384.5,13975.5,591.0,1
permanent,motor_dwell,21,17,13145.0,13980.5,835.5,1
permanent,motor_dwell,6,48,13681.0,14001.5,320.5,1
permanent,motor_dwell,4,15,12867.5,14014.0,1146.5,1
permanent,motor_dwell,32,42,13978.5,14032.0,53.5,1
permanent,motor_dwell,30,14,13952.0,14045.0,93.0,1
permanent,motor_dwell,34,47,12891.5,14045.0,1153.5,1
permanent,motor_dwell,0,22,13926.5,14051.0,124.5,1
permanent,motor_dwell,7,24,13829.0,14071.0,242.0,1
permanent,motor_dwell,10,14,12670.5,14085.0,1414.5,1
permanent,motor_dwell,13,3,13846.0,14088.5,242.5,1
permanent,motor_dwell,31,43,13550.0,14091.0,541.0,1
permanent,motor_dwell,28,45,13706.0,14098.0,392.0,1
permanent,motor_dwell,17,27,13046.5,14129.5,1083.0,1
permanent,motor_dwell,34,19,14046.5,14133.5,87.0,1
permanent,motor_dwell,36,42,13777.0,14158.5,381.5,1
permanent,motor_dwell,37,24,13724.5,14179.0,454.5,1
permanent,motor_dwell,15,44,13724.5,14223.5,499.0,1
permanent,motor_dwell,15,9,14228.0,14262.5,34.5,1
permanent,motor_dwell,39,9,12498.0,14285.0,1787.0,1
permanent,motor_dwell,3,39,13716.0,14285.5,569.5,1
permanent,motor_dwell,1,8,13621.5,14301.0,679.5,1
permanent,motor_dwell,25,19,13514.5,14318.0,803.5,1
permanent,motor_dwell,6,24,14003.5,14342.0,338.5,1
permanent,motor_dwell,38,19,13685.5,14372.5,687.0,1
permanent,motor_dwell,21,7,13983.5,14383.5,400.0,1
permanent,motor_dwell,16,5,13518.5,14407.0,888.5,1
permanent,motor_dwell,21,30,14402.5,14409.5,7.0,1
permanent,motor_dwell,31,46,14092.5,14414.0,321.5,1
permanent,motor_dwell,36,1,14159.5,14419.5,260.0,1
permanent,motor_dwell,5,39,13284.5,14430.0,1145.5,1
permanent,motor_dwell,2,3,13916.0,14434.0,518.0,1
permanent,motor_dwell,11,17,13690.0,14460.0,770.0,1
permanent,motor_dwell,6,45,14368.5,14460.5,92.0,1
permanent,motor_dwell,17,37,14130.0,14483.5,353.5,1
permanent,motor_dwell,32,21,14043.5,14488.0,444.5,1
permanent,motor_dwell,18,29,13864.0,14534.5,670.5,1
permanent,motor_dwell,31,3,14425.5,14541.0,115.5,1
permanent,motor_dwell,37,28,14181.0,14572.0,391.0,1
permanent,motor_dwell,3,11,14293.5,14580.5,287.0,1
permanent,motor_dwell,14,9,13754.5,14587.0,832.5,1
permanent,motor_dwell,37,27,14582.5,14592.5,10.0,1
permanent,motor_dwell,11,34,14463.0,14594.0,131.0,1
permanent,motor_dwell,12,2,13804.5,14598.0,793.5,1
permanent,motor_dwell,13,18,14095.5,14598.0,502.5,1
permanent,motor_dwell,17,30,14504.0,14602.5,98.5,1
permanent,motor_dwell,26,18,13701.5,14609.5,908.0,1
permanent,motor_dwell,4,0,14021.5,14619.5,598.0,1
permanent,motor_dwell,20,15,13810.0,14650.5,840.5,1
permanent,motor_dwell,12,30,14621.5,14655.5,34.0,1
permanent,motor_dwell,17,36,14607.0,14675.5,68.5,1
permanent,motor_dwell,27,8,13747.0,14678.0,931.0,1
permanent,motor_dwell,9,48,13755.5,14679.5,924.0,1
permanent,motor_dwell,20,9,14656.5,14687.0,30.5,1
permanent,motor_dwell,15,45,14270.5,14721.0,450.5,1
permanent,motor_dwell,32,41,14492.0,14735.0,243.0,1
permanent,motor_dwell,8,4,13977.5,14735.5,758.0,1
permanent,motor_dwell,19,9,13649.0,14739.0,1090.0,1
permanent,motor_dwell,13,17,14605.0,14774.5,169.5,1
permanent,motor_dwell,33,33,13804.0,14778.0,974.0,1
permanent,motor_dwell,17,35,14683.5,14786.5,103.0,1
permanent,motor_dwell,37,9,14601.5,14805.0,203.5,1
permanent,motor_dwell,29,19,13752.5,14805.5,1053.0,1
permanent,motor_dwell,38,24,14377.0,14811.0,434.0,1
permanent,motor_dwell,28,9,14117.5,14817.5,700.0,1
permanent,motor_dwell,3,35,14582.0,14831.5,249.5,1
permanent,motor_dwell,8,44,14741.0,14835.5,94.5,1
permanent,motor_dwell,5,6,14430.5,14851.0,420.5,1
permanent,motor_dwell,19,24,14740.5,14883.0,142.5,1
permanent,motor_dwell,30,25,14052.5,14883.0,830.5,1
permanent,motor_dwell,7,45,14075.5,14893.5,818.0,1
permanent,motor_dwell,24,3,13865.5,14899.5,1034.0,1
permanent,motor_dwell,0,15,14053.5,14903.5,850.0,1
permanent,motor_dwell,9,9,14681.5,14911.5,230.0,1
permanent,motor_dwell,31,27,14547.5,14924.0,376.5,1
permanent,motor_dwell,8,6,14837.0,14931.0,94.0,1
permanent,motor_dwell,23,5,13790.5,14934.5,1144.0,1
permanent,motor_dwell,28,24,14830.0,14938.0,108.0,1
permanent,motor_dwell,27,4,14685.5,14941.5,256.0,1
permanent,motor_dwell,28,30,14939.5,14947.5,8.0,1
permanent,motor_dwell,10,3,14097.0,14983.0,886.0,1
permanent,motor_dwell,35,9,13885.5,14984.5,1099.0,1
permanent,motor_dwell,29,39,14811.0,14987.5,176.5,1
permanent,motor_dwell,2,1,14438.0,14992.0,554.0,1
permanent,motor_dwell,35,38,14987.5,15019.0,31.5,1
permanent,motor_dwell,9,11,14913.5,15040.5,127.0,1
permanent,motor_dwell,36,22,14431.0,15051.0,620.0,1
permanent,motor_dwell,34,13,14138.0,15081.5,943.5,1
permanent,motor_dwell,34,35,15082.5,15083.0,0.5,1
permanent,motor_dwell,14,8,14589.0,15083.5,494.5,1
permanent,motor_dwell,3,32,14835.0,15089.5,254.5,1
permanent,motor_dwell,30,45,14884.5,15105.5,221.0,1
permanent,motor_dwell,7,38,14904.5,15110.0,205.5,1
permanent,motor_dwell,12,41,14670.0,15117.0,447.0,1
permanent,motor_dwell,10,19,14992.0,15123.0,131.0,1
permanent,motor_dwell,22,13,13909.5,15130.5,1221.0,1
permanent,motor_dwell,11,32,14595.0,15143.5,548.5,1
permanent,motor_dwell,23,33,14935.0,15201.0,266.0,1
permanent,motor_dwell,1,37,14317.0,15211.5,894.5,1
permanent,motor_dwell,4,16,14620.0,15214.5,594.5,1
permanent,motor_dwell,25,15,14329.5,15215.5,886.0,1
permanent,motor_dwell,11,1,15149.5,15228.5,79.0,1
permanent,motor_dwell,29,6,14999.0,15235.5,236.5,1
permanent,motor_dwell,20,24,14697.5,15236.0,538.5,1
permanent,motor_dwell,11,23,15231.5,15275.0,43.5,1
permanent,motor_dwell,26,35,14611.0,15280.5,669.5,1
permanent,motor_dwell,37,46,14812.0,15289.0,477.0,1
permanent,motor_dwell,18,12,14539.5,15300.5,761.0,1
permanent,motor_dwell,39,22,14307.5,15305.0,997.5,1
permanent,motor_dwell,37,9,15292.5,15310.5,18.0,1
permanent,motor_dwell,27,47,14942.0,15316.0,374.0,1
permanent,motor_dwell,0,34,14905.0,15320.0,415.0,1
permanent,motor_dwell,24,16,14901.5,15369.0,467.5,1
permanent,motor_dwell,30,27,15113.0,15421.0,308.0,1
permanent,motor_dwell,21,8,14414.5,15430.5,1016.0,1
permanent,motor_dwell,16,42,14411.5,15458.0,1046.5,1
permanent,motor_dwell,20,9,15240.5,15459.5,219.0,1
permanent,motor_dwell,27,29,15329.5,15461.0,131.5,1
permanent,motor_dwell,30,47,15440.0,15486.5,46.5,1
permanent,motor_dwell,14,19,15086.0,15490.0,404.0,1
permanent,motor_dwell,0,30,15328.5,15491.0,162.5,1
permanent,motor_dwell,12,30,15128.0,15507.5,379.5,1
permanent,motor_dwell,23,38,15216.0,15515.5,299.5,1
permanent,motor_dwell,34,34,15083.5,15523.0,439.5,1
permanent,motor_dwell,17,29,14791.5,15527.0,735.5,1
permanent,motor_dwell,6,11,14461.0,15529.0,1068.0,1
permanent,motor_dwell,28,28,14954.0,15531.5,577.5,1
permanent,motor_dwell,31,27,14931.0,15542.0,611.0,1
permanent,motor_dwell,35,26,15023.0,15570.0,547.0,1
permanent,motor_dwell,37,2,15332.5,15577.0,244.5,1
permanent,motor_dwell,5,45,14858.0,15581.5,723.5,1
permanent,motor_dwell,22,8,15136.0,15641.5,505.5,1
permanent,motor_dwell,39,1,15315.5,15647.0,331.5,1
permanent,motor_dwell,34,46,15531.5,15650.0,118.5,1
permanent,motor_dwell,25,28,15223.5,15664.0,440.5,1
permanent,motor_dwell,32,27,14737.5,15694.0,956.5,1
permanent,motor_dwell,33,0,14779.5,15709.0,929.5,1
permanent,motor_dwell,24,9,15372.0,15745.5,373.5,1
permanent,motor_dwell,18,19,15304.0,15747.5,443.5,1
permanent,motor_dwell,13,3,14794.0,15799.0,1005.0,1
permanent,motor_dwell,24,30,15748.5,15832.5,84.0,1
permanent,motor_dwell,11,10,15287.0,15854.0,567.0,1
permanent,motor_dwell,7,15,15131.5,15857.5,726.0,1
permanent,motor_dwell,27,32,15472.5,15858.0,385.5,1
permanent,motor_dwell,3,37,15097.0,15861.5,764.5,1
permanent,motor_dwell,38,5,14815.5,15862.5,1047.0,1
permanent,motor_dwell,34,6,15653.5,15907.5,254.0,1
permanent,motor_dwell,10,13,15135.5,15915.5,780.0,1
permanent,motor_dwell,19,5,14884.0,15927.5,1043.5,1
permanent,motor_dwell,0,43,15498.5,15960.0,461.5,1
permanent,motor_dwell,20,49,15475.5,15961.0,485.5,1
permanent,motor_dwell,36,6,15059.5,15962.5,903.0,1
permanent,motor_dwell,5,24,15588.0,15991.0,403.0,1
permanent,motor_dwell,15,9,14726.0,16000.0,1274.0,0
permanent,motor_dwell,8,15,14933.5,16000.0,1066.5,0
permanent,motor_dwell,2,9,14997.0,16000.0,1003.0,0
permanent,motor_dwell,9,19,15049.0,16000.0,951.0,0
permanent,motor_dwell,1,46,15214.0,16000.0,786.0,0
permanent,motor_dwell,4,27,15233.5,16000.0,766.5,0
permanent,motor_dwell,29,41,15242.5,16000.0,757.5,0
permanent,motor_dwell,26,45,15289.5,16000.0,710.5,0
permanent,motor_dwell,21,33,15440.5,16000.0,559.5,0
permanent,motor_dwell,16,38,15458.5,16000.0,541.5,0
permanent,motor_dwell,30,41,15487.0,16000.0,513.0,0
permanent,motor_dwell,14,35,15490.5,16000.0,509.5,0
permanent,motor_dwell,23,5,15516.5,16000.0,483.5,0
permanent,motor_dwell,12,41,15518.5,16000.0,481.5,0
permanent,motor_dwell,17,43,15533.5,16000.0,466.5,0
permanent,motor_dwell,6,20,15539.5,16000.0,460.5,0
permanent,motor_dwell,31,33,15546.5,16000.0,453.5,0
permanent,motor_dwell,28,32,15553.0,16000.0,447.0,0
permanent,motor_dwell,35,48,15575.5,16000.0,424.5,0
permanent,motor_dwell,37,25,15596.0,16000.0,404.0,0
permanent,motor_dwell,22,32,15643.0,16000.0,357.0,0
permanent,motor_dwell,39,18,15648.5,16000.0,351.5,0
permanent,motor_dwell,25,21,15698.0,16000.0,302.0,0
permanent,motor_dwell,32,43,15707.5,16000.0,292.5,0
permanent,motor_dwell,33,29,15717.0,16000.0,283.0,0
permanent,motor_dwell,18,23,15757.0,16000.0,243.0,0
permanent,motor_dwell,13,4,15805.5,16000.0,194.5,0
permanent,motor_dwell,24,17,15833.0,16000.0,167.0,0
permanent,motor_dwell,11,3,15855.0,16000.0,145.0,0
permanent,motor_dwell,27,33,15859.5,16000.0,140.5,0
permanent,motor_dwell,7,32,15867.5,16000.0,132.5,0
permanent,motor_dwell,3,15,15875.5,16000.0,124.5,0
permanent,motor_dwell,38,8,15888.0,16000.0,112.0,0
permanent,motor_dwell,34,24,15917.5,16000.0,82.5,0
permanent,motor_dwell,10,29,15921.5,16000.0,78.5,0
permanent,motor_dwell,19,47,15928.5,16000.0,71.5,0
permanent,motor_dwell,20,0,15963.5,16000.0,36.5,0
permanent,motor_dwell,0,47,15964.5,16000.0,35.5,0
permanent,motor_dwell,36,16,15965.0,16000.0,35.0,0
permanent,motor_dwell,5,40,15992.0,16000.0,8.0,0
permanent,dark_to_lit,,0,0.0,2772.0,2772.0,1
permanent,dark_to_lit,,1,0.0,357.0,357.0,1
permanent,dark_to_lit,,2,0.0,6127.5,6127.5,1
permanent,dark_to_lit,,2,12536.5,14456.5,1920.0,1
permanent,dark_to_lit,,3,0.0,686.0,686.0,1
permanent,dark_to_lit,,4,0.0,438.0,438.0,1
permanent,dark_to_lit,,5,0.0,4039.0,4039.0,1
permanent,dark_to_lit,,6,0.0,852.5,852.5,1
permanent,dark_to_lit,,7,0.0,2266.0,2266.0,1
permanent,dark_to_lit,,8,0.0,3542.5,3542.5,1
permanent,dark_to_lit,,9,0.0,467.5,467.5,1
permanent,dark_to_lit,,10,0.0,3601.0,3601.0,1
permanent,dark_to_lit,,11,0.0,2091.5,2091.5,1
permanent,dark_to_lit,,12,0.0,1031.5,1031.5,1
permanent,dark_to_lit,,13,0.0,5798.0,5798.0,1
permanent,dark_to_lit,,14,0.0,1175.5,1175.5,1
permanent,dark_to_lit,,15,0.0,1404.5,1404.5,1
permanent,dark_to_lit,,16,0.0,4047.5,4047.5,1
permanent,dark_to_lit,,17,0.0,2832.5,2832.5,1
permanent,dark_to_lit,,18,0.0,671.0,671.0,1
permanent,dark_to_lit,,19,0.0,3287.5,3287.5,1
permanent,dark_to_lit,,20,0.0,511.0,511.0,1
permanent,dark_to_lit,,21,0.0,225.5,225.5,1
permanent,dark_to_lit,,21,10382.5,16000.0,5617.5,0
permanent,dark_to_lit,,22,0.0,4987.0,4987.0,1
permanent,dark_to_lit,,23,0.0,1733.0,1733.0,1
permanent,dark_to_lit,,24,0.0,367.0,367.0,1
permanent,dark_to_lit,,25,0.0,235.0,235.0,1
permanent,dark_to_lit,,26,0.0,4447.5,4447.5,1
permanent,dark_to_lit,,27,0.0,718.0,718.0,1
permanent,dark_to_lit,,28,0.0,770.0,770.0,1
permanent,dark_to_lit,,29,0.0,16000.0,16000.0,0
permanent,dark_to_lit,,30,0.0,6991.0,6991.0,1
permanent,dark_to_lit,,31,0.0,5001.5,5001.5,1
permanent,dark_to_lit,,31,9096.0,9441.0,345.0,1
permanent,dark_to_lit,,31,15452.5,16000.0,547.5,0
permanent,dark_to_lit,,32,0.0,574.0,574.0,1
permanent,dark_to_lit,,33,0.0,304.5,304.5,1
permanent,dark_to_lit,,34,0.0,448.0,448.0,1
permanent,dark_to_lit,,35,0.0,1820.5,1820.5,1
permanent,dark_to_lit,,36,0.0,9164.0,9164.0,1
permanent,dark_to_lit,,37,0.0,221.0,221.0,1
permanent,dark_to_lit,,38,0.0,901.5,901.5,1
permanent,dark_to_lit,,39,0.0,537.0,537.0,1
permanent,dark_to_lit,,40,0.0,3920.5,3920.5,1
permanent,dark_to_lit,,41,0.0,1976.5,1976.5,1
permanent,dark_to_lit,,42,0.0,2130.0,2130.0,1
permanent,dark_to_lit,,43,0.0,1595.5,1595.5,1
permanent,dark_to_lit,,44,0.0,862.5,862.5,1
permanent,dark_to_lit,,45,0.0,1115.0,1115.0,1
permanent,dark_to_lit,,46,0.0,1646.5,1646.5,1
permanent,dark_to_lit,,47,0.0,2512.0,2512.0,1
permanent,dark_to_lit,,48,0.0,1927.5,1927.5,1
permanent,dark_to_lit,,49,0.0,3190.5,3190.5,1
